INFO     09:25:16     [tensor_storage.py:70] Hugepage enabled for branch-and-bound domains.
Configurations:

general:
  device: cuda
  seed: 100
  conv_mode: patches
  deterministic: false
  double_fp: false
  loss_reduction_func: sum
  sparse_alpha: true
  sparse_interm: true
  save_adv_example: false
  verify_onnxruntime_output: false
  eval_adv_example: false
  onnx_adv_example: false
  show_adv_example: false
  precompile_jit: false
  reset_seed_after_precompile: false
  prepare_only: false
  complete_verifier: bab
  enable_incomplete_verification: true
  csv_name: null
  results_file: out.txt
  root_path: ''
  deterministic_opt: false
  graph_optimizer: 'Customized("custom_graph_optimizer", "default_optimizer")'
  buffer_has_batchdim: false
  save_output: false
  output_file: out.pkl
  return_optimized_model: false
  store_all_specs_on_cpu: false
  adhoc_tuning: null
model:
  name: null
  path: null
  onnx_path: ../saved_models/mnist_fcnn.onnx
  onnx_path_prefix: ''
  cache_onnx_conversion: false
  debug_onnx: false
  onnx_quirks: null
  input_shape: null
  onnx_loader: default_onnx_and_vnnlib_loader
  onnx_optimization_flags: []
  onnx_vnnlib_joint_optimization_flags: none
  check_optimized: false
  flatten_final_output: false
  optimize_graph: null
  with_jacobian: false
  bound_opts: null
data:
  start: 0
  end: 10
  select_instance: null
  num_outputs: 10
  mean: 0.0
  std: 1.0
  pkl_path: null
  dataset: MNIST
  data_filter_path: null
  data_idx_file: null
specification:
  type: lp
  robustness_type: verified-acc
  norm: .inf
  epsilon: 0.05
  epsilon_min: 0.0
  vnnlib_path: null
  vnnlib_path_prefix: ''
  shrink_eps: null
  rhs_offset: null
solver:
  batch_size: 64
  auto_enlarge_batch_size: false
  batched_crown_auto_enlarge_max_vram_ratio: 0.9
  min_batch_size_ratio: 0.1
  use_float64_in_last_iteration: false
  early_stop_patience: 10
  start_save_best: 0.5
  bound_prop_method: alpha-crown
  init_bound_prop_method: same
  prune_after_crown: true
  optimize_disjuncts_separately: false
  build_batch_size: 1000000
  skip_with_refined_bound: true
  forward_before_compute_bounds: false
  crown:
    batch_size: 1000000000
    max_crown_size: 1000000000
    activation_bound_option: adaptive
    compare_crown_with_ibp: false
  alpha-crown:
    alpha: true
    lr_alpha: 0.1
    iteration: 100
    share_alphas: false
    lr_decay: 0.98
    full_conv_alpha: true
    max_coeff_mul: .inf
    matmul_share_alphas: false
    disable_optimization: []
    max_time: 1.0
    alpha_dtype: float16
    input_split_alpha_iteration: 5
    input_split_lr_alpha: 0.05
  invprop:
    apply_output_constraints_to: []
    tighten_input_bounds: false
    best_of_oc_and_no_oc: false
    directly_optimize: []
    oc_lr: 0.1
    share_gammas: false
  beta-crown:
    lr_alpha: 0.01
    lr_beta: 0.05
    lr_decay: 0.98
    optimizer: adam
    iteration: 50
    beta: true
    beta_warmup: true
    enable_opt_interm_bounds: false
    all_node_split_LP: false
  forward:
    refine: false
    max_dim: 10000
    reset_threshold: 1.0
  mip:
    unstable_neuron_threshold: 0
    parallel_solvers: 2
    solver_threads: 1
    refine_neuron_timeout: 5.0
    refine_neuron_time_percentage: 0.8
    early_stop: true
    adv_warmup: true
    mip_solver: gurobi
    skip_unsafe: false
    topk_filter: 1.0
    sliding_window: -1
    extra_constraint: false
    refine_neuron_timeout_increasement: 0
    timeout_neuron_percentage: 0.3
    remaining_timeout_threshold: 1
    remove_unstable_neurons: false
    formulation: mip
    output_cut: false
bab:
  max_domains: .inf
  decision_thresh: 0
  timeout: 12.0
  timeout_scale: 1
  max_iterations: -1
  override_timeout: null
  get_upper_bound: false
  pruning_in_iteration: true
  pruning_in_iteration_ratio: 0.2
  sort_targets: false
  batched_domain_list: true
  optimized_interm: ''
  interm_transfer: true
  recompute_interm: false
  sort_domain_interval: -1
  vanilla_crown: false
  tree_traversal: depth_first
  hugetensor_allocator: true
  cut:
    enabled: false
    cuts_path: null
    bab_cut: false
    lp_cut: false
    lr: 0.01
    lr_decay: 1.0
    iteration: 100
    bab_iteration: -1
    early_stop_patience: -1
    lr_beta: 0.02
    number_cuts: 50
    topk_cuts_in_filter: 1000
    batch_size_primal: 100
    max_num: 1000000000
    patches_cut: false
    cplex_cuts: false
    cplex_cuts_wait: 0
    cplex_cuts_revpickup: true
    cut_reference_bounds: true
    fix_intermediate_bounds: false
    manual_cuts: null
    biccos:
      enabled: false
      auto_param: true
      constraint_strengthening: true
      drop_ratio: 0.5
      max_infer_iter: 20
      max_domain: 10000.0
      heuristic: neuron_influence_score
      save_cuts: false
      multi_tree_branching:
        enabled: false
        restore_best_tree: true
        keep_n_best_domains: 50
        target_batch_size: 200
        iterations: 3
  clip_n_verify:
    rearrange_constraints: false
    alpha_crown: false
    prune: false
    final_layer: false
    clip_input_domain:
      enabled: false
      clip_type: relaxed
      clip_neuron_selection_type: ratio
      clip_neuron_selection_value: -1.0
      clip_iterations: 1
      clip_calculate_volume_metrics: false
    clip_interm_domain:
      enabled: false
      with_input: false
      clip_in_alpha_crown: false
      topk_objective: 20
  branching:
    method: kfsb
    candidates: 3
    reduceop: min
    enable_intermediate_bound_opt: false
    branching_input_and_activation: false
    branching_input_and_activation_order: [input, relu]
    branching_input_iterations: 30
    branching_relu_iterations: 50
    nonlinear_split:
      method: bbps
      disable: false
      branching_point_method: uniform
      num_branches: 2
      filter: false
      filter_beta: false
      filter_clamp: false
      filter_batch_size: 10000
      filter_iterations: 25
      relu_only: false
      loose_tanh_threshold: null
      branching_point:
        db_path: branching_points.pt
        num_iterations: 1000
        batch_size: 1000000
        range_l: -5.0
        range_u: 5.0
        log_interval: 100
        step_size_1d: 0.01
        step_size: 0.2
    input_split:
      split_hint: null
      enable: false
      reorder_bab: false
      input_dim_threshold: 20
      adv_check: 0
      split_partitions: 2
      sb_margin_weight: 1.0
      sb_sum: false
      sb_primary_spec: null
      bf_backup_thresh: -1
      bf_rhs_offset: 0
      bf_iters: 1000000000.0
      bf_batch_size: 100000
      bf_zero_crossing_score: false
      touch_zero_score: 0
      ibp_enhancement: true
      compare_with_old_bounds: true
      update_rhs_with_attack: false
      sb_coeff_thresh: 0.001
      sort_index: null
      sort_descending: true
      show_progress: false
      presplit_domains: null
      skip_getting_worst_domain: false
  attack:
    enabled: false
    beam_candidates: 8
    beam_depth: 7
    max_dive_fix_ratio: 0.8
    min_local_free_ratio: 0.2
    mip_start_iteration: 5
    mip_timeout: 30.0
    adv_pool_threshold: null
    refined_mip_attacker: false
    refined_batch_size: null
attack:
  general_attack: true
  pgd_order: skip
  pgd_steps: 100
  pgd_restarts: 30
  pgd_batch_size: 100000000
  pgd_early_stop: true
  pgd_lr_decay: 0.99
  pgd_alpha: auto
  pgd_alpha_scale: false
  pgd_loss_mode: null
  pgd_restart_when_stuck: false
  enable_mip_attack: false
  adv_saver: default_adv_saver
  adv_verifier: default_adv_verifier
  early_stop_condition: default_early_stop_condition
  adv_example_finalizer: default_adv_example_finalizer
  pgd_loss: default_pgd_loss
  cex_path: ./test_cex.txt
  attack_mode: PGD
  attack_tolerance: 0.0
  attack_func: attack_with_general_specs
  gama_lambda: 10.0
  gama_decay: 0.9
  input_split:
    pgd_steps: 100
    pgd_restarts: 30
    pgd_alpha: auto
  input_split_check_adv:
    enabled: auto
    pgd_steps: 5
    pgd_restarts: 5
    pgd_alpha: auto
    max_num_domains: 10
debug:
  view_model: false
  lp_test: null
  rescale_vnnlib_ptb: null
  test_optimized_bounds: false
  test_optimized_bounds_after_n_iterations: 0
  print_verbose_decisions: false
  biccos_mip_sanity_check: false
  sanity_check: 0
  z_split_enabled: false
  save_minimal_config: null
  save_minimal_config_omit_keys: []

/home/han/miniconda3/envs/alpha-beta-crown/lib/python3.10/site-packages/onnx2pytorch/convert/layer.py:29: UserWarning: The given NumPy array is not writable, and PyTorch does not support non-writable tensors. This means writing to this tensor will result in undefined behavior. You may want to copy the array to protect its data or make it writable before converting it to a tensor. This type of warning will be suppressed for the rest of this program. (Triggered internally at ../torch/csrc/utils/tensor_numpy.cpp:206.)
  layer.weight.data = torch.from_numpy(numpy_helper.to_array(weight))
/home/han/miniconda3/envs/alpha-beta-crown/lib/python3.10/site-packages/onnx2pytorch/convert/model.py:151: UserWarning: Using experimental implementation that allows 'batch_size > 1'.Batchnorm layers could potentially produce false outputs.
  warnings.warn(
Experiments at Sat Apr  4 09:25:16 2026 on LAPTOP-RGROMBPB
Loading onnx ../saved_models/mnist_fcnn.onnx with quirks {}
Finished onnx model loading in 0.0285 seconds
ConvertModel(
  (Flatten_/flatten/Flatten_output_0): Flatten()
  (Gemm_/fc1/Gemm_output_0): Linear(in_features=784, out_features=256, bias=True)
  (Relu_/relu1/Relu_output_0): ReLU()
  (Gemm_/fc2/Gemm_output_0): Linear(in_features=256, out_features=128, bias=True)
  (Relu_/relu2/Relu_output_0): ReLU()
  (Gemm_output): Linear(in_features=128, out_features=10, bias=True)
)
Parameters:
  Gemm_/fc1/Gemm_output_0.weight: shape torch.Size([256, 784])
  Gemm_/fc1/Gemm_output_0.bias: shape torch.Size([256])
  Gemm_/fc2/Gemm_output_0.weight: shape torch.Size([128, 256])
  Gemm_/fc2/Gemm_output_0.bias: shape torch.Size([128])
  Gemm_output.weight: shape torch.Size([10, 128])
  Gemm_output.bias: shape torch.Size([10])
Trying generic MNIST/CIFAR data loader.
/home/han/alpha-beta-CROWN/complete_verifier/specifications.py:342: UserWarning: Creating a tensor from a list of numpy.ndarrays is extremely slow. Please consider converting the list to a single numpy.ndarray with numpy.array() before converting to a tensor. (Triggered internally at ../torch/csrc/utils/tensor_new.cpp:278.)
  x_range_list = torch.Tensor(x_range_list).to(dtype=dtype, device=device).view(input_shape + [2])
/home/han/alpha-beta-CROWN/auto_LiRPA/auto_LiRPA/beta_crown.py:52: DeprecationWarning: __array__ implementation doesn't accept a copy keyword, so passing copy=False failed. __array__ must implement 'dtype' and 'copy' keyword arguments. To learn more, see the migration guide https://numpy.org/devdocs/numpy_2_0_migration_guide.html#adapting-to-changes-in-the-copy-keyword
  sign_numpy[bi, :split_len] = split_coeffs
Internal results will be saved to out.txt.

 %%%%%%%%%%%%%%%%%%%%%%%%%%%%%%%%%%% idx: 0, vnnlib ID: 0 %%%%%%%%%%%%%%%%%%%%%%%%%%%%%%%%%%%
Finished vnnlib processing in 0.729883 seconds
Model: BoundedModule(
  (/0): BoundInput(name=/0, inputs=[], perturbed=True)
  (/7): BoundParams(name=/7, inputs=[], perturbed=False)
  (/8): BoundParams(name=/8, inputs=[], perturbed=False)
  (/9): BoundParams(name=/9, inputs=[], perturbed=False)
  (/10): BoundParams(name=/10, inputs=[], perturbed=False)
  (/11): BoundParams(name=/11, inputs=[], perturbed=False)
  (/12): BoundParams(name=/12, inputs=[], perturbed=False)
  (/13): BoundFlatten(name=/13, inputs=[/0], perturbed=True)
  (/input): BoundLinear(name=/input, inputs=[/13, /7, /8], perturbed=True)
  (/15): BoundRelu(name=/15, inputs=[/input], perturbed=True)
  (/input-3): BoundLinear(name=/input-3, inputs=[/15, /9, /10], perturbed=True)
  (/17): BoundRelu(name=/17, inputs=[/input-3], perturbed=True)
  (/18): BoundLinear(name=/18, inputs=[/17, /11, /12], perturbed=True)
)
Original output in the first batch: tensor([[ -2.33974767,  -4.00936556,   3.06449246,   1.93364727,  -8.35307026,
          -2.33033061, -15.14543629,   9.96612549,  -1.49310291,  -2.18847895]],
       device='cuda:0')
Split layers:
Nonlinear functions:
   BoundRelu(name=/15, inputs=[/input], perturbed=True)
   BoundRelu(name=/17, inputs=[/input-3], perturbed=True)
build batch [1/1]
layer /15 using sparse-features alpha with shape [154]; unstable size 154; total size 256 ([1, 256])
layer /15 start_node /input-3 using sparse-spec alpha [2, 91, 1, 154] with unstable size 90 total_size 128 output_shape torch.Size([128])
layer /15 start_node /18 using full alpha [2, 9, 1, 154] with unstable size None total_size 9 output_shape 9
layer /17 using sparse-features alpha with shape [90]; unstable size 90; total size 128 ([1, 128])
layer /17 start_node /18 using full alpha [2, 9, 1, 90] with unstable size None total_size 9 output_shape 9
Optimizable variables initialized.
initial CROWN bounds (first 10 items): [-8.15643310546875, -1.0445709228515625, -9.78414249420166, -10.203163146972656, 1.195979118347168, -9.494359016418457, 0.7578916549682617, -9.788914680480957, -7.170066833496094]
prune_after_crown optimization in use
  original spec size = torch.Size([1, 9])
  pruned spec size = torch.Size([1, 7])
Using alpha-CROWN to initialize bounds.
best_l after optimization: -46.18427658081055
alpha/beta optimization time: 2.9298906326293945
initial alpha-crown bounds (first 10 items): [-7.0775146484375, -0.4312419891357422, -7.58213472366333, -8.90270709991455, -7.419546127319336, -8.463805198669434, -6.307326316833496]
Global lower bound: -8.90270709991455
torch.Size([1, 7])
2 / 9 OR specs are verified.
Verified OR indices (first 10 items): [4, 6]
Verified OR lbs (first 10 items): [[inf], [inf]]
Unverified OR indices (first 10 items): [0, 1, 2, 3, 5, 7, 8]
Unverified OR lbs (first 10 items): [[-7.0775146484375], [-0.4312419891357422], [-7.58213472366333], [-8.90270709991455], [-7.419546127319336], [-8.463805198669434], [-6.307326316833496]]
###### Verifying property Instance 0 ######
Batch size: 7
First 10 spec matrices
C: tensor([[[-1.,  0.,  0.,  0.,  0.,  0.,  0.,  1.,  0.,  0.]],

        [[ 0., -1.,  0.,  0.,  0.,  0.,  0.,  1.,  0.,  0.]],

        [[ 0.,  0., -1.,  0.,  0.,  0.,  0.,  1.,  0.,  0.]],

        [[ 0.,  0.,  0., -1.,  0.,  0.,  0.,  1.,  0.,  0.]],

        [[ 0.,  0.,  0.,  0.,  0., -1.,  0.,  1.,  0.,  0.]],

        [[ 0.,  0.,  0.,  0.,  0.,  0.,  0.,  1., -1.,  0.]],

        [[ 0.,  0.,  0.,  0.,  0.,  0.,  0.,  1.,  0., -1.]]], device='cuda:0')
RHS: tensor([[0.],
        [0.],
        [0.],
        [0.],
        [0.],
        [0.],
        [0.]], device='cuda:0')
OR spec sizes: tensor([1, 1, 1, 1, 1, 1, 1], device='cuda:0', dtype=torch.int32)
Remaining timeout: 7.123636722564697
Model prediction is: tensor([ -2.33974767,  -4.00936556,   3.06449246,   1.93364727,  -8.35307026,
         -2.33033061, -15.14543629,   9.96612549,  -1.49310291,  -2.18847895],
       device='cuda:0')
Activation BaB batch 1/1 
build_with_refined_bounds batch [1/1]
Optimizable variables initialized.
all alpha initialized
directly get lb and ub from refined bounds
c shape: torch.Size([7, 1, 10])
lA shapes: [torch.Size([7, 1, 256]), torch.Size([7, 1, 128])]
torch.Size([7, 1])
(alpha-)CROWN with fixed intermediate bounds: tensor([[-7.07751465],
        [-0.43124199],
        [-7.58213472],
        [-8.90270710],
        [-7.41954613],
        [-8.46380520],
        [-6.30732632]], device='cuda:0') tensor([[inf],
        [inf],
        [inf],
        [inf],
        [inf],
        [inf],
        [inf]], device='cuda:0')
Intermediate layers: /input,/input-3
Keeping alphas for these layers: ['/18']
Node /15 input 0: size torch.Size([256]) unstable 154
Node /17 input 0: size torch.Size([128]) unstable 87
-----------------
# of unstable neurons: 241
-----------------

BaB round 1
batch: 7
splitting decisions: 
split level 0: [/input-3, 102] [/input-3, 6] [/input-3, 103] [/input-3, 102] [/input-3, 27] [/input-3, 6] [/input-3, 102] 
best_l after optimization: -83.61307525634766
beta sum per layer: [0.0, 3.204627513885498]
alpha/beta optimization time: 0.556204080581665
pruning_in_iteration open status: False
ratio of positive domain = 1 / 14 = 0.0714285714285714
pruning-in-iteration extra time: 0.00011968612670898438
torch.Size([14, 1])
Time: prepare 0.0019    bound 0.5572    transfer 0.0002    finalize 0.0009    func 0.5603    
Accumulated time: func 0.5603    prepare 0.0041    bound 0.5572    transfer 0.0002    finalize 0.0009    
max lb tensor(0.08587265) min lb tensor(-8.45457649)
Number of Verified Splits: 1 of 14
Current worst splitting domains lb-rhs (depth):
-8.45458 (1), -8.10444 (1), -8.09769 (1), -8.04603 (1), -7.42072 (1), -7.04212 (1), -6.56130 (1), -6.46847 (1), -6.18931 (1), -5.85348 (1), -5.75886 (1), -5.66422 (1), -0.03772 (1), 
Length of domains: 13
Current (lb-rhs): -8.45457649230957
14 domains visited
Time: pickout 0.0017    decision 0.1713    set_bounds 0.0009    solve 0.5609    add 0.0048    
Accumulated time: pickout 0.0017    decision 0.1713    set_bounds 0.0009    solve 0.5609    add 0.0048    
Cumulative time: 0.7643110752105713

BaB round 2
batch: 13
splitting decisions: 
split level 0: [/input-3, 103] [/input-3, 11] [/input-3, 72] [/input-3, 62] [/input-3, 62] [/input-3, 102] [/input-3, 62] [/input-3, 103] [/input-3, 72] [/input-3, 62] 
best_l after optimization: -147.3842010498047
beta sum per layer: [0.0, 16.271648406982422]
alpha/beta optimization time: 0.3889296054840088
pruning_in_iteration open status: False
ratio of positive domain = 2 / 26 = 0.07692307692307687
pruning-in-iteration extra time: 0.00016951560974121094
torch.Size([26, 1])
Time: prepare 0.0011    bound 0.3899    transfer 0.0002    finalize 0.0022    func 0.3935    
Accumulated time: func 0.9538    prepare 0.0065    bound 0.9471    transfer 0.0005    finalize 0.0031    
max lb tensor(0.53290176) min lb tensor(-8.22214985)
Number of Verified Splits: 2 of 26
Current worst splitting domains lb-rhs (depth):
-8.22215 (2), -7.75085 (2), -7.74693 (2), -7.73125 (2), -7.71696 (2), -7.69598 (2), -7.23918 (2), -7.13205 (2), -7.05495 (2), -6.72473 (2), -6.28316 (2), -6.16486 (2), -5.97807 (2), -5.91127 (2), -5.69553 (2), -5.67300 (2), -5.55742 (2), -5.53200 (2), -5.30042 (2), -5.15852 (2), 
Length of domains: 24
Current (lb-rhs): -8.222149848937988
40 domains visited
Time: pickout 0.0049    decision 0.0186    set_bounds 0.0013    solve 0.3945    add 0.0017    
Accumulated time: pickout 0.0066    decision 0.1899    set_bounds 0.0023    solve 0.9553    add 0.0064    
Cumulative time: 1.1854596138000488

BaB round 3
batch: 24
splitting decisions: 
split level 0: [/input-3, 40] [/input-3, 37] [/input-3, 6] [/input, 172] [/input-3, 27] [/input, 10] [/input-3, 40] [/input-3, 37] [/input-3, 6] [/input-3, 6] 
best_l after optimization: -254.56898498535156
beta sum per layer: [3.4351656436920166, 57.75275421142578]
alpha/beta optimization time: 0.46763181686401367
pruning_in_iteration open status: False
ratio of positive domain = 0 / 48 = 0.0
pruning-in-iteration extra time: 0.00013566017150878906
torch.Size([48, 1])
Time: prepare 0.0023    bound 0.4688    transfer 0.0003    finalize 0.0013    func 0.4728    
Accumulated time: func 1.4266    prepare 0.0113    bound 1.4159    transfer 0.0007    finalize 0.0044    
max lb tensor(-0.02745533) min lb tensor(-8.03565407)
Number of Verified Splits: 0 of 48
Current worst splitting domains lb-rhs (depth):
-8.03565 (3), -7.49188 (3), -7.49170 (3), -7.46727 (3), -7.45950 (3), -7.43541 (3), -7.12270 (3), -6.75416 (3), -6.73362 (3), -6.65692 (3), -6.59939 (3), -6.59617 (3), -6.56755 (3), -6.50350 (3), -6.48128 (3), -6.45126 (3), -6.44047 (3), -6.37771 (3), -6.09659 (3), -6.08485 (3), 
Length of domains: 48
Current (lb-rhs): -8.035654067993164
88 domains visited
Time: pickout 0.0059    decision 0.0249    set_bounds 0.0023    solve 0.4734    add 0.0013    
Accumulated time: pickout 0.0125    decision 0.2148    set_bounds 0.0046    solve 1.4287    add 0.0078    
Cumulative time: 1.6934435367584229

BaB round 4
batch: 48
splitting decisions: 
split level 0: [/input-3, 11] [/input-3, 40] [/input-3, 17] [/input-3, 6] [/input-3, 17] [/input-3, 21] [/input-3, 11] [/input-3, 40] [/input-3, 17] [/input, 4] 
best_l after optimization: -422.327880859375
beta sum per layer: [16.75117301940918, 163.25698852539062]
alpha/beta optimization time: 0.3529350757598877
pruning_in_iteration open status: False
ratio of positive domain = 5 / 96 = 0.05208333333333337
pruning-in-iteration extra time: 0.00013518333435058594
torch.Size([96, 1])
Time: prepare 0.0028    bound 0.3540    transfer 0.0002    finalize 0.0022    func 0.3592    
Accumulated time: func 1.7858    prepare 0.0159    bound 1.7699    transfer 0.0009    finalize 0.0066    
max lb tensor(1.00646877) min lb tensor(-7.89092922)
Number of Verified Splits: 5 of 96
Current worst splitting domains lb-rhs (depth):
-7.89093 (4), -7.24619 (4), -7.23958 (4), -7.23234 (4), -7.21433 (4), -7.21232 (4), -6.98359 (4), -6.77073 (4), -6.76466 (4), -6.46699 (4), -6.45029 (4), -6.38232 (4), -6.36077 (4), -6.33806 (4), -6.32408 (4), -6.29627 (4), -6.29263 (4), -6.26904 (4), -6.21048 (4), -6.16607 (4), 
Length of domains: 91
Current (lb-rhs): -7.890929222106934
184 domains visited
Time: pickout 0.0082    decision 0.0285    set_bounds 0.0028    solve 0.3597    add 0.0013    
Accumulated time: pickout 0.0206    decision 0.2433    set_bounds 0.0074    solve 1.7885    add 0.0091    
Cumulative time: 2.0944085121154785

BaB round 5
batch: 64
splitting decisions: 
split level 0: [/input, 135] [/input-3, 11] [/input-3, 36] [/input, 10] [/input-3, 104] [/input-3, 27] [/input-3, 125] [/input-3, 11] [/input, 10] [/input-3, 104] 
best_l after optimization: -435.86456298828125
beta sum per layer: [43.31046676635742, 317.7008056640625]
alpha/beta optimization time: 0.8412559032440186
pruning_in_iteration open status: False
ratio of positive domain = 11 / 128 = 0.0859375
pruning-in-iteration extra time: 0.0013136863708496094
torch.Size([128, 1])
Time: prepare 0.0030    bound 0.8433    transfer 0.0019    finalize 0.0089    func 0.8574    
Accumulated time: func 2.6432    prepare 0.0207    bound 2.6132    transfer 0.0028    finalize 0.0155    
max lb tensor(0.51059437) min lb tensor(-6.57361126)
Number of Verified Splits: 11 of 128
Current worst splitting domains lb-rhs (depth):
-7.89093 (4), -7.24619 (4), -7.23958 (4), -7.23234 (4), -7.21433 (4), -7.21232 (4), -6.98359 (4), -6.57361 (5), -6.56174 (5), -6.46699 (4), -6.36077 (4), -6.29263 (4), -6.19120 (5), -6.11597 (5), -6.09208 (5), -6.04727 (5), -5.99094 (5), -5.93556 (5), -5.93029 (5), -5.92641 (4), 
Length of domains: 144
Current (lb-rhs): -7.890929222106934
312 domains visited
Time: pickout 0.0102    decision 0.0294    set_bounds 0.0035    solve 0.8582    add 0.0020    
Accumulated time: pickout 0.0308    decision 0.2726    set_bounds 0.0109    solve 2.6467    add 0.0111    
Cumulative time: 2.9978880882263184

BaB round 6
batch: 64
splitting decisions: 
split level 0: [/input-3, 22] [/input-3, 114] [/input-3, 40] [/input-3, 62] [/input, 21] [/input-3, 22] [/input-3, 114] [/input, 4] [/input-3, 62] [/input-3, 27] 
best_l after optimization: -310.8631286621094
beta sum per layer: [81.72409057617188, 392.4115905761719]
alpha/beta optimization time: 0.9075198173522949
pruning_in_iteration open status: False
ratio of positive domain = 17 / 128 = 0.1328125
pruning-in-iteration extra time: 0.00029754638671875
torch.Size([128, 1])
Time: prepare 0.0045    bound 0.9085    transfer 0.0012    finalize 0.0091    func 0.9234    
Accumulated time: func 3.5666    prepare 0.0320    bound 3.5217    transfer 0.0040    finalize 0.0246    
max lb tensor(0.92486572) min lb tensor(-5.58234215)
Number of Verified Splits: 17 of 128
Current worst splitting domains lb-rhs (depth):
-7.89093 (4), -7.24619 (4), -7.23958 (4), -7.23234 (4), -7.21433 (4), -7.21232 (4), -6.98359 (4), -6.57361 (5), -6.56174 (5), -6.46699 (4), -6.36077 (4), -6.29263 (4), -6.19120 (5), -6.11597 (5), -6.09208 (5), -6.04727 (5), -5.99094 (5), -5.93556 (5), -5.93029 (5), -5.92641 (4), 
Length of domains: 191
Current (lb-rhs): -7.890929222106934
440 domains visited
Time: pickout 0.0179    decision 0.1065    set_bounds 0.0041    solve 0.9244    add 0.0020    
Accumulated time: pickout 0.0487    decision 0.3791    set_bounds 0.0150    solve 3.5711    add 0.0131    
Cumulative time: 4.052926301956177

BaB round 7
batch: 64
splitting decisions: 
split level 0: [/input-3, 37] [/input-3, 0] [/input-3, 17] [/input-3, 40] [/input-3, 37] [/input-3, 40] [/input-3, 17] [/input-3, 40] [/input-3, 37] [/input-3, 0] 
best_l after optimization: -171.50991821289062
beta sum per layer: [73.05020904541016, 508.56805419921875]
alpha/beta optimization time: 0.8556962013244629
pruning_in_iteration open status: True
ratio of positive domain = 27 / 128 = 0.2109375
pruning-in-iteration extra time: 0.012739181518554688
torch.Size([128, 1])
Time: prepare 0.0043    bound 0.8569    transfer 0.0023    finalize 0.0082    func 0.8718    
Accumulated time: func 4.4384    prepare 0.0436    bound 4.3786    transfer 0.0063    finalize 0.0328    
max lb tensor(9.99999975e-05) min lb tensor(-5.40066814)
Number of Verified Splits: 27 of 128
Current worst splitting domains lb-rhs (depth):
-7.89093 (4), -7.24619 (4), -7.23958 (4), -7.23234 (4), -7.21433 (4), -7.21232 (4), -6.98359 (4), -6.57361 (5), -6.56174 (5), -6.46699 (4), -6.36077 (4), -6.29263 (4), -6.19120 (5), -6.11597 (5), -6.09208 (5), -6.04727 (5), -5.99094 (5), -5.93556 (5), -5.93029 (5), -5.92641 (4), 
Length of domains: 228
Current (lb-rhs): -7.890929222106934
568 domains visited
Time: pickout 0.0142    decision 0.0783    set_bounds 0.0042    solve 0.8726    add 0.0021    
Accumulated time: pickout 0.0629    decision 0.4574    set_bounds 0.0192    solve 4.4437    add 0.0152    
Cumulative time: 5.02460789680481

BaB round 8
batch: 64
splitting decisions: 
split level 0: [/input-3, 40] [/input-3, 17] [/input-3, 40] [/input-3, 37] [/input-3, 40] [/input-3, 40] [/input-3, 72] [/input-3, 40] [/input-3, 17] [/input-3, 72] 
best_l after optimization: -60.55945587158203
beta sum per layer: [73.77777099609375, 515.6556396484375]
alpha/beta optimization time: 0.9366588592529297
pruning_in_iteration open status: True
ratio of positive domain = 80 / 128 = 0.625
pruning-in-iteration extra time: 0.05935859680175781
torch.Size([128, 1])
Time: prepare 0.0042    bound 0.9379    transfer 0.0020    finalize 0.0084    func 0.9527    
Accumulated time: func 5.3911    prepare 0.0534    bound 5.3165    transfer 0.0084    finalize 0.0412    
max lb tensor(0.00395012) min lb tensor(-4.10655928)
Number of Verified Splits: 80 of 128
Current worst splitting domains lb-rhs (depth):
-7.89093 (4), -7.24619 (4), -7.23958 (4), -7.23234 (4), -7.21433 (4), -7.21232 (4), -6.98359 (4), -6.57361 (5), -6.56174 (5), -6.46699 (4), -6.36077 (4), -6.29263 (4), -6.19120 (5), -6.11597 (5), -6.09208 (5), -6.04727 (5), -5.99094 (5), -5.93556 (5), -5.93029 (5), -5.92641 (4), 
Length of domains: 212
Current (lb-rhs): -7.890929222106934
696 domains visited
Time: pickout 0.0142    decision 0.0959    set_bounds 0.0046    solve 0.9539    add 0.0017    
Accumulated time: pickout 0.0771    decision 0.5534    set_bounds 0.0238    solve 5.3976    add 0.0169    
Cumulative time: 6.095330715179443

BaB round 9
batch: 64
splitting decisions: 
split level 0: [/input, 207] [/input-3, 72] [/input-3, 40] [/input-3, 17] [/input-3, 72] [/input, 21] [/input-3, 40] [/input-3, 72] [/input-3, 72] [/input-3, 72] 
best_l after optimization: -115.28706359863281
beta sum per layer: [69.32424926757812, 558.31103515625]
alpha/beta optimization time: 0.914064884185791
pruning_in_iteration open status: True
ratio of positive domain = 43 / 128 = 0.3359375
pruning-in-iteration extra time: 0.03852105140686035
torch.Size([128, 1])
Time: prepare 0.0045    bound 0.9150    transfer 0.0010    finalize 0.0017    func 0.9223    
Accumulated time: func 6.3133    prepare 0.0627    bound 6.2315    transfer 0.0094    finalize 0.0429    
max lb tensor(9.99999975e-05) min lb tensor(-3.98013449)
Number of Verified Splits: 43 of 128
Current worst splitting domains lb-rhs (depth):
-7.89093 (4), -7.24619 (4), -7.23958 (4), -7.23234 (4), -7.21433 (4), -7.21232 (4), -6.98359 (4), -6.57361 (5), -6.56174 (5), -6.46699 (4), -6.36077 (4), -6.29263 (4), -6.19120 (5), -6.11597 (5), -6.09208 (5), -6.04727 (5), -5.99094 (5), -5.93556 (5), -5.93029 (5), -5.92641 (4), 
Length of domains: 233
Current (lb-rhs): -7.890929222106934
824 domains visited
Time: pickout 0.0178    decision 0.0896    set_bounds 0.0046    solve 0.9228    add 0.0008    
Accumulated time: pickout 0.0949    decision 0.6430    set_bounds 0.0284    solve 6.3204    add 0.0177    
Time out!!!!!!!!
Result: unknown in 12.0107 seconds

 %%%%%%%%%%%%%%%%%%%%%%%%%%%%%%%%%%% idx: 1, vnnlib ID: 1 %%%%%%%%%%%%%%%%%%%%%%%%%%%%%%%%%%%
Finished vnnlib processing in 0.002580 seconds
Model: BoundedModule(
  (/0): BoundInput(name=/0, inputs=[], perturbed=True)
  (/7): BoundParams(name=/7, inputs=[], perturbed=False)
  (/8): BoundParams(name=/8, inputs=[], perturbed=False)
  (/9): BoundParams(name=/9, inputs=[], perturbed=False)
  (/10): BoundParams(name=/10, inputs=[], perturbed=False)
  (/11): BoundParams(name=/11, inputs=[], perturbed=False)
  (/12): BoundParams(name=/12, inputs=[], perturbed=False)
  (/13): BoundFlatten(name=/13, inputs=[/0], perturbed=True)
  (/input): BoundLinear(name=/input, inputs=[/13, /7, /8], perturbed=True)
  (/15): BoundRelu(name=/15, inputs=[/input], perturbed=True)
  (/input-3): BoundLinear(name=/input-3, inputs=[/15, /9, /10], perturbed=True)
  (/17): BoundRelu(name=/17, inputs=[/input-3], perturbed=True)
  (/18): BoundLinear(name=/18, inputs=[/17, /11, /12], perturbed=True)
)
Original output in the first batch: tensor([[ -0.69734335,   1.34664297,  11.13735008,   1.85185349,  -8.76225376,
          -5.21529436,  -5.33293819,  -5.50378990,  -0.90851218, -10.94003487]],
       device='cuda:0')
Split layers:
Nonlinear functions:
   BoundRelu(name=/15, inputs=[/input], perturbed=True)
   BoundRelu(name=/17, inputs=[/input-3], perturbed=True)
build batch [1/1]
layer /15 using sparse-features alpha with shape [111]; unstable size 111; total size 256 ([1, 256])
layer /15 start_node /input-3 using sparse-spec alpha [2, 64, 1, 111] with unstable size 63 total_size 128 output_shape torch.Size([128])
layer /15 start_node /18 using full alpha [2, 9, 1, 111] with unstable size None total_size 9 output_shape 9
layer /17 using sparse-features alpha with shape [63]; unstable size 63; total size 128 ([1, 128])
layer /17 start_node /18 using full alpha [2, 9, 1, 63] with unstable size None total_size 9 output_shape 9
Optimizable variables initialized.
initial CROWN bounds (first 10 items): [-1.3971428871154785, -1.7959604263305664, -4.09181022644043, 5.975586891174316, -2.9467601776123047, 0.5475807189941406, 5.066013336181641, -2.544825553894043, 4.962892532348633]
prune_after_crown optimization in use
  original spec size = torch.Size([1, 9])
  pruned spec size = torch.Size([1, 5])
Using alpha-CROWN to initialize bounds.
best_l after optimization: -9.459285736083984
alpha/beta optimization time: 1.426464319229126
initial alpha-crown bounds (first 10 items): [-0.9112281799316406, -1.283872127532959, -3.3601746559143066, -2.160346031188965, -1.7436647415161133]
Global lower bound: -3.3601746559143066
torch.Size([1, 5])
4 / 9 OR specs are verified.
Verified OR indices (first 10 items): [3, 5, 6, 8]
Verified OR lbs (first 10 items): [[inf], [inf], [inf], [inf]]
Unverified OR indices (first 10 items): [0, 1, 2, 4, 7]
Unverified OR lbs (first 10 items): [[-0.9112281799316406], [-1.283872127532959], [-3.3601746559143066], [-2.160346031188965], [-1.7436647415161133]]
###### Verifying property Instance 1 ######
Batch size: 5
First 10 spec matrices
C: tensor([[[-1.,  0.,  1.,  0.,  0.,  0.,  0.,  0.,  0.,  0.]],

        [[ 0., -1.,  1.,  0.,  0.,  0.,  0.,  0.,  0.,  0.]],

        [[ 0.,  0.,  1., -1.,  0.,  0.,  0.,  0.,  0.,  0.]],

        [[ 0.,  0.,  1.,  0.,  0., -1.,  0.,  0.,  0.,  0.]],

        [[ 0.,  0.,  1.,  0.,  0.,  0.,  0.,  0., -1.,  0.]]], device='cuda:0')
RHS: tensor([[0.],
        [0.],
        [0.],
        [0.],
        [0.]], device='cuda:0')
OR spec sizes: tensor([1, 1, 1, 1, 1], device='cuda:0', dtype=torch.int32)
Remaining timeout: 10.357325077056885
Model prediction is: tensor([ -0.69734335,   1.34664297,  11.13735008,   1.85185349,  -8.76225376,
         -5.21529436,  -5.33293819,  -5.50378990,  -0.90851218, -10.94003487],
       device='cuda:0')
Activation BaB batch 1/1 
build_with_refined_bounds batch [1/1]
Optimizable variables initialized.
all alpha initialized
directly get lb and ub from refined bounds
c shape: torch.Size([5, 1, 10])
lA shapes: [torch.Size([5, 1, 256]), torch.Size([5, 1, 128])]
torch.Size([5, 1])
(alpha-)CROWN with fixed intermediate bounds: tensor([[-0.91122818],
        [-1.28387213],
        [-3.36017466],
        [-2.16034603],
        [-1.74366474]], device='cuda:0') tensor([[inf],
        [inf],
        [inf],
        [inf],
        [inf]], device='cuda:0')
Intermediate layers: /input,/input-3
Keeping alphas for these layers: ['/18']
Node /15 input 0: size torch.Size([256]) unstable 111
Node /17 input 0: size torch.Size([128]) unstable 62
-----------------
# of unstable neurons: 173
-----------------

BaB round 1
batch: 5
splitting decisions: 
split level 0: [/input-3, 42] [/input, 116] [/input, 172] [/input, 172] [/input-3, 85] 
best_l after optimization: -13.123464584350586
beta sum per layer: [2.0963642597198486, 0.21159681677818298]
alpha/beta optimization time: 0.8354623317718506
pruning_in_iteration open status: False
ratio of positive domain = 1 / 10 = 0.09999999999999998
pruning-in-iteration extra time: 0.0008335113525390625
torch.Size([10, 1])
Time: prepare 0.0008    bound 0.8373    transfer 0.0018    finalize 0.0113    func 0.8513    
Accumulated time: func 0.8513    prepare 0.0022    bound 0.8373    transfer 0.0018    finalize 0.0113    
max lb tensor(0.33290482) min lb tensor(-2.99673271)
Number of Verified Splits: 1 of 10
Current worst splitting domains lb-rhs (depth):
-2.99673 (1), -2.66880 (1), -1.77332 (1), -1.44834 (1), -1.38810 (1), -1.20995 (1), -1.05173 (1), -0.48933 (1), -0.43007 (1), 
Length of domains: 9
Current (lb-rhs): -2.996732711791992
10 domains visited
Time: pickout 0.0012    decision 0.0163    set_bounds 0.0009    solve 0.8524    add 0.0080    
Accumulated time: pickout 0.0012    decision 0.0163    set_bounds 0.0009    solve 0.8524    add 0.0080    
Cumulative time: 0.8973531723022461

BaB round 2
batch: 9
splitting decisions: 
split level 0: [/input, 10] [/input-3, 6] [/input-3, 21] [/input, 173] [/input-3, 42] [/input, 10] [/input-3, 21] [/input, 173] [/input-3, 42] 
best_l after optimization: -17.05577278137207
beta sum per layer: [8.081926345825195, 0.4628019630908966]
alpha/beta optimization time: 0.9216775894165039
pruning_in_iteration open status: True
ratio of positive domain = 5 / 18 = 0.2777777777777778
pruning-in-iteration extra time: 0.04271411895751953
torch.Size([18, 1])
Time: prepare 0.0045    bound 0.9235    transfer 0.0030    finalize 0.0096    func 0.9407    
Accumulated time: func 1.7920    prepare 0.0187    bound 1.7608    transfer 0.0048    finalize 0.0209    
max lb tensor(9.99999975e-05) min lb tensor(-2.66225338)
Number of Verified Splits: 5 of 18
Current worst splitting domains lb-rhs (depth):
-2.66225 (2), -2.64299 (2), -2.33092 (2), -2.31023 (2), -1.48276 (2), -1.24870 (2), -1.17167 (2), -0.90286 (2), -0.88901 (2), -0.79058 (2), -0.22319 (2), -0.21702 (2), -0.18408 (2), 
Length of domains: 13
Current (lb-rhs): -2.6622533798217773
28 domains visited
Time: pickout 0.0158    decision 0.0696    set_bounds 0.0023    solve 0.9416    add 0.0019    
Accumulated time: pickout 0.0170    decision 0.0859    set_bounds 0.0033    solve 1.7940    add 0.0099    
Cumulative time: 1.9289333820343018

BaB round 3
batch: 13
splitting decisions: 
split level 0: [/input, 123] [/input-3, 21] [/input-3, 85] [/input, 135] [/input-3, 76] [/input-3, 85] [/input, 135] [/input-3, 85] [/input-3, 71] [/input-3, 6] 
best_l after optimization: -22.95854949951172
beta sum per layer: [17.270736694335938, 2.3299427032470703]
alpha/beta optimization time: 0.9481580257415771
pruning_in_iteration open status: True
ratio of positive domain = 10 / 26 = 0.3846153846153846
pruning-in-iteration extra time: 0.05546855926513672
torch.Size([26, 1])
Time: prepare 0.0023    bound 0.9491    transfer 0.0026    finalize 0.0082    func 0.9622    
Accumulated time: func 2.7542    prepare 0.0310    bound 2.7099    transfer 0.0073    finalize 0.0291    
max lb tensor(9.99999975e-05) min lb tensor(-2.38758850)
Number of Verified Splits: 10 of 26
Current worst splitting domains lb-rhs (depth):
-2.38759 (3), -2.35164 (3), -2.30719 (3), -2.27556 (3), -2.05659 (3), -2.01600 (3), -1.97162 (3), -1.95222 (3), -1.26913 (3), -1.05800 (3), -0.96696 (3), -0.69410 (3), -0.58351 (3), -0.51728 (3), -0.51698 (3), -0.03518 (3), 
Length of domains: 16
Current (lb-rhs): -2.3875885009765625
54 domains visited
Time: pickout 0.0196    decision 0.0705    set_bounds 0.0022    solve 0.9630    add 0.0014    
Accumulated time: pickout 0.0366    decision 0.1564    set_bounds 0.0055    solve 2.7569    add 0.0114    
Cumulative time: 2.9858076572418213

BaB round 4
batch: 16
splitting decisions: 
split level 0: [/input-3, 19] [/input-3, 65] [/input-3, 118] [/input-3, 65] [/input-3, 65] [/input, 116] [/input-3, 94] [/input-3, 65] [/input-3, 94] [/input-3, 19] 
best_l after optimization: -28.851165771484375
beta sum per layer: [14.190686225891113, 19.40955352783203]
alpha/beta optimization time: 0.7000329494476318
pruning_in_iteration open status: False
ratio of positive domain = 5 / 32 = 0.15625
pruning-in-iteration extra time: 0.0009584426879882812
torch.Size([32, 1])
Time: prepare 0.0032    bound 0.7018    transfer 0.0018    finalize 0.0091    func 0.7160    
Accumulated time: func 3.4702    prepare 0.0398    bound 3.4117    transfer 0.0091    finalize 0.0382    
max lb tensor(0.98311520) min lb tensor(-2.22573996)
Number of Verified Splits: 5 of 32
Current worst splitting domains lb-rhs (depth):
-2.22574 (4), -2.16906 (4), -2.12011 (4), -2.09576 (4), -1.88794 (4), -1.82773 (4), -1.77712 (4), -1.76446 (4), -1.61211 (4), -1.49107 (4), -1.27604 (4), -1.18340 (4), -1.15908 (4), -1.05660 (4), -1.05479 (4), -0.88180 (4), -0.87700 (4), -0.81565 (4), -0.79855 (4), -0.47912 (4), 
Length of domains: 27
Current (lb-rhs): -2.2257399559020996
86 domains visited
Time: pickout 0.0119    decision 0.0490    set_bounds 0.0019    solve 0.7170    add 0.0041    
Accumulated time: pickout 0.0484    decision 0.2054    set_bounds 0.0074    solve 3.4739    add 0.0155    
Cumulative time: 3.7701869010925293

BaB round 5
batch: 27
splitting decisions: 
split level 0: [/input, 123] [/input-3, 6] [/input-3, 6] [/input, 194] [/input, 135] [/input-3, 46] [/input, 194] [/input-3, 46] [/input, 123] [/input-3, 42] 
best_l after optimization: -29.347110748291016
beta sum per layer: [22.17224884033203, 49.452880859375]
alpha/beta optimization time: 0.7592377662658691
pruning_in_iteration open status: True
ratio of positive domain = 25 / 54 = 0.4629629629629629
pruning-in-iteration extra time: 0.04318809509277344
torch.Size([54, 1])
Time: prepare 0.0037    bound 0.7605    transfer 0.0020    finalize 0.0060    func 0.7723    
Accumulated time: func 4.2425    prepare 0.0511    bound 4.1722    transfer 0.0111    finalize 0.0442    
max lb tensor(9.99999975e-05) min lb tensor(-2.10417271)
Number of Verified Splits: 25 of 54
Current worst splitting domains lb-rhs (depth):
-2.10417 (5), -1.97269 (5), -1.95136 (5), -1.94657 (5), -1.86202 (5), -1.77115 (5), -1.63945 (5), -1.62881 (5), -1.61720 (5), -1.46368 (5), -1.43782 (5), -1.33436 (5), -1.14077 (5), -1.04206 (5), -0.89786 (5), -0.83969 (5), -0.81192 (5), -0.74856 (5), -0.68374 (5), -0.60706 (5), 
Length of domains: 29
Current (lb-rhs): -2.104172706604004
140 domains visited
Time: pickout 0.0164    decision 0.0882    set_bounds 0.0031    solve 0.7731    add 0.0021    
Accumulated time: pickout 0.0648    decision 0.2936    set_bounds 0.0105    solve 4.2471    add 0.0176    
Cumulative time: 4.653363466262817

BaB round 6
batch: 29
splitting decisions: 
split level 0: [/input-3, 42] [/input-3, 42] [/input-3, 42] [/input, 173] [/input-3, 42] [/input, 173] [/input, 10] [/input, 10] [/input, 111] [/input, 10] 
best_l after optimization: -31.88701820373535
beta sum per layer: [29.356502532958984, 61.98936080932617]
alpha/beta optimization time: 0.7508492469787598
pruning_in_iteration open status: True
ratio of positive domain = 28 / 58 = 0.48275862068965514
pruning-in-iteration extra time: 0.04279375076293945
torch.Size([58, 1])
Time: prepare 0.0032    bound 0.7520    transfer 0.0017    finalize 0.0058    func 0.7628    
Accumulated time: func 5.0053    prepare 0.0602    bound 4.9242    transfer 0.0128    finalize 0.0501    
max lb tensor(9.99999975e-05) min lb tensor(-1.96969986)
Number of Verified Splits: 28 of 58
Current worst splitting domains lb-rhs (depth):
-1.96970 (6), -1.83613 (6), -1.80618 (6), -1.75514 (6), -1.71773 (6), -1.69218 (6), -1.64398 (6), -1.51886 (6), -1.48561 (6), -1.43875 (6), -1.30482 (6), -1.27879 (6), -1.24313 (6), -1.21215 (6), -1.12094 (6), -1.06780 (6), -0.93486 (6), -0.83900 (6), -0.83794 (6), -0.76845 (6), 
Length of domains: 30
Current (lb-rhs): -1.9696998596191406
198 domains visited
Time: pickout 0.0143    decision 0.0574    set_bounds 0.0037    solve 0.7634    add 0.0018    
Accumulated time: pickout 0.0792    decision 0.3511    set_bounds 0.0142    solve 5.0105    add 0.0194    
Cumulative time: 5.494221210479736

BaB round 7
batch: 30
splitting decisions: 
split level 0: [/input, 207] [/input, 155] [/input, 155] [/input-3, 45] [/input-3, 45] [/input, 155] [/input, 155] [/input, 207] [/input, 194] [/input, 194] 
best_l after optimization: -33.769287109375
beta sum per layer: [40.00518798828125, 66.08405303955078]
alpha/beta optimization time: 1.0321004390716553
pruning_in_iteration open status: True
ratio of positive domain = 26 / 60 = 0.43333333333333335
pruning-in-iteration extra time: 0.06109738349914551
torch.Size([60, 1])
Time: prepare 0.0073    bound 1.0349    transfer 0.0054    finalize 0.0124    func 1.0601    
Accumulated time: func 6.0654    prepare 0.0749    bound 5.9591    transfer 0.0182    finalize 0.0625    
max lb tensor(9.99999975e-05) min lb tensor(-1.75868225)
Number of Verified Splits: 26 of 60
Current worst splitting domains lb-rhs (depth):
-1.75868 (7), -1.66946 (7), -1.63422 (7), -1.62864 (7), -1.62403 (7), -1.58198 (7), -1.55632 (7), -1.55309 (7), -1.44195 (7), -1.35532 (7), -1.32024 (7), -1.31196 (7), -1.22013 (7), -1.17898 (7), -1.15386 (7), -1.15381 (7), -1.12554 (7), -1.09261 (7), -1.00618 (7), -0.95161 (7), 
Length of domains: 34
Current (lb-rhs): -1.7586822509765625
258 domains visited
Time: pickout 0.0117    decision 0.0854    set_bounds 0.0043    solve 1.0612    add 0.0029    
Accumulated time: pickout 0.0908    decision 0.4365    set_bounds 0.0185    solve 6.0717    add 0.0222    
Cumulative time: 6.659953832626343

BaB round 8
batch: 34
splitting decisions: 
split level 0: [/input-3, 6] [/input-3, 42] [/input-3, 42] [/input-3, 42] [/input-3, 42] [/input-3, 62] [/input, 201] [/input, 34] [/input, 34] [/input-3, 62] 
best_l after optimization: -43.58021545410156
beta sum per layer: [69.02662658691406, 75.09614562988281]
alpha/beta optimization time: 1.305908203125
pruning_in_iteration open status: True
ratio of positive domain = 17 / 68 = 0.25
pruning-in-iteration extra time: 0.0653390884399414
torch.Size([68, 1])
Time: prepare 0.0066    bound 1.3079    transfer 0.0019    finalize 0.0076    func 1.3240    
Accumulated time: func 7.3894    prepare 0.0933    bound 7.2670    transfer 0.0201    finalize 0.0700    
max lb tensor(9.99999975e-05) min lb tensor(-1.59201193)
Number of Verified Splits: 17 of 68
Current worst splitting domains lb-rhs (depth):
-1.59201 (8), -1.51743 (8), -1.50019 (8), -1.47181 (8), -1.43979 (8), -1.42583 (8), -1.41992 (8), -1.41882 (8), -1.41464 (8), -1.40028 (8), -1.35740 (8), -1.26914 (8), -1.22915 (8), -1.21707 (8), -1.20090 (8), -1.18640 (8), -1.18185 (8), -1.10357 (8), -1.10327 (8), -1.09138 (8), 
Length of domains: 51
Current (lb-rhs): -1.5920119285583496
326 domains visited
Time: pickout 0.0251    decision 0.1126    set_bounds 0.0049    solve 1.3250    add 0.0024    
Accumulated time: pickout 0.1159    decision 0.5491    set_bounds 0.0233    solve 7.3966    add 0.0246    
Cumulative time: 8.130199909210205

BaB round 9
batch: 51
splitting decisions: 
split level 0: [/input-3, 62] [/input, 34] [/input, 155] [/input-3, 62] [/input, 201] [/input, 155] [/input, 155] [/input-3, 74] [/input-3, 62] [/input, 201] 
best_l after optimization: -48.44178771972656
beta sum per layer: [129.48049926757812, 86.55281066894531]
alpha/beta optimization time: 0.5810525417327881
pruning_in_iteration open status: True
ratio of positive domain = 39 / 102 = 0.38235294117647056
pruning-in-iteration extra time: 0.03411078453063965
torch.Size([102, 1])
Time: prepare 0.0039    bound 0.5820    transfer 0.0004    finalize 0.0018    func 0.5882    
Accumulated time: func 7.9775    prepare 0.1035    bound 7.8490    transfer 0.0204    finalize 0.0719    
max lb tensor(9.99999975e-05) min lb tensor(-1.47788191)
Number of Verified Splits: 39 of 102
Current worst splitting domains lb-rhs (depth):
-1.47788 (9), -1.37319 (9), -1.34806 (9), -1.30940 (9), -1.29386 (9), -1.29295 (9), -1.29248 (9), -1.29200 (9), -1.29065 (9), -1.26587 (9), -1.21150 (9), -1.20924 (9), -1.17975 (9), -1.15362 (9), -1.13587 (9), -1.09605 (9), -1.09585 (9), -1.07827 (9), -1.07605 (9), -1.06000 (9), 
Length of domains: 63
Current (lb-rhs): -1.477881908416748
428 domains visited
Time: pickout 0.0139    decision 0.0866    set_bounds 0.0036    solve 0.5889    add 0.0015    
Accumulated time: pickout 0.1298    decision 0.6357    set_bounds 0.0269    solve 7.9855    add 0.0261    
Cumulative time: 8.825015783309937

BaB round 10
batch: 63
splitting decisions: 
split level 0: [/input, 34] [/input, 155] [/input, 111] [/input, 78] [/input, 78] [/input-3, 74] [/input, 201] [/input-3, 62] [/input-3, 74] [/input-3, 62] 
best_l after optimization: -50.731971740722656
beta sum per layer: [187.93255615234375, 92.75425720214844]
alpha/beta optimization time: 0.5336248874664307
pruning_in_iteration open status: True
ratio of positive domain = 55 / 126 = 0.4365079365079365
pruning-in-iteration extra time: 0.02722907066345215
torch.Size([126, 1])
Time: prepare 0.0043    bound 0.5348    transfer 0.0004    finalize 0.0016    func 0.5412    
Accumulated time: func 8.5187    prepare 0.1100    bound 8.3837    transfer 0.0208    finalize 0.0735    
max lb tensor(9.99999975e-05) min lb tensor(-1.37847090)
Number of Verified Splits: 55 of 126
Current worst splitting domains lb-rhs (depth):
-1.37847 (10), -1.24036 (10), -1.18453 (10), -1.18415 (10), -1.17507 (10), -1.15669 (10), -1.15533 (10), -1.14931 (10), -1.14884 (10), -1.10459 (10), -1.09623 (10), -1.08650 (10), -1.08553 (10), -1.08495 (10), -1.07866 (10), -1.07225 (10), -1.04226 (10), -1.02041 (10), -1.00049 (10), -0.96941 (10), 
Length of domains: 71
Current (lb-rhs): -1.3784708976745605
554 domains visited
Time: pickout 0.0119    decision 0.0311    set_bounds 0.0039    solve 0.5420    add 0.0011    
Accumulated time: pickout 0.1417    decision 0.6668    set_bounds 0.0308    solve 8.5275    add 0.0272    
Cumulative time: 9.415279388427734

BaB round 11
batch: 64
splitting decisions: 
split level 0: [/input, 201] [/input, 78] [/input, 78] [/input-3, 3] [/input, 249] [/input-3, 62] [/input-3, 3] [/input-3, 62] [/input, 201] [/input-3, 62] 
best_l after optimization: -46.3182373046875
beta sum per layer: [217.16656494140625, 87.64250183105469]
alpha/beta optimization time: 0.5097243785858154
pruning_in_iteration open status: True
ratio of positive domain = 59 / 128 = 0.4609375
pruning-in-iteration extra time: 0.026060104370117188
torch.Size([128, 1])
Time: prepare 0.0033    bound 0.5108    transfer 0.0006    finalize 0.0016    func 0.5164    
Accumulated time: func 9.0351    prepare 0.1147    bound 8.8945    transfer 0.0214    finalize 0.0751    
max lb tensor(9.99999975e-05) min lb tensor(-1.17947769)
Number of Verified Splits: 59 of 128
Current worst splitting domains lb-rhs (depth):
-1.17948 (11), -1.17696 (11), -1.08495 (10), -1.07866 (10), -1.07276 (11), -1.07168 (11), -1.05248 (11), -1.04387 (11), -1.04359 (11), -1.04266 (11), -1.03879 (11), -1.03391 (11), -0.99015 (11), -0.98508 (11), -0.98221 (11), -0.97026 (11), -0.96857 (11), -0.96101 (11), -0.91757 (11), -0.89537 (11), 
Length of domains: 76
Current (lb-rhs): -1.1794776916503906
682 domains visited
Time: pickout 0.0082    decision 0.0266    set_bounds 0.0036    solve 0.5174    add 0.0011    
Accumulated time: pickout 0.1499    decision 0.6934    set_bounds 0.0344    solve 9.0449    add 0.0284    
Cumulative time: 9.972479820251465

BaB round 12
batch: 64
splitting decisions: 
split level 0: [/input, 201] [/input-3, 3] [/input, 155] [/input, 155] [/input-3, 3] [/input-3, 3] [/input, 78] [/input, 78] [/input, 201] [/input, 34] 
best_l after optimization: -44.96904373168945
beta sum per layer: [255.2498016357422, 76.33749389648438]
alpha/beta optimization time: 0.5810554027557373
pruning_in_iteration open status: True
ratio of positive domain = 43 / 128 = 0.3359375
pruning-in-iteration extra time: 0.030292272567749023
torch.Size([128, 1])
Time: prepare 0.0037    bound 0.5836    transfer 0.0026    finalize 0.0097    func 0.5998    
Accumulated time: func 9.6349    prepare 0.1198    bound 9.4782    transfer 0.0240    finalize 0.0848    
max lb tensor(9.99999975e-05) min lb tensor(-1.02597189)
Number of Verified Splits: 43 of 128
Current worst splitting domains lb-rhs (depth):
-1.08495 (10), -1.07866 (10), -1.04266 (11), -1.02597 (12), -1.02468 (12), -0.98221 (11), -0.97743 (12), -0.97710 (12), -0.90571 (12), -0.89842 (12), -0.89841 (12), -0.89567 (12), -0.89046 (12), -0.88918 (12), -0.83325 (12), -0.83249 (12), -0.82277 (12), -0.81110 (12), -0.81046 (12), -0.78775 (12), 
Length of domains: 97
Current (lb-rhs): -1.0849499702453613
810 domains visited
Time: pickout 0.0083    decision 0.0241    set_bounds 0.0040    solve 0.6007    add 0.0029    
Accumulated time: pickout 0.1582    decision 0.7175    set_bounds 0.0384    solve 9.6456    add 0.0312    
Time out!!!!!!!!
Result: unknown in 12.2582 seconds

 %%%%%%%%%%%%%%%%%%%%%%%%%%%%%%%%%%% idx: 2, vnnlib ID: 2 %%%%%%%%%%%%%%%%%%%%%%%%%%%%%%%%%%%
Finished vnnlib processing in 0.010885 seconds
Model: BoundedModule(
  (/0): BoundInput(name=/0, inputs=[], perturbed=True)
  (/7): BoundParams(name=/7, inputs=[], perturbed=False)
  (/8): BoundParams(name=/8, inputs=[], perturbed=False)
  (/9): BoundParams(name=/9, inputs=[], perturbed=False)
  (/10): BoundParams(name=/10, inputs=[], perturbed=False)
  (/11): BoundParams(name=/11, inputs=[], perturbed=False)
  (/12): BoundParams(name=/12, inputs=[], perturbed=False)
  (/13): BoundFlatten(name=/13, inputs=[/0], perturbed=True)
  (/input): BoundLinear(name=/input, inputs=[/13, /7, /8], perturbed=True)
  (/15): BoundRelu(name=/15, inputs=[/input], perturbed=True)
  (/input-3): BoundLinear(name=/input-3, inputs=[/15, /9, /10], perturbed=True)
  (/17): BoundRelu(name=/17, inputs=[/input-3], perturbed=True)
  (/18): BoundLinear(name=/18, inputs=[/17, /11, /12], perturbed=True)
)
Original output in the first batch: tensor([[-5.27086210,  5.96116734,  1.14475250, -1.57121539, -3.47802281,
         -2.95000291, -4.21304035,  0.28271157,  0.03804258, -5.52916336]],
       device='cuda:0')
Split layers:
Nonlinear functions:
   BoundRelu(name=/15, inputs=[/input], perturbed=True)
   BoundRelu(name=/17, inputs=[/input-3], perturbed=True)
build batch [1/1]
layer /15 using sparse-features alpha with shape [215]; unstable size 215; total size 256 ([1, 256])
layer /15 start_node /input-3 using full alpha [2, 128, 1, 215] with unstable size 124 total_size 128 output_shape torch.Size([128])
layer /15 start_node /18 using full alpha [2, 9, 1, 215] with unstable size None total_size 9 output_shape 9
layer /17 using full alpha with shape torch.Size([128]); unstable size 124; total size 128 ([1, 128])
layer /17 start_node /18 using full alpha [2, 9, 1, 128] with unstable size None total_size 9 output_shape 9
Optimizable variables initialized.
initial CROWN bounds (first 10 items): [-14.256058692932129, -18.12786865234375, -19.619733810424805, -14.290109634399414, -20.981380462646484, -16.195396423339844, -16.46392822265625, -20.039661407470703, -17.023502349853516]
prune_after_crown optimization in use
  original spec size = torch.Size([1, 9])
  pruned spec size = torch.Size([1, 9])
Using alpha-CROWN to initialize bounds.
best_l after optimization: -128.3415069580078
alpha/beta optimization time: 3.295320987701416
initial alpha-crown bounds (first 10 items): [-11.873442649841309, -15.054484367370605, -16.6854305267334, -11.707419395446777, -16.57529067993164, -12.215370178222656, -14.15640640258789, -16.235336303710938, -13.838323593139648]
Global lower bound: -16.6854305267334
torch.Size([1, 9])
0 / 9 OR specs are verified.
Verified OR indices (first 10 items): []
Verified OR lbs (first 10 items): []
Unverified OR indices (first 10 items): [0, 1, 2, 3, 4, 5, 6, 7, 8]
Unverified OR lbs (first 10 items): [[-11.873442649841309], [-15.054484367370605], [-16.6854305267334], [-11.707419395446777], [-16.57529067993164], [-12.215370178222656], [-14.15640640258789], [-16.235336303710938], [-13.838323593139648]]
###### Verifying property Instance 2 ######
Batch size: 9
First 10 spec matrices
C: tensor([[[-1.,  1.,  0.,  0.,  0.,  0.,  0.,  0.,  0.,  0.]],

        [[ 0.,  1., -1.,  0.,  0.,  0.,  0.,  0.,  0.,  0.]],

        [[ 0.,  1.,  0., -1.,  0.,  0.,  0.,  0.,  0.,  0.]],

        [[ 0.,  1.,  0.,  0., -1.,  0.,  0.,  0.,  0.,  0.]],

        [[ 0.,  1.,  0.,  0.,  0., -1.,  0.,  0.,  0.,  0.]],

        [[ 0.,  1.,  0.,  0.,  0.,  0., -1.,  0.,  0.,  0.]],

        [[ 0.,  1.,  0.,  0.,  0.,  0.,  0., -1.,  0.,  0.]],

        [[ 0.,  1.,  0.,  0.,  0.,  0.,  0.,  0., -1.,  0.]],

        [[ 0.,  1.,  0.,  0.,  0.,  0.,  0.,  0.,  0., -1.]]], device='cuda:0')
RHS: tensor([[0.],
        [0.],
        [0.],
        [0.],
        [0.],
        [0.],
        [0.],
        [0.],
        [0.]], device='cuda:0')
OR spec sizes: tensor([1, 1, 1, 1, 1, 1, 1, 1, 1], device='cuda:0', dtype=torch.int32)
Remaining timeout: 8.046117782592773
Model prediction is: tensor([-5.27086210,  5.96116734,  1.14475250, -1.57121539, -3.47802281,
        -2.95000291, -4.21304035,  0.28271157,  0.03804258, -5.52916336],
       device='cuda:0')
Activation BaB batch 1/1 
build_with_refined_bounds batch [1/1]
Optimizable variables initialized.
all alpha initialized
directly get lb and ub from refined bounds
c shape: torch.Size([9, 1, 10])
lA shapes: [torch.Size([9, 1, 256]), torch.Size([9, 1, 128])]
torch.Size([9, 1])
(alpha-)CROWN with fixed intermediate bounds: tensor([[-11.87344265],
        [-15.05448437],
        [-16.68543053],
        [-11.70741940],
        [-16.57529068],
        [-12.21537018],
        [-14.15640640],
        [-16.23533630],
        [-13.83832359]], device='cuda:0') tensor([[inf],
        [inf],
        [inf],
        [inf],
        [inf],
        [inf],
        [inf],
        [inf],
        [inf]], device='cuda:0')
Intermediate layers: /input,/input-3
Keeping alphas for these layers: ['/18']
Node /15 input 0: size torch.Size([256]) unstable 215
Node /17 input 0: size torch.Size([128]) unstable 124
-----------------
# of unstable neurons: 339
-----------------

BaB round 1
batch: 9
splitting decisions: 
split level 0: [/input-3, 102] [/input-3, 73] [/input, 160] [/input-3, 73] [/input-3, 36] [/input-3, 102] [/input-3, 35] [/input-3, 35] [/input-3, 36] 
best_l after optimization: -242.36146545410156
beta sum per layer: [0.02315957471728325, 3.8074147701263428]
alpha/beta optimization time: 0.6159908771514893
pruning_in_iteration open status: False
ratio of positive domain = 0 / 18 = 0.0
pruning-in-iteration extra time: 0.0007674694061279297
torch.Size([18, 1])
Time: prepare 0.0026    bound 0.6175    transfer 0.0011    finalize 0.0074    func 0.6286    
Accumulated time: func 0.6286    prepare 0.0101    bound 0.6175    transfer 0.0011    finalize 0.0074    
max lb tensor(-9.89446926) min lb tensor(-16.20363235)
Number of Verified Splits: 0 of 18
Current worst splitting domains lb-rhs (depth):
-16.20363 (1), -16.02203 (1), -15.98709 (1), -15.93934 (1), -15.89940 (1), -15.23148 (1), -14.67026 (1), -14.12231 (1), -13.60155 (1), -13.51245 (1), -13.05218 (1), -12.29084 (1), -11.65871 (1), -11.33428 (1), -11.25476 (1), -11.03405 (1), -10.65262 (1), -9.89447 (1), 
Length of domains: 18
Current (lb-rhs): -16.203632354736328
18 domains visited
Time: pickout 0.0017    decision 0.0429    set_bounds 0.0020    solve 0.6293    add 0.0056    
Accumulated time: pickout 0.0017    decision 0.0429    set_bounds 0.0020    solve 0.6293    add 0.0056    
Cumulative time: 0.7328460216522217

BaB round 2
batch: 18
splitting decisions: 
split level 0: [/input-3, 74] [/input-3, 25] [/input-3, 102] [/input-3, 36] [/input-3, 35] [/input-3, 105] [/input-3, 74] [/input-3, 74] [/input-3, 65] [/input-3, 74] 
best_l after optimization: -456.076416015625
beta sum per layer: [0.1698072850704193, 19.873035430908203]
alpha/beta optimization time: 0.6158168315887451
pruning_in_iteration open status: False
ratio of positive domain = 0 / 36 = 0.0
pruning-in-iteration extra time: 0.0003478527069091797
torch.Size([36, 1])
Time: prepare 0.0025    bound 0.6170    transfer 0.0009    finalize 0.0047    func 0.6253    
Accumulated time: func 1.2539    prepare 0.0193    bound 1.2345    transfer 0.0021    finalize 0.0120    
max lb tensor(-8.18868065) min lb tensor(-15.83603954)
Number of Verified Splits: 0 of 36
Current worst splitting domains lb-rhs (depth):
-15.83604 (2), -15.65671 (2), -15.63128 (2), -15.42128 (2), -15.36011 (2), -15.07879 (2), -15.04861 (2), -15.02945 (2), -15.00677 (2), -14.85449 (2), -14.79703 (2), -14.58974 (2), -14.33359 (2), -14.25122 (2), -13.75786 (2), -13.71283 (2), -13.34760 (2), -13.23602 (2), -12.70040 (2), -12.29509 (2), 
Length of domains: 36
Current (lb-rhs): -15.836039543151855
54 domains visited
Time: pickout 0.0127    decision 0.0495    set_bounds 0.0030    solve 0.6259    add 0.0019    
Accumulated time: pickout 0.0144    decision 0.0925    set_bounds 0.0050    solve 1.2552    add 0.0075    
Cumulative time: 1.4261131286621094

BaB round 3
batch: 36
splitting decisions: 
split level 0: [/input-3, 0] [/input-3, 36] [/input-3, 65] [/input-3, 118] [/input, 135] [/input-3, 73] [/input-3, 118] [/input-3, 27] [/input-3, 102] [/input-3, 0] 
best_l after optimization: -856.302490234375
beta sum per layer: [5.606027603149414, 64.8184814453125]
alpha/beta optimization time: 0.6009848117828369
pruning_in_iteration open status: False
ratio of positive domain = 0 / 72 = 0.0
pruning-in-iteration extra time: 0.001354217529296875
torch.Size([72, 1])
Time: prepare 0.0030    bound 0.6032    transfer 0.0010    finalize 0.0082    func 0.6156    
Accumulated time: func 1.8695    prepare 0.0253    bound 1.8378    transfer 0.0031    finalize 0.0202    
max lb tensor(-7.45688248) min lb tensor(-15.58813667)
Number of Verified Splits: 0 of 72
Current worst splitting domains lb-rhs (depth):
-15.58814 (3), -15.41027 (3), -15.40685 (3), -15.00268 (3), -14.96239 (3), -14.68272 (3), -14.67635 (3), -14.64669 (3), -14.60019 (3), -14.58057 (3), -14.52954 (3), -14.46152 (3), -14.44670 (3), -14.41250 (3), -14.22159 (3), -14.11206 (3), -14.08691 (3), -14.05659 (3), -13.99421 (3), -13.91918 (3), 
Length of domains: 72
Current (lb-rhs): -15.588136672973633
126 domains visited
Time: pickout 0.0110    decision 0.0575    set_bounds 0.0026    solve 0.6166    add 0.0038    
Accumulated time: pickout 0.0254    decision 0.1500    set_bounds 0.0076    solve 1.8718    add 0.0113    
Cumulative time: 2.117933511734009

BaB round 4
batch: 64
splitting decisions: 
split level 0: [/input-3, 27] [/input-3, 81] [/input-3, 60] [/input-3, 0] [/input-3, 12] [/input-3, 27] [/input-3, 118] [/input-3, 12] [/input-3, 80] [/input-3, 65] 
best_l after optimization: -1398.9833984375
beta sum per layer: [13.688457489013672, 176.98904418945312]
alpha/beta optimization time: 0.7385292053222656
pruning_in_iteration open status: False
ratio of positive domain = 0 / 128 = 0.0
pruning-in-iteration extra time: 0.000453948974609375
torch.Size([128, 1])
Time: prepare 0.0038    bound 0.7398    transfer 0.0030    finalize 0.0085    func 0.7552    
Accumulated time: func 2.6248    prepare 0.0380    bound 2.5776    transfer 0.0061    finalize 0.0287    
max lb tensor(-6.49534130) min lb tensor(-15.38520241)
Number of Verified Splits: 0 of 128
Current worst splitting domains lb-rhs (depth):
-15.38520 (4), -15.24178 (4), -15.19415 (4), -14.69876 (4), -14.64794 (4), -14.60019 (3), -14.52954 (3), -14.50280 (4), -14.46152 (3), -14.38800 (4), -14.36831 (4), -14.28909 (4), -14.17083 (4), -14.12806 (4), -14.09757 (4), -14.07721 (4), -14.07645 (4), -13.94447 (4), -13.90353 (4), -13.89375 (4), 
Length of domains: 136
Current (lb-rhs): -15.385202407836914
254 domains visited
Time: pickout 0.0136    decision 0.1191    set_bounds 0.0043    solve 0.7560    add 0.0032    
Accumulated time: pickout 0.0390    decision 0.2691    set_bounds 0.0119    solve 2.6278    add 0.0145    
Cumulative time: 3.014633893966675

BaB round 5
batch: 64
splitting decisions: 
split level 0: [/input-3, 50] [/input-3, 80] [/input-3, 8] [/input-3, 74] [/input-3, 43] [/input-3, 0] [/input-3, 32] [/input-3, 65] [/input, 160] [/input-3, 50] 
best_l after optimization: -1185.782958984375
beta sum per layer: [17.552173614501953, 292.258544921875]
alpha/beta optimization time: 0.6103529930114746
pruning_in_iteration open status: False
ratio of positive domain = 0 / 128 = 0.0
pruning-in-iteration extra time: 9.012222290039062e-05
torch.Size([128, 1])
Time: prepare 0.0050    bound 0.6113    transfer 0.0002    finalize 0.0022    func 0.6188    
Accumulated time: func 3.2435    prepare 0.0485    bound 3.1889    transfer 0.0063    finalize 0.0310    
max lb tensor(-3.66273546) min lb tensor(-13.83057976)
Number of Verified Splits: 0 of 128
Current worst splitting domains lb-rhs (depth):
-15.38520 (4), -15.24178 (4), -15.19415 (4), -14.69876 (4), -14.64794 (4), -14.60019 (3), -14.52954 (3), -14.50280 (4), -14.46152 (3), -14.38800 (4), -14.36831 (4), -14.28909 (4), -14.12806 (4), -14.09757 (4), -14.07721 (4), -13.94447 (4), -13.90353 (4), -13.85757 (4), -13.83058 (5), -13.78623 (4), 
Length of domains: 200
Current (lb-rhs): -15.385202407836914
382 domains visited
Time: pickout 0.0142    decision 0.1181    set_bounds 0.0040    solve 0.6194    add 0.0010    
Accumulated time: pickout 0.0533    decision 0.3872    set_bounds 0.0159    solve 3.2471    add 0.0155    
Cumulative time: 3.771514415740967

BaB round 6
batch: 64
splitting decisions: 
split level 0: [/input-3, 12] [/input-3, 43] [/input-3, 35] [/input-3, 62] [/input-3, 80] [/input-3, 105] [/input-3, 8] [/input-3, 50] [/input-3, 16] [/input-3, 12] 
best_l after optimization: -976.982666015625
beta sum per layer: [15.277251243591309, 424.96588134765625]
alpha/beta optimization time: 0.38119029998779297
pruning_in_iteration open status: False
ratio of positive domain = 0 / 128 = 0.0
pruning-in-iteration extra time: 0.0001857280731201172
torch.Size([128, 1])
Time: prepare 0.0030    bound 0.3822    transfer 0.0003    finalize 0.0019    func 0.3874    
Accumulated time: func 3.6309    prepare 0.0527    bound 3.5710    transfer 0.0065    finalize 0.0328    
max lb tensor(-1.76716995) min lb tensor(-12.76880455)
Number of Verified Splits: 0 of 128
Current worst splitting domains lb-rhs (depth):
-15.38520 (4), -15.24178 (4), -15.19415 (4), -14.69876 (4), -14.64794 (4), -14.60019 (3), -14.52954 (3), -14.50280 (4), -14.46152 (3), -14.38800 (4), -14.36831 (4), -14.28909 (4), -14.12806 (4), -14.09757 (4), -14.07721 (4), -13.94447 (4), -13.90353 (4), -13.85757 (4), -13.83058 (5), -13.78623 (4), 
Length of domains: 264
Current (lb-rhs): -15.385202407836914
510 domains visited
Time: pickout 0.0083    decision 0.0211    set_bounds 0.0030    solve 0.3880    add 0.0021    
Accumulated time: pickout 0.0616    decision 0.4084    set_bounds 0.0189    solve 3.6352    add 0.0176    
Cumulative time: 4.194446325302124

BaB round 7
batch: 64
splitting decisions: 
split level 0: [/input-3, 28] [/input-3, 31] [/input-3, 66] [/input-3, 36] [/input-3, 125] [/input-3, 125] [/input-3, 35] [/input-3, 105] [/input-3, 8] [/input-3, 95] 
best_l after optimization: -809.7802124023438
beta sum per layer: [13.092923164367676, 549.3668212890625]
alpha/beta optimization time: 0.4121568202972412
pruning_in_iteration open status: False
ratio of positive domain = 1 / 128 = 0.0078125
pruning-in-iteration extra time: 0.00015878677368164062
torch.Size([128, 1])
Time: prepare 0.0032    bound 0.4133    transfer 0.0002    finalize 0.0022    func 0.4190    
Accumulated time: func 4.0499    prepare 0.0575    bound 3.9843    transfer 0.0068    finalize 0.0350    
max lb tensor(0.00514507) min lb tensor(-11.02180576)
Number of Verified Splits: 1 of 128
Current worst splitting domains lb-rhs (depth):
-15.38520 (4), -15.24178 (4), -15.19415 (4), -14.69876 (4), -14.64794 (4), -14.60019 (3), -14.52954 (3), -14.50280 (4), -14.46152 (3), -14.38800 (4), -14.36831 (4), -14.28909 (4), -14.12806 (4), -14.09757 (4), -14.07721 (4), -13.94447 (4), -13.90353 (4), -13.85757 (4), -13.83058 (5), -13.78623 (4), 
Length of domains: 327
Current (lb-rhs): -15.385202407836914
638 domains visited
Time: pickout 0.0125    decision 0.0266    set_bounds 0.0037    solve 0.4196    add 0.0010    
Accumulated time: pickout 0.0741    decision 0.4350    set_bounds 0.0226    solve 4.0548    add 0.0187    
Cumulative time: 4.658031463623047

BaB round 8
batch: 64
splitting decisions: 
split level 0: [/input-3, 74] [/input-3, 118] [/input-3, 2] [/input-3, 31] [/input-3, 88] [/input-3, 95] [/input-3, 46] [/input-3, 46] [/input-3, 2] [/input-3, 74] 
best_l after optimization: -664.61669921875
beta sum per layer: [12.348495483398438, 631.3643798828125]
alpha/beta optimization time: 0.35681700706481934
pruning_in_iteration open status: False
ratio of positive domain = 1 / 128 = 0.0078125
pruning-in-iteration extra time: 0.00011038780212402344
torch.Size([128, 1])
Time: prepare 0.0028    bound 0.3577    transfer 0.0003    finalize 0.0018    func 0.3626    
Accumulated time: func 4.4125    prepare 0.0617    bound 4.3420    transfer 0.0071    finalize 0.0368    
max lb tensor(0.14141750) min lb tensor(-9.50527000)
Number of Verified Splits: 1 of 128
Current worst splitting domains lb-rhs (depth):
-15.38520 (4), -15.24178 (4), -15.19415 (4), -14.69876 (4), -14.64794 (4), -14.60019 (3), -14.52954 (3), -14.50280 (4), -14.46152 (3), -14.38800 (4), -14.36831 (4), -14.28909 (4), -14.12806 (4), -14.09757 (4), -14.07721 (4), -13.94447 (4), -13.90353 (4), -13.85757 (4), -13.83058 (5), -13.78623 (4), 
Length of domains: 390
Current (lb-rhs): -15.385202407836914
766 domains visited
Time: pickout 0.0096    decision 0.0229    set_bounds 0.0035    solve 0.3636    add 0.0016    
Accumulated time: pickout 0.0838    decision 0.4579    set_bounds 0.0260    solve 4.4184    add 0.0203    
Cumulative time: 5.059511661529541

BaB round 9
batch: 64
splitting decisions: 
split level 0: [/input-3, 73] [/input-3, 73] [/input-3, 111] [/input-3, 28] [/input-3, 40] [/input-3, 56] [/input-3, 73] [/input-3, 94] [/input-3, 60] [/input-3, 31] 
best_l after optimization: -563.882080078125
beta sum per layer: [15.730813980102539, 671.8333740234375]
alpha/beta optimization time: 0.405198335647583
pruning_in_iteration open status: False
ratio of positive domain = 2 / 128 = 0.015625
pruning-in-iteration extra time: 0.0004904270172119141
torch.Size([128, 1])
Time: prepare 0.0035    bound 0.4067    transfer 0.0017    finalize 0.0075    func 0.4194    
Accumulated time: func 4.8319    prepare 0.0670    bound 4.7487    transfer 0.0088    finalize 0.0443    
max lb tensor(0.43795872) min lb tensor(-8.48979855)
Number of Verified Splits: 2 of 128
Current worst splitting domains lb-rhs (depth):
-15.38520 (4), -15.24178 (4), -15.19415 (4), -14.69876 (4), -14.64794 (4), -14.60019 (3), -14.52954 (3), -14.50280 (4), -14.46152 (3), -14.38800 (4), -14.36831 (4), -14.28909 (4), -14.12806 (4), -14.09757 (4), -14.07721 (4), -13.94447 (4), -13.90353 (4), -13.85757 (4), -13.83058 (5), -13.78623 (4), 
Length of domains: 452
Current (lb-rhs): -15.385202407836914
894 domains visited
Time: pickout 0.0103    decision 0.0316    set_bounds 0.0037    solve 0.4203    add 0.0022    
Accumulated time: pickout 0.0941    decision 0.4894    set_bounds 0.0298    solve 4.8387    add 0.0225    
Cumulative time: 5.527877330780029

BaB round 10
batch: 64
splitting decisions: 
split level 0: [/input-3, 80] [/input-3, 80] [/input-3, 80] [/input-3, 65] [/input-3, 72] [/input-3, 60] [/input-3, 122] [/input-3, 25] [/input-3, 50] [/input-3, 28] 
best_l after optimization: -472.10296630859375
beta sum per layer: [16.62140464782715, 725.7437133789062]
alpha/beta optimization time: 0.7302589416503906
pruning_in_iteration open status: False
ratio of positive domain = 6 / 128 = 0.046875
pruning-in-iteration extra time: 0.0011296272277832031
torch.Size([128, 1])
Time: prepare 0.0041    bound 0.7322    transfer 0.0010    finalize 0.0106    func 0.7480    
Accumulated time: func 5.5800    prepare 0.0774    bound 5.4809    transfer 0.0098    finalize 0.0549    
max lb tensor(0.30668831) min lb tensor(-7.51771736)
Number of Verified Splits: 6 of 128
Current worst splitting domains lb-rhs (depth):
-15.38520 (4), -15.24178 (4), -15.19415 (4), -14.69876 (4), -14.64794 (4), -14.60019 (3), -14.52954 (3), -14.50280 (4), -14.46152 (3), -14.38800 (4), -14.36831 (4), -14.28909 (4), -14.12806 (4), -14.09757 (4), -14.07721 (4), -13.94447 (4), -13.90353 (4), -13.85757 (4), -13.83058 (5), -13.78623 (4), 
Length of domains: 510
Current (lb-rhs): -15.385202407836914
1022 domains visited
Time: pickout 0.0139    decision 0.0923    set_bounds 0.0038    solve 0.7492    add 0.0054    
Accumulated time: pickout 0.1080    decision 0.5817    set_bounds 0.0336    solve 5.5879    add 0.0279    
Cumulative time: 6.392633676528931

BaB round 11
batch: 64
splitting decisions: 
split level 0: [/input-3, 40] [/input-3, 122] [/input-3, 125] [/input-3, 66] [/input-3, 66] [/input-3, 66] [/input-3, 66] [/input-3, 127] [/input-3, 127] [/input-3, 16] 
best_l after optimization: -396.919677734375
beta sum per layer: [19.403348922729492, 814.7288208007812]
alpha/beta optimization time: 0.4818723201751709
pruning_in_iteration open status: False
ratio of positive domain = 2 / 128 = 0.015625
pruning-in-iteration extra time: 0.00019240379333496094
torch.Size([128, 1])
Time: prepare 0.0038    bound 0.4828    transfer 0.0003    finalize 0.0016    func 0.4886    
Accumulated time: func 6.0685    prepare 0.0865    bound 5.9637    transfer 0.0101    finalize 0.0565    
max lb tensor(0.09265995) min lb tensor(-6.10968876)
Number of Verified Splits: 2 of 128
Current worst splitting domains lb-rhs (depth):
-15.38520 (4), -15.24178 (4), -15.19415 (4), -14.69876 (4), -14.64794 (4), -14.60019 (3), -14.52954 (3), -14.50280 (4), -14.46152 (3), -14.38800 (4), -14.36831 (4), -14.28909 (4), -14.12806 (4), -14.09757 (4), -14.07721 (4), -13.94447 (4), -13.90353 (4), -13.85757 (4), -13.83058 (5), -13.78623 (4), 
Length of domains: 572
Current (lb-rhs): -15.385202407836914
1150 domains visited
Time: pickout 0.0147    decision 0.0883    set_bounds 0.0042    solve 0.4891    add 0.0013    
Accumulated time: pickout 0.1227    decision 0.6700    set_bounds 0.0378    solve 6.0770    add 0.0292    
Cumulative time: 6.990592956542969

BaB round 12
batch: 64
splitting decisions: 
split level 0: [/input-3, 43] [/input-3, 127] [/input-3, 81] [/input-3, 10] [/input-3, 43] [/input-3, 43] [/input-3, 43] [/input-3, 43] [/input-3, 46] [/input-3, 16] 
best_l after optimization: -315.01739501953125
beta sum per layer: [19.93541145324707, 911.794677734375]
alpha/beta optimization time: 0.42666029930114746
pruning_in_iteration open status: False
ratio of positive domain = 11 / 128 = 0.0859375
pruning-in-iteration extra time: 0.00011229515075683594
torch.Size([128, 1])
Time: prepare 0.0031    bound 0.4276    transfer 0.0005    finalize 0.0036    func 0.4349    
Accumulated time: func 6.5035    prepare 0.0908    bound 6.3913    transfer 0.0105    finalize 0.0601    
max lb tensor(0.37588596) min lb tensor(-5.31114626)
Number of Verified Splits: 11 of 128
Current worst splitting domains lb-rhs (depth):
-15.38520 (4), -15.24178 (4), -15.19415 (4), -14.69876 (4), -14.64794 (4), -14.60019 (3), -14.52954 (3), -14.50280 (4), -14.46152 (3), -14.38800 (4), -14.36831 (4), -14.28909 (4), -14.12806 (4), -14.09757 (4), -14.07721 (4), -13.94447 (4), -13.90353 (4), -13.85757 (4), -13.83058 (5), -13.78623 (4), 
Length of domains: 625
Current (lb-rhs): -15.385202407836914
1278 domains visited
Time: pickout 0.0089    decision 0.0219    set_bounds 0.0036    solve 0.4357    add 0.0012    
Accumulated time: pickout 0.1316    decision 0.6919    set_bounds 0.0414    solve 6.5127    add 0.0304    
Cumulative time: 7.462267637252808

BaB round 13
batch: 64
splitting decisions: 
split level 0: [/input-3, 66] [/input-3, 122] [/input-3, 81] [/input-3, 62] [/input-3, 66] [/input-3, 122] [/input-3, 81] [/input-3, 81] [/input-3, 81] [/input-3, 35] 
best_l after optimization: -266.32501220703125
beta sum per layer: [20.028526306152344, 936.0970458984375]
alpha/beta optimization time: 0.3816559314727783
pruning_in_iteration open status: False
ratio of positive domain = 16 / 128 = 0.125
pruning-in-iteration extra time: 0.00020885467529296875
torch.Size([128, 1])
Time: prepare 0.0033    bound 0.3827    transfer 0.0003    finalize 0.0017    func 0.3881    
Accumulated time: func 6.8916    prepare 0.0962    bound 6.7741    transfer 0.0108    finalize 0.0618    
max lb tensor(0.33279896) min lb tensor(-5.10186195)
Number of Verified Splits: 16 of 128
Current worst splitting domains lb-rhs (depth):
-15.38520 (4), -15.24178 (4), -15.19415 (4), -14.69876 (4), -14.64794 (4), -14.60019 (3), -14.52954 (3), -14.50280 (4), -14.46152 (3), -14.38800 (4), -14.36831 (4), -14.28909 (4), -14.12806 (4), -14.09757 (4), -14.07721 (4), -13.94447 (4), -13.90353 (4), -13.85757 (4), -13.83058 (5), -13.78623 (4), 
Length of domains: 673
Current (lb-rhs): -15.385202407836914
1406 domains visited
Time: pickout 0.0112    decision 0.0258    set_bounds 0.0036    solve 0.3888    add 0.0011    
Accumulated time: pickout 0.1428    decision 0.7176    set_bounds 0.0451    solve 6.9015    add 0.0316    
Cumulative time: 7.89309287071228

BaB round 14
batch: 64
splitting decisions: 
split level 0: [/input-3, 63] [/input-3, 27] [/input-3, 70] [/input-3, 81] [/input-3, 80] [/input-3, 66] [/input-3, 72] [/input-3, 80] [/input-3, 66] [/input-3, 72] 
best_l after optimization: -236.8383331298828
beta sum per layer: [22.221027374267578, 917.0484008789062]
alpha/beta optimization time: 0.421414852142334
pruning_in_iteration open status: False
ratio of positive domain = 16 / 128 = 0.125
pruning-in-iteration extra time: 0.00011134147644042969
torch.Size([128, 1])
Time: prepare 0.0036    bound 0.4224    transfer 0.0004    finalize 0.0019    func 0.4284    
Accumulated time: func 7.3200    prepare 0.1016    bound 7.1964    transfer 0.0112    finalize 0.0638    
max lb tensor(0.36554480) min lb tensor(-4.47141933)
Number of Verified Splits: 16 of 128
Current worst splitting domains lb-rhs (depth):
-15.38520 (4), -15.24178 (4), -15.19415 (4), -14.69876 (4), -14.64794 (4), -14.60019 (3), -14.52954 (3), -14.50280 (4), -14.46152 (3), -14.38800 (4), -14.36831 (4), -14.28909 (4), -14.12806 (4), -14.09757 (4), -14.07721 (4), -13.94447 (4), -13.90353 (4), -13.85757 (4), -13.83058 (5), -13.78623 (4), 
Length of domains: 721
Current (lb-rhs): -15.385202407836914
1534 domains visited
Time: pickout 0.0087    decision 0.0251    set_bounds 0.0036    solve 0.4295    add 0.0017    
Accumulated time: pickout 0.1515    decision 0.7428    set_bounds 0.0486    solve 7.3310    add 0.0333    
Time out!!!!!!!!
Result: unknown in 12.3272 seconds

 %%%%%%%%%%%%%%%%%%%%%%%%%%%%%%%%%%% idx: 3, vnnlib ID: 3 %%%%%%%%%%%%%%%%%%%%%%%%%%%%%%%%%%%
Finished vnnlib processing in 0.003656 seconds
Model: BoundedModule(
  (/0): BoundInput(name=/0, inputs=[], perturbed=True)
  (/7): BoundParams(name=/7, inputs=[], perturbed=False)
  (/8): BoundParams(name=/8, inputs=[], perturbed=False)
  (/9): BoundParams(name=/9, inputs=[], perturbed=False)
  (/10): BoundParams(name=/10, inputs=[], perturbed=False)
  (/11): BoundParams(name=/11, inputs=[], perturbed=False)
  (/12): BoundParams(name=/12, inputs=[], perturbed=False)
  (/13): BoundFlatten(name=/13, inputs=[/0], perturbed=True)
  (/input): BoundLinear(name=/input, inputs=[/13, /7, /8], perturbed=True)
  (/15): BoundRelu(name=/15, inputs=[/input], perturbed=True)
  (/input-3): BoundLinear(name=/input-3, inputs=[/15, /9, /10], perturbed=True)
  (/17): BoundRelu(name=/17, inputs=[/input-3], perturbed=True)
  (/18): BoundLinear(name=/18, inputs=[/17, /11, /12], perturbed=True)
)
Original output in the first batch: tensor([[11.57332325, -6.28802824, -1.89705598, -6.06070805, -3.26421523,
         -4.47220135, -2.90886068, -1.27632976, -4.98591805, -0.08889690]],
       device='cuda:0')
Split layers:
Nonlinear functions:
   BoundRelu(name=/15, inputs=[/input], perturbed=True)
   BoundRelu(name=/17, inputs=[/input-3], perturbed=True)
build batch [1/1]
layer /15 using sparse-features alpha with shape [129]; unstable size 129; total size 256 ([1, 256])
layer /15 start_node /input-3 using sparse-spec alpha [2, 78, 1, 129] with unstable size 77 total_size 128 output_shape torch.Size([128])
layer /15 start_node /18 using full alpha [2, 9, 1, 129] with unstable size None total_size 9 output_shape 9
layer /17 using sparse-features alpha with shape [77]; unstable size 77; total size 128 ([1, 128])
layer /17 start_node /18 using full alpha [2, 9, 1, 77] with unstable size None total_size 9 output_shape 9
Optimizable variables initialized.
initial CROWN bounds (first 10 items): [2.5480451583862305, -1.4789133071899414, 2.1717453002929688, -0.8015918731689453, 0.6168909072875977, 2.416079521179199, -3.6133155822753906, 4.515190124511719, -0.025613784790039062]
prune_after_crown optimization in use
  original spec size = torch.Size([1, 9])
  pruned spec size = torch.Size([1, 4])
Using alpha-CROWN to initialize bounds.
best_l after optimization: -2.952259063720703
alpha/beta optimization time: 2.6072499752044678
initial alpha-crown bounds (first 10 items): [-1.0786705017089844, 0.1069803237915039, -2.996074676513672, 1.0155057907104492]
Global lower bound: -2.996074676513672
torch.Size([1, 4])
7 / 9 OR specs are verified.
Verified OR indices (first 10 items): [0, 2, 3, 4, 5, 7, 8]
Verified OR lbs (first 10 items): [[inf], [inf], [0.1069803237915039], [inf], [inf], [inf], [1.0155057907104492]]
Unverified OR indices (first 10 items): [1, 6]
Unverified OR lbs (first 10 items): [[-1.0786705017089844], [-2.996074676513672]]
###### Verifying property Instance 3 ######
Batch size: 2
First 10 spec matrices
C: tensor([[[ 1.,  0., -1.,  0.,  0.,  0.,  0.,  0.,  0.,  0.]],

        [[ 1.,  0.,  0.,  0.,  0.,  0.,  0., -1.,  0.,  0.]]], device='cuda:0')
RHS: tensor([[0.],
        [0.]], device='cuda:0')
OR spec sizes: tensor([1, 1], device='cuda:0', dtype=torch.int32)
Remaining timeout: 9.147813320159912
Model prediction is: tensor([11.57332325, -6.28802824, -1.89705598, -6.06070805, -3.26421523,
        -4.47220135, -2.90886068, -1.27632976, -4.98591805, -0.08889690],
       device='cuda:0')
Activation BaB batch 1/1 
build_with_refined_bounds batch [1/1]
Optimizable variables initialized.
all alpha initialized
directly get lb and ub from refined bounds
c shape: torch.Size([2, 1, 10])
lA shapes: [torch.Size([2, 1, 256]), torch.Size([2, 1, 128])]
torch.Size([2, 1])
(alpha-)CROWN with fixed intermediate bounds: tensor([[-1.07867050],
        [-2.99607468]], device='cuda:0') tensor([[inf],
        [inf]], device='cuda:0')
Intermediate layers: /input,/input-3
Keeping alphas for these layers: ['/18']
Node /15 input 0: size torch.Size([256]) unstable 129
Node /17 input 0: size torch.Size([128]) unstable 77
-----------------
# of unstable neurons: 206
-----------------

BaB round 1
batch: 2
splitting decisions: 
split level 0: [/input, 183] [/input, 231] 
best_l after optimization: -6.043237686157227
beta sum per layer: [0.8612143993377686, 0.0]
alpha/beta optimization time: 0.6523458957672119
pruning_in_iteration open status: False
ratio of positive domain = 0 / 4 = 0.0
pruning-in-iteration extra time: 0.0009453296661376953
torch.Size([4, 1])
Time: prepare 0.0032    bound 0.6541    transfer 0.0011    finalize 0.0052    func 0.6636    
Accumulated time: func 0.6636    prepare 0.0092    bound 0.6541    transfer 0.0011    finalize 0.0052    
max lb tensor(-0.64377785) min lb tensor(-2.57562828)
Number of Verified Splits: 0 of 4
Current worst splitting domains lb-rhs (depth):
-2.57563 (1), -2.13734 (1), -0.68649 (1), -0.64378 (1), 
Length of domains: 4
Current (lb-rhs): -2.5756282806396484
4 domains visited
Time: pickout 0.0011    decision 0.0392    set_bounds 0.0012    solve 0.6643    add 0.0056    
Accumulated time: pickout 0.0011    decision 0.0392    set_bounds 0.0012    solve 0.6643    add 0.0056    
Cumulative time: 0.751880407333374

BaB round 2
batch: 4
splitting decisions: 
split level 0: [/input, 239] [/input, 54] [/input, 54] [/input, 54] 
best_l after optimization: -7.660516738891602
beta sum per layer: [3.802863597869873, 0.0]
alpha/beta optimization time: 0.8906865119934082
pruning_in_iteration open status: True
ratio of positive domain = 2 / 8 = 0.25
pruning-in-iteration extra time: 0.04635000228881836
torch.Size([8, 1])
Time: prepare 0.0020    bound 0.8919    transfer 0.0015    finalize 0.0058    func 0.9013    
Accumulated time: func 1.5649    prepare 0.0149    bound 1.5460    transfer 0.0026    finalize 0.0110    
max lb tensor(9.99999975e-05) min lb tensor(-2.36330700)
Number of Verified Splits: 2 of 8
Current worst splitting domains lb-rhs (depth):
-2.36331 (2), -1.86933 (2), -1.44647 (2), -1.19545 (2), -0.42369 (2), -0.36247 (2), 
Length of domains: 6
Current (lb-rhs): -2.363306999206543
12 domains visited
Time: pickout 0.0085    decision 0.0286    set_bounds 0.0013    solve 0.9020    add 0.0018    
Accumulated time: pickout 0.0096    decision 0.0678    set_bounds 0.0024    solve 1.5663    add 0.0074    
Cumulative time: 1.694265604019165

BaB round 3
batch: 6
splitting decisions: 
split level 0: [/input-3, 34] [/input, 208] [/input-3, 34] [/input, 208] [/input, 208] [/input, 208] 
best_l after optimization: -8.852062225341797
beta sum per layer: [12.64689826965332, 0.2072511464357376]
alpha/beta optimization time: 0.7691893577575684
pruning_in_iteration open status: False
ratio of positive domain = 2 / 12 = 0.16666666666666663
pruning-in-iteration extra time: 0.00032138824462890625
torch.Size([12, 1])
Time: prepare 0.0016    bound 0.7703    transfer 0.0007    finalize 0.0045    func 0.7772    
Accumulated time: func 2.3421    prepare 0.0219    bound 2.3163    transfer 0.0033    finalize 0.0155    
max lb tensor(0.04234409) min lb tensor(-2.11144161)
Number of Verified Splits: 2 of 12
Current worst splitting domains lb-rhs (depth):
-2.11144 (3), -1.60925 (3), -1.28922 (3), -1.16025 (3), -0.92001 (3), -0.81243 (3), -0.57305 (3), -0.30101 (3), -0.09346 (3), -0.02974 (3), 
Length of domains: 10
Current (lb-rhs): -2.1114416122436523
24 domains visited
Time: pickout 0.0107    decision 0.0420    set_bounds 0.0021    solve 0.7778    add 0.0013    
Accumulated time: pickout 0.0203    decision 0.1098    set_bounds 0.0045    solve 2.3441    add 0.0088    
Cumulative time: 2.528393030166626

BaB round 4
batch: 10
splitting decisions: 
split level 0: [/input-3, 119] [/input-3, 119] [/input-3, 119] [/input-3, 119] [/input-3, 5] [/input-3, 61] [/input-3, 5] [/input-3, 61] [/input-3, 61] [/input-3, 61] 
best_l after optimization: -7.129852771759033
beta sum per layer: [26.964401245117188, 2.5942251682281494]
alpha/beta optimization time: 0.8786273002624512
pruning_in_iteration open status: True
ratio of positive domain = 11 / 20 = 0.55
pruning-in-iteration extra time: 0.04646635055541992
torch.Size([20, 1])
Time: prepare 0.0023    bound 0.8797    transfer 0.0012    finalize 0.0074    func 0.8906    
Accumulated time: func 3.2327    prepare 0.0293    bound 3.1960    transfer 0.0045    finalize 0.0229    
max lb tensor(9.99999975e-05) min lb tensor(-1.94945812)
Number of Verified Splits: 11 of 20
Current worst splitting domains lb-rhs (depth):
-1.94946 (4), -1.42710 (4), -1.00312 (4), -0.98978 (4), -0.73930 (4), -0.54761 (4), -0.31374 (4), -0.12745 (4), -0.03339 (4), 
Length of domains: 9
Current (lb-rhs): -1.949458122253418
44 domains visited
Time: pickout 0.0081    decision 0.0331    set_bounds 0.0012    solve 0.8916    add 0.0016    
Accumulated time: pickout 0.0284    decision 0.1430    set_bounds 0.0056    solve 3.2356    add 0.0104    
Cumulative time: 3.4641430377960205

BaB round 5
batch: 9
splitting decisions: 
split level 0: [/input-3, 61] [/input-3, 61] [/input-3, 61] [/input-3, 61] [/input-3, 119] [/input-3, 119] [/input-3, 119] [/input-3, 119] [/input, 239] 
best_l after optimization: -5.759243965148926
beta sum per layer: [30.019012451171875, 3.8968584537506104]
alpha/beta optimization time: 0.8687174320220947
pruning_in_iteration open status: True
ratio of positive domain = 11 / 18 = 0.6111111111111112
pruning-in-iteration extra time: 0.05164504051208496
torch.Size([18, 1])
Time: prepare 0.0035    bound 0.8698    transfer 0.0013    finalize 0.0042    func 0.8789    
Accumulated time: func 4.1116    prepare 0.0364    bound 4.0658    transfer 0.0058    finalize 0.0271    
max lb tensor(9.99999975e-05) min lb tensor(-1.79411316)
Number of Verified Splits: 11 of 18
Current worst splitting domains lb-rhs (depth):
-1.79411 (5), -1.25307 (5), -0.84184 (5), -0.80391 (5), -0.53463 (5), -0.36816 (5), -0.16461 (5), 
Length of domains: 7
Current (lb-rhs): -1.7941131591796875
62 domains visited
Time: pickout 0.0073    decision 0.0307    set_bounds 0.0026    solve 0.8796    add 0.0014    
Accumulated time: pickout 0.0357    decision 0.1737    set_bounds 0.0082    solve 4.1152    add 0.0117    
Cumulative time: 4.385902643203735

BaB round 6
batch: 7
splitting decisions: 
split level 0: [/input, 183] [/input-3, 48] [/input-3, 48] [/input-3, 48] [/input-3, 48] [/input-3, 48] [/input-3, 48] 
best_l after optimization: -6.848143100738525
beta sum per layer: [27.574569702148438, 2.87967586517334]
alpha/beta optimization time: 0.9583873748779297
pruning_in_iteration open status: True
ratio of positive domain = 3 / 14 = 0.2142857142857143
pruning-in-iteration extra time: 0.04899430274963379
torch.Size([14, 1])
Time: prepare 0.0042    bound 0.9597    transfer 0.0018    finalize 0.0036    func 0.9693    
Accumulated time: func 5.0809    prepare 0.0455    bound 5.0255    transfer 0.0076    finalize 0.0307    
max lb tensor(9.99999975e-05) min lb tensor(-1.55289364)
Number of Verified Splits: 3 of 14
Current worst splitting domains lb-rhs (depth):
-1.55289 (6), -1.27073 (6), -0.96500 (6), -0.92588 (6), -0.58258 (6), -0.54190 (6), -0.31035 (6), -0.27410 (6), -0.24565 (6), -0.10866 (6), -0.07070 (6), 
Length of domains: 11
Current (lb-rhs): -1.5528936386108398
76 domains visited
Time: pickout 0.0076    decision 0.0328    set_bounds 0.0018    solve 0.9698    add 0.0013    
Accumulated time: pickout 0.0433    decision 0.2065    set_bounds 0.0101    solve 5.0851    add 0.0130    
Cumulative time: 5.399476528167725

BaB round 7
batch: 11
splitting decisions: 
split level 0: [/input-3, 48] [/input, 183] [/input, 183] [/input, 183] [/input, 183] [/input-3, 48] [/input-3, 69] [/input-3, 69] [/input-3, 69] [/input-3, 69] 
best_l after optimization: -7.29948091506958
beta sum per layer: [38.03038787841797, 6.964105606079102]
alpha/beta optimization time: 0.887077808380127
pruning_in_iteration open status: True
ratio of positive domain = 12 / 22 = 0.5454545454545454
pruning-in-iteration extra time: 0.049698591232299805
torch.Size([22, 1])
Time: prepare 0.0044    bound 0.8897    transfer 0.0013    finalize 0.0056    func 0.9011    
Accumulated time: func 5.9820    prepare 0.0562    bound 5.9152    transfer 0.0089    finalize 0.0363    
max lb tensor(9.99999975e-05) min lb tensor(-1.26703358)
Number of Verified Splits: 12 of 22
Current worst splitting domains lb-rhs (depth):
-1.26703 (7), -1.21208 (7), -0.98289 (7), -0.92829 (7), -0.82926 (7), -0.62792 (7), -0.48679 (7), -0.44334 (7), -0.39999 (7), -0.12310 (7), 
Length of domains: 10
Current (lb-rhs): -1.267033576965332
98 domains visited
Time: pickout 0.0123    decision 0.0415    set_bounds 0.0028    solve 0.9019    add 0.0013    
Accumulated time: pickout 0.0557    decision 0.2480    set_bounds 0.0128    solve 5.9869    add 0.0144    
Cumulative time: 6.359518527984619

BaB round 8
batch: 10
splitting decisions: 
split level 0: [/input, 239] [/input, 239] [/input, 239] [/input-3, 25] [/input-3, 25] [/input-3, 25] [/input-3, 25] [/input-3, 107] [/input, 239] [/input-3, 107] 
best_l after optimization: -5.646760940551758
beta sum per layer: [23.300045013427734, 6.203586578369141]
alpha/beta optimization time: 0.800572395324707
pruning_in_iteration open status: True
ratio of positive domain = 10 / 20 = 0.5
pruning-in-iteration extra time: 0.047988176345825195
torch.Size([20, 1])
Time: prepare 0.0023    bound 0.8034    transfer 0.0035    finalize 0.0086    func 0.8180    
Accumulated time: func 6.7999    prepare 0.0644    bound 6.7186    transfer 0.0124    finalize 0.0449    
max lb tensor(9.99999975e-05) min lb tensor(-1.14892673)
Number of Verified Splits: 10 of 20
Current worst splitting domains lb-rhs (depth):
-1.14893 (8), -0.97951 (8), -0.86651 (8), -0.67601 (8), -0.67105 (8), -0.37091 (8), -0.31178 (8), -0.23967 (8), -0.22617 (8), -0.15723 (8), 
Length of domains: 10
Current (lb-rhs): -1.1489267349243164
118 domains visited
Time: pickout 0.0077    decision 0.0400    set_bounds 0.0016    solve 0.8187    add 0.0017    
Accumulated time: pickout 0.0633    decision 0.2880    set_bounds 0.0145    solve 6.8056    add 0.0161    
Cumulative time: 7.229425430297852

BaB round 9
batch: 10
splitting decisions: 
split level 0: [/input-3, 69] [/input-3, 69] [/input-3, 69] [/input-3, 47] [/input-3, 47] [/input-3, 47] [/input-3, 25] [/input-3, 69] [/input-3, 25] [/input-3, 69] 
best_l after optimization: -3.9229636192321777
beta sum per layer: [20.36809539794922, 8.019070625305176]
alpha/beta optimization time: 0.7210197448730469
pruning_in_iteration open status: True
ratio of positive domain = 11 / 20 = 0.55
pruning-in-iteration extra time: 0.04192709922790527
torch.Size([20, 1])
Time: prepare 0.0030    bound 0.7224    transfer 0.0023    finalize 0.0067    func 0.7345    
Accumulated time: func 7.5344    prepare 0.0727    bound 7.4410    transfer 0.0148    finalize 0.0517    
max lb tensor(9.99999975e-05) min lb tensor(-1.01493168)
Number of Verified Splits: 11 of 20
Current worst splitting domains lb-rhs (depth):
-1.01493 (9), -0.85300 (9), -0.71835 (9), -0.53104 (9), -0.44203 (9), -0.22043 (9), -0.07622 (9), -0.06401 (9), -0.00405 (9), 
Length of domains: 9
Current (lb-rhs): -1.0149316787719727
138 domains visited
Time: pickout 0.0087    decision 0.0377    set_bounds 0.0013    solve 0.7352    add 0.0029    
Accumulated time: pickout 0.0720    decision 0.3257    set_bounds 0.0158    solve 7.5408    add 0.0189    
Cumulative time: 8.015385389328003

BaB round 10
batch: 9
splitting decisions: 
split level 0: [/input-3, 25] [/input-3, 25] [/input-3, 25] [/input-3, 47] [/input-3, 25] [/input-3, 47] [/input-3, 99] [/input-3, 99] [/input-3, 99] 
best_l after optimization: -2.8650145530700684
beta sum per layer: [17.497220993041992, 7.6245293617248535]
alpha/beta optimization time: 0.9027156829833984
pruning_in_iteration open status: True
ratio of positive domain = 11 / 18 = 0.6111111111111112
pruning-in-iteration extra time: 0.054892539978027344
torch.Size([18, 1])
Time: prepare 0.0031    bound 0.9049    transfer 0.0022    finalize 0.0075    func 0.9179    
Accumulated time: func 8.4523    prepare 0.0815    bound 8.3459    transfer 0.0170    finalize 0.0592    
max lb tensor(9.99999975e-05) min lb tensor(-0.77634907)
Number of Verified Splits: 11 of 18
Current worst splitting domains lb-rhs (depth):
-0.77635 (10), -0.71348 (10), -0.47835 (10), -0.37770 (10), -0.24363 (10), -0.22153 (10), -0.05506 (10), 
Length of domains: 7
Current (lb-rhs): -0.7763490676879883
156 domains visited
Time: pickout 0.0079    decision 0.0457    set_bounds 0.0016    solve 0.9188    add 0.0014    
Accumulated time: pickout 0.0799    decision 0.3714    set_bounds 0.0173    solve 8.4597    add 0.0203    
Cumulative time: 8.990938186645508

BaB round 11
batch: 7
splitting decisions: 
split level 0: [/input-3, 47] [/input-3, 47] [/input-3, 47] [/input, 239] [/input-3, 99] [/input-3, 99] [/input, 183] 
best_l after optimization: -1.4879677295684814
beta sum per layer: [7.262941360473633, 6.668264865875244]
alpha/beta optimization time: 0.7283573150634766
pruning_in_iteration open status: True
ratio of positive domain = 9 / 14 = 0.6428571428571428
pruning-in-iteration extra time: 0.042215585708618164
torch.Size([14, 1])
Time: prepare 0.0037    bound 0.7296    transfer 0.0011    finalize 0.0018    func 0.7362    
Accumulated time: func 9.1885    prepare 0.0924    bound 9.0755    transfer 0.0181    finalize 0.0610    
max lb tensor(9.99999975e-05) min lb tensor(-0.59327698)
Number of Verified Splits: 9 of 14
Current worst splitting domains lb-rhs (depth):
-0.59328 (11), -0.46808 (11), -0.27972 (11), -0.13114 (11), -0.01664 (11), 
Length of domains: 5
Current (lb-rhs): -0.5932769775390625
170 domains visited
Time: pickout 0.0125    decision 0.0461    set_bounds 0.0023    solve 0.7367    add 0.0009    
Accumulated time: pickout 0.0923    decision 0.4175    set_bounds 0.0196    solve 9.1963    add 0.0212    
Time out!!!!!!!!
Result: unknown in 12.6478 seconds

 %%%%%%%%%%%%%%%%%%%%%%%%%%%%%%%%%%% idx: 4, vnnlib ID: 4 %%%%%%%%%%%%%%%%%%%%%%%%%%%%%%%%%%%
Finished vnnlib processing in 0.006211 seconds
Model: BoundedModule(
  (/0): BoundInput(name=/0, inputs=[], perturbed=True)
  (/7): BoundParams(name=/7, inputs=[], perturbed=False)
  (/8): BoundParams(name=/8, inputs=[], perturbed=False)
  (/9): BoundParams(name=/9, inputs=[], perturbed=False)
  (/10): BoundParams(name=/10, inputs=[], perturbed=False)
  (/11): BoundParams(name=/11, inputs=[], perturbed=False)
  (/12): BoundParams(name=/12, inputs=[], perturbed=False)
  (/13): BoundFlatten(name=/13, inputs=[/0], perturbed=True)
  (/input): BoundLinear(name=/input, inputs=[/13, /7, /8], perturbed=True)
  (/15): BoundRelu(name=/15, inputs=[/input], perturbed=True)
  (/input-3): BoundLinear(name=/input-3, inputs=[/15, /9, /10], perturbed=True)
  (/17): BoundRelu(name=/17, inputs=[/input-3], perturbed=True)
  (/18): BoundLinear(name=/18, inputs=[/17, /11, /12], perturbed=True)
)
Original output in the first batch: tensor([[-2.34613156, -5.45708799, -3.53990340, -8.51627445,  9.73525524,
         -4.13698196, -5.03144264, -1.60444808, -3.05905628,  3.02044320]],
       device='cuda:0')
Split layers:
Nonlinear functions:
   BoundRelu(name=/15, inputs=[/input], perturbed=True)
   BoundRelu(name=/17, inputs=[/input-3], perturbed=True)
build batch [1/1]
layer /15 using sparse-features alpha with shape [170]; unstable size 170; total size 256 ([1, 256])
layer /15 start_node /input-3 using sparse-spec alpha [2, 103, 1, 170] with unstable size 102 total_size 128 output_shape torch.Size([128])
layer /15 start_node /18 using full alpha [2, 9, 1, 170] with unstable size None total_size 9 output_shape 9
layer /17 using sparse-features alpha with shape [102]; unstable size 102; total size 128 ([1, 128])
layer /17 start_node /18 using full alpha [2, 9, 1, 102] with unstable size None total_size 9 output_shape 9
Optimizable variables initialized.
initial CROWN bounds (first 10 items): [-11.572832107543945, -5.784942626953125, -11.660948753356934, -7.652103424072266, -11.515888214111328, -9.92239761352539, -11.755539894104004, -11.786221504211426, -14.923587799072266]
prune_after_crown optimization in use
  original spec size = torch.Size([1, 9])
  pruned spec size = torch.Size([1, 9])
Using alpha-CROWN to initialize bounds.
best_l after optimization: -82.4355239868164
alpha/beta optimization time: 2.7560391426086426
initial alpha-crown bounds (first 10 items): [-10.052870750427246, -5.175772666931152, -9.967286109924316, -6.294140815734863, -9.77638053894043, -7.965450286865234, -10.578707695007324, -9.662321090698242, -12.96259880065918]
Global lower bound: -12.96259880065918
torch.Size([1, 9])
0 / 9 OR specs are verified.
Verified OR indices (first 10 items): []
Verified OR lbs (first 10 items): []
Unverified OR indices (first 10 items): [0, 1, 2, 3, 4, 5, 6, 7, 8]
Unverified OR lbs (first 10 items): [[-10.052870750427246], [-5.175772666931152], [-9.967286109924316], [-6.294140815734863], [-9.77638053894043], [-7.965450286865234], [-10.578707695007324], [-9.662321090698242], [-12.96259880065918]]
###### Verifying property Instance 4 ######
Batch size: 9
First 10 spec matrices
C: tensor([[[-1.,  0.,  0.,  0.,  1.,  0.,  0.,  0.,  0.,  0.]],

        [[ 0., -1.,  0.,  0.,  1.,  0.,  0.,  0.,  0.,  0.]],

        [[ 0.,  0., -1.,  0.,  1.,  0.,  0.,  0.,  0.,  0.]],

        [[ 0.,  0.,  0., -1.,  1.,  0.,  0.,  0.,  0.,  0.]],

        [[ 0.,  0.,  0.,  0.,  1., -1.,  0.,  0.,  0.,  0.]],

        [[ 0.,  0.,  0.,  0.,  1.,  0., -1.,  0.,  0.,  0.]],

        [[ 0.,  0.,  0.,  0.,  1.,  0.,  0., -1.,  0.,  0.]],

        [[ 0.,  0.,  0.,  0.,  1.,  0.,  0.,  0., -1.,  0.]],

        [[ 0.,  0.,  0.,  0.,  1.,  0.,  0.,  0.,  0., -1.]]], device='cuda:0')
RHS: tensor([[0.],
        [0.],
        [0.],
        [0.],
        [0.],
        [0.],
        [0.],
        [0.],
        [0.]], device='cuda:0')
OR spec sizes: tensor([1, 1, 1, 1, 1, 1, 1, 1, 1], device='cuda:0', dtype=torch.int32)
Remaining timeout: 8.72993278503418
Model prediction is: tensor([-2.34613156, -5.45708799, -3.53990340, -8.51627445,  9.73525524,
        -4.13698196, -5.03144264, -1.60444808, -3.05905628,  3.02044320],
       device='cuda:0')
Activation BaB batch 1/1 
build_with_refined_bounds batch [1/1]
Optimizable variables initialized.
all alpha initialized
directly get lb and ub from refined bounds
c shape: torch.Size([9, 1, 10])
lA shapes: [torch.Size([9, 1, 256]), torch.Size([9, 1, 128])]
torch.Size([9, 1])
(alpha-)CROWN with fixed intermediate bounds: tensor([[-10.05287075],
        [ -5.17577267],
        [ -9.96728611],
        [ -6.29414082],
        [ -9.77638054],
        [ -7.96545029],
        [-10.57870770],
        [ -9.66232109],
        [-12.96259880]], device='cuda:0') tensor([[inf],
        [inf],
        [inf],
        [inf],
        [inf],
        [inf],
        [inf],
        [inf],
        [inf]], device='cuda:0')
Intermediate layers: /input,/input-3
Keeping alphas for these layers: ['/18']
Node /15 input 0: size torch.Size([256]) unstable 170
Node /17 input 0: size torch.Size([128]) unstable 102
-----------------
# of unstable neurons: 272
-----------------

BaB round 1
batch: 9
splitting decisions: 
split level 0: [/input-3, 44] [/input, 54] [/input, 71] [/input-3, 0] [/input, 135] [/input-3, 44] [/input-3, 47] [/input-3, 104] [/input-3, 0] 
best_l after optimization: -149.737060546875
beta sum per layer: [1.431135892868042, 5.403141021728516]
alpha/beta optimization time: 0.6061711311340332
pruning_in_iteration open status: False
ratio of positive domain = 0 / 18 = 0.0
pruning-in-iteration extra time: 0.0003147125244140625
torch.Size([18, 1])
Time: prepare 0.0023    bound 0.6073    transfer 0.0008    finalize 0.0041    func 0.6145    
Accumulated time: func 0.6145    prepare 0.0108    bound 0.6073    transfer 0.0008    finalize 0.0041    
max lb tensor(-4.53442860) min lb tensor(-12.75320244)
Number of Verified Splits: 0 of 18
Current worst splitting domains lb-rhs (depth):
-12.75320 (1), -11.42604 (1), -10.32224 (1), -9.62990 (1), -9.48520 (1), -9.48235 (1), -9.47798 (1), -9.35716 (1), -9.12947 (1), -8.85445 (1), -7.98671 (1), -7.45322 (1), -7.39546 (1), -6.97592 (1), -5.90830 (1), -4.90096 (1), -4.66407 (1), -4.53443 (1), 
Length of domains: 18
Current (lb-rhs): -12.753202438354492
18 domains visited
Time: pickout 0.0018    decision 0.0643    set_bounds 0.0017    solve 0.6151    add 0.0060    
Accumulated time: pickout 0.0018    decision 0.0643    set_bounds 0.0017    solve 0.6151    add 0.0060    
Cumulative time: 0.7285137176513672

BaB round 2
batch: 18
splitting decisions: 
split level 0: [/input-3, 0] [/input-3, 104] [/input, 54] [/input, 71] [/input, 141] [/input, 243] [/input, 54] [/input, 239] [/input, 71] [/input-3, 0] 
best_l after optimization: -269.8968505859375
beta sum per layer: [10.698160171508789, 23.876136779785156]
alpha/beta optimization time: 0.7613611221313477
pruning_in_iteration open status: False
ratio of positive domain = 0 / 36 = 0.0
pruning-in-iteration extra time: 0.0002732276916503906
torch.Size([36, 1])
Time: prepare 0.0022    bound 0.7624    transfer 0.0007    finalize 0.0042    func 0.7696    
Accumulated time: func 1.3841    prepare 0.0197    bound 1.3697    transfer 0.0015    finalize 0.0082    
max lb tensor(-2.57219028) min lb tensor(-12.38571930)
Number of Verified Splits: 0 of 36
Current worst splitting domains lb-rhs (depth):
-12.38572 (2), -12.31528 (2), -11.13517 (2), -10.04053 (2), -9.31052 (2), -9.29665 (2), -9.24573 (2), -9.13449 (2), -9.08561 (2), -8.99783 (2), -8.80227 (2), -8.77704 (2), -8.60215 (2), -8.47999 (2), -8.47186 (2), -8.28958 (2), -8.28918 (2), -8.13444 (2), -8.00597 (2), -7.58645 (2), 
Length of domains: 36
Current (lb-rhs): -12.385719299316406
54 domains visited
Time: pickout 0.0095    decision 0.0487    set_bounds 0.0018    solve 0.7702    add 0.0016    
Accumulated time: pickout 0.0113    decision 0.1130    set_bounds 0.0034    solve 1.3853    add 0.0077    
Cumulative time: 1.5604496002197266

BaB round 3
batch: 36
splitting decisions: 
split level 0: [/input, 71] [/input-3, 97] [/input-3, 104] [/input, 57] [/input-3, 25] [/input-3, 102] [/input, 141] [/input-3, 31] [/input, 141] [/input-3, 81] 
best_l after optimization: -471.3538818359375
beta sum per layer: [33.845787048339844, 84.95637512207031]
alpha/beta optimization time: 0.7624540328979492
pruning_in_iteration open status: False
ratio of positive domain = 0 / 72 = 0.0
pruning-in-iteration extra time: 0.0012667179107666016
torch.Size([72, 1])
Time: prepare 0.0028    bound 0.7645    transfer 0.0021    finalize 0.0056    func 0.7751    
Accumulated time: func 2.1591    prepare 0.0269    bound 2.1343    transfer 0.0036    finalize 0.0138    
max lb tensor(-0.54430103) min lb tensor(-12.12770462)
Number of Verified Splits: 0 of 72
Current worst splitting domains lb-rhs (depth):
-12.12770 (3), -12.05452 (3), -11.71238 (3), -11.61106 (3), -10.85598 (3), -10.35399 (3), -9.72109 (3), -9.32080 (3), -9.13664 (3), -8.93776 (3), -8.88062 (3), -8.84297 (3), -8.83142 (3), -8.77441 (3), -8.74339 (3), -8.64730 (3), -8.55431 (3), -8.44129 (3), -8.34118 (3), -8.14501 (3), 
Length of domains: 72
Current (lb-rhs): -12.127704620361328
126 domains visited
Time: pickout 0.0106    decision 0.0616    set_bounds 0.0041    solve 0.7757    add 0.0016    
Accumulated time: pickout 0.0219    decision 0.1745    set_bounds 0.0075    solve 2.1610    add 0.0092    
Cumulative time: 2.4141736030578613

BaB round 4
batch: 64
splitting decisions: 
split level 0: [/input-3, 27] [/input, 71] [/input-3, 7] [/input-3, 25] [/input, 54] [/input-3, 71] [/input-3, 47] [/input-3, 74] [/input-3, 74] [/input-3, 65] 
best_l after optimization: -709.9736938476562
beta sum per layer: [79.59222412109375, 253.94210815429688]
alpha/beta optimization time: 0.6967732906341553
pruning_in_iteration open status: False
ratio of positive domain = 2 / 128 = 0.015625
pruning-in-iteration extra time: 0.0016417503356933594
torch.Size([128, 1])
Time: prepare 0.0068    bound 0.6994    transfer 0.0009    finalize 0.0056    func 0.7130    
Accumulated time: func 2.8721    prepare 0.0395    bound 2.8337    transfer 0.0045    finalize 0.0194    
max lb tensor(0.08848381) min lb tensor(-11.95285225)
Number of Verified Splits: 2 of 128
Current worst splitting domains lb-rhs (depth):
-11.95285 (4), -11.86959 (4), -11.52065 (4), -11.42229 (4), -10.65588 (4), -10.13272 (4), -9.72109 (3), -9.63504 (4), -9.27855 (4), -9.13664 (3), -9.12414 (4), -8.89352 (4), -8.78533 (4), -8.77441 (3), -8.74339 (3), -8.74181 (4), -8.66012 (4), -8.56054 (4), -8.49611 (4), -8.47766 (4), 
Length of domains: 134
Current (lb-rhs): -11.952852249145508
254 domains visited
Time: pickout 0.0150    decision 0.0907    set_bounds 0.0034    solve 0.7139    add 0.0019    
Accumulated time: pickout 0.0369    decision 0.2652    set_bounds 0.0109    solve 2.8748    add 0.0111    
Cumulative time: 3.2392454147338867

BaB round 5
batch: 64
splitting decisions: 
split level 0: [/input-3, 27] [/input-3, 81] [/input, 135] [/input-3, 11] [/input, 141] [/input, 57] [/input-3, 0] [/input, 135] [/input-3, 65] [/input-3, 16] 
best_l after optimization: -541.2947387695312
beta sum per layer: [93.71807861328125, 383.933837890625]
alpha/beta optimization time: 0.5320854187011719
pruning_in_iteration open status: False
ratio of positive domain = 2 / 128 = 0.015625
pruning-in-iteration extra time: 0.0001316070556640625
torch.Size([128, 1])
Time: prepare 0.0049    bound 0.5332    transfer 0.0003    finalize 0.0019    func 0.5404    
Accumulated time: func 3.4125    prepare 0.0532    bound 3.3669    transfer 0.0048    finalize 0.0213    
max lb tensor(0.24185848) min lb tensor(-9.09825516)
Number of Verified Splits: 2 of 128
Current worst splitting domains lb-rhs (depth):
-11.95285 (4), -11.86959 (4), -11.52065 (4), -11.42229 (4), -10.65588 (4), -10.13272 (4), -9.72109 (3), -9.13664 (3), -9.09826 (5), -8.89352 (4), -8.77441 (3), -8.74339 (3), -8.73119 (5), -8.66572 (5), -8.56689 (5), -8.56054 (4), -8.49611 (4), -8.46268 (4), -8.41058 (4), -8.37181 (5), 
Length of domains: 196
Current (lb-rhs): -11.952852249145508
382 domains visited
Time: pickout 0.0145    decision 0.1190    set_bounds 0.0044    solve 0.5410    add 0.0012    
Accumulated time: pickout 0.0514    decision 0.3842    set_bounds 0.0153    solve 3.4158    add 0.0123    
Cumulative time: 3.919522523880005

BaB round 6
batch: 64
splitting decisions: 
split level 0: [/input-3, 44] [/input-3, 27] [/input-3, 40] [/input-3, 25] [/input-3, 102] [/input, 252] [/input-3, 47] [/input-3, 31] [/input-3, 81] [/input-3, 46] 
best_l after optimization: -398.7102966308594
beta sum per layer: [97.46924591064453, 511.7358703613281]
alpha/beta optimization time: 0.43762850761413574
pruning_in_iteration open status: False
ratio of positive domain = 7 / 128 = 0.0546875
pruning-in-iteration extra time: 8.988380432128906e-05
torch.Size([128, 1])
Time: prepare 0.0038    bound 0.4386    transfer 0.0002    finalize 0.0024    func 0.4450    
Accumulated time: func 3.8575    prepare 0.0585    bound 3.8054    transfer 0.0050    finalize 0.0237    
max lb tensor(0.41289520) min lb tensor(-7.91675663)
Number of Verified Splits: 7 of 128
Current worst splitting domains lb-rhs (depth):
-11.95285 (4), -11.86959 (4), -11.52065 (4), -11.42229 (4), -10.65588 (4), -10.13272 (4), -9.72109 (3), -9.13664 (3), -9.09826 (5), -8.89352 (4), -8.77441 (3), -8.74339 (3), -8.73119 (5), -8.66572 (5), -8.56689 (5), -8.56054 (4), -8.49611 (4), -8.46268 (4), -8.41058 (4), -8.22465 (4), 
Length of domains: 253
Current (lb-rhs): -11.952852249145508
510 domains visited
Time: pickout 0.0098    decision 0.0261    set_bounds 0.0036    solve 0.4457    add 0.0011    
Accumulated time: pickout 0.0611    decision 0.4103    set_bounds 0.0189    solve 3.8615    add 0.0134    
Cumulative time: 4.406004190444946

BaB round 7
batch: 64
splitting decisions: 
split level 0: [/input-3, 74] [/input-3, 14] [/input-3, 14] [/input-3, 40] [/input-3, 79] [/input-3, 40] [/input-3, 74] [/input-3, 74] [/input-3, 40] [/input-3, 40] 
best_l after optimization: -310.1745300292969
beta sum per layer: [105.77607727050781, 574.9456787109375]
alpha/beta optimization time: 0.34631848335266113
pruning_in_iteration open status: False
ratio of positive domain = 12 / 128 = 0.09375
pruning-in-iteration extra time: 0.00024318695068359375
torch.Size([128, 1])
Time: prepare 0.0036    bound 0.3474    transfer 0.0003    finalize 0.0017    func 0.3530    
Accumulated time: func 4.2105    prepare 0.0638    bound 4.1528    transfer 0.0053    finalize 0.0254    
max lb tensor(0.48715401) min lb tensor(-7.68044186)
Number of Verified Splits: 12 of 128
Current worst splitting domains lb-rhs (depth):
-11.95285 (4), -11.86959 (4), -11.52065 (4), -11.42229 (4), -10.65588 (4), -10.13272 (4), -9.72109 (3), -9.13664 (3), -9.09826 (5), -8.89352 (4), -8.77441 (3), -8.74339 (3), -8.73119 (5), -8.66572 (5), -8.56689 (5), -8.56054 (4), -8.49611 (4), -8.46268 (4), -8.41058 (4), -8.22465 (4), 
Length of domains: 305
Current (lb-rhs): -11.952852249145508
638 domains visited
Time: pickout 0.0085    decision 0.0231    set_bounds 0.0034    solve 0.3536    add 0.0010    
Accumulated time: pickout 0.0697    decision 0.4334    set_bounds 0.0223    solve 4.2151    add 0.0144    
Cumulative time: 4.795900106430054

BaB round 8
batch: 64
splitting decisions: 
split level 0: [/input-3, 40] [/input-3, 114] [/input-3, 29] [/input-3, 114] [/input-3, 40] [/input-3, 47] [/input-3, 71] [/input, 141] [/input-3, 40] [/input-3, 42] 
best_l after optimization: -242.59548950195312
beta sum per layer: [115.15194702148438, 610.224365234375]
alpha/beta optimization time: 0.47496891021728516
pruning_in_iteration open status: False
ratio of positive domain = 10 / 128 = 0.078125
pruning-in-iteration extra time: 0.00014328956604003906
torch.Size([128, 1])
Time: prepare 0.0032    bound 0.4759    transfer 0.0003    finalize 0.0020    func 0.4814    
Accumulated time: func 4.6920    prepare 0.0684    bound 4.6287    transfer 0.0055    finalize 0.0274    
max lb tensor(0.52679729) min lb tensor(-6.80815792)
Number of Verified Splits: 10 of 128
Current worst splitting domains lb-rhs (depth):
-11.95285 (4), -11.86959 (4), -11.52065 (4), -11.42229 (4), -10.65588 (4), -10.13272 (4), -9.72109 (3), -9.13664 (3), -9.09826 (5), -8.89352 (4), -8.77441 (3), -8.74339 (3), -8.73119 (5), -8.66572 (5), -8.56689 (5), -8.56054 (4), -8.49611 (4), -8.46268 (4), -8.41058 (4), -8.22465 (4), 
Length of domains: 359
Current (lb-rhs): -11.952852249145508
766 domains visited
Time: pickout 0.0114    decision 0.0239    set_bounds 0.0037    solve 0.4821    add 0.0012    
Accumulated time: pickout 0.0811    decision 0.4573    set_bounds 0.0260    solve 4.6972    add 0.0155    
Cumulative time: 5.318391561508179

BaB round 9
batch: 64
splitting decisions: 
split level 0: [/input-3, 44] [/input-3, 65] [/input-3, 104] [/input-3, 81] [/input-3, 74] [/input-3, 93] [/input-3, 93] [/input-3, 14] [/input-3, 65] [/input-3, 104] 
best_l after optimization: -190.2420654296875
beta sum per layer: [109.79417419433594, 621.7412719726562]
alpha/beta optimization time: 0.606395959854126
pruning_in_iteration open status: True
ratio of positive domain = 39 / 128 = 0.3046875
pruning-in-iteration extra time: 0.03608417510986328
torch.Size([128, 1])
Time: prepare 0.0035    bound 0.6080    transfer 0.0021    finalize 0.0103    func 0.6240    
Accumulated time: func 5.3159    prepare 0.0737    bound 5.2367    transfer 0.0076    finalize 0.0377    
max lb tensor(9.99999975e-05) min lb tensor(-4.26977444)
Number of Verified Splits: 39 of 128
Current worst splitting domains lb-rhs (depth):
-11.95285 (4), -11.86959 (4), -11.52065 (4), -11.42229 (4), -10.65588 (4), -10.13272 (4), -9.72109 (3), -9.13664 (3), -9.09826 (5), -8.89352 (4), -8.77441 (3), -8.74339 (3), -8.73119 (5), -8.66572 (5), -8.56689 (5), -8.56054 (4), -8.49611 (4), -8.46268 (4), -8.41058 (4), -8.22465 (4), 
Length of domains: 384
Current (lb-rhs): -11.952852249145508
894 domains visited
Time: pickout 0.0110    decision 0.0272    set_bounds 0.0037    solve 0.6249    add 0.0016    
Accumulated time: pickout 0.0921    decision 0.4844    set_bounds 0.0297    solve 5.3221    add 0.0171    
Cumulative time: 5.987081527709961

BaB round 10
batch: 64
splitting decisions: 
split level 0: [/input-3, 0] [/input-3, 65] [/input-3, 16] [/input-3, 71] [/input-3, 67] [/input-3, 99] [/input-3, 7] [/input-3, 46] [/input-3, 93] [/input-3, 7] 
best_l after optimization: -211.19570922851562
beta sum per layer: [140.4862823486328, 600.704345703125]
alpha/beta optimization time: 0.6459310054779053
pruning_in_iteration open status: False
ratio of positive domain = 17 / 128 = 0.1328125
pruning-in-iteration extra time: 0.00031757354736328125
torch.Size([128, 1])
Time: prepare 0.0067    bound 0.6471    transfer 0.0012    finalize 0.0060    func 0.6610    
Accumulated time: func 5.9769    prepare 0.0875    bound 5.8838    transfer 0.0088    finalize 0.0436    
max lb tensor(0.48950195) min lb tensor(-3.97966719)
Number of Verified Splits: 17 of 128
Current worst splitting domains lb-rhs (depth):
-11.95285 (4), -11.86959 (4), -11.52065 (4), -11.42229 (4), -10.65588 (4), -10.13272 (4), -9.72109 (3), -9.13664 (3), -9.09826 (5), -8.89352 (4), -8.77441 (3), -8.74339 (3), -8.73119 (5), -8.66572 (5), -8.56689 (5), -8.56054 (4), -8.49611 (4), -8.46268 (4), -8.41058 (4), -8.22465 (4), 
Length of domains: 431
Current (lb-rhs): -11.952852249145508
1022 domains visited
Time: pickout 0.0143    decision 0.0987    set_bounds 0.0043    solve 0.6618    add 0.0016    
Accumulated time: pickout 0.1064    decision 0.5832    set_bounds 0.0339    solve 5.9838    add 0.0187    
Cumulative time: 6.767964124679565

BaB round 11
batch: 64
splitting decisions: 
split level 0: [/input-3, 89] [/input-3, 104] [/input-3, 74] [/input-3, 93] [/input-3, 14] [/input-3, 104] [/input-3, 71] [/input-3, 83] [/input-3, 74] [/input-3, 14] 
best_l after optimization: -164.26626586914062
beta sum per layer: [138.87342834472656, 655.4986572265625]
alpha/beta optimization time: 0.5888497829437256
pruning_in_iteration open status: True
ratio of positive domain = 30 / 128 = 0.234375
pruning-in-iteration extra time: 0.0058498382568359375
torch.Size([128, 1])
Time: prepare 0.0039    bound 0.5898    transfer 0.0004    finalize 0.0016    func 0.5957    
Accumulated time: func 6.5727    prepare 0.0961    bound 6.4736    transfer 0.0092    finalize 0.0453    
max lb tensor(9.99999975e-05) min lb tensor(-3.75748014)
Number of Verified Splits: 30 of 128
Current worst splitting domains lb-rhs (depth):
-11.95285 (4), -11.86959 (4), -11.52065 (4), -11.42229 (4), -10.65588 (4), -10.13272 (4), -9.72109 (3), -9.13664 (3), -9.09826 (5), -8.89352 (4), -8.77441 (3), -8.74339 (3), -8.73119 (5), -8.66572 (5), -8.56689 (5), -8.56054 (4), -8.49611 (4), -8.46268 (4), -8.41058 (4), -8.22465 (4), 
Length of domains: 465
Current (lb-rhs): -11.952852249145508
1150 domains visited
Time: pickout 0.0113    decision 0.0860    set_bounds 0.0043    solve 0.5965    add 0.0015    
Accumulated time: pickout 0.1177    decision 0.6691    set_bounds 0.0382    solve 6.5803    add 0.0202    
Cumulative time: 7.4678871631622314

BaB round 12
batch: 64
splitting decisions: 
split level 0: [/input-3, 74] [/input-3, 83] [/input-3, 21] [/input-3, 83] [/input-3, 21] [/input-3, 21] [/input-3, 21] [/input-3, 7] [/input-3, 104] [/input-3, 7] 
best_l after optimization: -146.23699951171875
beta sum per layer: [153.8849334716797, 687.2564697265625]
alpha/beta optimization time: 0.4162266254425049
pruning_in_iteration open status: True
ratio of positive domain = 36 / 128 = 0.28125
pruning-in-iteration extra time: 0.016895532608032227
torch.Size([128, 1])
Time: prepare 0.0034    bound 0.4171    transfer 0.0006    finalize 0.0020    func 0.4232    
Accumulated time: func 6.9959    prepare 0.1010    bound 6.8908    transfer 0.0097    finalize 0.0473    
max lb tensor(9.99999975e-05) min lb tensor(-3.53726625)
Number of Verified Splits: 36 of 128
Current worst splitting domains lb-rhs (depth):
-11.95285 (4), -11.86959 (4), -11.52065 (4), -11.42229 (4), -10.65588 (4), -10.13272 (4), -9.72109 (3), -9.13664 (3), -9.09826 (5), -8.89352 (4), -8.77441 (3), -8.74339 (3), -8.73119 (5), -8.66572 (5), -8.56689 (5), -8.56054 (4), -8.49611 (4), -8.46268 (4), -8.41058 (4), -8.22465 (4), 
Length of domains: 493
Current (lb-rhs): -11.952852249145508
1278 domains visited
Time: pickout 0.0089    decision 0.0248    set_bounds 0.0034    solve 0.4242    add 0.0012    
Accumulated time: pickout 0.1266    decision 0.6939    set_bounds 0.0416    solve 7.0045    add 0.0214    
Cumulative time: 7.930876731872559

BaB round 13
batch: 64
splitting decisions: 
split level 0: [/input-3, 11] [/input, 123] [/input-3, 7] [/input-3, 93] [/input-3, 7] [/input-3, 21] [/input, 239] [/input-3, 89] [/input, 239] [/input-3, 126] 
best_l after optimization: -149.21044921875
beta sum per layer: [148.4756317138672, 733.3060302734375]
alpha/beta optimization time: 0.34760618209838867
pruning_in_iteration open status: False
ratio of positive domain = 25 / 128 = 0.1953125
pruning-in-iteration extra time: 9.441375732421875e-05
torch.Size([128, 1])
Time: prepare 0.0033    bound 0.3487    transfer 0.0003    finalize 0.0020    func 0.3543    
Accumulated time: func 7.3502    prepare 0.1057    bound 7.2395    transfer 0.0100    finalize 0.0493    
max lb tensor(0.29952621) min lb tensor(-3.38134956)
Number of Verified Splits: 25 of 128
Current worst splitting domains lb-rhs (depth):
-11.95285 (4), -11.86959 (4), -11.52065 (4), -11.42229 (4), -10.65588 (4), -10.13272 (4), -9.72109 (3), -9.13664 (3), -9.09826 (5), -8.89352 (4), -8.77441 (3), -8.74339 (3), -8.73119 (5), -8.66572 (5), -8.56689 (5), -8.56054 (4), -8.49611 (4), -8.46268 (4), -8.41058 (4), -8.22465 (4), 
Length of domains: 532
Current (lb-rhs): -11.952852249145508
1406 domains visited
Time: pickout 0.0109    decision 0.0243    set_bounds 0.0035    solve 0.3550    add 0.0013    
Accumulated time: pickout 0.1376    decision 0.7182    set_bounds 0.0451    solve 7.3595    add 0.0227    
Cumulative time: 8.326151609420776

BaB round 14
batch: 64
splitting decisions: 
split level 0: [/input-3, 21] [/input, 123] [/input-3, 7] [/input-3, 42] [/input-3, 27] [/input-3, 21] [/input-3, 89] [/input-3, 89] [/input-3, 74] [/input-3, 89] 
best_l after optimization: -102.32862091064453
beta sum per layer: [134.75717163085938, 844.4638061523438]
alpha/beta optimization time: 0.4163081645965576
pruning_in_iteration open status: True
ratio of positive domain = 42 / 128 = 0.328125
pruning-in-iteration extra time: 0.011473417282104492
torch.Size([128, 1])
Time: prepare 0.0033    bound 0.4175    transfer 0.0007    finalize 0.0026    func 0.4242    
Accumulated time: func 7.7744    prepare 0.1104    bound 7.6570    transfer 0.0107    finalize 0.0519    
max lb tensor(9.99999975e-05) min lb tensor(-2.63597298)
Number of Verified Splits: 42 of 128
Current worst splitting domains lb-rhs (depth):
-11.95285 (4), -11.86959 (4), -11.52065 (4), -11.42229 (4), -10.65588 (4), -10.13272 (4), -9.72109 (3), -9.13664 (3), -9.09826 (5), -8.89352 (4), -8.77441 (3), -8.74339 (3), -8.73119 (5), -8.66572 (5), -8.56689 (5), -8.56054 (4), -8.49611 (4), -8.46268 (4), -8.41058 (4), -8.22465 (4), 
Length of domains: 554
Current (lb-rhs): -11.952852249145508
1534 domains visited
Time: pickout 0.0117    decision 0.0227    set_bounds 0.0035    solve 0.4248    add 0.0012    
Accumulated time: pickout 0.1492    decision 0.7409    set_bounds 0.0486    solve 7.7843    add 0.0239    
Time out!!!!!!!!
Result: unknown in 12.0695 seconds

 %%%%%%%%%%%%%%%%%%%%%%%%%%%%%%%%%%% idx: 5, vnnlib ID: 5 %%%%%%%%%%%%%%%%%%%%%%%%%%%%%%%%%%%
Finished vnnlib processing in 0.003935 seconds
Model: BoundedModule(
  (/0): BoundInput(name=/0, inputs=[], perturbed=True)
  (/7): BoundParams(name=/7, inputs=[], perturbed=False)
  (/8): BoundParams(name=/8, inputs=[], perturbed=False)
  (/9): BoundParams(name=/9, inputs=[], perturbed=False)
  (/10): BoundParams(name=/10, inputs=[], perturbed=False)
  (/11): BoundParams(name=/11, inputs=[], perturbed=False)
  (/12): BoundParams(name=/12, inputs=[], perturbed=False)
  (/13): BoundFlatten(name=/13, inputs=[/0], perturbed=True)
  (/input): BoundLinear(name=/input, inputs=[/13, /7, /8], perturbed=True)
  (/15): BoundRelu(name=/15, inputs=[/input], perturbed=True)
  (/input-3): BoundLinear(name=/input-3, inputs=[/15, /9, /10], perturbed=True)
  (/17): BoundRelu(name=/17, inputs=[/input-3], perturbed=True)
  (/18): BoundLinear(name=/18, inputs=[/17, /11, /12], perturbed=True)
)
Original output in the first batch: tensor([[-6.11812735,  8.12704277, -1.03780115, -2.75711155, -2.56124568,
         -5.68011570, -7.27753305,  1.71511269, -1.08039057, -5.26716137]],
       device='cuda:0')
Split layers:
Nonlinear functions:
   BoundRelu(name=/15, inputs=[/input], perturbed=True)
   BoundRelu(name=/17, inputs=[/input-3], perturbed=True)
build batch [1/1]
layer /15 using sparse-features alpha with shape [189]; unstable size 189; total size 256 ([1, 256])
layer /15 start_node /input-3 using full alpha [2, 128, 1, 189] with unstable size 117 total_size 128 output_shape torch.Size([128])
layer /15 start_node /18 using full alpha [2, 9, 1, 189] with unstable size None total_size 9 output_shape 9
layer /17 using full alpha with shape torch.Size([128]); unstable size 117; total size 128 ([1, 128])
layer /17 start_node /18 using full alpha [2, 9, 1, 128] with unstable size None total_size 9 output_shape 9
Optimizable variables initialized.
initial CROWN bounds (first 10 items): [-8.479543685913086, -11.886507034301758, -14.006156921386719, -10.798261642456055, -13.080073356628418, -7.648575782775879, -13.73110294342041, -13.925570487976074, -12.557333946228027]
prune_after_crown optimization in use
  original spec size = torch.Size([1, 9])
  pruned spec size = torch.Size([1, 9])
Using alpha-CROWN to initialize bounds.
best_l after optimization: -89.2585220336914
alpha/beta optimization time: 2.5405356884002686
initial alpha-crown bounds (first 10 items): [-6.741933822631836, -10.505993843078613, -12.358672142028809, -8.578009605407715, -10.922658920288086, -6.0919647216796875, -12.185646057128906, -11.914047241210938, -9.95959186553955]
Global lower bound: -12.358672142028809
torch.Size([1, 9])
0 / 9 OR specs are verified.
Verified OR indices (first 10 items): []
Verified OR lbs (first 10 items): []
Unverified OR indices (first 10 items): [0, 1, 2, 3, 4, 5, 6, 7, 8]
Unverified OR lbs (first 10 items): [[-6.741933822631836], [-10.505993843078613], [-12.358672142028809], [-8.578009605407715], [-10.922658920288086], [-6.0919647216796875], [-12.185646057128906], [-11.914047241210938], [-9.95959186553955]]
###### Verifying property Instance 5 ######
Batch size: 9
First 10 spec matrices
C: tensor([[[-1.,  1.,  0.,  0.,  0.,  0.,  0.,  0.,  0.,  0.]],

        [[ 0.,  1., -1.,  0.,  0.,  0.,  0.,  0.,  0.,  0.]],

        [[ 0.,  1.,  0., -1.,  0.,  0.,  0.,  0.,  0.,  0.]],

        [[ 0.,  1.,  0.,  0., -1.,  0.,  0.,  0.,  0.,  0.]],

        [[ 0.,  1.,  0.,  0.,  0., -1.,  0.,  0.,  0.,  0.]],

        [[ 0.,  1.,  0.,  0.,  0.,  0., -1.,  0.,  0.,  0.]],

        [[ 0.,  1.,  0.,  0.,  0.,  0.,  0., -1.,  0.,  0.]],

        [[ 0.,  1.,  0.,  0.,  0.,  0.,  0.,  0., -1.,  0.]],

        [[ 0.,  1.,  0.,  0.,  0.,  0.,  0.,  0.,  0., -1.]]], device='cuda:0')
RHS: tensor([[0.],
        [0.],
        [0.],
        [0.],
        [0.],
        [0.],
        [0.],
        [0.],
        [0.]], device='cuda:0')
OR spec sizes: tensor([1, 1, 1, 1, 1, 1, 1, 1, 1], device='cuda:0', dtype=torch.int32)
Remaining timeout: 9.246689081192017
Model prediction is: tensor([-6.11812735,  8.12704277, -1.03780115, -2.75711155, -2.56124568,
        -5.68011570, -7.27753305,  1.71511269, -1.08039057, -5.26716137],
       device='cuda:0')
Activation BaB batch 1/1 
build_with_refined_bounds batch [1/1]
Optimizable variables initialized.
all alpha initialized
directly get lb and ub from refined bounds
c shape: torch.Size([9, 1, 10])
lA shapes: [torch.Size([9, 1, 256]), torch.Size([9, 1, 128])]
torch.Size([9, 1])
(alpha-)CROWN with fixed intermediate bounds: tensor([[ -6.74193382],
        [-10.50599384],
        [-12.35867214],
        [ -8.57800961],
        [-10.92265892],
        [ -6.09196472],
        [-12.18564606],
        [-11.91404724],
        [ -9.95959187]], device='cuda:0') tensor([[inf],
        [inf],
        [inf],
        [inf],
        [inf],
        [inf],
        [inf],
        [inf],
        [inf]], device='cuda:0')
Intermediate layers: /input,/input-3
Keeping alphas for these layers: ['/18']
Node /15 input 0: size torch.Size([256]) unstable 189
Node /17 input 0: size torch.Size([128]) unstable 116
-----------------
# of unstable neurons: 305
-----------------

BaB round 1
batch: 9
splitting decisions: 
split level 0: [/input-3, 102] [/input-3, 73] [/input, 160] [/input-3, 36] [/input-3, 36] [/input-3, 102] [/input-3, 35] [/input-3, 35] [/input-3, 36] 
best_l after optimization: -164.25173950195312
beta sum per layer: [0.0, 5.037940502166748]
alpha/beta optimization time: 0.5715138912200928
pruning_in_iteration open status: False
ratio of positive domain = 0 / 18 = 0.0
pruning-in-iteration extra time: 0.0007092952728271484
torch.Size([18, 1])
Time: prepare 0.0018    bound 0.5729    transfer 0.0007    finalize 0.0050    func 0.5805    
Accumulated time: func 0.5805    prepare 0.0057    bound 0.5729    transfer 0.0007    finalize 0.0050    
max lb tensor(-5.25395393) min lb tensor(-11.81455231)
Number of Verified Splits: 0 of 18
Current worst splitting domains lb-rhs (depth):
-11.81455 (1), -11.66558 (1), -11.65430 (1), -11.63786 (1), -10.46725 (1), -10.37365 (1), -10.35504 (1), -10.27942 (1), -10.18917 (1), -9.66185 (1), -9.03782 (1), -8.23833 (1), -8.21834 (1), -7.62095 (1), -6.21634 (1), -6.08738 (1), -5.47995 (1), -5.25395 (1), 
Length of domains: 18
Current (lb-rhs): -11.814552307128906
18 domains visited
Time: pickout 0.0016    decision 0.0340    set_bounds 0.0016    solve 0.5814    add 0.0053    
Accumulated time: pickout 0.0016    decision 0.0340    set_bounds 0.0016    solve 0.5814    add 0.0053    
Cumulative time: 0.6530497074127197

BaB round 2
batch: 18
splitting decisions: 
split level 0: [/input-3, 0] [/input-3, 36] [/input-3, 0] [/input-3, 73] [/input-3, 35] [/input, 173] [/input-3, 12] [/input, 160] [/input, 172] [/input-3, 0] 
best_l after optimization: -303.3919982910156
beta sum per layer: [3.221435785293579, 21.36322784423828]
alpha/beta optimization time: 0.5460624694824219
pruning_in_iteration open status: False
ratio of positive domain = 0 / 36 = 0.0
pruning-in-iteration extra time: 0.0006501674652099609
torch.Size([36, 1])
Time: prepare 0.0027    bound 0.5476    transfer 0.0007    finalize 0.0049    func 0.5561    
Accumulated time: func 1.1366    prepare 0.0135    bound 1.1206    transfer 0.0014    finalize 0.0099    
max lb tensor(-4.65207672) min lb tensor(-11.56629944)
Number of Verified Splits: 0 of 36
Current worst splitting domains lb-rhs (depth):
-11.56630 (2), -11.44951 (2), -11.38696 (2), -11.37030 (2), -10.76317 (2), -10.35361 (2), -10.16609 (2), -10.14637 (2), -10.10927 (2), -9.99599 (2), -9.92031 (2), -9.91371 (2), -9.84392 (2), -9.80460 (2), -9.63055 (2), -9.55437 (2), -9.39803 (2), -9.23473 (2), -9.19196 (2), -9.08612 (2), 
Length of domains: 36
Current (lb-rhs): -11.566299438476562
54 domains visited
Time: pickout 0.0113    decision 0.0441    set_bounds 0.0020    solve 0.5567    add 0.0016    
Accumulated time: pickout 0.0129    decision 0.0780    set_bounds 0.0035    solve 1.1381    add 0.0069    
Cumulative time: 1.268796443939209

BaB round 3
batch: 36
splitting decisions: 
split level 0: [/input-3, 81] [/input-3, 25] [/input-3, 65] [/input-3, 118] [/input, 172] [/input-3, 105] [/input-3, 118] [/input-3, 74] [/input-3, 27] [/input-3, 74] 
best_l after optimization: -538.6630249023438
beta sum per layer: [6.369897365570068, 77.07221984863281]
alpha/beta optimization time: 0.6504359245300293
pruning_in_iteration open status: False
ratio of positive domain = 0 / 72 = 0.0
pruning-in-iteration extra time: 0.00031256675720214844
torch.Size([72, 1])
Time: prepare 0.0025    bound 0.6515    transfer 0.0006    finalize 0.0053    func 0.6599    
Accumulated time: func 1.7965    prepare 0.0199    bound 1.7721    transfer 0.0020    finalize 0.0152    
max lb tensor(-2.76964569) min lb tensor(-11.29380322)
Number of Verified Splits: 0 of 72
Current worst splitting domains lb-rhs (depth):
-11.29380 (3), -11.23796 (3), -11.18059 (3), -11.15778 (3), -11.00691 (3), -10.38761 (3), -10.24539 (3), -10.16102 (3), -9.80209 (3), -9.78531 (3), -9.75764 (3), -9.69739 (3), -9.68361 (3), -9.52749 (3), -9.48720 (3), -9.39824 (3), -9.37670 (3), -9.34839 (3), -9.32403 (3), -9.30289 (3), 
Length of domains: 72
Current (lb-rhs): -11.293803215026855
126 domains visited
Time: pickout 0.0101    decision 0.0534    set_bounds 0.0020    solve 0.6606    add 0.0015    
Accumulated time: pickout 0.0231    decision 0.1315    set_bounds 0.0056    solve 1.7987    add 0.0084    
Cumulative time: 1.9966037273406982

BaB round 4
batch: 64
splitting decisions: 
split level 0: [/input-3, 65] [/input-3, 81] [/input-3, 25] [/input, 172] [/input-3, 12] [/input, 135] [/input-3, 73] [/input-3, 74] [/input-3, 16] [/input-3, 50] 
best_l after optimization: -838.08935546875
beta sum per layer: [24.828994750976562, 199.3365478515625]
alpha/beta optimization time: 0.5794594287872314
pruning_in_iteration open status: False
ratio of positive domain = 0 / 128 = 0.0
pruning-in-iteration extra time: 0.0006580352783203125
torch.Size([128, 1])
Time: prepare 0.0041    bound 0.5810    transfer 0.0014    finalize 0.0073    func 0.5940    
Accumulated time: func 2.3905    prepare 0.0295    bound 2.3531    transfer 0.0034    finalize 0.0224    
max lb tensor(-2.15858173) min lb tensor(-11.16135979)
Number of Verified Splits: 0 of 128
Current worst splitting domains lb-rhs (depth):
-11.18059 (3), -11.16136 (4), -11.06154 (4), -10.84395 (4), -10.79434 (4), -10.61220 (4), -10.11526 (4), -9.94869 (4), -9.91888 (4), -9.75764 (3), -9.48720 (3), -9.44517 (4), -9.41153 (4), -9.40616 (4), -9.38014 (4), -9.28884 (4), -9.23816 (4), -9.21166 (4), -9.18724 (4), -9.05378 (4), 
Length of domains: 136
Current (lb-rhs): -11.180591583251953
254 domains visited
Time: pickout 0.0137    decision 0.0861    set_bounds 0.0039    solve 0.5949    add 0.0018    
Accumulated time: pickout 0.0368    decision 0.2176    set_bounds 0.0095    solve 2.3936    add 0.0102    
Cumulative time: 2.69740891456604

BaB round 5
batch: 64
splitting decisions: 
split level 0: [/input-3, 12] [/input-3, 80] [/input-3, 60] [/input-3, 40] [/input-3, 80] [/input-3, 0] [/input-3, 32] [/input-3, 60] [/input-3, 27] [/input-3, 12] 
best_l after optimization: -651.1371459960938
beta sum per layer: [58.63387680053711, 301.45184326171875]
alpha/beta optimization time: 0.389270544052124
pruning_in_iteration open status: False
ratio of positive domain = 1 / 128 = 0.0078125
pruning-in-iteration extra time: 9.322166442871094e-05
torch.Size([128, 1])
Time: prepare 0.0034    bound 0.3911    transfer 0.0002    finalize 0.0017    func 0.3965    
Accumulated time: func 2.7870    prepare 0.0421    bound 2.7442    transfer 0.0036    finalize 0.0241    
max lb tensor(0.36485481) min lb tensor(-10.39177990)
Number of Verified Splits: 1 of 128
Current worst splitting domains lb-rhs (depth):
-11.18059 (3), -11.16136 (4), -11.06154 (4), -10.84395 (4), -10.79434 (4), -10.39178 (5), -10.11526 (4), -9.94869 (4), -9.91888 (4), -9.75764 (3), -9.48720 (3), -9.44517 (4), -9.41153 (4), -9.40616 (4), -9.38014 (4), -9.20069 (5), -9.18724 (4), -9.14517 (5), -9.05378 (4), -9.05014 (4), 
Length of domains: 199
Current (lb-rhs): -11.180591583251953
382 domains visited
Time: pickout 0.0142    decision 0.0889    set_bounds 0.0037    solve 0.3970    add 0.0011    
Accumulated time: pickout 0.0510    decision 0.3065    set_bounds 0.0132    solve 2.7906    add 0.0113    
Cumulative time: 3.202587366104126

BaB round 6
batch: 64
splitting decisions: 
split level 0: [/input-3, 74] [/input-3, 50] [/input-3, 31] [/input, 150] [/input-3, 102] [/input, 160] [/input-3, 27] [/input-3, 118] [/input-3, 50] [/input-3, 8] 
best_l after optimization: -501.1070556640625
beta sum per layer: [70.47181701660156, 418.0329284667969]
alpha/beta optimization time: 0.3899233341217041
pruning_in_iteration open status: False
ratio of positive domain = 8 / 128 = 0.0625
pruning-in-iteration extra time: 0.00016117095947265625
torch.Size([128, 1])
Time: prepare 0.0031    bound 0.3909    transfer 0.0002    finalize 0.0022    func 0.3964    
Accumulated time: func 3.1834    prepare 0.0465    bound 3.1351    transfer 0.0038    finalize 0.0263    
max lb tensor(0.77528191) min lb tensor(-8.84399986)
Number of Verified Splits: 8 of 128
Current worst splitting domains lb-rhs (depth):
-11.18059 (3), -11.16136 (4), -11.06154 (4), -10.84395 (4), -10.79434 (4), -10.39178 (5), -10.11526 (4), -9.94869 (4), -9.91888 (4), -9.75764 (3), -9.48720 (3), -9.44517 (4), -9.41153 (4), -9.40616 (4), -9.38014 (4), -9.18724 (4), -9.14517 (5), -9.05378 (4), -9.05014 (4), -9.04003 (4), 
Length of domains: 255
Current (lb-rhs): -11.180591583251953
510 domains visited
Time: pickout 0.0083    decision 0.0213    set_bounds 0.0031    solve 0.3972    add 0.0014    
Accumulated time: pickout 0.0593    decision 0.3278    set_bounds 0.0163    solve 3.1878    add 0.0128    
Cumulative time: 3.634126663208008

BaB round 7
batch: 64
splitting decisions: 
split level 0: [/input, 173] [/input-3, 32] [/input-3, 105] [/input-3, 8] [/input-3, 95] [/input-3, 95] [/input-3, 74] [/input-3, 118] [/input-3, 8] [/input-3, 36] 
best_l after optimization: -426.1069641113281
beta sum per layer: [73.15350341796875, 492.03338623046875]
alpha/beta optimization time: 0.37856364250183105
pruning_in_iteration open status: False
ratio of positive domain = 11 / 128 = 0.0859375
pruning-in-iteration extra time: 0.00013756752014160156
torch.Size([128, 1])
Time: prepare 0.0035    bound 0.3796    transfer 0.0002    finalize 0.0033    func 0.3867    
Accumulated time: func 3.5701    prepare 0.0515    bound 3.5147    transfer 0.0040    finalize 0.0296    
max lb tensor(0.69120216) min lb tensor(-8.52602386)
Number of Verified Splits: 11 of 128
Current worst splitting domains lb-rhs (depth):
-11.18059 (3), -11.16136 (4), -11.06154 (4), -10.84395 (4), -10.79434 (4), -10.39178 (5), -10.11526 (4), -9.94869 (4), -9.91888 (4), -9.75764 (3), -9.48720 (3), -9.44517 (4), -9.41153 (4), -9.40616 (4), -9.38014 (4), -9.18724 (4), -9.14517 (5), -9.05378 (4), -9.05014 (4), -9.04003 (4), 
Length of domains: 308
Current (lb-rhs): -11.180591583251953
638 domains visited
Time: pickout 0.0094    decision 0.0286    set_bounds 0.0041    solve 0.3874    add 0.0012    
Accumulated time: pickout 0.0687    decision 0.3564    set_bounds 0.0204    solve 3.5752    add 0.0140    
Cumulative time: 4.064969778060913

BaB round 8
batch: 64
splitting decisions: 
split level 0: [/input-3, 72] [/input-3, 62] [/input-3, 88] [/input, 173] [/input-3, 46] [/input-3, 16] [/input-3, 73] [/input-3, 40] [/input-3, 46] [/input-3, 16] 
best_l after optimization: -334.83050537109375
beta sum per layer: [76.70333862304688, 596.6423950195312]
alpha/beta optimization time: 0.34431982040405273
pruning_in_iteration open status: False
ratio of positive domain = 12 / 128 = 0.09375
pruning-in-iteration extra time: 0.00015234947204589844
torch.Size([128, 1])
Time: prepare 0.0032    bound 0.3453    transfer 0.0002    finalize 0.0023    func 0.3511    
Accumulated time: func 3.9212    prepare 0.0559    bound 3.8600    transfer 0.0042    finalize 0.0319    
max lb tensor(0.30951405) min lb tensor(-8.34498692)
Number of Verified Splits: 12 of 128
Current worst splitting domains lb-rhs (depth):
-11.18059 (3), -11.16136 (4), -11.06154 (4), -10.84395 (4), -10.79434 (4), -10.39178 (5), -10.11526 (4), -9.94869 (4), -9.91888 (4), -9.75764 (3), -9.48720 (3), -9.44517 (4), -9.41153 (4), -9.40616 (4), -9.38014 (4), -9.18724 (4), -9.14517 (5), -9.05378 (4), -9.05014 (4), -9.04003 (4), 
Length of domains: 360
Current (lb-rhs): -11.180591583251953
766 domains visited
Time: pickout 0.0081    decision 0.0232    set_bounds 0.0032    solve 0.3521    add 0.0013    
Accumulated time: pickout 0.0768    decision 0.3796    set_bounds 0.0237    solve 3.9273    add 0.0152    
Cumulative time: 4.453187465667725

BaB round 9
batch: 64
splitting decisions: 
split level 0: [/input-3, 73] [/input-3, 111] [/input-3, 60] [/input, 160] [/input-3, 105] [/input-3, 122] [/input-3, 125] [/input-3, 111] [/input-3, 60] [/input-3, 122] 
best_l after optimization: -251.64990234375
beta sum per layer: [73.72398376464844, 673.3666381835938]
alpha/beta optimization time: 0.4800431728363037
pruning_in_iteration open status: False
ratio of positive domain = 18 / 128 = 0.140625
pruning-in-iteration extra time: 0.0006422996520996094
torch.Size([128, 1])
Time: prepare 0.0038    bound 0.4817    transfer 0.0011    finalize 0.0054    func 0.4920    
Accumulated time: func 4.4132    prepare 0.0618    bound 4.3416    transfer 0.0053    finalize 0.0373    
max lb tensor(0.42020035) min lb tensor(-5.82478809)
Number of Verified Splits: 18 of 128
Current worst splitting domains lb-rhs (depth):
-11.18059 (3), -11.16136 (4), -11.06154 (4), -10.84395 (4), -10.79434 (4), -10.39178 (5), -10.11526 (4), -9.94869 (4), -9.91888 (4), -9.75764 (3), -9.48720 (3), -9.44517 (4), -9.41153 (4), -9.40616 (4), -9.38014 (4), -9.18724 (4), -9.14517 (5), -9.05378 (4), -9.05014 (4), -9.04003 (4), 
Length of domains: 406
Current (lb-rhs): -11.180591583251953
894 domains visited
Time: pickout 0.0094    decision 0.0298    set_bounds 0.0044    solve 0.4929    add 0.0016    
Accumulated time: pickout 0.0862    decision 0.4094    set_bounds 0.0281    solve 4.4201    add 0.0169    
Cumulative time: 4.991501808166504

BaB round 10
batch: 64
splitting decisions: 
split level 0: [/input-3, 82] [/input-3, 73] [/input-3, 81] [/input-3, 2] [/input-3, 35] [/input-3, 74] [/input-3, 64] [/input-3, 73] [/input-3, 81] [/input-3, 2] 
best_l after optimization: -188.67079162597656
beta sum per layer: [79.09947204589844, 738.06298828125]
alpha/beta optimization time: 0.5865216255187988
pruning_in_iteration open status: False
ratio of positive domain = 22 / 128 = 0.171875
pruning-in-iteration extra time: 0.0008397102355957031
torch.Size([128, 1])
Time: prepare 0.0036    bound 0.5882    transfer 0.0013    finalize 0.0070    func 0.6002    
Accumulated time: func 5.0134    prepare 0.0716    bound 4.9298    transfer 0.0066    finalize 0.0443    
max lb tensor(0.36117268) min lb tensor(-4.73029709)
Number of Verified Splits: 22 of 128
Current worst splitting domains lb-rhs (depth):
-11.18059 (3), -11.16136 (4), -11.06154 (4), -10.84395 (4), -10.79434 (4), -10.39178 (5), -10.11526 (4), -9.94869 (4), -9.91888 (4), -9.75764 (3), -9.48720 (3), -9.44517 (4), -9.41153 (4), -9.40616 (4), -9.38014 (4), -9.18724 (4), -9.14517 (5), -9.05378 (4), -9.05014 (4), -9.04003 (4), 
Length of domains: 448
Current (lb-rhs): -11.180591583251953
1022 domains visited
Time: pickout 0.0126    decision 0.0836    set_bounds 0.0037    solve 0.6017    add 0.0023    
Accumulated time: pickout 0.0987    decision 0.4929    set_bounds 0.0318    solve 5.0218    add 0.0191    
Cumulative time: 5.695612668991089

BaB round 11
batch: 64
splitting decisions: 
split level 0: [/input-3, 81] [/input-3, 46] [/input-3, 82] [/input-3, 82] [/input-3, 95] [/input-3, 81] [/input-3, 46] [/input-3, 82] [/input-3, 64] [/input-3, 81] 
best_l after optimization: -147.47499084472656
beta sum per layer: [89.93739318847656, 779.3178100585938]
alpha/beta optimization time: 0.39443540573120117
pruning_in_iteration open status: False
ratio of positive domain = 25 / 128 = 0.1953125
pruning-in-iteration extra time: 9.584426879882812e-05
torch.Size([128, 1])
Time: prepare 0.0043    bound 0.3955    transfer 0.0003    finalize 0.0017    func 0.4017    
Accumulated time: func 5.4151    prepare 0.0818    bound 5.3253    transfer 0.0069    finalize 0.0460    
max lb tensor(0.39531994) min lb tensor(-3.16190290)
Number of Verified Splits: 25 of 128
Current worst splitting domains lb-rhs (depth):
-11.18059 (3), -11.16136 (4), -11.06154 (4), -10.84395 (4), -10.79434 (4), -10.39178 (5), -10.11526 (4), -9.94869 (4), -9.91888 (4), -9.75764 (3), -9.48720 (3), -9.44517 (4), -9.41153 (4), -9.40616 (4), -9.38014 (4), -9.18724 (4), -9.14517 (5), -9.05378 (4), -9.05014 (4), -9.04003 (4), 
Length of domains: 487
Current (lb-rhs): -11.180591583251953
1150 domains visited
Time: pickout 0.0187    decision 0.0970    set_bounds 0.0047    solve 0.4023    add 0.0010    
Accumulated time: pickout 0.1175    decision 0.5899    set_bounds 0.0365    solve 5.4241    add 0.0202    
Cumulative time: 6.2197747230529785

BaB round 12
batch: 64
splitting decisions: 
split level 0: [/input-3, 12] [/input-3, 64] [/input-3, 62] [/input-3, 65] [/input-3, 95] [/input-3, 12] [/input-3, 64] [/input-3, 25] [/input-3, 12] [/input-3, 64] 
best_l after optimization: -121.04621124267578
beta sum per layer: [94.59566497802734, 836.899169921875]
alpha/beta optimization time: 0.3688066005706787
pruning_in_iteration open status: False
ratio of positive domain = 19 / 128 = 0.1484375
pruning-in-iteration extra time: 0.00012183189392089844
torch.Size([128, 1])
Time: prepare 0.0031    bound 0.3697    transfer 0.0003    finalize 0.0019    func 0.3750    
Accumulated time: func 5.7901    prepare 0.0862    bound 5.6949    transfer 0.0072    finalize 0.0478    
max lb tensor(0.18607712) min lb tensor(-2.56607389)
Number of Verified Splits: 19 of 128
Current worst splitting domains lb-rhs (depth):
-11.18059 (3), -11.16136 (4), -11.06154 (4), -10.84395 (4), -10.79434 (4), -10.39178 (5), -10.11526 (4), -9.94869 (4), -9.91888 (4), -9.75764 (3), -9.48720 (3), -9.44517 (4), -9.41153 (4), -9.40616 (4), -9.38014 (4), -9.18724 (4), -9.14517 (5), -9.05378 (4), -9.05014 (4), -9.04003 (4), 
Length of domains: 532
Current (lb-rhs): -11.180591583251953
1278 domains visited
Time: pickout 0.0081    decision 0.0221    set_bounds 0.0034    solve 0.3756    add 0.0011    
Accumulated time: pickout 0.1256    decision 0.6120    set_bounds 0.0400    solve 5.7997    add 0.0212    
Cumulative time: 6.630282878875732

BaB round 13
batch: 64
splitting decisions: 
split level 0: [/input-3, 125] [/input-3, 10] [/input-3, 10] [/input, 160] [/input-3, 125] [/input-3, 65] [/input, 160] [/input-3, 105] [/input-3, 65] [/input-3, 25] 
best_l after optimization: -78.9962158203125
beta sum per layer: [104.81153869628906, 872.7243041992188]
alpha/beta optimization time: 0.47921180725097656
pruning_in_iteration open status: True
ratio of positive domain = 38 / 128 = 0.296875
pruning-in-iteration extra time: 0.025043249130249023
torch.Size([128, 1])
Time: prepare 0.0039    bound 0.4803    transfer 0.0007    finalize 0.0018    func 0.4868    
Accumulated time: func 6.2769    prepare 0.0914    bound 6.1753    transfer 0.0079    finalize 0.0496    
max lb tensor(9.99999975e-05) min lb tensor(-2.24674654)
Number of Verified Splits: 38 of 128
Current worst splitting domains lb-rhs (depth):
-11.18059 (3), -11.16136 (4), -11.06154 (4), -10.84395 (4), -10.79434 (4), -10.39178 (5), -10.11526 (4), -9.94869 (4), -9.91888 (4), -9.75764 (3), -9.48720 (3), -9.44517 (4), -9.41153 (4), -9.40616 (4), -9.38014 (4), -9.18724 (4), -9.14517 (5), -9.05378 (4), -9.05014 (4), -9.04003 (4), 
Length of domains: 558
Current (lb-rhs): -11.180591583251953
1406 domains visited
Time: pickout 0.0092    decision 0.0261    set_bounds 0.0043    solve 0.4874    add 0.0010    
Accumulated time: pickout 0.1348    decision 0.6381    set_bounds 0.0443    solve 6.2871    add 0.0223    
Cumulative time: 7.158675193786621

BaB round 14
batch: 64
splitting decisions: 
split level 0: [/input-3, 10] [/input-3, 94] [/input-3, 10] [/input-3, 63] [/input-3, 62] [/input-3, 10] [/input-3, 10] [/input-3, 10] [/input-3, 81] [/input-3, 55] 
best_l after optimization: -56.188316345214844
beta sum per layer: [74.95429992675781, 954.625732421875]
alpha/beta optimization time: 0.46689534187316895
pruning_in_iteration open status: True
ratio of positive domain = 64 / 128 = 0.5
pruning-in-iteration extra time: 0.024369001388549805
torch.Size([128, 1])
Time: prepare 0.0034    bound 0.4678    transfer 0.0004    finalize 0.0042    func 0.4759    
Accumulated time: func 6.7528    prepare 0.0966    bound 6.6431    transfer 0.0083    finalize 0.0538    
max lb tensor(9.99999975e-05) min lb tensor(-2.10233974)
Number of Verified Splits: 64 of 128
Current worst splitting domains lb-rhs (depth):
-11.18059 (3), -11.16136 (4), -11.06154 (4), -10.84395 (4), -10.79434 (4), -10.39178 (5), -10.11526 (4), -9.94869 (4), -9.91888 (4), -9.75764 (3), -9.48720 (3), -9.44517 (4), -9.41153 (4), -9.40616 (4), -9.38014 (4), -9.18724 (4), -9.14517 (5), -9.05378 (4), -9.05014 (4), -9.04003 (4), 
Length of domains: 558
Current (lb-rhs): -11.180591583251953
1534 domains visited
Time: pickout 0.0088    decision 0.0257    set_bounds 0.0039    solve 0.4773    add 0.0012    
Accumulated time: pickout 0.1436    decision 0.6639    set_bounds 0.0482    solve 6.7644    add 0.0235    
Cumulative time: 7.676316976547241

BaB round 15
batch: 64
splitting decisions: 
split level 0: [/input-3, 63] [/input-3, 63] [/input-3, 10] [/input-3, 81] [/input-3, 55] [/input-3, 55] [/input-3, 72] [/input-3, 66] [/input-3, 118] [/input-3, 55] 
best_l after optimization: -65.3814926147461
beta sum per layer: [93.24919128417969, 894.8805541992188]
alpha/beta optimization time: 0.7212398052215576
pruning_in_iteration open status: True
ratio of positive domain = 39 / 128 = 0.3046875
pruning-in-iteration extra time: 0.03909444808959961
torch.Size([128, 1])
Time: prepare 0.0040    bound 0.7225    transfer 0.0003    finalize 0.0021    func 0.7290    
Accumulated time: func 7.4818    prepare 0.1022    bound 7.3656    transfer 0.0087    finalize 0.0559    
max lb tensor(9.99999975e-05) min lb tensor(-1.99357510)
Number of Verified Splits: 39 of 128
Current worst splitting domains lb-rhs (depth):
-11.18059 (3), -11.16136 (4), -11.06154 (4), -10.84395 (4), -10.79434 (4), -10.39178 (5), -10.11526 (4), -9.94869 (4), -9.91888 (4), -9.75764 (3), -9.48720 (3), -9.44517 (4), -9.41153 (4), -9.40616 (4), -9.38014 (4), -9.18724 (4), -9.14517 (5), -9.05378 (4), -9.05014 (4), -9.04003 (4), 
Length of domains: 583
Current (lb-rhs): -11.180591583251953
1662 domains visited
Time: pickout 0.0126    decision 0.0275    set_bounds 0.0043    solve 0.7300    add 0.0012    
Accumulated time: pickout 0.1561    decision 0.6914    set_bounds 0.0525    solve 7.4943    add 0.0247    
Cumulative time: 8.452381610870361

BaB round 16
batch: 64
splitting decisions: 
split level 0: [/input-3, 16] [/input-3, 66] [/input-3, 55] [/input-3, 28] [/input-3, 55] [/input-3, 66] [/input-3, 66] [/input-3, 66] [/input-3, 66] [/input-3, 66] 
best_l after optimization: -36.289710998535156
beta sum per layer: [80.76931762695312, 878.5166015625]
alpha/beta optimization time: 0.5108749866485596
pruning_in_iteration open status: True
ratio of positive domain = 59 / 128 = 0.4609375
pruning-in-iteration extra time: 0.02627277374267578
torch.Size([128, 1])
Time: prepare 0.0037    bound 0.5118    transfer 0.0003    finalize 0.0017    func 0.5176    
Accumulated time: func 7.9994    prepare 0.1074    bound 7.8774    transfer 0.0090    finalize 0.0577    
max lb tensor(9.99999975e-05) min lb tensor(-1.27161694)
Number of Verified Splits: 59 of 128
Current worst splitting domains lb-rhs (depth):
-11.18059 (3), -11.16136 (4), -11.06154 (4), -10.84395 (4), -10.79434 (4), -10.39178 (5), -10.11526 (4), -9.94869 (4), -9.91888 (4), -9.75764 (3), -9.48720 (3), -9.44517 (4), -9.41153 (4), -9.40616 (4), -9.38014 (4), -9.18724 (4), -9.14517 (5), -9.05378 (4), -9.05014 (4), -9.04003 (4), 
Length of domains: 588
Current (lb-rhs): -11.180591583251953
1790 domains visited
Time: pickout 0.0128    decision 0.0240    set_bounds 0.0039    solve 0.5182    add 0.0010    
Accumulated time: pickout 0.1689    decision 0.7154    set_bounds 0.0565    solve 8.0125    add 0.0257    
Cumulative time: 9.012584924697876

BaB round 17
batch: 64
splitting decisions: 
split level 0: [/input-3, 28] [/input-3, 80] [/input-3, 80] [/input-3, 80] [/input-3, 80] [/input-3, 55] [/input-3, 66] [/input-3, 80] [/input, 48] [/input-3, 80] 
best_l after optimization: -22.711729049682617
beta sum per layer: [69.51217651367188, 850.3601684570312]
alpha/beta optimization time: 0.417438268661499
pruning_in_iteration open status: True
ratio of positive domain = 71 / 128 = 0.5546875
pruning-in-iteration extra time: 0.023550033569335938
torch.Size([128, 1])
Time: prepare 0.0033    bound 0.4184    transfer 0.0006    finalize 0.0020    func 0.4243    
Accumulated time: func 8.4238    prepare 0.1120    bound 8.2957    transfer 0.0096    finalize 0.0597    
max lb tensor(9.99999975e-05) min lb tensor(-1.11034918)
Number of Verified Splits: 71 of 128
Current worst splitting domains lb-rhs (depth):
-11.18059 (3), -11.16136 (4), -11.06154 (4), -10.84395 (4), -10.79434 (4), -10.39178 (5), -10.11526 (4), -9.94869 (4), -9.91888 (4), -9.75764 (3), -9.48720 (3), -9.44517 (4), -9.41153 (4), -9.40616 (4), -9.38014 (4), -9.18724 (4), -9.14517 (5), -9.05378 (4), -9.05014 (4), -9.04003 (4), 
Length of domains: 581
Current (lb-rhs): -11.180591583251953
1918 domains visited
Time: pickout 0.0096    decision 0.0225    set_bounds 0.0033    solve 0.4256    add 0.0013    
Accumulated time: pickout 0.1785    decision 0.7379    set_bounds 0.0598    solve 8.4382    add 0.0270    
Time out!!!!!!!!
Result: unknown in 12.2358 seconds

 %%%%%%%%%%%%%%%%%%%%%%%%%%%%%%%%%%% idx: 6, vnnlib ID: 6 %%%%%%%%%%%%%%%%%%%%%%%%%%%%%%%%%%%
Finished vnnlib processing in 0.004419 seconds
Model: BoundedModule(
  (/0): BoundInput(name=/0, inputs=[], perturbed=True)
  (/7): BoundParams(name=/7, inputs=[], perturbed=False)
  (/8): BoundParams(name=/8, inputs=[], perturbed=False)
  (/9): BoundParams(name=/9, inputs=[], perturbed=False)
  (/10): BoundParams(name=/10, inputs=[], perturbed=False)
  (/11): BoundParams(name=/11, inputs=[], perturbed=False)
  (/12): BoundParams(name=/12, inputs=[], perturbed=False)
  (/13): BoundFlatten(name=/13, inputs=[/0], perturbed=True)
  (/input): BoundLinear(name=/input, inputs=[/13, /7, /8], perturbed=True)
  (/15): BoundRelu(name=/15, inputs=[/input], perturbed=True)
  (/input-3): BoundLinear(name=/input-3, inputs=[/15, /9, /10], perturbed=True)
  (/17): BoundRelu(name=/17, inputs=[/input-3], perturbed=True)
  (/18): BoundLinear(name=/18, inputs=[/17, /11, /12], perturbed=True)
)
Original output in the first batch: tensor([[-8.36547565, -3.24031305, -4.72652674, -6.12517309,  8.37069607,
         -0.68027115, -5.94430447, -2.84800601,  2.54119277, -0.60294974]],
       device='cuda:0')
Split layers:
Nonlinear functions:
   BoundRelu(name=/15, inputs=[/input], perturbed=True)
   BoundRelu(name=/17, inputs=[/input-3], perturbed=True)
build batch [1/1]
layer /15 using sparse-features alpha with shape [164]; unstable size 164; total size 256 ([1, 256])
layer /15 start_node /input-3 using sparse-spec alpha [2, 107, 1, 164] with unstable size 106 total_size 128 output_shape torch.Size([128])
layer /15 start_node /18 using full alpha [2, 9, 1, 164] with unstable size None total_size 9 output_shape 9
layer /17 using sparse-features alpha with shape [106]; unstable size 106; total size 128 ([1, 128])
layer /17 start_node /18 using full alpha [2, 9, 1, 106] with unstable size None total_size 9 output_shape 9
Optimizable variables initialized.
initial CROWN bounds (first 10 items): [-8.790111541748047, -10.619335174560547, -12.741424560546875, -12.8931884765625, -19.199928283691406, -11.848636627197266, -11.830440521240234, -18.768049240112305, -12.270383834838867]
prune_after_crown optimization in use
  original spec size = torch.Size([1, 9])
  pruned spec size = torch.Size([1, 9])
Using alpha-CROWN to initialize bounds.
best_l after optimization: -101.37109375
alpha/beta optimization time: 2.4499850273132324
initial alpha-crown bounds (first 10 items): [-7.379383087158203, -8.845924377441406, -10.81917953491211, -10.950267791748047, -16.353530883789062, -9.64150619506836, -10.599281311035156, -15.557592391967773, -11.224428176879883]
Global lower bound: -16.353530883789062
torch.Size([1, 9])
0 / 9 OR specs are verified.
Verified OR indices (first 10 items): []
Verified OR lbs (first 10 items): []
Unverified OR indices (first 10 items): [0, 1, 2, 3, 4, 5, 6, 7, 8]
Unverified OR lbs (first 10 items): [[-7.379383087158203], [-8.845924377441406], [-10.81917953491211], [-10.950267791748047], [-16.353530883789062], [-9.64150619506836], [-10.599281311035156], [-15.557592391967773], [-11.224428176879883]]
###### Verifying property Instance 6 ######
Batch size: 9
First 10 spec matrices
C: tensor([[[-1.,  0.,  0.,  0.,  1.,  0.,  0.,  0.,  0.,  0.]],

        [[ 0., -1.,  0.,  0.,  1.,  0.,  0.,  0.,  0.,  0.]],

        [[ 0.,  0., -1.,  0.,  1.,  0.,  0.,  0.,  0.,  0.]],

        [[ 0.,  0.,  0., -1.,  1.,  0.,  0.,  0.,  0.,  0.]],

        [[ 0.,  0.,  0.,  0.,  1., -1.,  0.,  0.,  0.,  0.]],

        [[ 0.,  0.,  0.,  0.,  1.,  0., -1.,  0.,  0.,  0.]],

        [[ 0.,  0.,  0.,  0.,  1.,  0.,  0., -1.,  0.,  0.]],

        [[ 0.,  0.,  0.,  0.,  1.,  0.,  0.,  0., -1.,  0.]],

        [[ 0.,  0.,  0.,  0.,  1.,  0.,  0.,  0.,  0., -1.]]], device='cuda:0')
RHS: tensor([[0.],
        [0.],
        [0.],
        [0.],
        [0.],
        [0.],
        [0.],
        [0.],
        [0.]], device='cuda:0')
OR spec sizes: tensor([1, 1, 1, 1, 1, 1, 1, 1, 1], device='cuda:0', dtype=torch.int32)
Remaining timeout: 9.271138906478882
Model prediction is: tensor([-8.36547565, -3.24031305, -4.72652674, -6.12517309,  8.37069607,
        -0.68027115, -5.94430447, -2.84800601,  2.54119277, -0.60294974],
       device='cuda:0')
Activation BaB batch 1/1 
build_with_refined_bounds batch [1/1]
Optimizable variables initialized.
all alpha initialized
directly get lb and ub from refined bounds
c shape: torch.Size([9, 1, 10])
lA shapes: [torch.Size([9, 1, 256]), torch.Size([9, 1, 128])]
torch.Size([9, 1])
(alpha-)CROWN with fixed intermediate bounds: tensor([[ -7.37938309],
        [ -8.84592438],
        [-10.81917953],
        [-10.95026779],
        [-16.35353088],
        [ -9.64150620],
        [-10.59928131],
        [-15.55759239],
        [-11.22442818]], device='cuda:0') tensor([[inf],
        [inf],
        [inf],
        [inf],
        [inf],
        [inf],
        [inf],
        [inf],
        [inf]], device='cuda:0')
Intermediate layers: /input,/input-3
Keeping alphas for these layers: ['/18']
Node /15 input 0: size torch.Size([256]) unstable 164
Node /17 input 0: size torch.Size([128]) unstable 104
-----------------
# of unstable neurons: 268
-----------------

BaB round 1
batch: 9
splitting decisions: 
split level 0: [/input-3, 0] [/input, 4] [/input-3, 25] [/input-3, 65] [/input, 135] [/input-3, 102] [/input-3, 35] [/input, 163] [/input-3, 81] 
best_l after optimization: -191.8162841796875
beta sum per layer: [1.1427206993103027, 2.498505115509033]
alpha/beta optimization time: 0.7980272769927979
pruning_in_iteration open status: False
ratio of positive domain = 0 / 18 = 0.0
pruning-in-iteration extra time: 0.00046324729919433594
torch.Size([18, 1])
Time: prepare 0.0026    bound 0.7999    transfer 0.0012    finalize 0.0050    func 0.8088    
Accumulated time: func 0.8088    prepare 0.0108    bound 0.7999    transfer 0.0012    finalize 0.0050    
max lb tensor(-6.30798435) min lb tensor(-15.77883339)
Number of Verified Splits: 0 of 18
Current worst splitting domains lb-rhs (depth):
-15.77883 (1), -15.25211 (1), -15.24223 (1), -15.00110 (1), -10.90056 (1), -10.55525 (1), -10.40584 (1), -10.33479 (1), -10.32094 (1), -10.31075 (1), -10.13894 (1), -9.98680 (1), -9.05815 (1), -8.98335 (1), -8.33470 (1), -7.98401 (1), -6.91995 (1), -6.30798 (1), 
Length of domains: 18
Current (lb-rhs): -15.778833389282227
18 domains visited
Time: pickout 0.0025    decision 0.0499    set_bounds 0.0017    solve 0.8095    add 0.0084    
Accumulated time: pickout 0.0025    decision 0.0499    set_bounds 0.0017    solve 0.8095    add 0.0084    
Cumulative time: 0.9199044704437256

BaB round 2
batch: 18
splitting decisions: 
split level 0: [/input-3, 81] [/input, 163] [/input, 163] [/input-3, 0] [/input, 4] [/input, 4] [/input, 231] [/input-3, 0] [/input, 163] [/input-3, 81] 
best_l after optimization: -360.05133056640625
beta sum per layer: [8.812955856323242, 10.719985008239746]
alpha/beta optimization time: 0.7003583908081055
pruning_in_iteration open status: False
ratio of positive domain = 0 / 36 = 0.0
pruning-in-iteration extra time: 0.0007796287536621094
torch.Size([36, 1])
Time: prepare 0.0030    bound 0.7020    transfer 0.0011    finalize 0.0068    func 0.7130    
Accumulated time: func 1.5218    prepare 0.0192    bound 1.5019    transfer 0.0023    finalize 0.0119    
max lb tensor(-5.55029678) min lb tensor(-15.30745792)
Number of Verified Splits: 0 of 36
Current worst splitting domains lb-rhs (depth):
-15.30746 (2), -14.98709 (2), -14.89859 (2), -14.81907 (2), -14.72871 (2), -14.25506 (2), -14.02096 (2), -13.86158 (2), -10.51608 (2), -10.37315 (2), -10.18890 (2), -10.04259 (2), -9.99628 (2), -9.97051 (2), -9.93961 (2), -9.91664 (2), -9.88337 (2), -9.84454 (2), -9.72779 (2), -9.67093 (2), 
Length of domains: 36
Current (lb-rhs): -15.30745792388916
54 domains visited
Time: pickout 0.0130    decision 0.0478    set_bounds 0.0020    solve 0.7144    add 0.0020    
Accumulated time: pickout 0.0155    decision 0.0976    set_bounds 0.0037    solve 1.5240    add 0.0104    
Cumulative time: 1.699310541152954

BaB round 3
batch: 36
splitting decisions: 
split level 0: [/input-3, 11] [/input-3, 97] [/input, 54] [/input, 163] [/input, 163] [/input-3, 44] [/input-3, 81] [/input-3, 40] [/input, 243] [/input-3, 11] 
best_l after optimization: -673.7374267578125
beta sum per layer: [32.844207763671875, 40.3892822265625]
alpha/beta optimization time: 0.618995189666748
pruning_in_iteration open status: False
ratio of positive domain = 0 / 72 = 0.0
pruning-in-iteration extra time: 0.0011229515075683594
torch.Size([72, 1])
Time: prepare 0.0064    bound 0.6216    transfer 0.0008    finalize 0.0109    func 0.6398    
Accumulated time: func 2.1616    prepare 0.0307    bound 2.1236    transfer 0.0031    finalize 0.0227    
max lb tensor(-5.08132458) min lb tensor(-14.89183331)
Number of Verified Splits: 0 of 72
Current worst splitting domains lb-rhs (depth):
-14.89183 (3), -14.80627 (3), -14.58402 (3), -14.52320 (3), -14.30001 (3), -14.15640 (3), -13.93931 (3), -13.93715 (3), -13.67803 (3), -13.38505 (3), -13.36420 (3), -12.78402 (3), -12.69106 (3), -12.65071 (3), -12.53312 (3), -12.42964 (3), -10.21588 (3), -10.08000 (3), -9.81583 (3), -9.77395 (3), 
Length of domains: 72
Current (lb-rhs): -14.891833305358887
126 domains visited
Time: pickout 0.0097    decision 0.0634    set_bounds 0.0034    solve 0.6408    add 0.0024    
Accumulated time: pickout 0.0252    decision 0.1610    set_bounds 0.0070    solve 2.1648    add 0.0128    
Cumulative time: 2.4192779064178467

BaB round 4
batch: 64
splitting decisions: 
split level 0: [/input-3, 0] [/input-3, 40] [/input-3, 48] [/input, 150] [/input, 4] [/input-3, 35] [/input, 163] [/input, 4] [/input-3, 31] [/input, 243] 
best_l after optimization: -1117.2896728515625
beta sum per layer: [85.42787170410156, 116.58070373535156]
alpha/beta optimization time: 0.6704695224761963
pruning_in_iteration open status: False
ratio of positive domain = 0 / 128 = 0.0
pruning-in-iteration extra time: 0.0001289844512939453
torch.Size([128, 1])
Time: prepare 0.0054    bound 0.6716    transfer 0.0002    finalize 0.0020    func 0.6793    
Accumulated time: func 2.8410    prepare 0.0450    bound 2.7951    transfer 0.0033    finalize 0.0248    
max lb tensor(-4.37009621) min lb tensor(-14.36505127)
Number of Verified Splits: 0 of 128
Current worst splitting domains lb-rhs (depth):
-14.89183 (3), -14.80627 (3), -14.36505 (4), -14.19142 (4), -13.89518 (4), -13.85323 (4), -13.80607 (4), -13.71289 (4), -13.69427 (4), -13.64852 (4), -13.48391 (4), -13.44633 (4), -13.43521 (4), -12.98250 (4), -12.87991 (4), -12.75004 (4), -12.74888 (4), -12.53403 (4), -12.48531 (4), -12.27495 (4), 
Length of domains: 136
Current (lb-rhs): -14.891833305358887
254 domains visited
Time: pickout 0.0159    decision 0.1005    set_bounds 0.0046    solve 0.6799    add 0.0012    
Accumulated time: pickout 0.0411    decision 0.2616    set_bounds 0.0116    solve 2.8447    add 0.0140    
Cumulative time: 3.2216081619262695

BaB round 5
batch: 64
splitting decisions: 
split level 0: [/input, 52] [/input-3, 102] [/input-3, 11] [/input-3, 97] [/input-3, 40] [/input-3, 0] [/input, 243] [/input-3, 25] [/input, 141] [/input, 123] 
best_l after optimization: -1006.875
beta sum per layer: [121.96626281738281, 173.62376403808594]
alpha/beta optimization time: 0.403562068939209
pruning_in_iteration open status: False
ratio of positive domain = 0 / 128 = 0.0
pruning-in-iteration extra time: 0.0001442432403564453
torch.Size([128, 1])
Time: prepare 0.0033    bound 0.4046    transfer 0.0003    finalize 0.0017    func 0.4099    
Accumulated time: func 3.2509    prepare 0.0497    bound 3.1997    transfer 0.0035    finalize 0.0265    
max lb tensor(-3.32366371) min lb tensor(-13.92883873)
Number of Verified Splits: 0 of 128
Current worst splitting domains lb-rhs (depth):
-14.89183 (3), -14.80627 (3), -14.36505 (4), -13.92884 (5), -13.89518 (4), -13.80607 (4), -13.69427 (4), -13.64852 (4), -13.56037 (5), -13.44633 (4), -13.43521 (4), -13.39444 (5), -13.17978 (5), -12.75004 (4), -12.74888 (4), -12.73028 (5), -12.70934 (5), -12.66359 (5), -12.56896 (5), -12.35247 (5), 
Length of domains: 200
Current (lb-rhs): -14.891833305358887
382 domains visited
Time: pickout 0.0101    decision 0.0235    set_bounds 0.0038    solve 0.4111    add 0.0015    
Accumulated time: pickout 0.0512    decision 0.2851    set_bounds 0.0154    solve 3.2558    add 0.0156    
Cumulative time: 3.6718692779541016

BaB round 6
batch: 64
splitting decisions: 
split level 0: [/input, 123] [/input-3, 44] [/input-3, 29] [/input-3, 47] [/input-3, 31] [/input-3, 81] [/input, 135] [/input-3, 65] [/input, 52] [/input-3, 65] 
best_l after optimization: -861.8026123046875
beta sum per layer: [155.86184692382812, 248.93577575683594]
alpha/beta optimization time: 0.3703317642211914
pruning_in_iteration open status: False
ratio of positive domain = 0 / 128 = 0.0
pruning-in-iteration extra time: 9.489059448242188e-05
torch.Size([128, 1])
Time: prepare 0.0035    bound 0.3713    transfer 0.0002    finalize 0.0017    func 0.3768    
Accumulated time: func 3.6277    prepare 0.0546    bound 3.5710    transfer 0.0037    finalize 0.0282    
max lb tensor(-2.44170189) min lb tensor(-12.35884285)
Number of Verified Splits: 0 of 128
Current worst splitting domains lb-rhs (depth):
-14.89183 (3), -14.80627 (3), -14.36505 (4), -13.92884 (5), -13.89518 (4), -13.80607 (4), -13.69427 (4), -13.64852 (4), -13.56037 (5), -13.44633 (4), -13.43521 (4), -13.39444 (5), -13.17978 (5), -12.75004 (4), -12.74888 (4), -12.66359 (5), -12.56896 (5), -12.35884 (6), -12.31404 (6), -12.27629 (5), 
Length of domains: 264
Current (lb-rhs): -14.891833305358887
510 domains visited
Time: pickout 0.0106    decision 0.0243    set_bounds 0.0036    solve 0.3775    add 0.0012    
Accumulated time: pickout 0.0618    decision 0.3094    set_bounds 0.0191    solve 3.6333    add 0.0168    
Cumulative time: 4.089335680007935

BaB round 7
batch: 64
splitting decisions: 
split level 0: [/input-3, 65] [/input, 150] [/input-3, 47] [/input-3, 29] [/input-3, 47] [/input-3, 25] [/input, 123] [/input-3, 44] [/input-3, 89] [/input, 141] 
best_l after optimization: -690.7886962890625
beta sum per layer: [174.94503784179688, 328.8848876953125]
alpha/beta optimization time: 0.40680670738220215
pruning_in_iteration open status: False
ratio of positive domain = 2 / 128 = 0.015625
pruning-in-iteration extra time: 0.0001513957977294922
torch.Size([128, 1])
Time: prepare 0.0032    bound 0.4079    transfer 0.0003    finalize 0.0021    func 0.4136    
Accumulated time: func 4.0412    prepare 0.0592    bound 3.9789    transfer 0.0039    finalize 0.0303    
max lb tensor(0.40213680) min lb tensor(-11.40512466)
Number of Verified Splits: 2 of 128
Current worst splitting domains lb-rhs (depth):
-14.89183 (3), -14.80627 (3), -14.36505 (4), -13.92884 (5), -13.89518 (4), -13.80607 (4), -13.69427 (4), -13.64852 (4), -13.56037 (5), -13.44633 (4), -13.43521 (4), -13.39444 (5), -13.17978 (5), -12.75004 (4), -12.74888 (4), -12.66359 (5), -12.56896 (5), -12.35884 (6), -12.31404 (6), -12.27629 (5), 
Length of domains: 326
Current (lb-rhs): -14.891833305358887
638 domains visited
Time: pickout 0.0093    decision 0.0230    set_bounds 0.0035    solve 0.4143    add 0.0012    
Accumulated time: pickout 0.0710    decision 0.3324    set_bounds 0.0226    solve 4.0476    add 0.0180    
Cumulative time: 4.541050672531128

BaB round 8
batch: 64
splitting decisions: 
split level 0: [/input-3, 74] [/input, 52] [/input, 141] [/input, 52] [/input-3, 104] [/input-3, 126] [/input-3, 25] [/input-3, 71] [/input-3, 40] [/input-3, 74] 
best_l after optimization: -530.4583740234375
beta sum per layer: [191.2222137451172, 452.473388671875]
alpha/beta optimization time: 0.4774608612060547
pruning_in_iteration open status: False
ratio of positive domain = 11 / 128 = 0.0859375
pruning-in-iteration extra time: 0.0007081031799316406
torch.Size([128, 1])
Time: prepare 0.0040    bound 0.4792    transfer 0.0012    finalize 0.0049    func 0.4894    
Accumulated time: func 4.5306    prepare 0.0650    bound 4.4580    transfer 0.0052    finalize 0.0353    
max lb tensor(0.74853897) min lb tensor(-11.07404709)
Number of Verified Splits: 11 of 128
Current worst splitting domains lb-rhs (depth):
-14.89183 (3), -14.80627 (3), -14.36505 (4), -13.92884 (5), -13.89518 (4), -13.80607 (4), -13.69427 (4), -13.64852 (4), -13.56037 (5), -13.44633 (4), -13.43521 (4), -13.39444 (5), -13.17978 (5), -12.75004 (4), -12.74888 (4), -12.66359 (5), -12.56896 (5), -12.35884 (6), -12.31404 (6), -12.27629 (5), 
Length of domains: 379
Current (lb-rhs): -14.891833305358887
766 domains visited
Time: pickout 0.0112    decision 0.0311    set_bounds 0.0042    solve 0.4900    add 0.0022    
Accumulated time: pickout 0.0822    decision 0.3635    set_bounds 0.0268    solve 4.5376    add 0.0202    
Cumulative time: 5.079958200454712

BaB round 9
batch: 64
splitting decisions: 
split level 0: [/input-3, 67] [/input-3, 126] [/input, 135] [/input, 141] [/input-3, 97] [/input-3, 47] [/input-3, 16] [/input, 243] [/input-3, 16] [/input, 243] 
best_l after optimization: -445.5125732421875
beta sum per layer: [242.1651611328125, 493.33447265625]
alpha/beta optimization time: 0.6777622699737549
pruning_in_iteration open status: False
ratio of positive domain = 10 / 128 = 0.078125
pruning-in-iteration extra time: 0.00033926963806152344
torch.Size([128, 1])
Time: prepare 0.0038    bound 0.6789    transfer 0.0007    finalize 0.0069    func 0.6904    
Accumulated time: func 5.2210    prepare 0.0739    bound 5.1370    transfer 0.0059    finalize 0.0422    
max lb tensor(0.78305626) min lb tensor(-10.63633347)
Number of Verified Splits: 10 of 128
Current worst splitting domains lb-rhs (depth):
-14.89183 (3), -14.80627 (3), -14.36505 (4), -13.92884 (5), -13.89518 (4), -13.80607 (4), -13.69427 (4), -13.64852 (4), -13.56037 (5), -13.44633 (4), -13.43521 (4), -13.39444 (5), -13.17978 (5), -12.75004 (4), -12.74888 (4), -12.66359 (5), -12.56896 (5), -12.35884 (6), -12.31404 (6), -12.27629 (5), 
Length of domains: 433
Current (lb-rhs): -14.891833305358887
894 domains visited
Time: pickout 0.0143    decision 0.0664    set_bounds 0.0041    solve 0.6913    add 0.0018    
Accumulated time: pickout 0.0965    decision 0.4299    set_bounds 0.0309    solve 5.2289    add 0.0220    
Cumulative time: 5.858186721801758

BaB round 10
batch: 64
splitting decisions: 
split level 0: [/input-3, 74] [/input-3, 21] [/input, 123] [/input-3, 40] [/input-3, 48] [/input-3, 11] [/input, 150] [/input-3, 127] [/input, 63] [/input-3, 14] 
best_l after optimization: -384.0531005859375
beta sum per layer: [292.54058837890625, 532.9042358398438]
alpha/beta optimization time: 0.6603748798370361
pruning_in_iteration open status: False
ratio of positive domain = 10 / 128 = 0.078125
pruning-in-iteration extra time: 0.0003981590270996094
torch.Size([128, 1])
Time: prepare 0.0049    bound 0.6617    transfer 0.0011    finalize 0.0051    func 0.6729    
Accumulated time: func 5.8939    prepare 0.0830    bound 5.7986    transfer 0.0070    finalize 0.0473    
max lb tensor(0.47523594) min lb tensor(-7.76474285)
Number of Verified Splits: 10 of 128
Current worst splitting domains lb-rhs (depth):
-14.89183 (3), -14.80627 (3), -14.36505 (4), -13.92884 (5), -13.89518 (4), -13.80607 (4), -13.69427 (4), -13.64852 (4), -13.56037 (5), -13.44633 (4), -13.43521 (4), -13.39444 (5), -13.17978 (5), -12.75004 (4), -12.74888 (4), -12.66359 (5), -12.56896 (5), -12.35884 (6), -12.31404 (6), -12.27629 (5), 
Length of domains: 487
Current (lb-rhs): -14.891833305358887
1022 domains visited
Time: pickout 0.0154    decision 0.0789    set_bounds 0.0039    solve 0.6738    add 0.0020    
Accumulated time: pickout 0.1119    decision 0.5088    set_bounds 0.0348    solve 5.9026    add 0.0240    
Cumulative time: 6.632460117340088

BaB round 11
batch: 64
splitting decisions: 
split level 0: [/input-3, 25] [/input-3, 114] [/input-3, 126] [/input-3, 14] [/input-3, 67] [/input-3, 25] [/input-3, 67] [/input-3, 25] [/input-3, 114] [/input-3, 126] 
best_l after optimization: -315.5633544921875
beta sum per layer: [289.2896423339844, 542.9412841796875]
alpha/beta optimization time: 0.5553321838378906
pruning_in_iteration open status: False
ratio of positive domain = 16 / 128 = 0.125
pruning-in-iteration extra time: 8.893013000488281e-05
torch.Size([128, 1])
Time: prepare 0.0065    bound 0.5566    transfer 0.0002    finalize 0.0015    func 0.5650    
Accumulated time: func 6.4589    prepare 0.0944    bound 6.3553    transfer 0.0072    finalize 0.0488    
max lb tensor(0.59351635) min lb tensor(-5.96745062)
Number of Verified Splits: 16 of 128
Current worst splitting domains lb-rhs (depth):
-14.89183 (3), -14.80627 (3), -14.36505 (4), -13.92884 (5), -13.89518 (4), -13.80607 (4), -13.69427 (4), -13.64852 (4), -13.56037 (5), -13.44633 (4), -13.43521 (4), -13.39444 (5), -13.17978 (5), -12.75004 (4), -12.74888 (4), -12.66359 (5), -12.56896 (5), -12.35884 (6), -12.31404 (6), -12.27629 (5), 
Length of domains: 535
Current (lb-rhs): -14.891833305358887
1150 domains visited
Time: pickout 0.0164    decision 0.1011    set_bounds 0.0051    solve 0.5655    add 0.0009    
Accumulated time: pickout 0.1283    decision 0.6099    set_bounds 0.0399    solve 6.4681    add 0.0249    
Cumulative time: 7.321681499481201

BaB round 12
batch: 64
splitting decisions: 
split level 0: [/input, 105] [/input, 161] [/input, 161] [/input-3, 27] [/input-3, 14] [/input-3, 44] [/input, 105] [/input-3, 27] [/input-3, 14] [/input-3, 44] 
best_l after optimization: -254.60107421875
beta sum per layer: [279.966064453125, 595.057861328125]
alpha/beta optimization time: 0.4253242015838623
pruning_in_iteration open status: False
ratio of positive domain = 19 / 128 = 0.1484375
pruning-in-iteration extra time: 0.00022745132446289062
torch.Size([128, 1])
Time: prepare 0.0068    bound 0.4263    transfer 0.0002    finalize 0.0025    func 0.4360    
Accumulated time: func 6.8948    prepare 0.1024    bound 6.7816    transfer 0.0075    finalize 0.0513    
max lb tensor(0.54208088) min lb tensor(-5.36997986)
Number of Verified Splits: 19 of 128
Current worst splitting domains lb-rhs (depth):
-14.89183 (3), -14.80627 (3), -14.36505 (4), -13.92884 (5), -13.89518 (4), -13.80607 (4), -13.69427 (4), -13.64852 (4), -13.56037 (5), -13.44633 (4), -13.43521 (4), -13.39444 (5), -13.17978 (5), -12.75004 (4), -12.74888 (4), -12.66359 (5), -12.56896 (5), -12.35884 (6), -12.31404 (6), -12.27629 (5), 
Length of domains: 580
Current (lb-rhs): -14.891833305358887
1278 domains visited
Time: pickout 0.0084    decision 0.0209    set_bounds 0.0032    solve 0.4369    add 0.0011    
Accumulated time: pickout 0.1367    decision 0.6307    set_bounds 0.0431    solve 6.9051    add 0.0261    
Cumulative time: 7.792442798614502

BaB round 13
batch: 64
splitting decisions: 
split level 0: [/input-3, 14] [/input-3, 46] [/input-3, 74] [/input-3, 93] [/input-3, 14] [/input-3, 46] [/input-3, 74] [/input-3, 126] [/input-3, 29] [/input-3, 46] 
best_l after optimization: -226.66200256347656
beta sum per layer: [270.0733947753906, 691.6705322265625]
alpha/beta optimization time: 0.42328524589538574
pruning_in_iteration open status: True
ratio of positive domain = 27 / 128 = 0.2109375
pruning-in-iteration extra time: 0.012292146682739258
torch.Size([128, 1])
Time: prepare 0.0039    bound 0.4243    transfer 0.0005    finalize 0.0033    func 0.4322    
Accumulated time: func 7.3270    prepare 0.1079    bound 7.2059    transfer 0.0080    finalize 0.0546    
max lb tensor(9.99999975e-05) min lb tensor(-4.34021187)
Number of Verified Splits: 27 of 128
Current worst splitting domains lb-rhs (depth):
-14.89183 (3), -14.80627 (3), -14.36505 (4), -13.92884 (5), -13.89518 (4), -13.80607 (4), -13.69427 (4), -13.64852 (4), -13.56037 (5), -13.44633 (4), -13.43521 (4), -13.39444 (5), -13.17978 (5), -12.75004 (4), -12.74888 (4), -12.66359 (5), -12.56896 (5), -12.35884 (6), -12.31404 (6), -12.27629 (5), 
Length of domains: 617
Current (lb-rhs): -14.891833305358887
1406 domains visited
Time: pickout 0.0129    decision 0.0287    set_bounds 0.0040    solve 0.4333    add 0.0015    
Accumulated time: pickout 0.1495    decision 0.6594    set_bounds 0.0471    solve 7.3384    add 0.0276    
Cumulative time: 8.273350715637207

BaB round 14
batch: 64
splitting decisions: 
split level 0: [/input, 161] [/input-3, 46] [/input-3, 71] [/input-3, 35] [/input-3, 74] [/input-3, 29] [/input-3, 35] [/input-3, 71] [/input, 243] [/input-3, 126] 
best_l after optimization: -227.08236694335938
beta sum per layer: [279.4178466796875, 735.4998779296875]
alpha/beta optimization time: 0.45790934562683105
pruning_in_iteration open status: False
ratio of positive domain = 15 / 128 = 0.1171875
pruning-in-iteration extra time: 0.0001857280731201172
torch.Size([128, 1])
Time: prepare 0.0052    bound 0.4591    transfer 0.0002    finalize 0.0031    func 0.4677    
Accumulated time: func 7.7947    prepare 0.1151    bound 7.6650    transfer 0.0082    finalize 0.0577    
max lb tensor(0.30697632) min lb tensor(-4.11783409)
Number of Verified Splits: 15 of 128
Current worst splitting domains lb-rhs (depth):
-14.89183 (3), -14.80627 (3), -14.36505 (4), -13.92884 (5), -13.89518 (4), -13.80607 (4), -13.69427 (4), -13.64852 (4), -13.56037 (5), -13.44633 (4), -13.43521 (4), -13.39444 (5), -13.17978 (5), -12.75004 (4), -12.74888 (4), -12.66359 (5), -12.56896 (5), -12.35884 (6), -12.31404 (6), -12.27629 (5), 
Length of domains: 666
Current (lb-rhs): -14.891833305358887
1534 domains visited
Time: pickout 0.0147    decision 0.0273    set_bounds 0.0042    solve 0.4689    add 0.0030    
Accumulated time: pickout 0.1643    decision 0.6867    set_bounds 0.0513    solve 7.8072    add 0.0306    
Cumulative time: 8.791983127593994

BaB round 15
batch: 64
splitting decisions: 
split level 0: [/input-3, 126] [/input-3, 89] [/input-3, 126] [/input-3, 126] [/input-3, 89] [/input-3, 126] [/input-3, 89] [/input-3, 126] [/input-3, 89] [/input-3, 126] 
best_l after optimization: -188.59303283691406
beta sum per layer: [284.907958984375, 743.7957763671875]
alpha/beta optimization time: 0.5826547145843506
pruning_in_iteration open status: False
ratio of positive domain = 8 / 128 = 0.0625
pruning-in-iteration extra time: 0.00039887428283691406
torch.Size([128, 1])
Time: prepare 0.0035    bound 0.5839    transfer 0.0011    finalize 0.0062    func 0.5949    
Accumulated time: func 8.3896    prepare 0.1209    bound 8.2489    transfer 0.0094    finalize 0.0639    
max lb tensor(0.42235565) min lb tensor(-3.64748478)
Number of Verified Splits: 8 of 128
Current worst splitting domains lb-rhs (depth):
-14.89183 (3), -14.80627 (3), -14.36505 (4), -13.92884 (5), -13.89518 (4), -13.80607 (4), -13.69427 (4), -13.64852 (4), -13.56037 (5), -13.44633 (4), -13.43521 (4), -13.39444 (5), -13.17978 (5), -12.75004 (4), -12.74888 (4), -12.66359 (5), -12.56896 (5), -12.35884 (6), -12.31404 (6), -12.27629 (5), 
Length of domains: 722
Current (lb-rhs): -14.891833305358887
1662 domains visited
Time: pickout 0.0123    decision 0.0302    set_bounds 0.0036    solve 0.5958    add 0.0015    
Accumulated time: pickout 0.1765    decision 0.7170    set_bounds 0.0549    solve 8.4030    add 0.0321    
Time out!!!!!!!!
Result: unknown in 12.1755 seconds

 %%%%%%%%%%%%%%%%%%%%%%%%%%%%%%%%%%% idx: 7, vnnlib ID: 7 %%%%%%%%%%%%%%%%%%%%%%%%%%%%%%%%%%%
Finished vnnlib processing in 0.007275 seconds
Model: BoundedModule(
  (/0): BoundInput(name=/0, inputs=[], perturbed=True)
  (/7): BoundParams(name=/7, inputs=[], perturbed=False)
  (/8): BoundParams(name=/8, inputs=[], perturbed=False)
  (/9): BoundParams(name=/9, inputs=[], perturbed=False)
  (/10): BoundParams(name=/10, inputs=[], perturbed=False)
  (/11): BoundParams(name=/11, inputs=[], perturbed=False)
  (/12): BoundParams(name=/12, inputs=[], perturbed=False)
  (/13): BoundFlatten(name=/13, inputs=[/0], perturbed=True)
  (/input): BoundLinear(name=/input, inputs=[/13, /7, /8], perturbed=True)
  (/15): BoundRelu(name=/15, inputs=[/input], perturbed=True)
  (/input-3): BoundLinear(name=/input-3, inputs=[/15, /9, /10], perturbed=True)
  (/17): BoundRelu(name=/17, inputs=[/input-3], perturbed=True)
  (/18): BoundLinear(name=/18, inputs=[/17, /11, /12], perturbed=True)
)
Original output in the first batch: tensor([[ -5.88997412,  -4.10349464,  -3.00214505,   1.80925095,  -0.61133683,
          -1.52036226, -12.05433750,  -1.80904567,  -3.41453910,   6.98040581]],
       device='cuda:0')
Split layers:
Nonlinear functions:
   BoundRelu(name=/15, inputs=[/input], perturbed=True)
   BoundRelu(name=/17, inputs=[/input-3], perturbed=True)
build batch [1/1]
layer /15 using sparse-features alpha with shape [167]; unstable size 167; total size 256 ([1, 256])
layer /15 start_node /input-3 using sparse-spec alpha [2, 109, 1, 167] with unstable size 108 total_size 128 output_shape torch.Size([128])
layer /15 start_node /18 using full alpha [2, 9, 1, 167] with unstable size None total_size 9 output_shape 9
layer /17 using sparse-features alpha with shape [108]; unstable size 108; total size 128 ([1, 128])
layer /17 start_node /18 using full alpha [2, 9, 1, 108] with unstable size None total_size 9 output_shape 9
Optimizable variables initialized.
initial CROWN bounds (first 10 items): [-5.132681846618652, -10.795390129089355, -12.749707221984863, -13.884012222290039, -12.826171875, -13.692363739013672, -6.438520431518555, -12.712873458862305, -9.044427871704102]
prune_after_crown optimization in use
  original spec size = torch.Size([1, 9])
  pruned spec size = torch.Size([1, 9])
Using alpha-CROWN to initialize bounds.
best_l after optimization: -88.14112854003906
alpha/beta optimization time: 2.5707638263702393
initial alpha-crown bounds (first 10 items): [-4.457935333251953, -9.765701293945312, -11.902631759643555, -12.877832412719727, -11.429584503173828, -12.657880783081055, -5.437658309936523, -11.307741165161133, -8.304168701171875]
Global lower bound: -12.877832412719727
torch.Size([1, 9])
0 / 9 OR specs are verified.
Verified OR indices (first 10 items): []
Verified OR lbs (first 10 items): []
Unverified OR indices (first 10 items): [0, 1, 2, 3, 4, 5, 6, 7, 8]
Unverified OR lbs (first 10 items): [[-4.457935333251953], [-9.765701293945312], [-11.902631759643555], [-12.877832412719727], [-11.429584503173828], [-12.657880783081055], [-5.437658309936523], [-11.307741165161133], [-8.304168701171875]]
###### Verifying property Instance 7 ######
Batch size: 9
First 10 spec matrices
C: tensor([[[-1.,  0.,  0.,  0.,  0.,  0.,  0.,  0.,  0.,  1.]],

        [[ 0., -1.,  0.,  0.,  0.,  0.,  0.,  0.,  0.,  1.]],

        [[ 0.,  0., -1.,  0.,  0.,  0.,  0.,  0.,  0.,  1.]],

        [[ 0.,  0.,  0., -1.,  0.,  0.,  0.,  0.,  0.,  1.]],

        [[ 0.,  0.,  0.,  0., -1.,  0.,  0.,  0.,  0.,  1.]],

        [[ 0.,  0.,  0.,  0.,  0., -1.,  0.,  0.,  0.,  1.]],

        [[ 0.,  0.,  0.,  0.,  0.,  0., -1.,  0.,  0.,  1.]],

        [[ 0.,  0.,  0.,  0.,  0.,  0.,  0., -1.,  0.,  1.]],

        [[ 0.,  0.,  0.,  0.,  0.,  0.,  0.,  0., -1.,  1.]]], device='cuda:0')
RHS: tensor([[0.],
        [0.],
        [0.],
        [0.],
        [0.],
        [0.],
        [0.],
        [0.],
        [0.]], device='cuda:0')
OR spec sizes: tensor([1, 1, 1, 1, 1, 1, 1, 1, 1], device='cuda:0', dtype=torch.int32)
Remaining timeout: 9.01729679107666
Model prediction is: tensor([ -5.88997412,  -4.10349464,  -3.00214505,   1.80925095,  -0.61133683,
         -1.52036226, -12.05433750,  -1.80904567,  -3.41453910,   6.98040581],
       device='cuda:0')
Activation BaB batch 1/1 
build_with_refined_bounds batch [1/1]
Optimizable variables initialized.
all alpha initialized
directly get lb and ub from refined bounds
c shape: torch.Size([9, 1, 10])
lA shapes: [torch.Size([9, 1, 256]), torch.Size([9, 1, 128])]
torch.Size([9, 1])
(alpha-)CROWN with fixed intermediate bounds: tensor([[ -4.45793533],
        [ -9.76570129],
        [-11.90263176],
        [-12.87783241],
        [-11.42958450],
        [-12.65788078],
        [ -5.43765831],
        [-11.30774117],
        [ -8.30416870]], device='cuda:0') tensor([[inf],
        [inf],
        [inf],
        [inf],
        [inf],
        [inf],
        [inf],
        [inf],
        [inf]], device='cuda:0')
Intermediate layers: /input,/input-3
Keeping alphas for these layers: ['/18']
Node /15 input 0: size torch.Size([256]) unstable 167
Node /17 input 0: size torch.Size([128]) unstable 108
-----------------
# of unstable neurons: 275
-----------------

BaB round 1
batch: 9
splitting decisions: 
split level 0: [/input-3, 118] [/input-3, 48] [/input-3, 34] [/input, 222] [/input-3, 118] [/input, 207] [/input, 207] [/input, 54] [/input, 239] 
best_l after optimization: -160.95660400390625
beta sum per layer: [4.495548725128174, 5.564208984375]
alpha/beta optimization time: 0.6428885459899902
pruning_in_iteration open status: False
ratio of positive domain = 0 / 18 = 0.0
pruning-in-iteration extra time: 0.00047516822814941406
torch.Size([18, 1])
Time: prepare 0.0018    bound 0.6441    transfer 0.0009    finalize 0.0060    func 0.6529    
Accumulated time: func 0.6529    prepare 0.0058    bound 0.6441    transfer 0.0009    finalize 0.0060    
max lb tensor(-3.12703896) min lb tensor(-12.59142303)
Number of Verified Splits: 0 of 18
Current worst splitting domains lb-rhs (depth):
-12.59142 (1), -12.34245 (1), -11.84129 (1), -11.72106 (1), -11.61572 (1), -11.17519 (1), -10.87939 (1), -10.68370 (1), -9.45428 (1), -9.19695 (1), -9.13862 (1), -7.95663 (1), -7.94426 (1), -7.47870 (1), -4.96496 (1), -4.67658 (1), -4.16836 (1), -3.12704 (1), 
Length of domains: 18
Current (lb-rhs): -12.591423034667969
18 domains visited
Time: pickout 0.0017    decision 0.0331    set_bounds 0.0018    solve 0.6535    add 0.0072    
Accumulated time: pickout 0.0017    decision 0.0331    set_bounds 0.0018    solve 0.6535    add 0.0072    
Cumulative time: 0.7326433658599854

BaB round 2
batch: 18
splitting decisions: 
split level 0: [/input-3, 11] [/input, 4] [/input, 222] [/input, 54] [/input, 207] [/input, 222] [/input, 252] [/input-3, 118] [/input, 207] [/input-3, 11] 
best_l after optimization: -298.4535827636719
beta sum per layer: [18.246143341064453, 20.56448745727539]
alpha/beta optimization time: 0.6596333980560303
pruning_in_iteration open status: False
ratio of positive domain = 0 / 36 = 0.0
pruning-in-iteration extra time: 0.0010387897491455078
torch.Size([36, 1])
Time: prepare 0.0032    bound 0.6615    transfer 0.0013    finalize 0.0090    func 0.6751    
Accumulated time: func 1.3280    prepare 0.0142    bound 1.3056    transfer 0.0022    finalize 0.0151    
max lb tensor(-2.74578190) min lb tensor(-12.15148163)
Number of Verified Splits: 0 of 36
Current worst splitting domains lb-rhs (depth):
-12.15148 (2), -12.12181 (2), -12.02381 (2), -11.68684 (2), -11.50671 (2), -11.33357 (2), -11.27596 (2), -11.23238 (2), -11.19561 (2), -10.82123 (2), -10.64869 (2), -10.48951 (2), -10.36885 (2), -10.30201 (2), -9.89566 (2), -9.62051 (2), -9.11172 (2), -8.50681 (2), -8.50259 (2), -8.12210 (2), 
Length of domains: 36
Current (lb-rhs): -12.151481628417969
54 domains visited
Time: pickout 0.0109    decision 0.0439    set_bounds 0.0018    solve 0.6762    add 0.0041    
Accumulated time: pickout 0.0126    decision 0.0770    set_bounds 0.0036    solve 1.3297    add 0.0114    
Cumulative time: 1.469878911972046

BaB round 3
batch: 36
splitting decisions: 
split level 0: [/input, 207] [/input, 222] [/input-3, 110] [/input-3, 48] [/input, 76] [/input-3, 99] [/input-3, 83] [/input, 222] [/input-3, 110] [/input-3, 110] 
best_l after optimization: -517.96875
beta sum per layer: [44.98859786987305, 79.13255310058594]
alpha/beta optimization time: 0.7069950103759766
pruning_in_iteration open status: False
ratio of positive domain = 0 / 72 = 0.0
pruning-in-iteration extra time: 0.00034332275390625
torch.Size([72, 1])
Time: prepare 0.0038    bound 0.7081    transfer 0.0011    finalize 0.0049    func 0.7180    
Accumulated time: func 2.0459    prepare 0.0261    bound 2.0137    transfer 0.0033    finalize 0.0200    
max lb tensor(-0.61349010) min lb tensor(-11.87152004)
Number of Verified Splits: 0 of 72
Current worst splitting domains lb-rhs (depth):
-11.87152 (3), -11.85094 (3), -11.73096 (3), -11.35523 (3), -11.21714 (3), -11.07191 (3), -10.90284 (3), -10.90198 (3), -10.83866 (3), -10.69229 (3), -10.56607 (3), -10.54836 (3), -10.40876 (3), -10.25399 (3), -10.15785 (3), -10.11430 (3), -10.09628 (3), -10.03886 (3), -9.95413 (3), -9.91348 (3), 
Length of domains: 72
Current (lb-rhs): -11.871520042419434
126 domains visited
Time: pickout 0.0187    decision 0.0648    set_bounds 0.0028    solve 0.7187    add 0.0048    
Accumulated time: pickout 0.0313    decision 0.1418    set_bounds 0.0064    solve 2.0484    add 0.0162    
Cumulative time: 2.279999017715454

BaB round 4
batch: 64
splitting decisions: 
split level 0: [/input, 58] [/input-3, 67] [/input-3, 83] [/input-3, 4] [/input-3, 110] [/input-3, 110] [/input-3, 110] [/input-3, 118] [/input, 222] [/input, 58] 
best_l after optimization: -775.810546875
beta sum per layer: [98.4710922241211, 236.50299072265625]
alpha/beta optimization time: 0.5869851112365723
pruning_in_iteration open status: False
ratio of positive domain = 0 / 128 = 0.0
pruning-in-iteration extra time: 0.0001266002655029297
torch.Size([128, 1])
Time: prepare 0.0049    bound 0.5879    transfer 0.0002    finalize 0.0016    func 0.5948    
Accumulated time: func 2.6408    prepare 0.0363    bound 2.6016    transfer 0.0035    finalize 0.0216    
max lb tensor(-0.09792614) min lb tensor(-11.60473442)
Number of Verified Splits: 0 of 128
Current worst splitting domains lb-rhs (depth):
-11.85094 (3), -11.73096 (3), -11.60473 (4), -11.07191 (3), -11.03483 (4), -10.92604 (4), -10.61105 (4), -10.59699 (4), -10.56607 (3), -10.54004 (4), -10.51093 (4), -10.50134 (4), -10.35783 (4), -10.20081 (4), -10.17302 (4), -10.15785 (3), -9.98131 (4), -9.93714 (4), -9.88223 (4), -9.81875 (4), 
Length of domains: 136
Current (lb-rhs): -11.85094165802002
254 domains visited
Time: pickout 0.0127    decision 0.0846    set_bounds 0.0043    solve 0.5954    add 0.0011    
Accumulated time: pickout 0.0440    decision 0.2264    set_bounds 0.0106    solve 2.6438    add 0.0173    
Cumulative time: 2.9781808853149414

BaB round 5
batch: 64
splitting decisions: 
split level 0: [/input-3, 48] [/input-3, 63] [/input-3, 110] [/input-3, 48] [/input, 57] [/input-3, 34] [/input, 163] [/input-3, 110] [/input-3, 54] [/input-3, 48] 
best_l after optimization: -603.1402587890625
beta sum per layer: [119.69088745117188, 328.2725830078125]
alpha/beta optimization time: 0.40012550354003906
pruning_in_iteration open status: False
ratio of positive domain = 14 / 128 = 0.109375
pruning-in-iteration extra time: 0.00018310546875
torch.Size([128, 1])
Time: prepare 0.0033    bound 0.4011    transfer 0.0004    finalize 0.0025    func 0.4073    
Accumulated time: func 3.0481    prepare 0.0409    bound 3.0026    transfer 0.0039    finalize 0.0241    
max lb tensor(0.41534901) min lb tensor(-10.75084305)
Number of Verified Splits: 14 of 128
Current worst splitting domains lb-rhs (depth):
-11.85094 (3), -11.73096 (3), -11.60473 (4), -11.07191 (3), -10.92604 (4), -10.75084 (5), -10.61105 (4), -10.59699 (4), -10.56607 (3), -10.54004 (4), -10.50134 (4), -10.35783 (4), -10.20081 (4), -10.17302 (4), -10.15785 (3), -10.13967 (5), -9.93714 (4), -9.88223 (4), -9.76810 (4), -9.66723 (5), 
Length of domains: 186
Current (lb-rhs): -11.85094165802002
382 domains visited
Time: pickout 0.0089    decision 0.0231    set_bounds 0.0032    solve 0.4080    add 0.0009    
Accumulated time: pickout 0.0529    decision 0.2495    set_bounds 0.0138    solve 3.0518    add 0.0182    
Cumulative time: 3.4225051403045654

BaB round 6
batch: 64
splitting decisions: 
split level 0: [/input-3, 102] [/input-3, 54] [/input-3, 67] [/input-3, 101] [/input-3, 63] [/input-3, 63] [/input-3, 99] [/input, 4] [/input-3, 102] [/input-3, 110] 
best_l after optimization: -554.86962890625
beta sum per layer: [141.69009399414062, 416.56866455078125]
alpha/beta optimization time: 0.35044002532958984
pruning_in_iteration open status: False
ratio of positive domain = 11 / 128 = 0.0859375
pruning-in-iteration extra time: 0.00020194053649902344
torch.Size([128, 1])
Time: prepare 0.0032    bound 0.3514    transfer 0.0004    finalize 0.0024    func 0.3574    
Accumulated time: func 3.4055    prepare 0.0459    bound 3.3540    transfer 0.0043    finalize 0.0265    
max lb tensor(0.12461567) min lb tensor(-9.11484528)
Number of Verified Splits: 11 of 128
Current worst splitting domains lb-rhs (depth):
-11.85094 (3), -11.73096 (3), -11.60473 (4), -11.07191 (3), -10.92604 (4), -10.75084 (5), -10.61105 (4), -10.59699 (4), -10.56607 (3), -10.54004 (4), -10.50134 (4), -10.35783 (4), -10.20081 (4), -10.17302 (4), -10.15785 (3), -10.13967 (5), -9.93714 (4), -9.88223 (4), -9.76810 (4), -9.62246 (4), 
Length of domains: 239
Current (lb-rhs): -11.85094165802002
510 domains visited
Time: pickout 0.0090    decision 0.0221    set_bounds 0.0039    solve 0.3581    add 0.0010    
Accumulated time: pickout 0.0619    decision 0.2716    set_bounds 0.0177    solve 3.4100    add 0.0192    
Cumulative time: 3.816826581954956

BaB round 7
batch: 64
splitting decisions: 
split level 0: [/input-3, 54] [/input-3, 54] [/input-3, 54] [/input-3, 83] [/input-3, 63] [/input-3, 54] [/input-3, 104] [/input-3, 63] [/input-3, 31] [/input-3, 54] 
best_l after optimization: -465.3404541015625
beta sum per layer: [129.6415252685547, 478.0361633300781]
alpha/beta optimization time: 0.49134325981140137
pruning_in_iteration open status: False
ratio of positive domain = 10 / 128 = 0.078125
pruning-in-iteration extra time: 0.0001125335693359375
torch.Size([128, 1])
Time: prepare 0.0033    bound 0.4923    transfer 0.0002    finalize 0.0018    func 0.4977    
Accumulated time: func 3.9032    prepare 0.0505    bound 3.8463    transfer 0.0045    finalize 0.0283    
max lb tensor(0.68016052) min lb tensor(-8.55239773)
Number of Verified Splits: 10 of 128
Current worst splitting domains lb-rhs (depth):
-11.85094 (3), -11.73096 (3), -11.60473 (4), -11.07191 (3), -10.92604 (4), -10.75084 (5), -10.61105 (4), -10.59699 (4), -10.56607 (3), -10.54004 (4), -10.50134 (4), -10.35783 (4), -10.20081 (4), -10.17302 (4), -10.15785 (3), -10.13967 (5), -9.93714 (4), -9.88223 (4), -9.76810 (4), -9.62246 (4), 
Length of domains: 293
Current (lb-rhs): -11.85094165802002
638 domains visited
Time: pickout 0.0079    decision 0.0260    set_bounds 0.0035    solve 0.4983    add 0.0011    
Accumulated time: pickout 0.0698    decision 0.2976    set_bounds 0.0212    solve 3.9082    add 0.0203    
Cumulative time: 4.3538196086883545

BaB round 8
batch: 64
splitting decisions: 
split level 0: [/input-3, 99] [/input-3, 118] [/input-3, 104] [/input-3, 83] [/input-3, 63] [/input-3, 99] [/input-3, 118] [/input-3, 104] [/input-3, 83] [/input-3, 63] 
best_l after optimization: -358.99090576171875
beta sum per layer: [111.4873275756836, 554.0911254882812]
alpha/beta optimization time: 0.39233899116516113
pruning_in_iteration open status: False
ratio of positive domain = 17 / 128 = 0.1328125
pruning-in-iteration extra time: 0.00047516822814941406
torch.Size([128, 1])
Time: prepare 0.0040    bound 0.3938    transfer 0.0008    finalize 0.0052    func 0.4039    
Accumulated time: func 4.3070    prepare 0.0563    bound 4.2401    transfer 0.0053    finalize 0.0335    
max lb tensor(0.24627829) min lb tensor(-7.07521486)
Number of Verified Splits: 17 of 128
Current worst splitting domains lb-rhs (depth):
-11.85094 (3), -11.73096 (3), -11.60473 (4), -11.07191 (3), -10.92604 (4), -10.75084 (5), -10.61105 (4), -10.59699 (4), -10.56607 (3), -10.54004 (4), -10.50134 (4), -10.35783 (4), -10.20081 (4), -10.17302 (4), -10.15785 (3), -10.13967 (5), -9.93714 (4), -9.88223 (4), -9.76810 (4), -9.62246 (4), 
Length of domains: 340
Current (lb-rhs): -11.85094165802002
766 domains visited
Time: pickout 0.0111    decision 0.0329    set_bounds 0.0043    solve 0.4046    add 0.0025    
Accumulated time: pickout 0.0809    decision 0.3304    set_bounds 0.0255    solve 4.3128    add 0.0228    
Cumulative time: 4.809514045715332

BaB round 9
batch: 64
splitting decisions: 
split level 0: [/input-3, 68] [/input, 104] [/input-3, 63] [/input-3, 110] [/input-3, 4] [/input-3, 54] [/input-3, 101] [/input-3, 68] [/input-3, 83] [/input-3, 22] 
best_l after optimization: -339.53802490234375
beta sum per layer: [95.62216186523438, 618.3958740234375]
alpha/beta optimization time: 0.6282646656036377
pruning_in_iteration open status: False
ratio of positive domain = 18 / 128 = 0.140625
pruning-in-iteration extra time: 0.0003097057342529297
torch.Size([128, 1])
Time: prepare 0.0064    bound 0.6295    transfer 0.0015    finalize 0.0071    func 0.6445    
Accumulated time: func 4.9515    prepare 0.0697    bound 4.8696    transfer 0.0067    finalize 0.0406    
max lb tensor(0.31458282) min lb tensor(-6.78062344)
Number of Verified Splits: 18 of 128
Current worst splitting domains lb-rhs (depth):
-11.85094 (3), -11.73096 (3), -11.60473 (4), -11.07191 (3), -10.92604 (4), -10.75084 (5), -10.61105 (4), -10.59699 (4), -10.56607 (3), -10.54004 (4), -10.50134 (4), -10.35783 (4), -10.20081 (4), -10.17302 (4), -10.15785 (3), -10.13967 (5), -9.93714 (4), -9.88223 (4), -9.76810 (4), -9.62246 (4), 
Length of domains: 386
Current (lb-rhs): -11.85094165802002
894 domains visited
Time: pickout 0.0144    decision 0.0727    set_bounds 0.0067    solve 0.6455    add 0.0028    
Accumulated time: pickout 0.0953    decision 0.4031    set_bounds 0.0322    solve 4.9583    add 0.0256    
Cumulative time: 5.5520970821380615

BaB round 10
batch: 64
splitting decisions: 
split level 0: [/input-3, 31] [/input-3, 48] [/input, 104] [/input-3, 83] [/input-3, 22] [/input-3, 4] [/input-3, 48] [/input-3, 4] [/input-3, 31] [/input-3, 48] 
best_l after optimization: -322.647705078125
beta sum per layer: [102.50775146484375, 665.482177734375]
alpha/beta optimization time: 0.6984140872955322
pruning_in_iteration open status: False
ratio of positive domain = 15 / 128 = 0.1171875
pruning-in-iteration extra time: 0.00040435791015625
torch.Size([128, 1])
Time: prepare 0.0040    bound 0.6996    transfer 0.0016    finalize 0.0078    func 0.7131    
Accumulated time: func 5.6646    prepare 0.0782    bound 5.5692    transfer 0.0083    finalize 0.0484    
max lb tensor(0.42118883) min lb tensor(-6.46757364)
Number of Verified Splits: 15 of 128
Current worst splitting domains lb-rhs (depth):
-11.85094 (3), -11.73096 (3), -11.60473 (4), -11.07191 (3), -10.92604 (4), -10.75084 (5), -10.61105 (4), -10.59699 (4), -10.56607 (3), -10.54004 (4), -10.50134 (4), -10.35783 (4), -10.20081 (4), -10.17302 (4), -10.15785 (3), -10.13967 (5), -9.93714 (4), -9.88223 (4), -9.76810 (4), -9.62246 (4), 
Length of domains: 435
Current (lb-rhs): -11.85094165802002
1022 domains visited
Time: pickout 0.0116    decision 0.0942    set_bounds 0.0060    solve 0.7142    add 0.0022    
Accumulated time: pickout 0.1069    decision 0.4973    set_bounds 0.0382    solve 5.6725    add 0.0278    
Cumulative time: 6.381002902984619

BaB round 11
batch: 64
splitting decisions: 
split level 0: [/input-3, 118] [/input-3, 23] [/input-3, 34] [/input-3, 17] [/input-3, 34] [/input-3, 23] [/input-3, 60] [/input-3, 34] [/input-3, 23] [/input-3, 60] 
best_l after optimization: -264.74383544921875
beta sum per layer: [120.35282897949219, 750.2023315429688]
alpha/beta optimization time: 0.5599768161773682
pruning_in_iteration open status: False
ratio of positive domain = 5 / 128 = 0.0390625
pruning-in-iteration extra time: 0.0001418590545654297
torch.Size([128, 1])
Time: prepare 0.0053    bound 0.5610    transfer 0.0004    finalize 0.0021    func 0.5688    
Accumulated time: func 6.2334    prepare 0.0896    bound 6.1302    transfer 0.0087    finalize 0.0505    
max lb tensor(0.23379326) min lb tensor(-6.31702280)
Number of Verified Splits: 5 of 128
Current worst splitting domains lb-rhs (depth):
-11.85094 (3), -11.73096 (3), -11.60473 (4), -11.07191 (3), -10.92604 (4), -10.75084 (5), -10.61105 (4), -10.59699 (4), -10.56607 (3), -10.54004 (4), -10.50134 (4), -10.35783 (4), -10.20081 (4), -10.17302 (4), -10.15785 (3), -10.13967 (5), -9.93714 (4), -9.88223 (4), -9.76810 (4), -9.62246 (4), 
Length of domains: 494
Current (lb-rhs): -11.85094165802002
1150 domains visited
Time: pickout 0.0189    decision 0.0873    set_bounds 0.0044    solve 0.5698    add 0.0016    
Accumulated time: pickout 0.1258    decision 0.5846    set_bounds 0.0426    solve 6.2423    add 0.0293    
Cumulative time: 7.063214302062988

BaB round 12
batch: 64
splitting decisions: 
split level 0: [/input-3, 69] [/input-3, 69] [/input-3, 69] [/input-3, 101] [/input-3, 60] [/input-3, 69] [/input-3, 69] [/input-3, 5] [/input-3, 69] [/input-3, 69] 
best_l after optimization: -166.75039672851562
beta sum per layer: [122.66646575927734, 763.4005126953125]
alpha/beta optimization time: 0.5233628749847412
pruning_in_iteration open status: False
ratio of positive domain = 23 / 128 = 0.1796875
pruning-in-iteration extra time: 0.0001327991485595703
torch.Size([128, 1])
Time: prepare 0.0049    bound 0.5245    transfer 0.0002    finalize 0.0018    func 0.5315    
Accumulated time: func 6.7650    prepare 0.0965    bound 6.6547    transfer 0.0089    finalize 0.0523    
max lb tensor(0.28362370) min lb tensor(-4.48212290)
Number of Verified Splits: 23 of 128
Current worst splitting domains lb-rhs (depth):
-11.85094 (3), -11.73096 (3), -11.60473 (4), -11.07191 (3), -10.92604 (4), -10.75084 (5), -10.61105 (4), -10.59699 (4), -10.56607 (3), -10.54004 (4), -10.50134 (4), -10.35783 (4), -10.20081 (4), -10.17302 (4), -10.15785 (3), -10.13967 (5), -9.93714 (4), -9.88223 (4), -9.76810 (4), -9.62246 (4), 
Length of domains: 535
Current (lb-rhs): -11.85094165802002
1278 domains visited
Time: pickout 0.0099    decision 0.0353    set_bounds 0.0053    solve 0.5322    add 0.0016    
Accumulated time: pickout 0.1356    decision 0.6199    set_bounds 0.0479    solve 6.7744    add 0.0309    
Cumulative time: 7.647694826126099

BaB round 13
batch: 64
splitting decisions: 
split level 0: [/input-3, 5] [/input-3, 69] [/input-3, 117] [/input-3, 117] [/input-3, 118] [/input-3, 4] [/input-3, 17] [/input-3, 118] [/input-3, 4] [/input-3, 117] 
best_l after optimization: -136.70913696289062
beta sum per layer: [139.4787139892578, 754.5300903320312]
alpha/beta optimization time: 0.5007667541503906
pruning_in_iteration open status: True
ratio of positive domain = 49 / 128 = 0.3828125
pruning-in-iteration extra time: 0.026430845260620117
torch.Size([128, 1])
Time: prepare 0.0035    bound 0.5018    transfer 0.0004    finalize 0.0042    func 0.5101    
Accumulated time: func 7.2750    prepare 0.1015    bound 7.1565    transfer 0.0093    finalize 0.0565    
max lb tensor(9.99999975e-05) min lb tensor(-4.20350075)
Number of Verified Splits: 49 of 128
Current worst splitting domains lb-rhs (depth):
-11.85094 (3), -11.73096 (3), -11.60473 (4), -11.07191 (3), -10.92604 (4), -10.75084 (5), -10.61105 (4), -10.59699 (4), -10.56607 (3), -10.54004 (4), -10.50134 (4), -10.35783 (4), -10.20081 (4), -10.17302 (4), -10.15785 (3), -10.13967 (5), -9.93714 (4), -9.88223 (4), -9.76810 (4), -9.62246 (4), 
Length of domains: 550
Current (lb-rhs): -11.85094165802002
1406 domains visited
Time: pickout 0.0090    decision 0.0241    set_bounds 0.0035    solve 0.5108    add 0.0019    
Accumulated time: pickout 0.1446    decision 0.6439    set_bounds 0.0514    solve 7.2853    add 0.0328    
Cumulative time: 8.197933673858643

BaB round 14
batch: 64
splitting decisions: 
split level 0: [/input-3, 17] [/input-3, 117] [/input-3, 69] [/input-3, 117] [/input-3, 4] [/input-3, 117] [/input, 58] [/input-3, 117] [/input, 58] [/input-3, 69] 
best_l after optimization: -157.40158081054688
beta sum per layer: [167.7103729248047, 690.58251953125]
alpha/beta optimization time: 0.7986917495727539
pruning_in_iteration open status: True
ratio of positive domain = 38 / 128 = 0.296875
pruning-in-iteration extra time: 0.04734373092651367
torch.Size([128, 1])
Time: prepare 0.0045    bound 0.8000    transfer 0.0039    finalize 0.0088    func 0.8173    
Accumulated time: func 8.0924    prepare 0.1077    bound 7.9566    transfer 0.0133    finalize 0.0653    
max lb tensor(9.99999975e-05) min lb tensor(-3.88413811)
Number of Verified Splits: 38 of 128
Current worst splitting domains lb-rhs (depth):
-11.85094 (3), -11.73096 (3), -11.60473 (4), -11.07191 (3), -10.92604 (4), -10.75084 (5), -10.61105 (4), -10.59699 (4), -10.56607 (3), -10.54004 (4), -10.50134 (4), -10.35783 (4), -10.20081 (4), -10.17302 (4), -10.15785 (3), -10.13967 (5), -9.93714 (4), -9.88223 (4), -9.76810 (4), -9.62246 (4), 
Length of domains: 576
Current (lb-rhs): -11.85094165802002
1534 domains visited
Time: pickout 0.0115    decision 0.0314    set_bounds 0.0049    solve 0.8184    add 0.0016    
Accumulated time: pickout 0.1561    decision 0.6754    set_bounds 0.0563    solve 8.1036    add 0.0343    
Time out!!!!!!!!
Result: unknown in 12.0568 seconds

 %%%%%%%%%%%%%%%%%%%%%%%%%%%%%%%%%%% idx: 8, vnnlib ID: 8 %%%%%%%%%%%%%%%%%%%%%%%%%%%%%%%%%%%
Finished vnnlib processing in 0.012168 seconds
Model: BoundedModule(
  (/0): BoundInput(name=/0, inputs=[], perturbed=True)
  (/7): BoundParams(name=/7, inputs=[], perturbed=False)
  (/8): BoundParams(name=/8, inputs=[], perturbed=False)
  (/9): BoundParams(name=/9, inputs=[], perturbed=False)
  (/10): BoundParams(name=/10, inputs=[], perturbed=False)
  (/11): BoundParams(name=/11, inputs=[], perturbed=False)
  (/12): BoundParams(name=/12, inputs=[], perturbed=False)
  (/13): BoundFlatten(name=/13, inputs=[/0], perturbed=True)
  (/input): BoundLinear(name=/input, inputs=[/13, /7, /8], perturbed=True)
  (/15): BoundRelu(name=/15, inputs=[/input], perturbed=True)
  (/input-3): BoundLinear(name=/input-3, inputs=[/15, /9, /10], perturbed=True)
  (/17): BoundRelu(name=/17, inputs=[/input-3], perturbed=True)
  (/18): BoundLinear(name=/18, inputs=[/17, /11, /12], perturbed=True)
)
Original output in the first batch: tensor([[-6.30403280, -5.61951447, -0.92720681, -5.69338799, -1.26623869,
          6.99834967,  0.67078650, -8.36575222,  1.31518328, -0.77901953]],
       device='cuda:0')
Split layers:
Nonlinear functions:
   BoundRelu(name=/15, inputs=[/input], perturbed=True)
   BoundRelu(name=/17, inputs=[/input-3], perturbed=True)
build batch [1/1]
layer /15 using sparse-features alpha with shape [130]; unstable size 130; total size 256 ([1, 256])
layer /15 start_node /input-3 using sparse-spec alpha [2, 87, 1, 130] with unstable size 86 total_size 128 output_shape torch.Size([128])
layer /15 start_node /18 using full alpha [2, 9, 1, 130] with unstable size None total_size 9 output_shape 9
layer /17 using sparse-features alpha with shape [86]; unstable size 86; total size 128 ([1, 128])
layer /17 start_node /18 using full alpha [2, 9, 1, 86] with unstable size None total_size 9 output_shape 9
Optimizable variables initialized.
initial CROWN bounds (first 10 items): [-2.745722770690918, -0.4025592803955078, -8.133210182189941, -0.5426225662231445, -9.013484954833984, -6.403335094451904, -1.132493019104004, -6.674471378326416, -5.852214336395264]
prune_after_crown optimization in use
  original spec size = torch.Size([1, 9])
  pruned spec size = torch.Size([1, 9])
Using alpha-CROWN to initialize bounds.
best_l after optimization: -30.407194137573242
alpha/beta optimization time: 2.6855127811431885
initial alpha-crown bounds (first 10 items): [-1.589141845703125, 0.04840660095214844, -7.106874942779541, 0.2276744842529297, -7.003514289855957, -4.817702293395996, -0.19126319885253906, -5.235417366027832, -4.739360332489014]
Global lower bound: -7.106874942779541
torch.Size([1, 9])
2 / 9 OR specs are verified.
Verified OR indices (first 10 items): [1, 3]
Verified OR lbs (first 10 items): [[0.04840660095214844], [0.2276744842529297]]
Unverified OR indices (first 10 items): [0, 2, 4, 5, 6, 7, 8]
Unverified OR lbs (first 10 items): [[-1.589141845703125], [-7.106874942779541], [-7.003514289855957], [-4.817702293395996], [-0.19126319885253906], [-5.235417366027832], [-4.739360332489014]]
###### Verifying property Instance 8 ######
Batch size: 7
First 10 spec matrices
C: tensor([[[-1.,  0.,  0.,  0.,  0.,  1.,  0.,  0.,  0.,  0.]],

        [[ 0.,  0., -1.,  0.,  0.,  1.,  0.,  0.,  0.,  0.]],

        [[ 0.,  0.,  0.,  0., -1.,  1.,  0.,  0.,  0.,  0.]],

        [[ 0.,  0.,  0.,  0.,  0.,  1., -1.,  0.,  0.,  0.]],

        [[ 0.,  0.,  0.,  0.,  0.,  1.,  0., -1.,  0.,  0.]],

        [[ 0.,  0.,  0.,  0.,  0.,  1.,  0.,  0., -1.,  0.]],

        [[ 0.,  0.,  0.,  0.,  0.,  1.,  0.,  0.,  0., -1.]]], device='cuda:0')
RHS: tensor([[0.],
        [0.],
        [0.],
        [0.],
        [0.],
        [0.],
        [0.]], device='cuda:0')
OR spec sizes: tensor([1, 1, 1, 1, 1, 1, 1], device='cuda:0', dtype=torch.int32)
Remaining timeout: 8.817339181900024
Model prediction is: tensor([-6.30403280, -5.61951447, -0.92720681, -5.69338799, -1.26623869,
         6.99834967,  0.67078650, -8.36575222,  1.31518328, -0.77901953],
       device='cuda:0')
Activation BaB batch 1/1 
build_with_refined_bounds batch [1/1]
Optimizable variables initialized.
all alpha initialized
directly get lb and ub from refined bounds
c shape: torch.Size([7, 1, 10])
lA shapes: [torch.Size([7, 1, 256]), torch.Size([7, 1, 128])]
torch.Size([7, 1])
(alpha-)CROWN with fixed intermediate bounds: tensor([[-1.58914185],
        [-7.10687494],
        [-7.00351429],
        [-4.81770229],
        [-0.19126320],
        [-5.23541737],
        [-4.73936033]], device='cuda:0') tensor([[inf],
        [inf],
        [inf],
        [inf],
        [inf],
        [inf],
        [inf]], device='cuda:0')
Intermediate layers: /input,/input-3
Keeping alphas for these layers: ['/18']
Node /15 input 0: size torch.Size([256]) unstable 130
Node /17 input 0: size torch.Size([128]) unstable 84
-----------------
# of unstable neurons: 214
-----------------

BaB round 1
batch: 7
splitting decisions: 
split level 0: [/input, 150] [/input, 150] [/input, 238] [/input-3, 11] [/input-3, 42] [/input-3, 20] [/input, 150] 
best_l after optimization: -54.50532150268555
beta sum per layer: [3.151418685913086, 0.0387583002448082]
alpha/beta optimization time: 0.5464634895324707
pruning_in_iteration open status: False
ratio of positive domain = 2 / 14 = 0.1428571428571429
pruning-in-iteration extra time: 0.0003349781036376953
torch.Size([14, 1])
Time: prepare 0.0016    bound 0.5478    transfer 0.0009    finalize 0.0048    func 0.5552    
Accumulated time: func 0.5552    prepare 0.0066    bound 0.5478    transfer 0.0009    finalize 0.0048    
max lb tensor(0.53767586) min lb tensor(-6.78977442)
Number of Verified Splits: 2 of 14
Current worst splitting domains lb-rhs (depth):
-6.78977 (1), -6.70175 (1), -6.52071 (1), -5.53146 (1), -4.89259 (1), -4.88507 (1), -4.55857 (1), -4.50392 (1), -4.45132 (1), -4.28663 (1), -1.25468 (1), -0.87206 (1), 
Length of domains: 12
Current (lb-rhs): -6.789774417877197
14 domains visited
Time: pickout 0.0016    decision 0.0362    set_bounds 0.0012    solve 0.5565    add 0.0067    
Accumulated time: pickout 0.0016    decision 0.0362    set_bounds 0.0012    solve 0.5565    add 0.0067    
Cumulative time: 0.6368303298950195

BaB round 2
batch: 12
splitting decisions: 
split level 0: [/input-3, 102] [/input-3, 9] [/input-3, 91] [/input-3, 102] [/input, 150] [/input-3, 9] [/input-3, 102] [/input-3, 9] [/input-3, 91] [/input-3, 102] 
best_l after optimization: -95.09854125976562
beta sum per layer: [8.72091007232666, 8.851943969726562]
alpha/beta optimization time: 0.6066961288452148
pruning_in_iteration open status: False
ratio of positive domain = 0 / 24 = 0.0
pruning-in-iteration extra time: 0.0007953643798828125
torch.Size([24, 1])
Time: prepare 0.0027    bound 0.6084    transfer 0.0012    finalize 0.0048    func 0.6171    
Accumulated time: func 1.1723    prepare 0.0132    bound 1.1562    transfer 0.0021    finalize 0.0096    
max lb tensor(-0.13228416) min lb tensor(-6.55670404)
Number of Verified Splits: 0 of 24
Current worst splitting domains lb-rhs (depth):
-6.55670 (2), -6.51043 (2), -6.25642 (2), -5.72084 (2), -5.24856 (2), -5.17984 (2), -5.12201 (2), -4.59943 (2), -4.59135 (2), -4.57963 (2), -4.42207 (2), -4.41195 (2), -4.33268 (2), -4.26474 (2), -4.11532 (2), -4.11413 (2), -3.96396 (2), -3.92397 (2), -2.55112 (2), -2.48557 (2), 
Length of domains: 24
Current (lb-rhs): -6.556704044342041
38 domains visited
Time: pickout 0.0091    decision 0.0365    set_bounds 0.0055    solve 0.6178    add 0.0016    
Accumulated time: pickout 0.0108    decision 0.0728    set_bounds 0.0066    solve 1.1743    add 0.0082    
Cumulative time: 1.307469367980957

BaB round 3
batch: 24
splitting decisions: 
split level 0: [/input-3, 11] [/input-3, 103] [/input, 104] [/input, 2] [/input-3, 42] [/input-3, 42] [/input-3, 11] [/input-3, 103] [/input, 104] [/input, 2] 
best_l after optimization: -166.34674072265625
beta sum per layer: [21.847171783447266, 30.99111557006836]
alpha/beta optimization time: 0.5701496601104736
pruning_in_iteration open status: False
ratio of positive domain = 2 / 48 = 0.04166666666666663
pruning-in-iteration extra time: 0.0006785392761230469
torch.Size([48, 1])
Time: prepare 0.0027    bound 0.5717    transfer 0.0019    finalize 0.0078    func 0.5841    
Accumulated time: func 1.7564    prepare 0.0209    bound 1.7278    transfer 0.0040    finalize 0.0174    
max lb tensor(0.28212833) min lb tensor(-6.34377241)
Number of Verified Splits: 2 of 48
Current worst splitting domains lb-rhs (depth):
-6.34377 (3), -6.32237 (3), -6.01616 (3), -5.88855 (3), -5.71498 (3), -5.45331 (3), -4.99430 (3), -4.89562 (3), -4.83048 (3), -4.81880 (3), -4.81836 (3), -4.72693 (3), -4.58805 (3), -4.32850 (3), -4.30050 (3), -4.29839 (3), -4.28589 (3), -4.27005 (3), -4.13142 (3), -4.13051 (3), 
Length of domains: 46
Current (lb-rhs): -6.3437724113464355
86 domains visited
Time: pickout 0.0106    decision 0.0548    set_bounds 0.0027    solve 0.5848    add 0.0028    
Accumulated time: pickout 0.0214    decision 0.1276    set_bounds 0.0094    solve 1.7591    add 0.0110    
Cumulative time: 1.9635798931121826

BaB round 4
batch: 46
splitting decisions: 
split level 0: [/input-3, 42] [/input, 255] [/input-3, 101] [/input-3, 20] [/input-3, 106] [/input-3, 20] [/input-3, 42] [/input, 255] [/input-3, 101] [/input-3, 20] 
best_l after optimization: -278.9495849609375
beta sum per layer: [50.44412612915039, 99.55697631835938]
alpha/beta optimization time: 0.5195775032043457
pruning_in_iteration open status: False
ratio of positive domain = 10 / 92 = 0.10869565217391308
pruning-in-iteration extra time: 0.00031685829162597656
torch.Size([92, 1])
Time: prepare 0.0053    bound 0.5212    transfer 0.0008    finalize 0.0043    func 0.5318    
Accumulated time: func 2.2882    prepare 0.0330    bound 2.2490    transfer 0.0048    finalize 0.0218    
max lb tensor(0.60162210) min lb tensor(-6.12442112)
Number of Verified Splits: 10 of 92
Current worst splitting domains lb-rhs (depth):
-6.12442 (4), -6.09961 (4), -5.91210 (4), -5.80947 (4), -5.66582 (4), -5.50158 (4), -5.47648 (4), -5.44467 (4), -5.40280 (4), -5.28455 (4), -5.21739 (4), -4.75909 (4), -4.57294 (4), -4.56232 (4), -4.52369 (4), -4.51514 (4), -4.50576 (4), -4.46965 (4), -4.41916 (4), -4.40601 (4), 
Length of domains: 82
Current (lb-rhs): -6.124421119689941
178 domains visited
Time: pickout 0.0166    decision 0.0743    set_bounds 0.0040    solve 0.5324    add 0.0020    
Accumulated time: pickout 0.0380    decision 0.2019    set_bounds 0.0133    solve 2.2915    add 0.0131    
Cumulative time: 2.593106508255005

BaB round 5
batch: 64
splitting decisions: 
split level 0: [/input-3, 101] [/input-3, 11] [/input, 151] [/input, 255] [/input-3, 29] [/input, 110] [/input-3, 91] [/input, 2] [/input-3, 20] [/input-3, 29] 
best_l after optimization: -349.2844543457031
beta sum per layer: [102.19222259521484, 225.84149169921875]
alpha/beta optimization time: 0.6515102386474609
pruning_in_iteration open status: False
ratio of positive domain = 4 / 128 = 0.03125
pruning-in-iteration extra time: 0.00032138824462890625
torch.Size([128, 1])
Time: prepare 0.0044    bound 0.6526    transfer 0.0008    finalize 0.0091    func 0.6669    
Accumulated time: func 2.9551    prepare 0.0409    bound 2.9017    transfer 0.0056    finalize 0.0308    
max lb tensor(0.13735962) min lb tensor(-5.71110868)
Number of Verified Splits: 4 of 128
Current worst splitting domains lb-rhs (depth):
-6.12442 (4), -6.09961 (4), -5.80947 (4), -5.71111 (5), -5.50537 (5), -5.33660 (5), -5.28455 (4), -5.28127 (5), -5.26761 (5), -5.15118 (5), -5.03373 (5), -4.75909 (4), -4.52369 (4), -4.46281 (5), -4.40601 (4), -4.36763 (5), -4.31147 (5), -4.29851 (5), -4.25004 (5), -4.24590 (5), 
Length of domains: 142
Current (lb-rhs): -6.124421119689941
306 domains visited
Time: pickout 0.0130    decision 0.0833    set_bounds 0.0042    solve 0.6678    add 0.0016    
Accumulated time: pickout 0.0510    decision 0.2852    set_bounds 0.0175    solve 2.9592    add 0.0146    
Cumulative time: 3.3631250858306885

BaB round 6
batch: 64
splitting decisions: 
split level 0: [/input-3, 106] [/input-3, 85] [/input-3, 29] [/input-3, 106] [/input-3, 91] [/input-3, 106] [/input-3, 106] [/input, 58] [/input-3, 11] [/input-3, 91] 
best_l after optimization: -252.10690307617188
beta sum per layer: [98.57151794433594, 319.23736572265625]
alpha/beta optimization time: 0.4556136131286621
pruning_in_iteration open status: False
ratio of positive domain = 9 / 128 = 0.0703125
pruning-in-iteration extra time: 0.0001423358917236328
torch.Size([128, 1])
Time: prepare 0.0043    bound 0.4565    transfer 0.0003    finalize 0.0020    func 0.4631    
Accumulated time: func 3.4182    prepare 0.0495    bound 3.3581    transfer 0.0058    finalize 0.0328    
max lb tensor(0.20753670) min lb tensor(-4.11261177)
Number of Verified Splits: 9 of 128
Current worst splitting domains lb-rhs (depth):
-6.12442 (4), -6.09961 (4), -5.80947 (4), -5.71111 (5), -5.50537 (5), -5.33660 (5), -5.28455 (4), -5.28127 (5), -5.26761 (5), -5.15118 (5), -5.03373 (5), -4.75909 (4), -4.52369 (4), -4.40601 (4), -4.36763 (5), -4.31147 (5), -4.29851 (5), -4.25004 (5), -4.20863 (5), -4.19308 (5), 
Length of domains: 197
Current (lb-rhs): -6.124421119689941
434 domains visited
Time: pickout 0.0118    decision 0.0783    set_bounds 0.0034    solve 0.4637    add 0.0014    
Accumulated time: pickout 0.0628    decision 0.3635    set_bounds 0.0209    solve 3.4229    add 0.0160    
Cumulative time: 3.9219555854797363

BaB round 7
batch: 64
splitting decisions: 
split level 0: [/input-3, 16] [/input-3, 29] [/input-3, 101] [/input, 110] [/input-3, 106] [/input-3, 85] [/input-3, 91] [/input, 145] [/input-3, 59] [/input-3, 85] 
best_l after optimization: -177.8143768310547
beta sum per layer: [76.2848892211914, 398.6098937988281]
alpha/beta optimization time: 0.40343713760375977
pruning_in_iteration open status: False
ratio of positive domain = 21 / 128 = 0.1640625
pruning-in-iteration extra time: 0.00010633468627929688
torch.Size([128, 1])
Time: prepare 0.0037    bound 0.4044    transfer 0.0002    finalize 0.0020    func 0.4104    
Accumulated time: func 3.8286    prepare 0.0550    bound 3.7626    transfer 0.0061    finalize 0.0348    
max lb tensor(0.52311039) min lb tensor(-3.47481394)
Number of Verified Splits: 21 of 128
Current worst splitting domains lb-rhs (depth):
-6.12442 (4), -6.09961 (4), -5.80947 (4), -5.71111 (5), -5.50537 (5), -5.33660 (5), -5.28455 (4), -5.28127 (5), -5.26761 (5), -5.15118 (5), -5.03373 (5), -4.75909 (4), -4.52369 (4), -4.40601 (4), -4.36763 (5), -4.31147 (5), -4.29851 (5), -4.25004 (5), -4.20863 (5), -4.19308 (5), 
Length of domains: 240
Current (lb-rhs): -6.124421119689941
562 domains visited
Time: pickout 0.0096    decision 0.0263    set_bounds 0.0040    solve 0.4111    add 0.0011    
Accumulated time: pickout 0.0724    decision 0.3898    set_bounds 0.0249    solve 3.8341    add 0.0171    
Cumulative time: 4.374303102493286

BaB round 8
batch: 64
splitting decisions: 
split level 0: [/input-3, 85] [/input-3, 106] [/input, 116] [/input-3, 101] [/input-3, 2] [/input-3, 2] [/input-3, 103] [/input-3, 29] [/input-3, 106] [/input-3, 73] 
best_l after optimization: -120.66581726074219
beta sum per layer: [47.26618576049805, 422.51080322265625]
alpha/beta optimization time: 0.46016788482666016
pruning_in_iteration open status: True
ratio of positive domain = 38 / 128 = 0.296875
pruning-in-iteration extra time: 0.020110368728637695
torch.Size([128, 1])
Time: prepare 0.0034    bound 0.4611    transfer 0.0004    finalize 0.0017    func 0.4667    
Accumulated time: func 4.2953    prepare 0.0596    bound 4.2237    transfer 0.0065    finalize 0.0365    
max lb tensor(9.99999975e-05) min lb tensor(-3.25688386)
Number of Verified Splits: 38 of 128
Current worst splitting domains lb-rhs (depth):
-6.12442 (4), -6.09961 (4), -5.80947 (4), -5.71111 (5), -5.50537 (5), -5.33660 (5), -5.28455 (4), -5.28127 (5), -5.26761 (5), -5.15118 (5), -5.03373 (5), -4.75909 (4), -4.52369 (4), -4.40601 (4), -4.36763 (5), -4.31147 (5), -4.29851 (5), -4.25004 (5), -4.20863 (5), -4.19308 (5), 
Length of domains: 266
Current (lb-rhs): -6.124421119689941
690 domains visited
Time: pickout 0.0093    decision 0.0232    set_bounds 0.0037    solve 0.4680    add 0.0012    
Accumulated time: pickout 0.0817    decision 0.4130    set_bounds 0.0286    solve 4.3020    add 0.0183    
Cumulative time: 4.879966497421265

BaB round 9
batch: 64
splitting decisions: 
split level 0: [/input, 255] [/input-3, 2] [/input-3, 20] [/input-3, 85] [/input, 217] [/input-3, 63] [/input-3, 2] [/input-3, 50] [/input-3, 20] [/input-3, 101] 
best_l after optimization: -123.2598876953125
beta sum per layer: [42.1773567199707, 368.6922607421875]
alpha/beta optimization time: 0.5030558109283447
pruning_in_iteration open status: True
ratio of positive domain = 38 / 128 = 0.296875
pruning-in-iteration extra time: 0.02442765235900879
torch.Size([128, 1])
Time: prepare 0.0036    bound 0.5041    transfer 0.0003    finalize 0.0022    func 0.5103    
Accumulated time: func 4.8056    prepare 0.0649    bound 4.7278    transfer 0.0069    finalize 0.0387    
max lb tensor(9.99999975e-05) min lb tensor(-3.08795714)
Number of Verified Splits: 38 of 128
Current worst splitting domains lb-rhs (depth):
-6.12442 (4), -6.09961 (4), -5.80947 (4), -5.71111 (5), -5.50537 (5), -5.33660 (5), -5.28455 (4), -5.28127 (5), -5.26761 (5), -5.15118 (5), -5.03373 (5), -4.75909 (4), -4.52369 (4), -4.40601 (4), -4.36763 (5), -4.31147 (5), -4.29851 (5), -4.25004 (5), -4.20863 (5), -4.19308 (5), 
Length of domains: 292
Current (lb-rhs): -6.124421119689941
818 domains visited
Time: pickout 0.0087    decision 0.0278    set_bounds 0.0042    solve 0.5109    add 0.0010    
Accumulated time: pickout 0.0904    decision 0.4408    set_bounds 0.0328    solve 4.8130    add 0.0193    
Cumulative time: 5.43293571472168

BaB round 10
batch: 64
splitting decisions: 
split level 0: [/input-3, 33] [/input-3, 50] [/input-3, 54] [/input-3, 50] [/input-3, 20] [/input-3, 102] [/input-3, 33] [/input, 255] [/input-3, 50] [/input-3, 106] 
best_l after optimization: -101.90093994140625
beta sum per layer: [52.29835510253906, 403.35693359375]
alpha/beta optimization time: 0.6547117233276367
pruning_in_iteration open status: False
ratio of positive domain = 24 / 128 = 0.1875
pruning-in-iteration extra time: 0.0006859302520751953
torch.Size([128, 1])
Time: prepare 0.0035    bound 0.6565    transfer 0.0013    finalize 0.0049    func 0.6663    
Accumulated time: func 5.4718    prepare 0.0699    bound 5.3843    transfer 0.0082    finalize 0.0436    
max lb tensor(0.44472647) min lb tensor(-2.84687328)
Number of Verified Splits: 24 of 128
Current worst splitting domains lb-rhs (depth):
-6.12442 (4), -6.09961 (4), -5.80947 (4), -5.71111 (5), -5.50537 (5), -5.33660 (5), -5.28455 (4), -5.28127 (5), -5.26761 (5), -5.15118 (5), -5.03373 (5), -4.75909 (4), -4.52369 (4), -4.40601 (4), -4.36763 (5), -4.31147 (5), -4.29851 (5), -4.25004 (5), -4.20863 (5), -4.19308 (5), 
Length of domains: 332
Current (lb-rhs): -6.124421119689941
946 domains visited
Time: pickout 0.0086    decision 0.0283    set_bounds 0.0033    solve 0.6671    add 0.0033    
Accumulated time: pickout 0.0989    decision 0.4691    set_bounds 0.0361    solve 5.4801    add 0.0227    
Cumulative time: 6.143763065338135

BaB round 11
batch: 64
splitting decisions: 
split level 0: [/input-3, 51] [/input-3, 51] [/input, 150] [/input, 145] [/input, 150] [/input-3, 33] [/input-3, 86] [/input, 2] [/input, 2] [/input, 120] 
best_l after optimization: -65.19427490234375
beta sum per layer: [57.848243713378906, 421.4574279785156]
alpha/beta optimization time: 0.5095806121826172
pruning_in_iteration open status: True
ratio of positive domain = 34 / 128 = 0.265625
pruning-in-iteration extra time: 0.02360391616821289
torch.Size([128, 1])
Time: prepare 0.0047    bound 0.5106    transfer 0.0004    finalize 0.0021    func 0.5179    
Accumulated time: func 5.9898    prepare 0.0799    bound 5.8948    transfer 0.0086    finalize 0.0457    
max lb tensor(9.99999975e-05) min lb tensor(-2.09246016)
Number of Verified Splits: 34 of 128
Current worst splitting domains lb-rhs (depth):
-6.12442 (4), -6.09961 (4), -5.80947 (4), -5.71111 (5), -5.50537 (5), -5.33660 (5), -5.28455 (4), -5.28127 (5), -5.26761 (5), -5.15118 (5), -5.03373 (5), -4.75909 (4), -4.52369 (4), -4.40601 (4), -4.36763 (5), -4.31147 (5), -4.29851 (5), -4.25004 (5), -4.20863 (5), -4.19308 (5), 
Length of domains: 362
Current (lb-rhs): -6.124421119689941
1074 domains visited
Time: pickout 0.0118    decision 0.0914    set_bounds 0.0042    solve 0.5192    add 0.0017    
Accumulated time: pickout 0.1107    decision 0.5605    set_bounds 0.0402    solve 5.9992    add 0.0244    
Cumulative time: 6.77260422706604

BaB round 12
batch: 64
splitting decisions: 
split level 0: [/input-3, 34] [/input-3, 97] [/input-3, 54] [/input-3, 116] [/input-3, 37] [/input-3, 97] [/input-3, 29] [/input-3, 33] [/input-3, 29] [/input-3, 37] 
best_l after optimization: -43.201995849609375
beta sum per layer: [51.081092834472656, 461.9332580566406]
alpha/beta optimization time: 0.5242669582366943
pruning_in_iteration open status: True
ratio of positive domain = 57 / 128 = 0.4453125
pruning-in-iteration extra time: 0.028799057006835938
torch.Size([128, 1])
Time: prepare 0.0038    bound 0.5254    transfer 0.0004    finalize 0.0023    func 0.5321    
Accumulated time: func 6.5218    prepare 0.0850    bound 6.4203    transfer 0.0090    finalize 0.0480    
max lb tensor(9.99999975e-05) min lb tensor(-1.44907117)
Number of Verified Splits: 57 of 128
Current worst splitting domains lb-rhs (depth):
-6.12442 (4), -6.09961 (4), -5.80947 (4), -5.71111 (5), -5.50537 (5), -5.33660 (5), -5.28455 (4), -5.28127 (5), -5.26761 (5), -5.15118 (5), -5.03373 (5), -4.75909 (4), -4.52369 (4), -4.40601 (4), -4.36763 (5), -4.31147 (5), -4.29851 (5), -4.25004 (5), -4.20863 (5), -4.19308 (5), 
Length of domains: 369
Current (lb-rhs): -6.124421119689941
1202 domains visited
Time: pickout 0.0102    decision 0.0342    set_bounds 0.0042    solve 0.5327    add 0.0010    
Accumulated time: pickout 0.1210    decision 0.5947    set_bounds 0.0444    solve 6.5320    add 0.0254    
Cumulative time: 7.35532283782959

BaB round 13
batch: 64
splitting decisions: 
split level 0: [/input, 255] [/input-3, 97] [/input-3, 54] [/input-3, 97] [/input-3, 52] [/input-3, 52] [/input-3, 54] [/input-3, 33] [/input-3, 52] [/input-3, 33] 
best_l after optimization: -41.82089614868164
beta sum per layer: [71.91545867919922, 470.7991943359375]
alpha/beta optimization time: 0.48374032974243164
pruning_in_iteration open status: True
ratio of positive domain = 50 / 128 = 0.390625
pruning-in-iteration extra time: 0.02833724021911621
torch.Size([128, 1])
Time: prepare 0.0038    bound 0.4848    transfer 0.0004    finalize 0.0021    func 0.4912    
Accumulated time: func 7.0130    prepare 0.0904    bound 6.9051    transfer 0.0094    finalize 0.0501    
max lb tensor(9.99999975e-05) min lb tensor(-1.34538627)
Number of Verified Splits: 50 of 128
Current worst splitting domains lb-rhs (depth):
-6.12442 (4), -6.09961 (4), -5.80947 (4), -5.71111 (5), -5.50537 (5), -5.33660 (5), -5.28455 (4), -5.28127 (5), -5.26761 (5), -5.15118 (5), -5.03373 (5), -4.75909 (4), -4.52369 (4), -4.40601 (4), -4.36763 (5), -4.31147 (5), -4.29851 (5), -4.25004 (5), -4.20863 (5), -4.19308 (5), 
Length of domains: 383
Current (lb-rhs): -6.124421119689941
1330 domains visited
Time: pickout 0.0101    decision 0.0310    set_bounds 0.0040    solve 0.4918    add 0.0011    
Accumulated time: pickout 0.1311    decision 0.6256    set_bounds 0.0484    solve 7.0237    add 0.0265    
Cumulative time: 7.893598794937134

BaB round 14
batch: 64
splitting decisions: 
split level 0: [/input-3, 86] [/input, 58] [/input-3, 52] [/input, 247] [/input-3, 37] [/input-3, 97] [/input-3, 97] [/input, 145] [/input, 247] [/input, 255] 
best_l after optimization: -34.27635955810547
beta sum per layer: [93.71802520751953, 482.956298828125]
alpha/beta optimization time: 0.7436797618865967
pruning_in_iteration open status: True
ratio of positive domain = 56 / 128 = 0.4375
pruning-in-iteration extra time: 0.040738821029663086
torch.Size([128, 1])
Time: prepare 0.0046    bound 0.7461    transfer 0.0031    finalize 0.0063    func 0.7602    
Accumulated time: func 7.7732    prepare 0.0962    bound 7.6512    transfer 0.0125    finalize 0.0564    
max lb tensor(9.99999975e-05) min lb tensor(-1.20520496)
Number of Verified Splits: 56 of 128
Current worst splitting domains lb-rhs (depth):
-6.12442 (4), -6.09961 (4), -5.80947 (4), -5.71111 (5), -5.50537 (5), -5.33660 (5), -5.28455 (4), -5.28127 (5), -5.26761 (5), -5.15118 (5), -5.03373 (5), -4.75909 (4), -4.52369 (4), -4.40601 (4), -4.36763 (5), -4.31147 (5), -4.29851 (5), -4.25004 (5), -4.20863 (5), -4.19308 (5), 
Length of domains: 391
Current (lb-rhs): -6.124421119689941
1458 domains visited
Time: pickout 0.0109    decision 0.0280    set_bounds 0.0046    solve 0.7620    add 0.0016    
Accumulated time: pickout 0.1420    decision 0.6536    set_bounds 0.0530    solve 7.7857    add 0.0281    
Cumulative time: 8.700900793075562

BaB round 15
batch: 64
splitting decisions: 
split level 0: [/input, 244] [/input, 26] [/input-3, 114] [/input-3, 114] [/input-3, 114] [/input, 142] [/input-3, 86] [/input-3, 86] [/input-3, 91] [/input-3, 91] 
best_l after optimization: -25.550090789794922
beta sum per layer: [127.56005096435547, 489.16632080078125]
alpha/beta optimization time: 0.8135838508605957
pruning_in_iteration open status: True
ratio of positive domain = 63 / 128 = 0.4921875
pruning-in-iteration extra time: 0.052887916564941406
torch.Size([128, 1])
Time: prepare 0.0116    bound 0.8156    transfer 0.0006    finalize 0.0025    func 0.8304    
Accumulated time: func 8.6037    prepare 0.1134    bound 8.4668    transfer 0.0130    finalize 0.0588    
max lb tensor(9.99999975e-05) min lb tensor(-1.12192082)
Number of Verified Splits: 63 of 128
Current worst splitting domains lb-rhs (depth):
-6.12442 (4), -6.09961 (4), -5.80947 (4), -5.71111 (5), -5.50537 (5), -5.33660 (5), -5.28455 (4), -5.28127 (5), -5.26761 (5), -5.15118 (5), -5.03373 (5), -4.75909 (4), -4.52369 (4), -4.40601 (4), -4.36763 (5), -4.31147 (5), -4.29851 (5), -4.25004 (5), -4.20863 (5), -4.19308 (5), 
Length of domains: 392
Current (lb-rhs): -6.124421119689941
1586 domains visited
Time: pickout 0.0166    decision 0.0949    set_bounds 0.0061    solve 0.8312    add 0.0018    
Accumulated time: pickout 0.1585    decision 0.7485    set_bounds 0.0591    solve 8.6170    add 0.0299    
Time out!!!!!!!!
Result: unknown in 12.8446 seconds

 %%%%%%%%%%%%%%%%%%%%%%%%%%%%%%%%%%% idx: 9, vnnlib ID: 9 %%%%%%%%%%%%%%%%%%%%%%%%%%%%%%%%%%%
Finished vnnlib processing in 0.003230 seconds
Model: BoundedModule(
  (/0): BoundInput(name=/0, inputs=[], perturbed=True)
  (/7): BoundParams(name=/7, inputs=[], perturbed=False)
  (/8): BoundParams(name=/8, inputs=[], perturbed=False)
  (/9): BoundParams(name=/9, inputs=[], perturbed=False)
  (/10): BoundParams(name=/10, inputs=[], perturbed=False)
  (/11): BoundParams(name=/11, inputs=[], perturbed=False)
  (/12): BoundParams(name=/12, inputs=[], perturbed=False)
  (/13): BoundFlatten(name=/13, inputs=[/0], perturbed=True)
  (/input): BoundLinear(name=/input, inputs=[/13, /7, /8], perturbed=True)
  (/15): BoundRelu(name=/15, inputs=[/input], perturbed=True)
  (/input-3): BoundLinear(name=/input-3, inputs=[/15, /9, /10], perturbed=True)
  (/17): BoundRelu(name=/17, inputs=[/input-3], perturbed=True)
  (/18): BoundLinear(name=/18, inputs=[/17, /11, /12], perturbed=True)
)
Original output in the first batch: tensor([[ -6.92634344,  -7.13066244,  -7.48018312,  -3.08025551,   3.79146791,
          -5.39134884, -16.59525108,   0.48358208,   0.22790071,   8.39225388]],
       device='cuda:0')
Split layers:
Nonlinear functions:
   BoundRelu(name=/15, inputs=[/input], perturbed=True)
   BoundRelu(name=/17, inputs=[/input-3], perturbed=True)
build batch [1/1]
layer /15 using sparse-features alpha with shape [134]; unstable size 134; total size 256 ([1, 256])
layer /15 start_node /input-3 using sparse-spec alpha [2, 77, 1, 134] with unstable size 76 total_size 128 output_shape torch.Size([128])
layer /15 start_node /18 using full alpha [2, 9, 1, 134] with unstable size None total_size 9 output_shape 9
layer /17 using sparse-features alpha with shape [76]; unstable size 76; total size 128 ([1, 128])
layer /17 start_node /18 using full alpha [2, 9, 1, 76] with unstable size None total_size 9 output_shape 9
Optimizable variables initialized.
initial CROWN bounds (first 10 items): [-3.5963563919067383, -2.5411014556884766, -4.97962760925293, -5.239892959594727, -12.082886695861816, -5.340386390686035, -0.023174285888671875, -11.42782974243164, -9.973161697387695]
prune_after_crown optimization in use
  original spec size = torch.Size([1, 9])
  pruned spec size = torch.Size([1, 9])
Using alpha-CROWN to initialize bounds.
Early stop at 64th iter due to 10 iterations no improvement!
best_l after optimization: -47.62642288208008
alpha/beta optimization time: 0.9936528205871582
initial alpha-crown bounds (first 10 items): [-2.5282373428344727, -1.9854040145874023, -4.273331642150879, -4.721508026123047, -10.940366744995117, -4.571467399597168, 1.0643939971923828, -10.50082778930664, -9.169672966003418]
Global lower bound: -10.940366744995117
torch.Size([1, 9])
1 / 9 OR specs are verified.
Verified OR indices (first 10 items): [6]
Verified OR lbs (first 10 items): [[1.0643939971923828]]
Unverified OR indices (first 10 items): [0, 1, 2, 3, 4, 5, 7, 8]
Unverified OR lbs (first 10 items): [[-2.5282373428344727], [-1.9854040145874023], [-4.273331642150879], [-4.721508026123047], [-10.940366744995117], [-4.571467399597168], [-10.50082778930664], [-9.169672966003418]]
###### Verifying property Instance 9 ######
Batch size: 8
First 10 spec matrices
C: tensor([[[-1.,  0.,  0.,  0.,  0.,  0.,  0.,  0.,  0.,  1.]],

        [[ 0., -1.,  0.,  0.,  0.,  0.,  0.,  0.,  0.,  1.]],

        [[ 0.,  0., -1.,  0.,  0.,  0.,  0.,  0.,  0.,  1.]],

        [[ 0.,  0.,  0., -1.,  0.,  0.,  0.,  0.,  0.,  1.]],

        [[ 0.,  0.,  0.,  0., -1.,  0.,  0.,  0.,  0.,  1.]],

        [[ 0.,  0.,  0.,  0.,  0., -1.,  0.,  0.,  0.,  1.]],

        [[ 0.,  0.,  0.,  0.,  0.,  0.,  0., -1.,  0.,  1.]],

        [[ 0.,  0.,  0.,  0.,  0.,  0.,  0.,  0., -1.,  1.]]], device='cuda:0')
RHS: tensor([[0.],
        [0.],
        [0.],
        [0.],
        [0.],
        [0.],
        [0.],
        [0.]], device='cuda:0')
OR spec sizes: tensor([1, 1, 1, 1, 1, 1, 1, 1], device='cuda:0', dtype=torch.int32)
Remaining timeout: 10.765481233596802
Model prediction is: tensor([ -6.92634344,  -7.13066244,  -7.48018312,  -3.08025551,   3.79146791,
         -5.39134884, -16.59525108,   0.48358208,   0.22790071,   8.39225388],
       device='cuda:0')
Activation BaB batch 1/1 
build_with_refined_bounds batch [1/1]
Optimizable variables initialized.
all alpha initialized
directly get lb and ub from refined bounds
c shape: torch.Size([8, 1, 10])
lA shapes: [torch.Size([8, 1, 256]), torch.Size([8, 1, 128])]
torch.Size([8, 1])
(alpha-)CROWN with fixed intermediate bounds: tensor([[ -2.52823734],
        [ -1.98540401],
        [ -4.27333164],
        [ -4.72150803],
        [-10.94036674],
        [ -4.57146740],
        [-10.50082779],
        [ -9.16967297]], device='cuda:0') tensor([[inf],
        [inf],
        [inf],
        [inf],
        [inf],
        [inf],
        [inf],
        [inf]], device='cuda:0')
Intermediate layers: /input,/input-3
Keeping alphas for these layers: ['/18']
Node /15 input 0: size torch.Size([256]) unstable 134
Node /17 input 0: size torch.Size([128]) unstable 76
-----------------
# of unstable neurons: 210
-----------------

BaB round 1
batch: 8
splitting decisions: 
split level 0: [/input, 161] [/input-3, 48] [/input-3, 110] [/input-3, 48] [/input, 136] [/input, 161] [/input, 231] [/input, 58] 
best_l after optimization: -87.06666564941406
beta sum per layer: [1.6245448589324951, 2.1527891159057617]
alpha/beta optimization time: 0.4816093444824219
pruning_in_iteration open status: False
ratio of positive domain = 0 / 16 = 0.0
pruning-in-iteration extra time: 0.0006754398345947266
torch.Size([16, 1])
Time: prepare 0.0009    bound 0.4830    transfer 0.0011    finalize 0.0040    func 0.4891    
Accumulated time: func 0.4891    prepare 0.0025    bound 0.4830    transfer 0.0011    finalize 0.0040    
max lb tensor(-1.46895409) min lb tensor(-10.43690872)
Number of Verified Splits: 0 of 16
Current worst splitting domains lb-rhs (depth):
-10.43691 (1), -10.30445 (1), -9.71804 (1), -9.67784 (1), -8.86659 (1), -8.56811 (1), -4.42644 (1), -4.17118 (1), -4.03999 (1), -4.02216 (1), -4.01540 (1), -2.21162 (1), -2.11304 (1), -1.52664 (1), -1.49931 (1), -1.46895 (1), 
Length of domains: 16
Current (lb-rhs): -10.436908721923828
16 domains visited
Time: pickout 0.0026    decision 0.0178    set_bounds 0.0008    solve 0.4897    add 0.0058    
Accumulated time: pickout 0.0026    decision 0.0178    set_bounds 0.0008    solve 0.4897    add 0.0058    
Cumulative time: 0.5460479259490967

BaB round 2
batch: 16
splitting decisions: 
split level 0: [/input, 58] [/input, 231] [/input-3, 99] [/input-3, 110] [/input-3, 34] [/input-3, 99] [/input, 178] [/input, 239] [/input, 58] [/input, 231] 
best_l after optimization: -147.2410125732422
beta sum per layer: [9.952004432678223, 14.574308395385742]
alpha/beta optimization time: 0.5636861324310303
pruning_in_iteration open status: False
ratio of positive domain = 1 / 32 = 0.03125
pruning-in-iteration extra time: 0.0008451938629150391
torch.Size([32, 1])
Time: prepare 0.0022    bound 0.5656    transfer 0.0014    finalize 0.0076    func 0.5769    
Accumulated time: func 1.0660    prepare 0.0097    bound 1.0486    transfer 0.0025    finalize 0.0116    
max lb tensor(0.49353218) min lb tensor(-10.09008408)
Number of Verified Splits: 1 of 32
Current worst splitting domains lb-rhs (depth):
-10.09008 (2), -9.92665 (2), -9.88016 (2), -9.79134 (2), -9.19466 (2), -9.13648 (2), -8.81016 (2), -8.80943 (2), -8.69213 (2), -8.37568 (2), -5.57694 (2), -5.04390 (2), -4.17424 (2), -3.87537 (2), -3.79084 (2), -3.73759 (2), -3.73268 (2), -3.65280 (2), -3.12982 (2), -2.95753 (2), 
Length of domains: 31
Current (lb-rhs): -10.090084075927734
48 domains visited
Time: pickout 0.0100    decision 0.0386    set_bounds 0.0028    solve 0.5781    add 0.0026    
Accumulated time: pickout 0.0127    decision 0.0564    set_bounds 0.0036    solve 1.0678    add 0.0084    
Cumulative time: 1.178417682647705

BaB round 3
batch: 31
splitting decisions: 
split level 0: [/input-3, 110] [/input, 58] [/input-3, 34] [/input, 231] [/input, 235] [/input, 252] [/input, 58] [/input-3, 110] [/input-3, 110] [/input-3, 104] 
best_l after optimization: -234.9348602294922
beta sum per layer: [32.804588317871094, 44.85166931152344]
alpha/beta optimization time: 0.6513192653656006
pruning_in_iteration open status: False
ratio of positive domain = 11 / 62 = 0.17741935483870963
pruning-in-iteration extra time: 0.0006031990051269531
torch.Size([62, 1])
Time: prepare 0.0046    bound 0.6532    transfer 0.0031    finalize 0.0075    func 0.6685    
Accumulated time: func 1.7345    prepare 0.0212    bound 1.7018    transfer 0.0056    finalize 0.0191    
max lb tensor(0.48906136) min lb tensor(-9.78898048)
Number of Verified Splits: 11 of 62
Current worst splitting domains lb-rhs (depth):
-9.78898 (3), -9.68549 (3), -9.68180 (3), -9.60431 (3), -9.41536 (3), -9.09206 (3), -8.71972 (3), -8.68126 (3), -8.64149 (3), -8.63579 (3), -8.51197 (3), -8.33016 (3), -8.32886 (3), -8.27021 (3), -8.25912 (3), -8.15724 (3), -6.31428 (3), -6.22977 (3), -5.26436 (3), -5.12855 (3), 
Length of domains: 51
Current (lb-rhs): -9.788980484008789
110 domains visited
Time: pickout 0.0095    decision 0.0693    set_bounds 0.0030    solve 0.6699    add 0.0040    
Accumulated time: pickout 0.0222    decision 0.1257    set_bounds 0.0066    solve 1.7377    add 0.0124    
Cumulative time: 1.9346396923065186

BaB round 4
batch: 51
splitting decisions: 
split level 0: [/input-3, 118] [/input, 252] [/input, 58] [/input-3, 99] [/input-3, 110] [/input-3, 110] [/input, 161] [/input, 207] [/input-3, 118] [/input, 252] 
best_l after optimization: -386.5318603515625
beta sum per layer: [86.19770812988281, 98.71109008789062]
alpha/beta optimization time: 0.6966588497161865
pruning_in_iteration open status: False
ratio of positive domain = 11 / 102 = 0.10784313725490191
pruning-in-iteration extra time: 0.000331878662109375
torch.Size([102, 1])
Time: prepare 0.0075    bound 0.6982    transfer 0.0007    finalize 0.0043    func 0.7108    
Accumulated time: func 2.4453    prepare 0.0326    bound 2.4001    transfer 0.0064    finalize 0.0234    
max lb tensor(0.78955746) min lb tensor(-9.59776497)
Number of Verified Splits: 11 of 102
Current worst splitting domains lb-rhs (depth):
-9.59776 (4), -9.49646 (4), -9.41292 (4), -9.37488 (4), -9.18302 (4), -9.05836 (4), -8.83569 (4), -8.81339 (4), -8.33684 (4), -8.29584 (4), -8.24973 (4), -8.21466 (4), -8.21364 (4), -8.13366 (4), -8.12567 (4), -8.06951 (4), -8.01065 (4), -7.97742 (4), -7.88832 (4), -7.85223 (4), 
Length of domains: 91
Current (lb-rhs): -9.59776496887207
212 domains visited
Time: pickout 0.0124    decision 0.0873    set_bounds 0.0047    solve 0.7114    add 0.0018    
Accumulated time: pickout 0.0347    decision 0.2130    set_bounds 0.0113    solve 2.4490    add 0.0142    
Cumulative time: 2.752509593963623

BaB round 5
batch: 64
splitting decisions: 
split level 0: [/input, 161] [/input, 161] [/input, 207] [/input, 235] [/input-3, 48] [/input-3, 48] [/input, 231] [/input, 207] [/input, 235] [/input-3, 48] 
best_l after optimization: -420.82330322265625
beta sum per layer: [156.81967163085938, 210.03744506835938]
alpha/beta optimization time: 0.870685338973999
pruning_in_iteration open status: False
ratio of positive domain = 6 / 128 = 0.046875
pruning-in-iteration extra time: 0.00066375732421875
torch.Size([128, 1])
Time: prepare 0.0038    bound 0.8728    transfer 0.0026    finalize 0.0120    func 0.8916    
Accumulated time: func 3.3369    prepare 0.0413    bound 3.2728    transfer 0.0090    finalize 0.0354    
max lb tensor(0.91576481) min lb tensor(-8.98523331)
Number of Verified Splits: 6 of 128
Current worst splitting domains lb-rhs (depth):
-9.59776 (4), -9.49646 (4), -9.41292 (4), -9.37488 (4), -8.98523 (5), -8.87329 (5), -8.64082 (5), -8.61345 (5), -8.33684 (4), -8.13366 (4), -8.06951 (4), -7.97742 (4), -7.90426 (5), -7.88832 (4), -7.86052 (5), -7.85223 (4), -7.81147 (5), -7.80693 (5), -7.73783 (5), -7.69784 (5), 
Length of domains: 149
Current (lb-rhs): -9.59776496887207
340 domains visited
Time: pickout 0.0142    decision 0.0655    set_bounds 0.0031    solve 0.8968    add 0.0069    
Accumulated time: pickout 0.0489    decision 0.2785    set_bounds 0.0144    solve 3.3458    add 0.0211    
Cumulative time: 3.7402069568634033

BaB round 6
batch: 64
splitting decisions: 
split level 0: [/input-3, 99] [/input-3, 104] [/input, 252] [/input, 252] [/input-3, 118] [/input-3, 104] [/input-3, 99] [/input-3, 17] [/input-3, 60] [/input-3, 118] 
best_l after optimization: -290.0616760253906
beta sum per layer: [174.80332946777344, 280.28155517578125]
alpha/beta optimization time: 0.7754099369049072
pruning_in_iteration open status: False
ratio of positive domain = 19 / 128 = 0.1484375
pruning-in-iteration extra time: 0.00030350685119628906
torch.Size([128, 1])
Time: prepare 0.0069    bound 0.7768    transfer 0.0014    finalize 0.0064    func 0.7916    
Accumulated time: func 4.1285    prepare 0.0573    bound 4.0496    transfer 0.0104    finalize 0.0418    
max lb tensor(0.48265219) min lb tensor(-7.59881830)
Number of Verified Splits: 19 of 128
Current worst splitting domains lb-rhs (depth):
-9.59776 (4), -9.49646 (4), -9.41292 (4), -9.37488 (4), -8.98523 (5), -8.87329 (5), -8.64082 (5), -8.61345 (5), -8.33684 (4), -8.13366 (4), -8.06951 (4), -7.97742 (4), -7.88832 (4), -7.86052 (5), -7.85223 (4), -7.81147 (5), -7.80693 (5), -7.73783 (5), -7.59882 (6), -7.59700 (5), 
Length of domains: 194
Current (lb-rhs): -9.59776496887207
468 domains visited
Time: pickout 0.0259    decision 0.1269    set_bounds 0.0059    solve 0.7924    add 0.0031    
Accumulated time: pickout 0.0748    decision 0.4054    set_bounds 0.0203    solve 4.1383    add 0.0242    
Cumulative time: 4.695037603378296

BaB round 7
batch: 64
splitting decisions: 
split level 0: [/input-3, 110] [/input-3, 104] [/input, 231] [/input-3, 99] [/input-3, 35] [/input-3, 110] [/input-3, 17] [/input-3, 99] [/input-3, 99] [/input-3, 35] 
best_l after optimization: -256.7650146484375
beta sum per layer: [180.22854614257812, 345.9623718261719]
alpha/beta optimization time: 1.327671766281128
pruning_in_iteration open status: True
ratio of positive domain = 42 / 128 = 0.328125
pruning-in-iteration extra time: 0.08248782157897949
torch.Size([128, 1])
Time: prepare 0.0047    bound 1.3294    transfer 0.0027    finalize 0.0075    func 1.3446    
Accumulated time: func 5.4731    prepare 0.0676    bound 5.3790    transfer 0.0130    finalize 0.0493    
max lb tensor(9.99999975e-05) min lb tensor(-7.08331013)
Number of Verified Splits: 42 of 128
Current worst splitting domains lb-rhs (depth):
-9.59776 (4), -9.49646 (4), -9.41292 (4), -9.37488 (4), -8.98523 (5), -8.87329 (5), -8.64082 (5), -8.61345 (5), -8.33684 (4), -8.13366 (4), -8.06951 (4), -7.97742 (4), -7.88832 (4), -7.86052 (5), -7.85223 (4), -7.81147 (5), -7.80693 (5), -7.73783 (5), -7.59882 (6), -7.59700 (5), 
Length of domains: 216
Current (lb-rhs): -9.59776496887207
596 domains visited
Time: pickout 0.0137    decision 0.0852    set_bounds 0.0042    solve 1.3469    add 0.0057    
Accumulated time: pickout 0.0885    decision 0.4906    set_bounds 0.0245    solve 5.4852    add 0.0299    
Cumulative time: 6.151589870452881

BaB round 8
batch: 64
splitting decisions: 
split level 0: [/input-3, 35] [/input-3, 35] [/input-3, 99] [/input-3, 110] [/input-3, 104] [/input-3, 99] [/input-3, 110] [/input-3, 104] [/input-3, 63] [/input, 239] 
best_l after optimization: -311.8779602050781
beta sum per layer: [204.770263671875, 386.5294494628906]
alpha/beta optimization time: 0.934899091720581
pruning_in_iteration open status: True
ratio of positive domain = 32 / 128 = 0.25
pruning-in-iteration extra time: 0.04452228546142578
torch.Size([128, 1])
Time: prepare 0.0055    bound 0.9367    transfer 0.0025    finalize 0.0088    func 0.9537    
Accumulated time: func 6.4268    prepare 0.0813    bound 6.3157    transfer 0.0155    finalize 0.0581    
max lb tensor(9.99999975e-05) min lb tensor(-5.80235386)
Number of Verified Splits: 32 of 128
Current worst splitting domains lb-rhs (depth):
-9.59776 (4), -9.49646 (4), -9.41292 (4), -9.37488 (4), -8.98523 (5), -8.87329 (5), -8.64082 (5), -8.61345 (5), -8.33684 (4), -8.13366 (4), -8.06951 (4), -7.97742 (4), -7.88832 (4), -7.86052 (5), -7.85223 (4), -7.81147 (5), -7.80693 (5), -7.73783 (5), -7.59882 (6), -7.59700 (5), 
Length of domains: 248
Current (lb-rhs): -9.59776496887207
724 domains visited
Time: pickout 0.0223    decision 0.1104    set_bounds 0.0047    solve 0.9582    add 0.0051    
Accumulated time: pickout 0.1108    decision 0.6010    set_bounds 0.0292    solve 6.4433    add 0.0350    
Cumulative time: 7.253878593444824

BaB round 9
batch: 64
splitting decisions: 
split level 0: [/input, 161] [/input-3, 99] [/input-3, 118] [/input, 207] [/input, 111] [/input-3, 35] [/input-3, 118] [/input, 81] [/input-3, 118] [/input, 81] 
best_l after optimization: -313.923095703125
beta sum per layer: [216.95274353027344, 454.0184326171875]
alpha/beta optimization time: 0.7644903659820557
pruning_in_iteration open status: False
ratio of positive domain = 14 / 128 = 0.109375
pruning-in-iteration extra time: 0.0004611015319824219
torch.Size([128, 1])
Time: prepare 0.0059    bound 0.7660    transfer 0.0016    finalize 0.0128    func 0.7864    
Accumulated time: func 7.2132    prepare 0.0945    bound 7.0817    transfer 0.0171    finalize 0.0709    
max lb tensor(0.36599159) min lb tensor(-5.51799822)
Number of Verified Splits: 14 of 128
Current worst splitting domains lb-rhs (depth):
-9.59776 (4), -9.49646 (4), -9.41292 (4), -9.37488 (4), -8.98523 (5), -8.87329 (5), -8.64082 (5), -8.61345 (5), -8.33684 (4), -8.13366 (4), -8.06951 (4), -7.97742 (4), -7.88832 (4), -7.86052 (5), -7.85223 (4), -7.81147 (5), -7.80693 (5), -7.73783 (5), -7.59882 (6), -7.59700 (5), 
Length of domains: 298
Current (lb-rhs): -9.59776496887207
852 domains visited
Time: pickout 0.0243    decision 0.1092    set_bounds 0.0048    solve 0.7887    add 0.0058    
Accumulated time: pickout 0.1352    decision 0.7102    set_bounds 0.0339    solve 7.2320    add 0.0409    
Cumulative time: 8.187467813491821

BaB round 10
batch: 64
splitting decisions: 
split level 0: [/input, 43] [/input-3, 67] [/input-3, 60] [/input-3, 60] [/input-3, 99] [/input-3, 60] [/input-3, 60] [/input-3, 99] [/input-3, 60] [/input-3, 60] 
best_l after optimization: -199.43753051757812
beta sum per layer: [227.00650024414062, 546.2314453125]
alpha/beta optimization time: 0.8798739910125732
pruning_in_iteration open status: True
ratio of positive domain = 55 / 128 = 0.4296875
pruning-in-iteration extra time: 0.0458064079284668
torch.Size([128, 1])
Time: prepare 0.0156    bound 0.8824    transfer 0.0006    finalize 0.0055    func 0.9044    
Accumulated time: func 8.1176    prepare 0.1219    bound 7.9641    transfer 0.0177    finalize 0.0764    
max lb tensor(0.00427914) min lb tensor(-4.93302536)
Number of Verified Splits: 55 of 128
Current worst splitting domains lb-rhs (depth):
-9.59776 (4), -9.49646 (4), -9.41292 (4), -9.37488 (4), -8.98523 (5), -8.87329 (5), -8.64082 (5), -8.61345 (5), -8.33684 (4), -8.13366 (4), -8.06951 (4), -7.97742 (4), -7.88832 (4), -7.86052 (5), -7.85223 (4), -7.81147 (5), -7.80693 (5), -7.73783 (5), -7.59882 (6), -7.59700 (5), 
Length of domains: 307
Current (lb-rhs): -9.59776496887207
980 domains visited
Time: pickout 0.0369    decision 0.1455    set_bounds 0.0074    solve 0.9057    add 0.0020    
Accumulated time: pickout 0.1720    decision 0.8557    set_bounds 0.0413    solve 8.1377    add 0.0429    
Cumulative time: 9.285465717315674

BaB round 11
batch: 64
splitting decisions: 
split level 0: [/input-3, 60] [/input, 111] [/input-3, 60] [/input, 148] [/input-3, 60] [/input-3, 67] [/input-3, 60] [/input-3, 60] [/input-3, 60] [/input-3, 60] 
best_l after optimization: -245.56573486328125
beta sum per layer: [231.50814819335938, 549.72998046875]
alpha/beta optimization time: 0.5635981559753418
pruning_in_iteration open status: False
ratio of positive domain = 15 / 128 = 0.1171875
pruning-in-iteration extra time: 0.00031375885009765625
torch.Size([128, 1])
Time: prepare 0.0046    bound 0.5653    transfer 0.0009    finalize 0.0026    func 0.5736    
Accumulated time: func 8.6912    prepare 0.1291    bound 8.5295    transfer 0.0185    finalize 0.0790    
max lb tensor(0.54022598) min lb tensor(-4.49218559)
Number of Verified Splits: 15 of 128
Current worst splitting domains lb-rhs (depth):
-9.59776 (4), -9.49646 (4), -9.41292 (4), -9.37488 (4), -8.98523 (5), -8.87329 (5), -8.64082 (5), -8.61345 (5), -8.33684 (4), -8.13366 (4), -8.06951 (4), -7.97742 (4), -7.88832 (4), -7.86052 (5), -7.85223 (4), -7.81147 (5), -7.80693 (5), -7.73783 (5), -7.59882 (6), -7.59700 (5), 
Length of domains: 356
Current (lb-rhs): -9.59776496887207
1108 domains visited
Time: pickout 0.0132    decision 0.0442    set_bounds 0.0053    solve 0.5745    add 0.0033    
Accumulated time: pickout 0.1852    decision 0.8999    set_bounds 0.0466    solve 8.7122    add 0.0462    
Cumulative time: 9.926417589187622

BaB round 12
batch: 64
splitting decisions: 
split level 0: [/input, 161] [/input-3, 63] [/input-3, 63] [/input, 239] [/input, 239] [/input-3, 60] [/input-3, 60] [/input-3, 63] [/input, 239] [/input-3, 63] 
best_l after optimization: -166.6266632080078
beta sum per layer: [246.1555938720703, 588.9639892578125]
alpha/beta optimization time: 0.5977332592010498
pruning_in_iteration open status: True
ratio of positive domain = 28 / 128 = 0.21875
pruning-in-iteration extra time: 0.008231163024902344
torch.Size([128, 1])
Time: prepare 0.0063    bound 0.5995    transfer 0.0004    finalize 0.0019    func 0.6081    
Accumulated time: func 9.2994    prepare 0.1391    bound 9.1290    transfer 0.0189    finalize 0.0810    
max lb tensor(9.99999975e-05) min lb tensor(-4.17702579)
Number of Verified Splits: 28 of 128
Current worst splitting domains lb-rhs (depth):
-9.59776 (4), -9.49646 (4), -9.41292 (4), -9.37488 (4), -8.98523 (5), -8.87329 (5), -8.64082 (5), -8.61345 (5), -8.33684 (4), -8.13366 (4), -8.06951 (4), -7.97742 (4), -7.88832 (4), -7.86052 (5), -7.85223 (4), -7.81147 (5), -7.80693 (5), -7.73783 (5), -7.59882 (6), -7.59700 (5), 
Length of domains: 392
Current (lb-rhs): -9.59776496887207
1236 domains visited
Time: pickout 0.0169    decision 0.0578    set_bounds 0.0064    solve 0.6089    add 0.0017    
Accumulated time: pickout 0.2022    decision 0.9577    set_bounds 0.0530    solve 9.3212    add 0.0480    
Cumulative time: 10.618632078170776

BaB round 13
batch: 64
splitting decisions: 
split level 0: [/input-3, 4] [/input-3, 117] [/input, 239] [/input-3, 117] [/input-3, 4] [/input-3, 4] [/input-3, 4] [/input, 239] [/input-3, 4] [/input-3, 4] 
best_l after optimization: -137.77395629882812
beta sum per layer: [229.29461669921875, 642.5795288085938]
alpha/beta optimization time: 0.5828986167907715
pruning_in_iteration open status: True
ratio of positive domain = 29 / 128 = 0.2265625
pruning-in-iteration extra time: 0.018974781036376953
torch.Size([128, 1])
Time: prepare 0.0038    bound 0.5841    transfer 0.0015    finalize 0.0063    func 0.5958    
Accumulated time: func 9.8952    prepare 0.1443    bound 9.7131    transfer 0.0204    finalize 0.0872    
max lb tensor(9.99999975e-05) min lb tensor(-3.47449875)
Number of Verified Splits: 29 of 128
Current worst splitting domains lb-rhs (depth):
-9.59776 (4), -9.49646 (4), -9.41292 (4), -9.37488 (4), -8.98523 (5), -8.87329 (5), -8.64082 (5), -8.61345 (5), -8.33684 (4), -8.13366 (4), -8.06951 (4), -7.97742 (4), -7.88832 (4), -7.86052 (5), -7.85223 (4), -7.81147 (5), -7.80693 (5), -7.73783 (5), -7.59882 (6), -7.59700 (5), 
Length of domains: 427
Current (lb-rhs): -9.59776496887207
1364 domains visited
Time: pickout 0.0099    decision 0.0244    set_bounds 0.0042    solve 0.5971    add 0.0036    
Accumulated time: pickout 0.2121    decision 0.9821    set_bounds 0.0572    solve 9.9183    add 0.0516    
Time out!!!!!!!!
Result: unknown in 12.4979 seconds
############# Summary #############
Final verified acc: 0.0% (total 10 examples)
Problem instances count: 10 , total verified (safe/unsat): 0 , total falsified (unsafe/sat): 0 , timeout: 10
mean time for ALL instances (total 10):12.312370457214199, max time: 12.844555377960205
unknown (total 10), index: [0, 1, 2, 3, 4, 5, 6, 7, 8, 9]
