INFO     09:33:24     [tensor_storage.py:70] Hugepage enabled for branch-and-bound domains.
Configurations:

general:
  device: cuda
  seed: 100
  conv_mode: patches
  deterministic: false
  double_fp: false
  loss_reduction_func: sum
  sparse_alpha: true
  sparse_interm: true
  save_adv_example: false
  verify_onnxruntime_output: false
  eval_adv_example: false
  onnx_adv_example: false
  show_adv_example: false
  precompile_jit: false
  reset_seed_after_precompile: false
  prepare_only: false
  complete_verifier: bab
  enable_incomplete_verification: true
  csv_name: null
  results_file: out.txt
  root_path: ''
  deterministic_opt: false
  graph_optimizer: 'Customized("custom_graph_optimizer", "default_optimizer")'
  buffer_has_batchdim: false
  save_output: false
  output_file: out.pkl
  return_optimized_model: false
  store_all_specs_on_cpu: false
  adhoc_tuning: null
model:
  name: null
  path: null
  onnx_path: ../saved_models/mnist_fcnn.onnx
  onnx_path_prefix: ''
  cache_onnx_conversion: false
  debug_onnx: false
  onnx_quirks: null
  input_shape: null
  onnx_loader: default_onnx_and_vnnlib_loader
  onnx_optimization_flags: []
  onnx_vnnlib_joint_optimization_flags: none
  check_optimized: false
  flatten_final_output: false
  optimize_graph: null
  with_jacobian: false
  bound_opts: null
data:
  start: 40
  end: 50
  select_instance: null
  num_outputs: 10
  mean: 0.0
  std: 1.0
  pkl_path: null
  dataset: MNIST
  data_filter_path: null
  data_idx_file: null
specification:
  type: lp
  robustness_type: verified-acc
  norm: .inf
  epsilon: 0.05
  epsilon_min: 0.0
  vnnlib_path: null
  vnnlib_path_prefix: ''
  shrink_eps: null
  rhs_offset: null
solver:
  batch_size: 64
  auto_enlarge_batch_size: false
  batched_crown_auto_enlarge_max_vram_ratio: 0.9
  min_batch_size_ratio: 0.1
  use_float64_in_last_iteration: false
  early_stop_patience: 10
  start_save_best: 0.5
  bound_prop_method: alpha-crown
  init_bound_prop_method: same
  prune_after_crown: true
  optimize_disjuncts_separately: false
  build_batch_size: 1000000
  skip_with_refined_bound: true
  forward_before_compute_bounds: false
  crown:
    batch_size: 1000000000
    max_crown_size: 1000000000
    activation_bound_option: adaptive
    compare_crown_with_ibp: false
  alpha-crown:
    alpha: true
    lr_alpha: 0.1
    iteration: 100
    share_alphas: false
    lr_decay: 0.98
    full_conv_alpha: true
    max_coeff_mul: .inf
    matmul_share_alphas: false
    disable_optimization: []
    max_time: 1.0
    alpha_dtype: float16
    input_split_alpha_iteration: 5
    input_split_lr_alpha: 0.05
  invprop:
    apply_output_constraints_to: []
    tighten_input_bounds: false
    best_of_oc_and_no_oc: false
    directly_optimize: []
    oc_lr: 0.1
    share_gammas: false
  beta-crown:
    lr_alpha: 0.01
    lr_beta: 0.05
    lr_decay: 0.98
    optimizer: adam
    iteration: 50
    beta: true
    beta_warmup: true
    enable_opt_interm_bounds: false
    all_node_split_LP: false
  forward:
    refine: false
    max_dim: 10000
    reset_threshold: 1.0
  mip:
    unstable_neuron_threshold: 0
    parallel_solvers: 2
    solver_threads: 1
    refine_neuron_timeout: 5.0
    refine_neuron_time_percentage: 0.8
    early_stop: true
    adv_warmup: true
    mip_solver: gurobi
    skip_unsafe: false
    topk_filter: 1.0
    sliding_window: -1
    extra_constraint: false
    refine_neuron_timeout_increasement: 0
    timeout_neuron_percentage: 0.3
    remaining_timeout_threshold: 1
    remove_unstable_neurons: false
    formulation: mip
    output_cut: false
bab:
  max_domains: .inf
  decision_thresh: 0
  timeout: 12.0
  timeout_scale: 1
  max_iterations: -1
  override_timeout: null
  get_upper_bound: false
  pruning_in_iteration: true
  pruning_in_iteration_ratio: 0.2
  sort_targets: false
  batched_domain_list: true
  optimized_interm: ''
  interm_transfer: true
  recompute_interm: false
  sort_domain_interval: -1
  vanilla_crown: false
  tree_traversal: depth_first
  hugetensor_allocator: true
  cut:
    enabled: false
    cuts_path: null
    bab_cut: false
    lp_cut: false
    lr: 0.01
    lr_decay: 1.0
    iteration: 100
    bab_iteration: -1
    early_stop_patience: -1
    lr_beta: 0.02
    number_cuts: 50
    topk_cuts_in_filter: 1000
    batch_size_primal: 100
    max_num: 1000000000
    patches_cut: false
    cplex_cuts: false
    cplex_cuts_wait: 0
    cplex_cuts_revpickup: true
    cut_reference_bounds: true
    fix_intermediate_bounds: false
    manual_cuts: null
    biccos:
      enabled: false
      auto_param: true
      constraint_strengthening: true
      drop_ratio: 0.5
      max_infer_iter: 20
      max_domain: 10000.0
      heuristic: neuron_influence_score
      save_cuts: false
      multi_tree_branching:
        enabled: false
        restore_best_tree: true
        keep_n_best_domains: 50
        target_batch_size: 200
        iterations: 3
  clip_n_verify:
    rearrange_constraints: false
    alpha_crown: false
    prune: false
    final_layer: false
    clip_input_domain:
      enabled: false
      clip_type: relaxed
      clip_neuron_selection_type: ratio
      clip_neuron_selection_value: -1.0
      clip_iterations: 1
      clip_calculate_volume_metrics: false
    clip_interm_domain:
      enabled: false
      with_input: false
      clip_in_alpha_crown: false
      topk_objective: 20
  branching:
    method: kfsb
    candidates: 3
    reduceop: min
    enable_intermediate_bound_opt: false
    branching_input_and_activation: false
    branching_input_and_activation_order: [input, relu]
    branching_input_iterations: 30
    branching_relu_iterations: 50
    nonlinear_split:
      method: bbps
      disable: false
      branching_point_method: uniform
      num_branches: 2
      filter: false
      filter_beta: false
      filter_clamp: false
      filter_batch_size: 10000
      filter_iterations: 25
      relu_only: false
      loose_tanh_threshold: null
      branching_point:
        db_path: branching_points.pt
        num_iterations: 1000
        batch_size: 1000000
        range_l: -5.0
        range_u: 5.0
        log_interval: 100
        step_size_1d: 0.01
        step_size: 0.2
    input_split:
      split_hint: null
      enable: false
      reorder_bab: false
      input_dim_threshold: 20
      adv_check: 0
      split_partitions: 2
      sb_margin_weight: 1.0
      sb_sum: false
      sb_primary_spec: null
      bf_backup_thresh: -1
      bf_rhs_offset: 0
      bf_iters: 1000000000.0
      bf_batch_size: 100000
      bf_zero_crossing_score: false
      touch_zero_score: 0
      ibp_enhancement: true
      compare_with_old_bounds: true
      update_rhs_with_attack: false
      sb_coeff_thresh: 0.001
      sort_index: null
      sort_descending: true
      show_progress: false
      presplit_domains: null
      skip_getting_worst_domain: false
  attack:
    enabled: false
    beam_candidates: 8
    beam_depth: 7
    max_dive_fix_ratio: 0.8
    min_local_free_ratio: 0.2
    mip_start_iteration: 5
    mip_timeout: 30.0
    adv_pool_threshold: null
    refined_mip_attacker: false
    refined_batch_size: null
attack:
  general_attack: true
  pgd_order: skip
  pgd_steps: 100
  pgd_restarts: 30
  pgd_batch_size: 100000000
  pgd_early_stop: true
  pgd_lr_decay: 0.99
  pgd_alpha: auto
  pgd_alpha_scale: false
  pgd_loss_mode: null
  pgd_restart_when_stuck: false
  enable_mip_attack: false
  adv_saver: default_adv_saver
  adv_verifier: default_adv_verifier
  early_stop_condition: default_early_stop_condition
  adv_example_finalizer: default_adv_example_finalizer
  pgd_loss: default_pgd_loss
  cex_path: ./test_cex.txt
  attack_mode: PGD
  attack_tolerance: 0.0
  attack_func: attack_with_general_specs
  gama_lambda: 10.0
  gama_decay: 0.9
  input_split:
    pgd_steps: 100
    pgd_restarts: 30
    pgd_alpha: auto
  input_split_check_adv:
    enabled: auto
    pgd_steps: 5
    pgd_restarts: 5
    pgd_alpha: auto
    max_num_domains: 10
debug:
  view_model: false
  lp_test: null
  rescale_vnnlib_ptb: null
  test_optimized_bounds: false
  test_optimized_bounds_after_n_iterations: 0
  print_verbose_decisions: false
  biccos_mip_sanity_check: false
  sanity_check: 0
  z_split_enabled: false
  save_minimal_config: null
  save_minimal_config_omit_keys: []

/home/han/miniconda3/envs/alpha-beta-crown/lib/python3.10/site-packages/onnx2pytorch/convert/layer.py:29: UserWarning: The given NumPy array is not writable, and PyTorch does not support non-writable tensors. This means writing to this tensor will result in undefined behavior. You may want to copy the array to protect its data or make it writable before converting it to a tensor. This type of warning will be suppressed for the rest of this program. (Triggered internally at ../torch/csrc/utils/tensor_numpy.cpp:206.)
  layer.weight.data = torch.from_numpy(numpy_helper.to_array(weight))
/home/han/miniconda3/envs/alpha-beta-crown/lib/python3.10/site-packages/onnx2pytorch/convert/model.py:151: UserWarning: Using experimental implementation that allows 'batch_size > 1'.Batchnorm layers could potentially produce false outputs.
  warnings.warn(
Experiments at Sat Apr  4 09:33:24 2026 on LAPTOP-RGROMBPB
Loading onnx ../saved_models/mnist_fcnn.onnx with quirks {}
Finished onnx model loading in 0.0408 seconds
ConvertModel(
  (Flatten_/flatten/Flatten_output_0): Flatten()
  (Gemm_/fc1/Gemm_output_0): Linear(in_features=784, out_features=256, bias=True)
  (Relu_/relu1/Relu_output_0): ReLU()
  (Gemm_/fc2/Gemm_output_0): Linear(in_features=256, out_features=128, bias=True)
  (Relu_/relu2/Relu_output_0): ReLU()
  (Gemm_output): Linear(in_features=128, out_features=10, bias=True)
)
Parameters:
  Gemm_/fc1/Gemm_output_0.weight: shape torch.Size([256, 784])
  Gemm_/fc1/Gemm_output_0.bias: shape torch.Size([256])
  Gemm_/fc2/Gemm_output_0.weight: shape torch.Size([128, 256])
  Gemm_/fc2/Gemm_output_0.bias: shape torch.Size([128])
  Gemm_output.weight: shape torch.Size([10, 128])
  Gemm_output.bias: shape torch.Size([10])
Trying generic MNIST/CIFAR data loader.
/home/han/alpha-beta-CROWN/complete_verifier/specifications.py:342: UserWarning: Creating a tensor from a list of numpy.ndarrays is extremely slow. Please consider converting the list to a single numpy.ndarray with numpy.array() before converting to a tensor. (Triggered internally at ../torch/csrc/utils/tensor_new.cpp:278.)
  x_range_list = torch.Tensor(x_range_list).to(dtype=dtype, device=device).view(input_shape + [2])
/home/han/alpha-beta-CROWN/auto_LiRPA/auto_LiRPA/beta_crown.py:52: DeprecationWarning: __array__ implementation doesn't accept a copy keyword, so passing copy=False failed. __array__ must implement 'dtype' and 'copy' keyword arguments. To learn more, see the migration guide https://numpy.org/devdocs/numpy_2_0_migration_guide.html#adapting-to-changes-in-the-copy-keyword
  sign_numpy[bi, :split_len] = split_coeffs
Internal results will be saved to out.txt.

 %%%%%%%%%%%%%%%%%%%%%%%%%%%%%%%%%%% idx: 0, vnnlib ID: 40 %%%%%%%%%%%%%%%%%%%%%%%%%%%%%%%%%%%
Finished vnnlib processing in 0.643567 seconds
Model: BoundedModule(
  (/0): BoundInput(name=/0, inputs=[], perturbed=True)
  (/7): BoundParams(name=/7, inputs=[], perturbed=False)
  (/8): BoundParams(name=/8, inputs=[], perturbed=False)
  (/9): BoundParams(name=/9, inputs=[], perturbed=False)
  (/10): BoundParams(name=/10, inputs=[], perturbed=False)
  (/11): BoundParams(name=/11, inputs=[], perturbed=False)
  (/12): BoundParams(name=/12, inputs=[], perturbed=False)
  (/13): BoundFlatten(name=/13, inputs=[/0], perturbed=True)
  (/input): BoundLinear(name=/input, inputs=[/13, /7, /8], perturbed=True)
  (/15): BoundRelu(name=/15, inputs=[/input], perturbed=True)
  (/input-3): BoundLinear(name=/input-3, inputs=[/15, /9, /10], perturbed=True)
  (/17): BoundRelu(name=/17, inputs=[/input-3], perturbed=True)
  (/18): BoundLinear(name=/18, inputs=[/17, /11, /12], perturbed=True)
)
Original output in the first batch: tensor([[-5.36899233,  4.77505016, -0.46341884, -0.23575002, -3.21506739,
         -2.65916419, -4.56009960,  0.47033262, -0.06793335, -2.77396703]],
       device='cuda:0')
Split layers:
Nonlinear functions:
   BoundRelu(name=/15, inputs=[/input], perturbed=True)
   BoundRelu(name=/17, inputs=[/input-3], perturbed=True)
build batch [1/1]
layer /15 using sparse-features alpha with shape [229]; unstable size 229; total size 256 ([1, 256])
layer /15 start_node /input-3 using full alpha [2, 128, 1, 229] with unstable size 126 total_size 128 output_shape torch.Size([128])
layer /15 start_node /18 using full alpha [2, 9, 1, 229] with unstable size None total_size 9 output_shape 9
layer /17 using full alpha with shape torch.Size([128]); unstable size 126; total size 128 ([1, 128])
layer /17 start_node /18 using full alpha [2, 9, 1, 128] with unstable size None total_size 9 output_shape 9
Optimizable variables initialized.
initial CROWN bounds (first 10 items): [-15.574586868286133, -18.485275268554688, -21.96665382385254, -14.04159164428711, -21.7872314453125, -16.609481811523438, -18.415569305419922, -20.066909790039062, -19.719924926757812]
prune_after_crown optimization in use
  original spec size = torch.Size([1, 9])
  pruned spec size = torch.Size([1, 9])
Using alpha-CROWN to initialize bounds.
best_l after optimization: -138.72311401367188
alpha/beta optimization time: 2.704509973526001
initial alpha-crown bounds (first 10 items): [-13.405963897705078, -15.204471588134766, -18.59127426147461, -12.047537803649902, -17.549575805664062, -13.265172004699707, -15.490397453308105, -17.073183059692383, -16.095535278320312]
Global lower bound: -18.59127426147461
torch.Size([1, 9])
0 / 9 OR specs are verified.
Verified OR indices (first 10 items): []
Verified OR lbs (first 10 items): []
Unverified OR indices (first 10 items): [0, 1, 2, 3, 4, 5, 6, 7, 8]
Unverified OR lbs (first 10 items): [[-13.405963897705078], [-15.204471588134766], [-18.59127426147461], [-12.047537803649902], [-17.549575805664062], [-13.265172004699707], [-15.490397453308105], [-17.073183059692383], [-16.095535278320312]]
###### Verifying property Instance 0 ######
Batch size: 9
First 10 spec matrices
C: tensor([[[-1.,  1.,  0.,  0.,  0.,  0.,  0.,  0.,  0.,  0.]],

        [[ 0.,  1., -1.,  0.,  0.,  0.,  0.,  0.,  0.,  0.]],

        [[ 0.,  1.,  0., -1.,  0.,  0.,  0.,  0.,  0.,  0.]],

        [[ 0.,  1.,  0.,  0., -1.,  0.,  0.,  0.,  0.,  0.]],

        [[ 0.,  1.,  0.,  0.,  0., -1.,  0.,  0.,  0.,  0.]],

        [[ 0.,  1.,  0.,  0.,  0.,  0., -1.,  0.,  0.,  0.]],

        [[ 0.,  1.,  0.,  0.,  0.,  0.,  0., -1.,  0.,  0.]],

        [[ 0.,  1.,  0.,  0.,  0.,  0.,  0.,  0., -1.,  0.]],

        [[ 0.,  1.,  0.,  0.,  0.,  0.,  0.,  0.,  0., -1.]]], device='cuda:0')
RHS: tensor([[0.],
        [0.],
        [0.],
        [0.],
        [0.],
        [0.],
        [0.],
        [0.],
        [0.]], device='cuda:0')
OR spec sizes: tensor([1, 1, 1, 1, 1, 1, 1, 1, 1], device='cuda:0', dtype=torch.int32)
Remaining timeout: 7.594899415969849
Model prediction is: tensor([-5.36899233,  4.77505016, -0.46341884, -0.23575002, -3.21506739,
        -2.65916419, -4.56009960,  0.47033262, -0.06793335, -2.77396703],
       device='cuda:0')
Activation BaB batch 1/1 
build_with_refined_bounds batch [1/1]
Optimizable variables initialized.
all alpha initialized
directly get lb and ub from refined bounds
c shape: torch.Size([9, 1, 10])
lA shapes: [torch.Size([9, 1, 256]), torch.Size([9, 1, 128])]
torch.Size([9, 1])
(alpha-)CROWN with fixed intermediate bounds: tensor([[-13.40596390],
        [-15.20447159],
        [-18.59127426],
        [-12.04753780],
        [-17.54957581],
        [-13.26517200],
        [-15.49039745],
        [-17.07318306],
        [-16.09553528]], device='cuda:0') tensor([[inf],
        [inf],
        [inf],
        [inf],
        [inf],
        [inf],
        [inf],
        [inf],
        [inf]], device='cuda:0')
Intermediate layers: /input,/input-3
Keeping alphas for these layers: ['/18']
Node /15 input 0: size torch.Size([256]) unstable 229
Node /17 input 0: size torch.Size([128]) unstable 126
-----------------
# of unstable neurons: 355
-----------------

BaB round 1
batch: 9
splitting decisions: 
split level 0: [/input-3, 102] [/input-3, 73] [/input, 160] [/input-3, 36] [/input-3, 35] [/input-3, 102] [/input-3, 35] [/input-3, 35] [/input-3, 102] 
best_l after optimization: -263.47930908203125
beta sum per layer: [0.07252051681280136, 2.6041221618652344]
alpha/beta optimization time: 0.5114636421203613
pruning_in_iteration open status: False
ratio of positive domain = 0 / 18 = 0.0
pruning-in-iteration extra time: 9.322166442871094e-05
torch.Size([18, 1])
Time: prepare 0.0015    bound 0.5123    transfer 0.0002    finalize 0.0019    func 0.5162    
Accumulated time: func 0.5162    prepare 0.0029    bound 0.5123    transfer 0.0002    finalize 0.0019    
max lb tensor(-11.00904083) min lb tensor(-18.17784691)
Number of Verified Splits: 0 of 18
Current worst splitting domains lb-rhs (depth):
-18.17785 (1), -17.97090 (1), -16.87905 (1), -16.69525 (1), -16.69263 (1), -16.05216 (1), -15.65294 (1), -15.42442 (1), -14.84478 (1), -14.81026 (1), -14.50114 (1), -14.22913 (1), -12.77548 (1), -12.69312 (1), -12.33199 (1), -11.63977 (1), -11.09938 (1), -11.00904 (1), 
Length of domains: 18
Current (lb-rhs): -18.177846908569336
18 domains visited
Time: pickout 0.0019    decision 0.1648    set_bounds 0.0012    solve 0.5175    add 0.0054    
Accumulated time: pickout 0.0019    decision 0.1648    set_bounds 0.0012    solve 0.5175    add 0.0054    
Cumulative time: 0.7122986316680908

BaB round 2
batch: 18
splitting decisions: 
split level 0: [/input-3, 74] [/input-3, 36] [/input-3, 102] [/input-3, 73] [/input-3, 36] [/input-3, 105] [/input-3, 118] [/input-3, 16] [/input-3, 36] [/input-3, 74] 
best_l after optimization: -494.4147033691406
beta sum per layer: [0.0796792060136795, 17.65024185180664]
alpha/beta optimization time: 0.3470470905303955
pruning_in_iteration open status: False
ratio of positive domain = 0 / 36 = 0.0
pruning-in-iteration extra time: 0.00010085105895996094
torch.Size([36, 1])
Time: prepare 0.0014    bound 0.3479    transfer 0.0003    finalize 0.0011    func 0.3508    
Accumulated time: func 0.8670    prepare 0.0060    bound 0.8602    transfer 0.0006    finalize 0.0030    
max lb tensor(-9.05565071) min lb tensor(-17.76784706)
Number of Verified Splits: 0 of 36
Current worst splitting domains lb-rhs (depth):
-17.76785 (2), -17.55211 (2), -17.19793 (2), -17.01713 (2), -16.53680 (2), -16.30661 (2), -16.20560 (2), -16.07168 (2), -16.03839 (2), -15.81619 (2), -15.36237 (2), -15.08031 (2), -14.53376 (2), -14.45602 (2), -14.33566 (2), -14.18278 (2), -14.05824 (2), -14.03828 (2), -13.84992 (2), -13.84710 (2), 
Length of domains: 36
Current (lb-rhs): -17.767847061157227
54 domains visited
Time: pickout 0.0049    decision 0.0182    set_bounds 0.0016    solve 0.3513    add 0.0011    
Accumulated time: pickout 0.0068    decision 0.1830    set_bounds 0.0028    solve 0.8689    add 0.0065    
Cumulative time: 1.0895965099334717

BaB round 3
batch: 36
splitting decisions: 
split level 0: [/input-3, 81] [/input-3, 25] [/input-3, 65] [/input-3, 118] [/input, 135] [/input-3, 73] [/input-3, 74] [/input-3, 74] [/input-3, 27] [/input-3, 81] 
best_l after optimization: -924.126953125
beta sum per layer: [5.0777788162231445, 62.79682159423828]
alpha/beta optimization time: 0.3814089298248291
pruning_in_iteration open status: False
ratio of positive domain = 0 / 72 = 0.0
pruning-in-iteration extra time: 0.0001289844512939453
torch.Size([72, 1])
Time: prepare 0.0022    bound 0.3823    transfer 0.0004    finalize 0.0017    func 0.3867    
Accumulated time: func 1.2538    prepare 0.0103    bound 1.2426    transfer 0.0010    finalize 0.0048    
max lb tensor(-8.44191360) min lb tensor(-17.56629944)
Number of Verified Splits: 0 of 72
Current worst splitting domains lb-rhs (depth):
-17.56630 (3), -17.33522 (3), -16.95774 (3), -16.76779 (3), -16.29148 (3), -15.93817 (3), -15.85202 (3), -15.67434 (3), -15.65553 (3), -15.51789 (3), -15.25456 (3), -15.17538 (3), -15.11679 (3), -15.10013 (3), -14.87345 (3), -14.86954 (3), -14.83937 (3), -14.63905 (3), -14.26303 (3), -14.20468 (3), 
Length of domains: 72
Current (lb-rhs): -17.566299438476562
126 domains visited
Time: pickout 0.0083    decision 0.0205    set_bounds 0.0021    solve 0.3873    add 0.0009    
Accumulated time: pickout 0.0151    decision 0.2035    set_bounds 0.0049    solve 1.2562    add 0.0074    
Cumulative time: 1.509040117263794

BaB round 4
batch: 64
splitting decisions: 
split level 0: [/input-3, 65] [/input-3, 0] [/input-3, 35] [/input-3, 0] [/input-3, 80] [/input-3, 27] [/input-3, 118] [/input-3, 12] [/input-3, 27] [/input-3, 50] 
best_l after optimization: -1509.918701171875
beta sum per layer: [13.553547859191895, 179.3264923095703]
alpha/beta optimization time: 0.3593578338623047
pruning_in_iteration open status: False
ratio of positive domain = 0 / 128 = 0.0
pruning-in-iteration extra time: 0.00016927719116210938
torch.Size([128, 1])
Time: prepare 0.0031    bound 0.3606    transfer 0.0002    finalize 0.0017    func 0.3657    
Accumulated time: func 1.6195    prepare 0.0156    bound 1.6032    transfer 0.0012    finalize 0.0065    
max lb tensor(-7.60218239) min lb tensor(-17.39397812)
Number of Verified Splits: 0 of 128
Current worst splitting domains lb-rhs (depth):
-17.39398 (4), -17.15067 (4), -16.95774 (3), -16.55404 (4), -16.08796 (4), -15.68398 (4), -15.67434 (3), -15.56344 (4), -15.51789 (3), -15.34258 (4), -14.98552 (4), -14.88568 (4), -14.86698 (4), -14.81097 (4), -14.69806 (4), -14.61613 (4), -14.57581 (4), -14.56769 (4), -14.54722 (4), -14.52885 (4), 
Length of domains: 136
Current (lb-rhs): -17.393978118896484
254 domains visited
Time: pickout 0.0106    decision 0.0254    set_bounds 0.0037    solve 0.3662    add 0.0018    
Accumulated time: pickout 0.0256    decision 0.2289    set_bounds 0.0086    solve 1.6223    add 0.0092    
Cumulative time: 1.916914463043213

BaB round 5
batch: 64
splitting decisions: 
split level 0: [/input-3, 50] [/input-3, 66] [/input-3, 2] [/input-3, 31] [/input-3, 43] [/input-3, 105] [/input-3, 46] [/input-3, 50] [/input-3, 16] [/input-3, 65] 
best_l after optimization: -1306.5269775390625
beta sum per layer: [15.459952354431152, 282.26275634765625]
alpha/beta optimization time: 0.3828868865966797
pruning_in_iteration open status: False
ratio of positive domain = 0 / 128 = 0.0
pruning-in-iteration extra time: 0.00037598609924316406
torch.Size([128, 1])
Time: prepare 0.0030    bound 0.3840    transfer 0.0006    finalize 0.0068    func 0.3946    
Accumulated time: func 2.0141    prepare 0.0204    bound 1.9872    transfer 0.0019    finalize 0.0133    
max lb tensor(-5.16571617) min lb tensor(-14.56571579)
Number of Verified Splits: 0 of 128
Current worst splitting domains lb-rhs (depth):
-17.39398 (4), -17.15067 (4), -16.95774 (3), -16.55404 (4), -16.08796 (4), -15.68398 (4), -15.67434 (3), -15.56344 (4), -15.51789 (3), -15.34258 (4), -14.98552 (4), -14.88568 (4), -14.86698 (4), -14.69806 (4), -14.61613 (4), -14.57581 (4), -14.56572 (5), -14.52885 (4), -14.29816 (5), -14.24421 (4), 
Length of domains: 200
Current (lb-rhs): -17.393978118896484
382 domains visited
Time: pickout 0.0090    decision 0.0222    set_bounds 0.0032    solve 0.3967    add 0.0024    
Accumulated time: pickout 0.0347    decision 0.2511    set_bounds 0.0118    solve 2.0190    add 0.0116    
Cumulative time: 2.3506903648376465

BaB round 6
batch: 64
splitting decisions: 
split level 0: [/input-3, 12] [/input-3, 31] [/input-3, 60] [/input-3, 16] [/input-3, 12] [/input-3, 0] [/input-3, 32] [/input-3, 60] [/input-3, 2] [/input-3, 12] 
best_l after optimization: -1086.917724609375
beta sum per layer: [13.117687225341797, 403.03656005859375]
alpha/beta optimization time: 0.6927969455718994
pruning_in_iteration open status: False
ratio of positive domain = 0 / 128 = 0.0
pruning-in-iteration extra time: 0.0005824565887451172
torch.Size([128, 1])
Time: prepare 0.0045    bound 0.6943    transfer 0.0015    finalize 0.0099    func 0.7102    
Accumulated time: func 2.7243    prepare 0.0302    bound 2.6815    transfer 0.0034    finalize 0.0232    
max lb tensor(-3.82716513) min lb tensor(-12.76491928)
Number of Verified Splits: 0 of 128
Current worst splitting domains lb-rhs (depth):
-17.39398 (4), -17.15067 (4), -16.95774 (3), -16.55404 (4), -16.08796 (4), -15.68398 (4), -15.67434 (3), -15.56344 (4), -15.51789 (3), -15.34258 (4), -14.98552 (4), -14.88568 (4), -14.86698 (4), -14.69806 (4), -14.61613 (4), -14.57581 (4), -14.56572 (5), -14.52885 (4), -14.29816 (5), -14.24421 (4), 
Length of domains: 264
Current (lb-rhs): -17.393978118896484
510 domains visited
Time: pickout 0.0161    decision 0.0927    set_bounds 0.0041    solve 0.7109    add 0.0024    
Accumulated time: pickout 0.0508    decision 0.3438    set_bounds 0.0159    solve 2.7299    add 0.0140    
Cumulative time: 3.1770732402801514

BaB round 7
batch: 64
splitting decisions: 
split level 0: [/input-3, 28] [/input-3, 118] [/input-3, 66] [/input-3, 36] [/input-3, 125] [/input-3, 125] [/input-3, 35] [/input-3, 46] [/input-3, 8] [/input-3, 95] 
best_l after optimization: -915.1339111328125
beta sum per layer: [10.371003150939941, 516.05908203125]
alpha/beta optimization time: 0.7110581398010254
pruning_in_iteration open status: False
ratio of positive domain = 0 / 128 = 0.0
pruning-in-iteration extra time: 0.0007345676422119141
torch.Size([128, 1])
Time: prepare 0.0048    bound 0.7129    transfer 0.0014    finalize 0.0076    func 0.7268    
Accumulated time: func 3.4511    prepare 0.0408    bound 3.3944    transfer 0.0047    finalize 0.0308    
max lb tensor(-2.84409761) min lb tensor(-10.50686455)
Number of Verified Splits: 0 of 128
Current worst splitting domains lb-rhs (depth):
-17.39398 (4), -17.15067 (4), -16.95774 (3), -16.55404 (4), -16.08796 (4), -15.68398 (4), -15.67434 (3), -15.56344 (4), -15.51789 (3), -15.34258 (4), -14.98552 (4), -14.88568 (4), -14.86698 (4), -14.69806 (4), -14.61613 (4), -14.57581 (4), -14.56572 (5), -14.52885 (4), -14.29816 (5), -14.24421 (4), 
Length of domains: 328
Current (lb-rhs): -17.393978118896484
638 domains visited
Time: pickout 0.0170    decision 0.0895    set_bounds 0.0047    solve 0.7279    add 0.0018    
Accumulated time: pickout 0.0678    decision 0.4333    set_bounds 0.0206    solve 3.4578    add 0.0158    
Cumulative time: 4.018194675445557

BaB round 8
batch: 64
splitting decisions: 
split level 0: [/input-3, 74] [/input-3, 35] [/input-3, 8] [/input-3, 74] [/input-3, 88] [/input-3, 95] [/input-3, 44] [/input-3, 105] [/input-3, 125] [/input-3, 74] 
best_l after optimization: -789.5965576171875
beta sum per layer: [8.611528396606445, 603.0099487304688]
alpha/beta optimization time: 0.6428382396697998
pruning_in_iteration open status: False
ratio of positive domain = 0 / 128 = 0.0
pruning-in-iteration extra time: 0.0008299350738525391
torch.Size([128, 1])
Time: prepare 0.0043    bound 0.6444    transfer 0.0014    finalize 0.0091    func 0.6594    
Accumulated time: func 4.1104    prepare 0.0514    bound 4.0389    transfer 0.0061    finalize 0.0399    
max lb tensor(-2.14054966) min lb tensor(-9.41651917)
Number of Verified Splits: 0 of 128
Current worst splitting domains lb-rhs (depth):
-17.39398 (4), -17.15067 (4), -16.95774 (3), -16.55404 (4), -16.08796 (4), -15.68398 (4), -15.67434 (3), -15.56344 (4), -15.51789 (3), -15.34258 (4), -14.98552 (4), -14.88568 (4), -14.86698 (4), -14.69806 (4), -14.61613 (4), -14.57581 (4), -14.56572 (5), -14.52885 (4), -14.29816 (5), -14.24421 (4), 
Length of domains: 392
Current (lb-rhs): -17.393978118896484
766 domains visited
Time: pickout 0.0149    decision 0.0905    set_bounds 0.0035    solve 0.6602    add 0.0024    
Accumulated time: pickout 0.0827    decision 0.5239    set_bounds 0.0241    solve 4.1180    add 0.0182    
Cumulative time: 4.790094614028931

BaB round 9
batch: 64
splitting decisions: 
split level 0: [/input-3, 66] [/input-3, 80] [/input-3, 28] [/input-3, 62] [/input-3, 70] [/input-3, 73] [/input-3, 80] [/input-3, 42] [/input-3, 46] [/input-3, 66] 
best_l after optimization: -697.961181640625
beta sum per layer: [9.238819122314453, 654.3162841796875]
alpha/beta optimization time: 0.6410765647888184
pruning_in_iteration open status: False
ratio of positive domain = 0 / 128 = 0.0
pruning-in-iteration extra time: 0.0009646415710449219
torch.Size([128, 1])
Time: prepare 0.0037    bound 0.6429    transfer 0.0014    finalize 0.0075    func 0.6555    
Accumulated time: func 4.7660    prepare 0.0614    bound 4.6817    transfer 0.0075    finalize 0.0474    
max lb tensor(-2.04260063) min lb tensor(-8.65413475)
Number of Verified Splits: 0 of 128
Current worst splitting domains lb-rhs (depth):
-17.39398 (4), -17.15067 (4), -16.95774 (3), -16.55404 (4), -16.08796 (4), -15.68398 (4), -15.67434 (3), -15.56344 (4), -15.51789 (3), -15.34258 (4), -14.98552 (4), -14.88568 (4), -14.86698 (4), -14.69806 (4), -14.61613 (4), -14.57581 (4), -14.56572 (5), -14.52885 (4), -14.29816 (5), -14.24421 (4), 
Length of domains: 456
Current (lb-rhs): -17.393978118896484
894 domains visited
Time: pickout 0.0151    decision 0.0875    set_bounds 0.0035    solve 0.6565    add 0.0021    
Accumulated time: pickout 0.0978    decision 0.6114    set_bounds 0.0276    solve 4.7745    add 0.0203    
Cumulative time: 5.555057525634766

BaB round 10
batch: 64
splitting decisions: 
split level 0: [/input-3, 73] [/input-3, 43] [/input-3, 16] [/input-3, 60] [/input-3, 66] [/input-3, 25] [/input-3, 56] [/input-3, 65] [/input-3, 102] [/input-3, 73] 
best_l after optimization: -630.6219482421875
beta sum per layer: [10.236228942871094, 700.54638671875]
alpha/beta optimization time: 0.6016600131988525
pruning_in_iteration open status: False
ratio of positive domain = 0 / 128 = 0.0
pruning-in-iteration extra time: 0.0008461475372314453
torch.Size([128, 1])
Time: prepare 0.0040    bound 0.6034    transfer 0.0012    finalize 0.0103    func 0.6189    
Accumulated time: func 5.3849    prepare 0.0716    bound 5.2851    transfer 0.0087    finalize 0.0577    
max lb tensor(-1.68363333) min lb tensor(-7.93943501)
Number of Verified Splits: 0 of 128
Current worst splitting domains lb-rhs (depth):
-17.39398 (4), -17.15067 (4), -16.95774 (3), -16.55404 (4), -16.08796 (4), -15.68398 (4), -15.67434 (3), -15.56344 (4), -15.51789 (3), -15.34258 (4), -14.98552 (4), -14.88568 (4), -14.86698 (4), -14.69806 (4), -14.61613 (4), -14.57581 (4), -14.56572 (5), -14.52885 (4), -14.29816 (5), -14.24421 (4), 
Length of domains: 520
Current (lb-rhs): -17.393978118896484
1022 domains visited
Time: pickout 0.0171    decision 0.0910    set_bounds 0.0034    solve 0.6199    add 0.0023    
Accumulated time: pickout 0.1149    decision 0.7024    set_bounds 0.0310    solve 5.3944    add 0.0226    
Cumulative time: 6.288946151733398

BaB round 11
batch: 64
splitting decisions: 
split level 0: [/input-3, 81] [/input-3, 46] [/input-3, 63] [/input-3, 27] [/input-3, 122] [/input-3, 70] [/input-3, 50] [/input-3, 122] [/input-3, 95] [/input-3, 81] 
best_l after optimization: -565.6185302734375
beta sum per layer: [10.721443176269531, 752.4078369140625]
alpha/beta optimization time: 0.6067898273468018
pruning_in_iteration open status: False
ratio of positive domain = 0 / 128 = 0.0
pruning-in-iteration extra time: 0.0007557868957519531
torch.Size([128, 1])
Time: prepare 0.0066    bound 0.6084    transfer 0.0011    finalize 0.0087    func 0.6249    
Accumulated time: func 6.0098    prepare 0.0867    bound 5.8935    transfer 0.0098    finalize 0.0664    
max lb tensor(-1.06524849) min lb tensor(-7.25651932)
Number of Verified Splits: 0 of 128
Current worst splitting domains lb-rhs (depth):
-17.39398 (4), -17.15067 (4), -16.95774 (3), -16.55404 (4), -16.08796 (4), -15.68398 (4), -15.67434 (3), -15.56344 (4), -15.51789 (3), -15.34258 (4), -14.98552 (4), -14.88568 (4), -14.86698 (4), -14.69806 (4), -14.61613 (4), -14.57581 (4), -14.56572 (5), -14.52885 (4), -14.29816 (5), -14.24421 (4), 
Length of domains: 584
Current (lb-rhs): -17.393978118896484
1150 domains visited
Time: pickout 0.0234    decision 0.1081    set_bounds 0.0036    solve 0.6259    add 0.0024    
Accumulated time: pickout 0.1383    decision 0.8104    set_bounds 0.0346    solve 6.0202    add 0.0250    
Cumulative time: 7.052534103393555

BaB round 12
batch: 64
splitting decisions: 
split level 0: [/input-3, 80] [/input-3, 103] [/input-3, 127] [/input-3, 40] [/input-3, 2] [/input-3, 118] [/input-3, 43] [/input-3, 81] [/input-3, 10] [/input-3, 80] 
best_l after optimization: -486.456787109375
beta sum per layer: [9.933944702148438, 802.846435546875]
alpha/beta optimization time: 0.6504452228546143
pruning_in_iteration open status: False
ratio of positive domain = 0 / 128 = 0.0
pruning-in-iteration extra time: 0.0004982948303222656
torch.Size([128, 1])
Time: prepare 0.0054    bound 0.6520    transfer 0.0013    finalize 0.0081    func 0.6669    
Accumulated time: func 6.6767    prepare 0.1006    bound 6.5455    transfer 0.0111    finalize 0.0745    
max lb tensor(-0.42805672) min lb tensor(-6.53510857)
Number of Verified Splits: 0 of 128
Current worst splitting domains lb-rhs (depth):
-17.39398 (4), -17.15067 (4), -16.95774 (3), -16.55404 (4), -16.08796 (4), -15.68398 (4), -15.67434 (3), -15.56344 (4), -15.51789 (3), -15.34258 (4), -14.98552 (4), -14.88568 (4), -14.86698 (4), -14.69806 (4), -14.61613 (4), -14.57581 (4), -14.56572 (5), -14.52885 (4), -14.29816 (5), -14.24421 (4), 
Length of domains: 648
Current (lb-rhs): -17.393978118896484
1278 domains visited
Time: pickout 0.0140    decision 0.1054    set_bounds 0.0038    solve 0.6675    add 0.0020    
Accumulated time: pickout 0.1523    decision 0.9158    set_bounds 0.0384    solve 6.6878    add 0.0270    
Time out!!!!!!!!
Result: unknown in 12.2543 seconds

 %%%%%%%%%%%%%%%%%%%%%%%%%%%%%%%%%%% idx: 1, vnnlib ID: 41 %%%%%%%%%%%%%%%%%%%%%%%%%%%%%%%%%%%
Finished vnnlib processing in 0.012440 seconds
Model: BoundedModule(
  (/0): BoundInput(name=/0, inputs=[], perturbed=True)
  (/7): BoundParams(name=/7, inputs=[], perturbed=False)
  (/8): BoundParams(name=/8, inputs=[], perturbed=False)
  (/9): BoundParams(name=/9, inputs=[], perturbed=False)
  (/10): BoundParams(name=/10, inputs=[], perturbed=False)
  (/11): BoundParams(name=/11, inputs=[], perturbed=False)
  (/12): BoundParams(name=/12, inputs=[], perturbed=False)
  (/13): BoundFlatten(name=/13, inputs=[/0], perturbed=True)
  (/input): BoundLinear(name=/input, inputs=[/13, /7, /8], perturbed=True)
  (/15): BoundRelu(name=/15, inputs=[/input], perturbed=True)
  (/input-3): BoundLinear(name=/input-3, inputs=[/15, /9, /10], perturbed=True)
  (/17): BoundRelu(name=/17, inputs=[/input-3], perturbed=True)
  (/18): BoundLinear(name=/18, inputs=[/17, /11, /12], perturbed=True)
)
Original output in the first batch: tensor([[ -3.83612919,  -1.78374040,   3.61724401,   2.42178702,  -7.72781277,
          -4.23932028, -12.83867359,  10.36959648,  -2.60129046,  -2.37291598]],
       device='cuda:0')
Split layers:
Nonlinear functions:
   BoundRelu(name=/15, inputs=[/input], perturbed=True)
   BoundRelu(name=/17, inputs=[/input-3], perturbed=True)
build batch [1/1]
layer /15 using sparse-features alpha with shape [184]; unstable size 184; total size 256 ([1, 256])
layer /15 start_node /input-3 using sparse-spec alpha [2, 107, 1, 184] with unstable size 106 total_size 128 output_shape torch.Size([128])
layer /15 start_node /18 using full alpha [2, 9, 1, 184] with unstable size None total_size 9 output_shape 9
layer /17 using sparse-features alpha with shape [106]; unstable size 106; total size 128 ([1, 128])
layer /17 start_node /18 using full alpha [2, 9, 1, 106] with unstable size None total_size 9 output_shape 9
Optimizable variables initialized.
initial CROWN bounds (first 10 items): [-9.407176971435547, -8.65184211730957, -15.039624214172363, -14.695663452148438, -5.204689025878906, -14.72782039642334, -8.769207954406738, -14.029047012329102, -11.627636909484863]
prune_after_crown optimization in use
  original spec size = torch.Size([1, 9])
  pruned spec size = torch.Size([1, 9])
Using alpha-CROWN to initialize bounds.
best_l after optimization: -85.83421325683594
alpha/beta optimization time: 2.826519012451172
initial alpha-crown bounds (first 10 items): [-8.28938102722168, -7.731718063354492, -11.793135643005371, -12.625358581542969, -4.532400131225586, -12.041291236877441, -6.572986602783203, -11.529720306396484, -10.718223571777344]
Global lower bound: -12.625358581542969
torch.Size([1, 9])
0 / 9 OR specs are verified.
Verified OR indices (first 10 items): []
Verified OR lbs (first 10 items): []
Unverified OR indices (first 10 items): [0, 1, 2, 3, 4, 5, 6, 7, 8]
Unverified OR lbs (first 10 items): [[-8.28938102722168], [-7.731718063354492], [-11.793135643005371], [-12.625358581542969], [-4.532400131225586], [-12.041291236877441], [-6.572986602783203], [-11.529720306396484], [-10.718223571777344]]
###### Verifying property Instance 1 ######
Batch size: 9
First 10 spec matrices
C: tensor([[[-1.,  0.,  0.,  0.,  0.,  0.,  0.,  1.,  0.,  0.]],

        [[ 0., -1.,  0.,  0.,  0.,  0.,  0.,  1.,  0.,  0.]],

        [[ 0.,  0., -1.,  0.,  0.,  0.,  0.,  1.,  0.,  0.]],

        [[ 0.,  0.,  0., -1.,  0.,  0.,  0.,  1.,  0.,  0.]],

        [[ 0.,  0.,  0.,  0., -1.,  0.,  0.,  1.,  0.,  0.]],

        [[ 0.,  0.,  0.,  0.,  0., -1.,  0.,  1.,  0.,  0.]],

        [[ 0.,  0.,  0.,  0.,  0.,  0., -1.,  1.,  0.,  0.]],

        [[ 0.,  0.,  0.,  0.,  0.,  0.,  0.,  1., -1.,  0.]],

        [[ 0.,  0.,  0.,  0.,  0.,  0.,  0.,  1.,  0., -1.]]], device='cuda:0')
RHS: tensor([[0.],
        [0.],
        [0.],
        [0.],
        [0.],
        [0.],
        [0.],
        [0.],
        [0.]], device='cuda:0')
OR spec sizes: tensor([1, 1, 1, 1, 1, 1, 1, 1, 1], device='cuda:0', dtype=torch.int32)
Remaining timeout: 8.674565315246582
Model prediction is: tensor([ -3.83612919,  -1.78374040,   3.61724401,   2.42178702,  -7.72781277,
         -4.23932028, -12.83867359,  10.36959648,  -2.60129046,  -2.37291598],
       device='cuda:0')
Activation BaB batch 1/1 
build_with_refined_bounds batch [1/1]
Optimizable variables initialized.
all alpha initialized
directly get lb and ub from refined bounds
c shape: torch.Size([9, 1, 10])
lA shapes: [torch.Size([9, 1, 256]), torch.Size([9, 1, 128])]
torch.Size([9, 1])
(alpha-)CROWN with fixed intermediate bounds: tensor([[ -8.28938103],
        [ -7.73171806],
        [-11.79313564],
        [-12.62535858],
        [ -4.53240013],
        [-12.04129124],
        [ -6.57298660],
        [-11.52972031],
        [-10.71822357]], device='cuda:0') tensor([[inf],
        [inf],
        [inf],
        [inf],
        [inf],
        [inf],
        [inf],
        [inf],
        [inf]], device='cuda:0')
Intermediate layers: /input,/input-3
Keeping alphas for these layers: ['/18']
Node /15 input 0: size torch.Size([256]) unstable 184
Node /17 input 0: size torch.Size([128]) unstable 103
-----------------
# of unstable neurons: 287
-----------------

BaB round 1
batch: 9
splitting decisions: 
split level 0: [/input-3, 102] [/input-3, 101] [/input-3, 70] [/input-3, 102] [/input-3, 70] [/input-3, 70] [/input-3, 102] [/input-3, 27] [/input-3, 102] 
best_l after optimization: -158.04600524902344
beta sum per layer: [0.0, 4.292253494262695]
alpha/beta optimization time: 0.66849684715271
pruning_in_iteration open status: False
ratio of positive domain = 0 / 18 = 0.0
pruning-in-iteration extra time: 0.0004963874816894531
torch.Size([18, 1])
Time: prepare 0.0028    bound 0.6698    transfer 0.0011    finalize 0.0068    func 0.6807    
Accumulated time: func 0.6807    prepare 0.0082    bound 0.6698    transfer 0.0011    finalize 0.0068    
max lb tensor(-3.51629639) min lb tensor(-12.08554745)
Number of Verified Splits: 0 of 18
Current worst splitting domains lb-rhs (depth):
-12.08555 (1), -11.73987 (1), -11.55089 (1), -11.31943 (1), -11.21455 (1), -11.15515 (1), -11.15361 (1), -10.17101 (1), -10.13589 (1), -10.06526 (1), -7.70483 (1), -7.31893 (1), -7.19889 (1), -7.08294 (1), -5.78064 (1), -4.77990 (1), -4.07239 (1), -3.51630 (1), 
Length of domains: 18
Current (lb-rhs): -12.08554744720459
18 domains visited
Time: pickout 0.0018    decision 0.0415    set_bounds 0.0012    solve 0.6813    add 0.0065    
Accumulated time: pickout 0.0018    decision 0.0415    set_bounds 0.0012    solve 0.6813    add 0.0065    
Cumulative time: 0.7827310562133789

BaB round 2
batch: 18
splitting decisions: 
split level 0: [/input-3, 11] [/input-3, 11] [/input-3, 34] [/input-3, 62] [/input-3, 62] [/input, 135] [/input-3, 70] [/input-3, 6] [/input-3, 70] [/input-3, 11] 
best_l after optimization: -290.7055969238281
beta sum per layer: [2.641085624694824, 17.390283584594727]
alpha/beta optimization time: 0.6698603630065918
pruning_in_iteration open status: False
ratio of positive domain = 0 / 36 = 0.0
pruning-in-iteration extra time: 0.0006351470947265625
torch.Size([36, 1])
Time: prepare 0.0030    bound 0.6713    transfer 0.0018    finalize 0.0074    func 0.6836    
Accumulated time: func 1.3643    prepare 0.0181    bound 1.3411    transfer 0.0029    finalize 0.0143    
max lb tensor(-3.05338860) min lb tensor(-11.85623360)
Number of Verified Splits: 0 of 36
Current worst splitting domains lb-rhs (depth):
-11.85623 (2), -11.42617 (2), -11.09437 (2), -10.93438 (2), -10.89575 (2), -10.86193 (2), -10.75842 (2), -10.72787 (2), -10.68814 (2), -10.40977 (2), -10.06507 (2), -10.00704 (2), -9.83582 (2), -9.79361 (2), -9.74854 (2), -9.62218 (2), -9.25527 (2), -9.18394 (2), -9.09820 (2), -8.88334 (2), 
Length of domains: 36
Current (lb-rhs): -11.856233596801758
54 domains visited
Time: pickout 0.0111    decision 0.0499    set_bounds 0.0021    solve 0.6842    add 0.0036    
Accumulated time: pickout 0.0129    decision 0.0914    set_bounds 0.0033    solve 1.3656    add 0.0101    
Cumulative time: 1.533893346786499

BaB round 3
batch: 36
splitting decisions: 
split level 0: [/input-3, 40] [/input, 4] [/input-3, 72] [/input-3, 0] [/input-3, 36] [/input-3, 27] [/input-3, 11] [/input-3, 102] [/input-3, 62] [/input-3, 40] 
best_l after optimization: -528.0584716796875
beta sum per layer: [8.537202835083008, 62.18384552001953]
alpha/beta optimization time: 0.6504929065704346
pruning_in_iteration open status: False
ratio of positive domain = 0 / 72 = 0.0
pruning-in-iteration extra time: 0.00070953369140625
torch.Size([72, 1])
Time: prepare 0.0032    bound 0.6522    transfer 0.0011    finalize 0.0095    func 0.6661    
Accumulated time: func 2.0304    prepare 0.0293    bound 1.9933    transfer 0.0040    finalize 0.0237    
max lb tensor(-2.59275913) min lb tensor(-11.65240002)
Number of Verified Splits: 0 of 72
Current worst splitting domains lb-rhs (depth):
-11.65240 (3), -11.18988 (3), -10.72865 (3), -10.67469 (3), -10.64453 (3), -10.53517 (3), -10.53099 (3), -10.50738 (3), -10.48700 (3), -10.29917 (3), -10.01868 (3), -9.81165 (3), -9.74283 (3), -9.69013 (3), -9.65400 (3), -9.63111 (3), -9.43202 (3), -9.38010 (3), -9.35653 (3), -9.31524 (3), 
Length of domains: 72
Current (lb-rhs): -11.652400016784668
126 domains visited
Time: pickout 0.0141    decision 0.0664    set_bounds 0.0039    solve 0.6667    add 0.0024    
Accumulated time: pickout 0.0270    decision 0.1578    set_bounds 0.0072    solve 2.0323    add 0.0124    
Cumulative time: 2.2875783443450928

BaB round 4
batch: 64
splitting decisions: 
split level 0: [/input, 10] [/input-3, 0] [/input-3, 6] [/input-3, 103] [/input-3, 40] [/input-3, 73] [/input-3, 62] [/input, 207] [/input-3, 11] [/input, 10] 
best_l after optimization: -825.321044921875
beta sum per layer: [23.75075912475586, 165.79246520996094]
alpha/beta optimization time: 0.6699748039245605
pruning_in_iteration open status: False
ratio of positive domain = 0 / 128 = 0.0
pruning-in-iteration extra time: 0.0004184246063232422
torch.Size([128, 1])
Time: prepare 0.0042    bound 0.6712    transfer 0.0014    finalize 0.0083    func 0.6852    
Accumulated time: func 2.7156    prepare 0.0413    bound 2.6645    transfer 0.0054    finalize 0.0320    
max lb tensor(-1.38364029) min lb tensor(-11.49176979)
Number of Verified Splits: 0 of 128
Current worst splitting domains lb-rhs (depth):
-11.49177 (4), -11.18988 (3), -10.72865 (3), -10.53517 (3), -10.53099 (3), -10.49052 (4), -10.45790 (4), -10.27287 (4), -10.10620 (4), -10.08673 (4), -9.96974 (4), -9.71094 (4), -9.41040 (4), -9.35178 (4), -9.32665 (4), -9.27844 (4), -9.27748 (4), -9.07719 (4), -9.01128 (4), -9.00094 (4), 
Length of domains: 136
Current (lb-rhs): -11.491769790649414
254 domains visited
Time: pickout 0.0151    decision 0.0751    set_bounds 0.0040    solve 0.6863    add 0.0031    
Accumulated time: pickout 0.0421    decision 0.2330    set_bounds 0.0113    solve 2.7186    add 0.0155    
Cumulative time: 3.0714590549468994

BaB round 5
batch: 64
splitting decisions: 
split level 0: [/input-3, 36] [/input-3, 103] [/input-3, 21] [/input-3, 40] [/input-3, 114] [/input-3, 34] [/input-3, 71] [/input-3, 40] [/input-3, 40] [/input-3, 36] 
best_l after optimization: -676.9532470703125
beta sum per layer: [29.184621810913086, 240.36021423339844]
alpha/beta optimization time: 0.7058708667755127
pruning_in_iteration open status: False
ratio of positive domain = 0 / 128 = 0.0
pruning-in-iteration extra time: 0.0004184246063232422
torch.Size([128, 1])
Time: prepare 0.0059    bound 0.7071    transfer 0.0011    finalize 0.0072    func 0.7214    
Accumulated time: func 3.4370    prepare 0.0527    bound 3.3716    transfer 0.0065    finalize 0.0391    
max lb tensor(-0.85021114) min lb tensor(-9.86450100)
Number of Verified Splits: 0 of 128
Current worst splitting domains lb-rhs (depth):
-11.49177 (4), -11.18988 (3), -10.72865 (3), -10.53517 (3), -10.53099 (3), -10.49052 (4), -10.45790 (4), -10.27287 (4), -10.10620 (4), -9.96974 (4), -9.86450 (5), -9.71094 (4), -9.41040 (4), -9.35178 (4), -9.32665 (4), -9.27844 (4), -9.27748 (4), -9.07719 (4), -8.99249 (4), -8.97872 (4), 
Length of domains: 200
Current (lb-rhs): -11.491769790649414
382 domains visited
Time: pickout 0.0168    decision 0.0968    set_bounds 0.0064    solve 0.7221    add 0.0030    
Accumulated time: pickout 0.0589    decision 0.3298    set_bounds 0.0177    solve 3.4407    add 0.0185    
Cumulative time: 3.916919708251953

BaB round 6
batch: 64
splitting decisions: 
split level 0: [/input-3, 21] [/input-3, 27] [/input-3, 37] [/input-3, 37] [/input-3, 31] [/input-3, 101] [/input-3, 36] [/input-3, 71] [/input-3, 31] [/input-3, 21] 
best_l after optimization: -545.0433959960938
beta sum per layer: [31.79804229736328, 339.8788146972656]
alpha/beta optimization time: 0.6261155605316162
pruning_in_iteration open status: False
ratio of positive domain = 0 / 128 = 0.0
pruning-in-iteration extra time: 0.0003497600555419922
torch.Size([128, 1])
Time: prepare 0.0046    bound 0.6273    transfer 0.0016    finalize 0.0106    func 0.6443    
Accumulated time: func 4.0813    prepare 0.0621    bound 3.9989    transfer 0.0082    finalize 0.0497    
max lb tensor(-0.45192242) min lb tensor(-7.64375210)
Number of Verified Splits: 0 of 128
Current worst splitting domains lb-rhs (depth):
-11.49177 (4), -11.18988 (3), -10.72865 (3), -10.53517 (3), -10.53099 (3), -10.49052 (4), -10.45790 (4), -10.27287 (4), -10.10620 (4), -9.96974 (4), -9.86450 (5), -9.71094 (4), -9.41040 (4), -9.35178 (4), -9.32665 (4), -9.27844 (4), -9.27748 (4), -9.07719 (4), -8.99249 (4), -8.97872 (4), 
Length of domains: 264
Current (lb-rhs): -11.491769790649414
510 domains visited
Time: pickout 0.0144    decision 0.0956    set_bounds 0.0046    solve 0.6453    add 0.0022    
Accumulated time: pickout 0.0733    decision 0.4254    set_bounds 0.0223    solve 4.0859    add 0.0207    
Cumulative time: 4.679171800613403

BaB round 7
batch: 64
splitting decisions: 
split level 0: [/input-3, 40] [/input-3, 109] [/input-3, 109] [/input-3, 104] [/input-3, 27] [/input-3, 102] [/input-3, 0] [/input-3, 114] [/input-3, 17] [/input-3, 40] 
best_l after optimization: -416.9778747558594
beta sum per layer: [44.09474182128906, 380.80499267578125]
alpha/beta optimization time: 0.6443078517913818
pruning_in_iteration open status: False
ratio of positive domain = 1 / 128 = 0.0078125
pruning-in-iteration extra time: 0.00045609474182128906
torch.Size([128, 1])
Time: prepare 0.0040    bound 0.6458    transfer 0.0012    finalize 0.0085    func 0.6596    
Accumulated time: func 4.7409    prepare 0.0731    bound 4.6448    transfer 0.0093    finalize 0.0582    
max lb tensor(0.07186508) min lb tensor(-7.28188038)
Number of Verified Splits: 1 of 128
Current worst splitting domains lb-rhs (depth):
-11.49177 (4), -11.18988 (3), -10.72865 (3), -10.53517 (3), -10.53099 (3), -10.49052 (4), -10.45790 (4), -10.27287 (4), -10.10620 (4), -9.96974 (4), -9.86450 (5), -9.71094 (4), -9.41040 (4), -9.35178 (4), -9.32665 (4), -9.27844 (4), -9.27748 (4), -9.07719 (4), -8.99249 (4), -8.97872 (4), 
Length of domains: 327
Current (lb-rhs): -11.491769790649414
638 domains visited
Time: pickout 0.0143    decision 0.0950    set_bounds 0.0041    solve 0.6608    add 0.0019    
Accumulated time: pickout 0.0876    decision 0.5204    set_bounds 0.0264    solve 4.7467    add 0.0226    
Cumulative time: 5.4554455280303955

BaB round 8
batch: 64
splitting decisions: 
split level 0: [/input-3, 72] [/input-3, 72] [/input-3, 34] [/input-3, 90] [/input-3, 6] [/input-3, 109] [/input-3, 40] [/input-3, 62] [/input-3, 62] [/input-3, 72] 
best_l after optimization: -262.1260986328125
beta sum per layer: [46.37175750732422, 480.87274169921875]
alpha/beta optimization time: 0.652667760848999
pruning_in_iteration open status: False
ratio of positive domain = 17 / 128 = 0.1328125
pruning-in-iteration extra time: 0.00040340423583984375
torch.Size([128, 1])
Time: prepare 0.0046    bound 0.6539    transfer 0.0019    finalize 0.0068    func 0.6672    
Accumulated time: func 5.4081    prepare 0.0821    bound 5.2986    transfer 0.0112    finalize 0.0650    
max lb tensor(0.44880199) min lb tensor(-4.38729811)
Number of Verified Splits: 17 of 128
Current worst splitting domains lb-rhs (depth):
-11.49177 (4), -11.18988 (3), -10.72865 (3), -10.53517 (3), -10.53099 (3), -10.49052 (4), -10.45790 (4), -10.27287 (4), -10.10620 (4), -9.96974 (4), -9.86450 (5), -9.71094 (4), -9.41040 (4), -9.35178 (4), -9.32665 (4), -9.27844 (4), -9.27748 (4), -9.07719 (4), -8.99249 (4), -8.97872 (4), 
Length of domains: 374
Current (lb-rhs): -11.491769790649414
766 domains visited
Time: pickout 0.0148    decision 0.0962    set_bounds 0.0037    solve 0.6682    add 0.0024    
Accumulated time: pickout 0.1024    decision 0.6166    set_bounds 0.0301    solve 5.4149    add 0.0251    
Cumulative time: 6.241151571273804

BaB round 9
batch: 64
splitting decisions: 
split level 0: [/input-3, 88] [/input-3, 71] [/input-3, 62] [/input-3, 100] [/input-3, 21] [/input-3, 88] [/input-3, 6] [/input-3, 88] [/input-3, 71] [/input-3, 71] 
best_l after optimization: -222.5551300048828
beta sum per layer: [57.548240661621094, 535.9878540039062]
alpha/beta optimization time: 0.6220014095306396
pruning_in_iteration open status: False
ratio of positive domain = 19 / 128 = 0.1484375
pruning-in-iteration extra time: 0.00031256675720214844
torch.Size([128, 1])
Time: prepare 0.0046    bound 0.6232    transfer 0.0011    finalize 0.0108    func 0.6398    
Accumulated time: func 6.0479    prepare 0.0944    bound 5.9218    transfer 0.0123    finalize 0.0758    
max lb tensor(0.50538921) min lb tensor(-3.72265625)
Number of Verified Splits: 19 of 128
Current worst splitting domains lb-rhs (depth):
-11.49177 (4), -11.18988 (3), -10.72865 (3), -10.53517 (3), -10.53099 (3), -10.49052 (4), -10.45790 (4), -10.27287 (4), -10.10620 (4), -9.96974 (4), -9.86450 (5), -9.71094 (4), -9.41040 (4), -9.35178 (4), -9.32665 (4), -9.27844 (4), -9.27748 (4), -9.07719 (4), -8.99249 (4), -8.97872 (4), 
Length of domains: 419
Current (lb-rhs): -11.491769790649414
894 domains visited
Time: pickout 0.0204    decision 0.1026    set_bounds 0.0045    solve 0.6404    add 0.0034    
Accumulated time: pickout 0.1227    decision 0.7192    set_bounds 0.0346    solve 6.0553    add 0.0285    
Cumulative time: 7.0128014087677

BaB round 10
batch: 64
splitting decisions: 
split level 0: [/input-3, 100] [/input-3, 88] [/input-3, 72] [/input-3, 62] [/input-3, 72] [/input-3, 40] [/input-3, 71] [/input-3, 120] [/input-3, 88] [/input-3, 125] 
best_l after optimization: -193.60360717773438
beta sum per layer: [68.06886291503906, 622.2940673828125]
alpha/beta optimization time: 0.6732728481292725
pruning_in_iteration open status: False
ratio of positive domain = 2 / 128 = 0.015625
pruning-in-iteration extra time: 0.0007855892181396484
torch.Size([128, 1])
Time: prepare 0.0046    bound 0.6749    transfer 0.0017    finalize 0.0079    func 0.6891    
Accumulated time: func 6.7370    prepare 0.1046    bound 6.5967    transfer 0.0140    finalize 0.0838    
max lb tensor(0.31525421) min lb tensor(-3.42113638)
Number of Verified Splits: 2 of 128
Current worst splitting domains lb-rhs (depth):
-11.49177 (4), -11.18988 (3), -10.72865 (3), -10.53517 (3), -10.53099 (3), -10.49052 (4), -10.45790 (4), -10.27287 (4), -10.10620 (4), -9.96974 (4), -9.86450 (5), -9.71094 (4), -9.41040 (4), -9.35178 (4), -9.32665 (4), -9.27844 (4), -9.27748 (4), -9.07719 (4), -8.99249 (4), -8.97872 (4), 
Length of domains: 481
Current (lb-rhs): -11.491769790649414
1022 domains visited
Time: pickout 0.0181    decision 0.1026    set_bounds 0.0034    solve 0.6901    add 0.0020    
Accumulated time: pickout 0.1408    decision 0.8219    set_bounds 0.0380    solve 6.7454    add 0.0305    
Cumulative time: 7.829363822937012

BaB round 11
batch: 64
splitting decisions: 
split level 0: [/input-3, 85] [/input-3, 8] [/input-3, 5] [/input-3, 125] [/input-3, 20] [/input-3, 85] [/input-3, 97] [/input-3, 97] [/input-3, 5] [/input-3, 72] 
best_l after optimization: -122.85601043701172
beta sum per layer: [69.61865234375, 649.44970703125]
alpha/beta optimization time: 0.7782824039459229
pruning_in_iteration open status: True
ratio of positive domain = 27 / 128 = 0.2109375
pruning-in-iteration extra time: 0.017792940139770508
torch.Size([128, 1])
Time: prepare 0.0052    bound 0.7793    transfer 0.0003    finalize 0.0024    func 0.7872    
Accumulated time: func 7.5242    prepare 0.1150    bound 7.3760    transfer 0.0143    finalize 0.0862    
max lb tensor(9.99999975e-05) min lb tensor(-2.85194826)
Number of Verified Splits: 27 of 128
Current worst splitting domains lb-rhs (depth):
-11.49177 (4), -11.18988 (3), -10.72865 (3), -10.53517 (3), -10.53099 (3), -10.49052 (4), -10.45790 (4), -10.27287 (4), -10.10620 (4), -9.96974 (4), -9.86450 (5), -9.71094 (4), -9.41040 (4), -9.35178 (4), -9.32665 (4), -9.27844 (4), -9.27748 (4), -9.07719 (4), -8.99249 (4), -8.97872 (4), 
Length of domains: 518
Current (lb-rhs): -11.491769790649414
1150 domains visited
Time: pickout 0.0163    decision 0.1056    set_bounds 0.0038    solve 0.7893    add 0.0013    
Accumulated time: pickout 0.1571    decision 0.9275    set_bounds 0.0418    solve 7.5347    add 0.0318    
Time out!!!!!!!!
Result: unknown in 12.0828 seconds

 %%%%%%%%%%%%%%%%%%%%%%%%%%%%%%%%%%% idx: 2, vnnlib ID: 42 %%%%%%%%%%%%%%%%%%%%%%%%%%%%%%%%%%%
Finished vnnlib processing in 0.003233 seconds
Model: BoundedModule(
  (/0): BoundInput(name=/0, inputs=[], perturbed=True)
  (/7): BoundParams(name=/7, inputs=[], perturbed=False)
  (/8): BoundParams(name=/8, inputs=[], perturbed=False)
  (/9): BoundParams(name=/9, inputs=[], perturbed=False)
  (/10): BoundParams(name=/10, inputs=[], perturbed=False)
  (/11): BoundParams(name=/11, inputs=[], perturbed=False)
  (/12): BoundParams(name=/12, inputs=[], perturbed=False)
  (/13): BoundFlatten(name=/13, inputs=[/0], perturbed=True)
  (/input): BoundLinear(name=/input, inputs=[/13, /7, /8], perturbed=True)
  (/15): BoundRelu(name=/15, inputs=[/input], perturbed=True)
  (/input-3): BoundLinear(name=/input-3, inputs=[/15, /9, /10], perturbed=True)
  (/17): BoundRelu(name=/17, inputs=[/input-3], perturbed=True)
  (/18): BoundLinear(name=/18, inputs=[/17, /11, /12], perturbed=True)
)
Original output in the first batch: tensor([[-10.72253990,  -1.92355216,  -9.10022163,  -5.94732428,  12.84842014,
          -5.97301960, -11.85274601,  -0.09609692,  -2.43983746,   2.12083435]],
       device='cuda:0')
Split layers:
Nonlinear functions:
   BoundRelu(name=/15, inputs=[/input], perturbed=True)
   BoundRelu(name=/17, inputs=[/input-3], perturbed=True)
build batch [1/1]
layer /15 using sparse-features alpha with shape [160]; unstable size 160; total size 256 ([1, 256])
layer /15 start_node /input-3 using sparse-spec alpha [2, 96, 1, 160] with unstable size 95 total_size 128 output_shape torch.Size([128])
layer /15 start_node /18 using full alpha [2, 9, 1, 160] with unstable size None total_size 9 output_shape 9
layer /17 using sparse-features alpha with shape [95]; unstable size 95; total size 128 ([1, 128])
layer /17 start_node /18 using full alpha [2, 9, 1, 95] with unstable size None total_size 9 output_shape 9
Optimizable variables initialized.
initial CROWN bounds (first 10 items): [-1.5422306060791016, -7.957237243652344, -5.390558242797852, -10.379276275634766, -7.818305969238281, -0.7461357116699219, -11.498454093933105, -11.856494903564453, -12.655177116394043]
prune_after_crown optimization in use
  original spec size = torch.Size([1, 9])
  pruned spec size = torch.Size([1, 9])
Using alpha-CROWN to initialize bounds.
best_l after optimization: -62.522491455078125
alpha/beta optimization time: 1.4701848030090332
initial alpha-crown bounds (first 10 items): [-1.0305538177490234, -7.212209701538086, -4.793025970458984, -9.329508781433105, -6.856104850769043, -0.1687755584716797, -10.956961631774902, -10.484346389770508, -11.69100570678711]
Global lower bound: -11.69100570678711
torch.Size([1, 9])
0 / 9 OR specs are verified.
Verified OR indices (first 10 items): []
Verified OR lbs (first 10 items): []
Unverified OR indices (first 10 items): [0, 1, 2, 3, 4, 5, 6, 7, 8]
Unverified OR lbs (first 10 items): [[-1.0305538177490234], [-7.212209701538086], [-4.793025970458984], [-9.329508781433105], [-6.856104850769043], [-0.1687755584716797], [-10.956961631774902], [-10.484346389770508], [-11.69100570678711]]
###### Verifying property Instance 2 ######
Batch size: 9
First 10 spec matrices
C: tensor([[[-1.,  0.,  0.,  0.,  1.,  0.,  0.,  0.,  0.,  0.]],

        [[ 0., -1.,  0.,  0.,  1.,  0.,  0.,  0.,  0.,  0.]],

        [[ 0.,  0., -1.,  0.,  1.,  0.,  0.,  0.,  0.,  0.]],

        [[ 0.,  0.,  0., -1.,  1.,  0.,  0.,  0.,  0.,  0.]],

        [[ 0.,  0.,  0.,  0.,  1., -1.,  0.,  0.,  0.,  0.]],

        [[ 0.,  0.,  0.,  0.,  1.,  0., -1.,  0.,  0.,  0.]],

        [[ 0.,  0.,  0.,  0.,  1.,  0.,  0., -1.,  0.,  0.]],

        [[ 0.,  0.,  0.,  0.,  1.,  0.,  0.,  0., -1.,  0.]],

        [[ 0.,  0.,  0.,  0.,  1.,  0.,  0.,  0.,  0., -1.]]], device='cuda:0')
RHS: tensor([[0.],
        [0.],
        [0.],
        [0.],
        [0.],
        [0.],
        [0.],
        [0.],
        [0.]], device='cuda:0')
OR spec sizes: tensor([1, 1, 1, 1, 1, 1, 1, 1, 1], device='cuda:0', dtype=torch.int32)
Remaining timeout: 10.34225058555603
Model prediction is: tensor([-10.72253990,  -1.92355216,  -9.10022163,  -5.94732428,  12.84842014,
         -5.97301960, -11.85274601,  -0.09609692,  -2.43983746,   2.12083435],
       device='cuda:0')
Activation BaB batch 1/1 
build_with_refined_bounds batch [1/1]
Optimizable variables initialized.
all alpha initialized
directly get lb and ub from refined bounds
c shape: torch.Size([9, 1, 10])
lA shapes: [torch.Size([9, 1, 256]), torch.Size([9, 1, 128])]
torch.Size([9, 1])
(alpha-)CROWN with fixed intermediate bounds: tensor([[ -1.03055382],
        [ -7.21220970],
        [ -4.79302597],
        [ -9.32950878],
        [ -6.85610485],
        [ -0.16877556],
        [-10.95696163],
        [-10.48434639],
        [-11.69100571]], device='cuda:0') tensor([[inf],
        [inf],
        [inf],
        [inf],
        [inf],
        [inf],
        [inf],
        [inf],
        [inf]], device='cuda:0')
Intermediate layers: /input,/input-3
Keeping alphas for these layers: ['/18']
Node /15 input 0: size torch.Size([256]) unstable 160
Node /17 input 0: size torch.Size([128]) unstable 93
-----------------
# of unstable neurons: 253
-----------------

BaB round 1
batch: 9
splitting decisions: 
split level 0: [/input-3, 81] [/input, 4] [/input, 239] [/input-3, 0] [/input, 135] [/input-3, 102] [/input, 231] [/input-3, 0] [/input-3, 0] 
best_l after optimization: -107.8172836303711
beta sum per layer: [2.9143905639648438, 4.572460651397705]
alpha/beta optimization time: 0.5979592800140381
pruning_in_iteration open status: False
ratio of positive domain = 3 / 18 = 0.16666666666666663
pruning-in-iteration extra time: 0.0006825923919677734
torch.Size([18, 1])
Time: prepare 0.0009    bound 0.5994    transfer 0.0012    finalize 0.0048    func 0.6063    
Accumulated time: func 0.6063    prepare 0.0022    bound 0.5994    transfer 0.0012    finalize 0.0048    
max lb tensor(0.75680733) min lb tensor(-11.43945312)
Number of Verified Splits: 3 of 18
Current worst splitting domains lb-rhs (depth):
-11.43945 (1), -10.65286 (1), -10.23922 (1), -9.80033 (1), -9.20788 (1), -8.92088 (1), -8.84532 (1), -6.99266 (1), -6.64108 (1), -6.37743 (1), -5.97921 (1), -5.82761 (1), -4.53239 (1), -3.08997 (1), -0.55755 (1), 
Length of domains: 15
Current (lb-rhs): -11.439453125
18 domains visited
Time: pickout 0.0019    decision 0.0179    set_bounds 0.0009    solve 0.6070    add 0.0080    
Accumulated time: pickout 0.0019    decision 0.0179    set_bounds 0.0009    solve 0.6070    add 0.0080    
Cumulative time: 0.6565165519714355

BaB round 2
batch: 15
splitting decisions: 
split level 0: [/input-3, 0] [/input, 13] [/input, 71] [/input-3, 40] [/input, 4] [/input-3, 81] [/input, 239] [/input, 123] [/input, 13] [/input, 71] 
best_l after optimization: -191.2843017578125
beta sum per layer: [18.909351348876953, 15.077417373657227]
alpha/beta optimization time: 0.5875732898712158
pruning_in_iteration open status: False
ratio of positive domain = 1 / 30 = 0.033333333333333326
pruning-in-iteration extra time: 0.0009062290191650391
torch.Size([30, 1])
Time: prepare 0.0021    bound 0.5893    transfer 0.0013    finalize 0.0050    func 0.5978    
Accumulated time: func 1.2041    prepare 0.0089    bound 1.1887    transfer 0.0025    finalize 0.0098    
max lb tensor(0.27029991) min lb tensor(-11.10104179)
Number of Verified Splits: 1 of 30
Current worst splitting domains lb-rhs (depth):
-11.10104 (2), -10.88995 (2), -10.32570 (2), -10.03551 (2), -9.46900 (2), -9.09164 (2), -8.61746 (2), -8.59412 (2), -8.49621 (2), -8.42063 (2), -8.00452 (2), -7.56116 (2), -6.72023 (2), -6.21206 (2), -6.15915 (2), -6.14968 (2), -6.10410 (2), -5.94251 (2), -5.91490 (2), -5.43650 (2), 
Length of domains: 29
Current (lb-rhs): -11.101041793823242
48 domains visited
Time: pickout 0.0109    decision 0.0450    set_bounds 0.0020    solve 0.5984    add 0.0016    
Accumulated time: pickout 0.0127    decision 0.0630    set_bounds 0.0029    solve 1.2054    add 0.0096    
Cumulative time: 1.3146171569824219

BaB round 3
batch: 29
splitting decisions: 
split level 0: [/input-3, 102] [/input-3, 104] [/input, 52] [/input, 4] [/input-3, 81] [/input-3, 74] [/input-3, 104] [/input, 151] [/input-3, 104] [/input, 52] 
best_l after optimization: -333.659912109375
beta sum per layer: [60.64927673339844, 49.30205154418945]
alpha/beta optimization time: 0.5966925621032715
pruning_in_iteration open status: False
ratio of positive domain = 2 / 58 = 0.03448275862068961
pruning-in-iteration extra time: 0.0008699893951416016
torch.Size([58, 1])
Time: prepare 0.0030    bound 0.5984    transfer 0.0012    finalize 0.0089    func 0.6115    
Accumulated time: func 1.8156    prepare 0.0160    bound 1.7871    transfer 0.0037    finalize 0.0187    
max lb tensor(0.49840164) min lb tensor(-10.87718105)
Number of Verified Splits: 2 of 58
Current worst splitting domains lb-rhs (depth):
-10.87718 (3), -10.64787 (3), -10.10745 (3), -9.85393 (3), -9.81374 (3), -9.56947 (3), -9.23202 (3), -8.62414 (3), -8.29372 (3), -8.27381 (3), -8.26194 (3), -8.23027 (3), -8.19293 (3), -8.11138 (3), -7.95009 (3), -7.82051 (3), -7.59792 (3), -7.21643 (3), -7.12131 (3), -6.96344 (3), 
Length of domains: 56
Current (lb-rhs): -10.877181053161621
106 domains visited
Time: pickout 0.0103    decision 0.0499    set_bounds 0.0023    solve 0.6122    add 0.0024    
Accumulated time: pickout 0.0230    decision 0.1129    set_bounds 0.0052    solve 1.8176    add 0.0121    
Cumulative time: 1.9921448230743408

BaB round 4
batch: 56
splitting decisions: 
split level 0: [/input-3, 48] [/input-3, 25] [/input, 102] [/input-3, 0] [/input, 141] [/input-3, 40] [/input-3, 81] [/input-3, 48] [/input-3, 25] [/input-3, 74] 
best_l after optimization: -563.499755859375
beta sum per layer: [147.1453857421875, 162.15469360351562]
alpha/beta optimization time: 0.5700888633728027
pruning_in_iteration open status: False
ratio of positive domain = 0 / 112 = 0.0
pruning-in-iteration extra time: 0.00039887428283691406
torch.Size([112, 1])
Time: prepare 0.0094    bound 0.5714    transfer 0.0013    finalize 0.0064    func 0.5886    
Accumulated time: func 2.4043    prepare 0.0303    bound 2.3585    transfer 0.0049    finalize 0.0251    
max lb tensor(-0.32019234) min lb tensor(-10.66570950)
Number of Verified Splits: 0 of 112
Current worst splitting domains lb-rhs (depth):
-10.66571 (4), -10.43285 (4), -9.86922 (4), -9.68024 (4), -9.36902 (4), -9.19311 (4), -9.11711 (4), -8.96276 (4), -8.57790 (4), -8.53517 (4), -8.39589 (4), -8.22663 (4), -8.04039 (4), -7.92152 (4), -7.86020 (4), -7.83757 (4), -7.76462 (4), -7.66747 (4), -7.56244 (4), -7.56092 (4), 
Length of domains: 112
Current (lb-rhs): -10.665709495544434
218 domains visited
Time: pickout 0.0172    decision 0.0769    set_bounds 0.0032    solve 0.5895    add 0.0020    
Accumulated time: pickout 0.0402    decision 0.1898    set_bounds 0.0084    solve 2.4071    add 0.0141    
Cumulative time: 2.681238889694214

BaB round 5
batch: 64
splitting decisions: 
split level 0: [/input, 151] [/input-3, 97] [/input-3, 104] [/input-3, 74] [/input-3, 25] [/input, 57] [/input-3, 31] [/input-3, 25] [/input-3, 7] [/input, 250] 
best_l after optimization: -483.49755859375
beta sum per layer: [201.666015625, 302.9755859375]
alpha/beta optimization time: 0.4869067668914795
pruning_in_iteration open status: False
ratio of positive domain = 8 / 128 = 0.0625
pruning-in-iteration extra time: 0.00010323524475097656
torch.Size([128, 1])
Time: prepare 0.0043    bound 0.4879    transfer 0.0002    finalize 0.0025    func 0.4950    
Accumulated time: func 2.8993    prepare 0.0386    bound 2.8464    transfer 0.0051    finalize 0.0276    
max lb tensor(0.46625137) min lb tensor(-8.91335201)
Number of Verified Splits: 8 of 128
Current worst splitting domains lb-rhs (depth):
-10.66571 (4), -10.43285 (4), -9.86922 (4), -9.68024 (4), -9.36902 (4), -8.96276 (4), -8.91335 (5), -8.70858 (5), -8.38820 (5), -8.22663 (4), -8.04039 (4), -8.01400 (5), -7.92152 (4), -7.86020 (4), -7.83757 (4), -7.81678 (5), -7.73301 (5), -7.66747 (4), -7.56244 (4), -7.43908 (5), 
Length of domains: 168
Current (lb-rhs): -10.665709495544434
346 domains visited
Time: pickout 0.0136    decision 0.0822    set_bounds 0.0040    solve 0.4957    add 0.0018    
Accumulated time: pickout 0.0538    decision 0.2720    set_bounds 0.0124    solve 2.9028    add 0.0159    
Cumulative time: 3.278773069381714

BaB round 6
batch: 64
splitting decisions: 
split level 0: [/input-3, 65] [/input-3, 40] [/input, 240] [/input-3, 74] [/input-3, 7] [/input, 141] [/input-3, 11] [/input-3, 65] [/input-3, 7] [/input-3, 74] 
best_l after optimization: -387.31494140625
beta sum per layer: [195.621337890625, 383.08135986328125]
alpha/beta optimization time: 0.3693690299987793
pruning_in_iteration open status: False
ratio of positive domain = 10 / 128 = 0.078125
pruning-in-iteration extra time: 0.00013256072998046875
torch.Size([128, 1])
Time: prepare 0.0036    bound 0.3704    transfer 0.0002    finalize 0.0017    func 0.3760    
Accumulated time: func 3.2753    prepare 0.0434    bound 3.2169    transfer 0.0053    finalize 0.0294    
max lb tensor(0.51832485) min lb tensor(-7.38702965)
Number of Verified Splits: 10 of 128
Current worst splitting domains lb-rhs (depth):
-10.66571 (4), -10.43285 (4), -9.86922 (4), -9.68024 (4), -9.36902 (4), -8.96276 (4), -8.91335 (5), -8.70858 (5), -8.38820 (5), -8.22663 (4), -8.04039 (4), -8.01400 (5), -7.92152 (4), -7.86020 (4), -7.83757 (4), -7.81678 (5), -7.66747 (4), -7.56244 (4), -7.38703 (6), -7.28985 (5), 
Length of domains: 222
Current (lb-rhs): -10.665709495544434
474 domains visited
Time: pickout 0.0096    decision 0.0233    set_bounds 0.0034    solve 0.3767    add 0.0013    
Accumulated time: pickout 0.0634    decision 0.2953    set_bounds 0.0158    solve 3.2796    add 0.0173    
Cumulative time: 3.6934850215911865

BaB round 7
batch: 64
splitting decisions: 
split level 0: [/input-3, 48] [/input-3, 126] [/input-3, 74] [/input-3, 48] [/input-3, 25] [/input, 13] [/input-3, 47] [/input-3, 126] [/input-3, 89] [/input-3, 25] 
best_l after optimization: -287.9556884765625
beta sum per layer: [177.42816162109375, 437.34954833984375]
alpha/beta optimization time: 0.38916730880737305
pruning_in_iteration open status: True
ratio of positive domain = 29 / 128 = 0.2265625
pruning-in-iteration extra time: 0.0053637027740478516
torch.Size([128, 1])
Time: prepare 0.0035    bound 0.3901    transfer 0.0004    finalize 0.0019    func 0.3960    
Accumulated time: func 3.6713    prepare 0.0482    bound 3.6069    transfer 0.0057    finalize 0.0313    
max lb tensor(0.01423359) min lb tensor(-6.15239239)
Number of Verified Splits: 29 of 128
Current worst splitting domains lb-rhs (depth):
-10.66571 (4), -10.43285 (4), -9.86922 (4), -9.68024 (4), -9.36902 (4), -8.96276 (4), -8.91335 (5), -8.70858 (5), -8.38820 (5), -8.22663 (4), -8.04039 (4), -8.01400 (5), -7.92152 (4), -7.86020 (4), -7.83757 (4), -7.81678 (5), -7.66747 (4), -7.56244 (4), -7.38703 (6), -7.28985 (5), 
Length of domains: 257
Current (lb-rhs): -10.665709495544434
602 domains visited
Time: pickout 0.0085    decision 0.0238    set_bounds 0.0034    solve 0.3966    add 0.0019    
Accumulated time: pickout 0.0719    decision 0.3191    set_bounds 0.0193    solve 3.6762    add 0.0192    
Cumulative time: 4.127978801727295

BaB round 8
batch: 64
splitting decisions: 
split level 0: [/input-3, 65] [/input-3, 126] [/input-3, 27] [/input, 231] [/input-3, 74] [/input-3, 126] [/input-3, 47] [/input-3, 7] [/input-3, 48] [/input, 13] 
best_l after optimization: -234.60665893554688
beta sum per layer: [210.51708984375, 463.2951965332031]
alpha/beta optimization time: 0.506382942199707
pruning_in_iteration open status: True
ratio of positive domain = 46 / 128 = 0.359375
pruning-in-iteration extra time: 0.025193214416503906
torch.Size([128, 1])
Time: prepare 0.0035    bound 0.5074    transfer 0.0004    finalize 0.0020    func 0.5135    
Accumulated time: func 4.1848    prepare 0.0529    bound 4.1144    transfer 0.0062    finalize 0.0333    
max lb tensor(9.99999975e-05) min lb tensor(-5.80917263)
Number of Verified Splits: 46 of 128
Current worst splitting domains lb-rhs (depth):
-10.66571 (4), -10.43285 (4), -9.86922 (4), -9.68024 (4), -9.36902 (4), -8.96276 (4), -8.91335 (5), -8.70858 (5), -8.38820 (5), -8.22663 (4), -8.04039 (4), -8.01400 (5), -7.92152 (4), -7.86020 (4), -7.83757 (4), -7.81678 (5), -7.66747 (4), -7.56244 (4), -7.38703 (6), -7.28985 (5), 
Length of domains: 275
Current (lb-rhs): -10.665709495544434
730 domains visited
Time: pickout 0.0097    decision 0.0243    set_bounds 0.0035    solve 0.5141    add 0.0015    
Accumulated time: pickout 0.0816    decision 0.3434    set_bounds 0.0227    solve 4.1903    add 0.0206    
Cumulative time: 4.6813249588012695

BaB round 9
batch: 64
splitting decisions: 
split level 0: [/input-3, 126] [/input-3, 48] [/input, 141] [/input-3, 114] [/input-3, 47] [/input, 250] [/input-3, 47] [/input-3, 126] [/input, 71] [/input, 71] 
best_l after optimization: -243.6024932861328
beta sum per layer: [313.43658447265625, 457.9507141113281]
alpha/beta optimization time: 0.6334764957427979
pruning_in_iteration open status: True
ratio of positive domain = 33 / 128 = 0.2578125
pruning-in-iteration extra time: 0.01930999755859375
torch.Size([128, 1])
Time: prepare 0.0038    bound 0.6345    transfer 0.0011    finalize 0.0058    func 0.6453    
Accumulated time: func 4.8301    prepare 0.0582    bound 4.7489    transfer 0.0073    finalize 0.0391    
max lb tensor(9.99999975e-05) min lb tensor(-5.47448063)
Number of Verified Splits: 33 of 128
Current worst splitting domains lb-rhs (depth):
-10.66571 (4), -10.43285 (4), -9.86922 (4), -9.68024 (4), -9.36902 (4), -8.96276 (4), -8.91335 (5), -8.70858 (5), -8.38820 (5), -8.22663 (4), -8.04039 (4), -8.01400 (5), -7.92152 (4), -7.86020 (4), -7.83757 (4), -7.81678 (5), -7.66747 (4), -7.56244 (4), -7.38703 (6), -7.28985 (5), 
Length of domains: 306
Current (lb-rhs): -10.665709495544434
858 domains visited
Time: pickout 0.0107    decision 0.0243    set_bounds 0.0042    solve 0.6461    add 0.0015    
Accumulated time: pickout 0.0923    decision 0.3676    set_bounds 0.0270    solve 4.8363    add 0.0221    
Cumulative time: 5.368337154388428

BaB round 10
batch: 64
splitting decisions: 
split level 0: [/input, 141] [/input-3, 126] [/input-3, 114] [/input, 239] [/input-3, 89] [/input-3, 126] [/input, 4] [/input-3, 114] [/input, 141] [/input, 141] 
best_l after optimization: -211.27569580078125
beta sum per layer: [427.4917297363281, 452.5223693847656]
alpha/beta optimization time: 0.6325092315673828
pruning_in_iteration open status: True
ratio of positive domain = 35 / 128 = 0.2734375
pruning-in-iteration extra time: 0.02713322639465332
torch.Size([128, 1])
Time: prepare 0.0041    bound 0.6334    transfer 0.0004    finalize 0.0020    func 0.6401    
Accumulated time: func 5.4702    prepare 0.0663    bound 5.3823    transfer 0.0077    finalize 0.0411    
max lb tensor(9.99999975e-05) min lb tensor(-5.13413429)
Number of Verified Splits: 35 of 128
Current worst splitting domains lb-rhs (depth):
-10.66571 (4), -10.43285 (4), -9.86922 (4), -9.68024 (4), -9.36902 (4), -8.96276 (4), -8.91335 (5), -8.70858 (5), -8.38820 (5), -8.22663 (4), -8.04039 (4), -8.01400 (5), -7.92152 (4), -7.86020 (4), -7.83757 (4), -7.81678 (5), -7.66747 (4), -7.56244 (4), -7.38703 (6), -7.28985 (5), 
Length of domains: 335
Current (lb-rhs): -10.665709495544434
986 domains visited
Time: pickout 0.0123    decision 0.0809    set_bounds 0.0040    solve 0.6410    add 0.0013    
Accumulated time: pickout 0.1045    decision 0.4485    set_bounds 0.0310    solve 5.4773    add 0.0234    
Cumulative time: 6.1081016063690186

BaB round 11
batch: 64
splitting decisions: 
split level 0: [/input-3, 47] [/input-3, 31] [/input-3, 114] [/input, 141] [/input-3, 44] [/input-3, 89] [/input, 4] [/input-3, 65] [/input-3, 7] [/input-3, 89] 
best_l after optimization: -147.75582885742188
beta sum per layer: [550.1005249023438, 485.37982177734375]
alpha/beta optimization time: 0.3923015594482422
pruning_in_iteration open status: True
ratio of positive domain = 26 / 128 = 0.203125
pruning-in-iteration extra time: 0.005793571472167969
torch.Size([128, 1])
Time: prepare 0.0035    bound 0.3935    transfer 0.0004    finalize 0.0016    func 0.3990    
Accumulated time: func 5.8692    prepare 0.0713    bound 5.7758    transfer 0.0081    finalize 0.0427    
max lb tensor(9.99999975e-05) min lb tensor(-4.64994621)
Number of Verified Splits: 26 of 128
Current worst splitting domains lb-rhs (depth):
-10.66571 (4), -10.43285 (4), -9.86922 (4), -9.68024 (4), -9.36902 (4), -8.96276 (4), -8.91335 (5), -8.70858 (5), -8.38820 (5), -8.22663 (4), -8.04039 (4), -8.01400 (5), -7.92152 (4), -7.86020 (4), -7.83757 (4), -7.81678 (5), -7.66747 (4), -7.56244 (4), -7.38703 (6), -7.28985 (5), 
Length of domains: 373
Current (lb-rhs): -10.665709495544434
1114 domains visited
Time: pickout 0.0137    decision 0.0274    set_bounds 0.0034    solve 0.3996    add 0.0012    
Accumulated time: pickout 0.1182    decision 0.4759    set_bounds 0.0344    solve 5.8769    add 0.0245    
Cumulative time: 6.553766250610352

BaB round 12
batch: 64
splitting decisions: 
split level 0: [/input-3, 126] [/input-3, 67] [/input-3, 114] [/input-3, 67] [/input-3, 114] [/input-3, 67] [/input-3, 31] [/input-3, 114] [/input, 141] [/input-3, 25] 
best_l after optimization: -90.85317993164062
beta sum per layer: [623.6148681640625, 541.7906494140625]
alpha/beta optimization time: 0.49852466583251953
pruning_in_iteration open status: True
ratio of positive domain = 57 / 128 = 0.4453125
pruning-in-iteration extra time: 0.025523662567138672
torch.Size([128, 1])
Time: prepare 0.0034    bound 0.4995    transfer 0.0005    finalize 0.0018    func 0.5053    
Accumulated time: func 6.3745    prepare 0.0762    bound 6.2753    transfer 0.0085    finalize 0.0445    
max lb tensor(9.99999975e-05) min lb tensor(-3.61730480)
Number of Verified Splits: 57 of 128
Current worst splitting domains lb-rhs (depth):
-10.66571 (4), -10.43285 (4), -9.86922 (4), -9.68024 (4), -9.36902 (4), -8.96276 (4), -8.91335 (5), -8.70858 (5), -8.38820 (5), -8.22663 (4), -8.04039 (4), -8.01400 (5), -7.92152 (4), -7.86020 (4), -7.83757 (4), -7.81678 (5), -7.66747 (4), -7.56244 (4), -7.38703 (6), -7.28985 (5), 
Length of domains: 380
Current (lb-rhs): -10.665709495544434
1242 domains visited
Time: pickout 0.0099    decision 0.0245    set_bounds 0.0034    solve 0.5059    add 0.0015    
Accumulated time: pickout 0.1281    decision 0.5004    set_bounds 0.0378    solve 6.3828    add 0.0260    
Cumulative time: 7.0993733406066895

BaB round 13
batch: 64
splitting decisions: 
split level 0: [/input-3, 114] [/input, 217] [/input, 141] [/input, 52] [/input-3, 25] [/input-3, 89] [/input-3, 27] [/input-3, 27] [/input, 141] [/input-3, 48] 
best_l after optimization: -97.57353973388672
beta sum per layer: [844.9998168945312, 488.05914306640625]
alpha/beta optimization time: 0.4614887237548828
pruning_in_iteration open status: True
ratio of positive domain = 42 / 128 = 0.328125
pruning-in-iteration extra time: 0.025679826736450195
torch.Size([128, 1])
Time: prepare 0.0043    bound 0.4625    transfer 0.0004    finalize 0.0020    func 0.4691    
Accumulated time: func 6.8436    prepare 0.0821    bound 6.7378    transfer 0.0089    finalize 0.0465    
max lb tensor(9.99999975e-05) min lb tensor(-3.35560513)
Number of Verified Splits: 42 of 128
Current worst splitting domains lb-rhs (depth):
-10.66571 (4), -10.43285 (4), -9.86922 (4), -9.68024 (4), -9.36902 (4), -8.96276 (4), -8.91335 (5), -8.70858 (5), -8.38820 (5), -8.22663 (4), -8.04039 (4), -8.01400 (5), -7.92152 (4), -7.86020 (4), -7.83757 (4), -7.81678 (5), -7.66747 (4), -7.56244 (4), -7.38703 (6), -7.28985 (5), 
Length of domains: 402
Current (lb-rhs): -10.665709495544434
1370 domains visited
Time: pickout 0.0103    decision 0.0253    set_bounds 0.0037    solve 0.4699    add 0.0011    
Accumulated time: pickout 0.1384    decision 0.5258    set_bounds 0.0415    solve 6.8527    add 0.0272    
Cumulative time: 7.610162258148193

BaB round 14
batch: 64
splitting decisions: 
split level 0: [/input-3, 114] [/input, 125] [/input-3, 27] [/input-3, 27] [/input, 250] [/input-3, 27] [/input-3, 114] [/input-3, 114] [/input-3, 11] [/input, 141] 
best_l after optimization: -69.6685791015625
beta sum per layer: [975.0128173828125, 451.57281494140625]
alpha/beta optimization time: 0.7677726745605469
pruning_in_iteration open status: True
ratio of positive domain = 52 / 128 = 0.40625
pruning-in-iteration extra time: 0.04146528244018555
torch.Size([128, 1])
Time: prepare 0.0036    bound 0.7694    transfer 0.0014    finalize 0.0060    func 0.7806    
Accumulated time: func 7.6242    prepare 0.0872    bound 7.5072    transfer 0.0103    finalize 0.0525    
max lb tensor(9.99999975e-05) min lb tensor(-3.16986656)
Number of Verified Splits: 52 of 128
Current worst splitting domains lb-rhs (depth):
-10.66571 (4), -10.43285 (4), -9.86922 (4), -9.68024 (4), -9.36902 (4), -8.96276 (4), -8.91335 (5), -8.70858 (5), -8.38820 (5), -8.22663 (4), -8.04039 (4), -8.01400 (5), -7.92152 (4), -7.86020 (4), -7.83757 (4), -7.81678 (5), -7.66747 (4), -7.56244 (4), -7.38703 (6), -7.28985 (5), 
Length of domains: 414
Current (lb-rhs): -10.665709495544434
1498 domains visited
Time: pickout 0.0085    decision 0.0267    set_bounds 0.0035    solve 0.7812    add 0.0015    
Accumulated time: pickout 0.1469    decision 0.5524    set_bounds 0.0450    solve 7.6338    add 0.0287    
Cumulative time: 8.432223320007324

BaB round 15
batch: 64
splitting decisions: 
split level 0: [/input-3, 65] [/input-3, 48] [/input-3, 126] [/input, 90] [/input-3, 114] [/input-3, 14] [/input-3, 27] [/input-3, 65] [/input-3, 126] [/input, 250] 
best_l after optimization: -55.87302780151367
beta sum per layer: [902.0694580078125, 463.2687072753906]
alpha/beta optimization time: 0.5341932773590088
pruning_in_iteration open status: True
ratio of positive domain = 65 / 128 = 0.5078125
pruning-in-iteration extra time: 0.03717637062072754
torch.Size([128, 1])
Time: prepare 0.0040    bound 0.5351    transfer 0.0004    finalize 0.0021    func 0.5416    
Accumulated time: func 8.1658    prepare 0.0978    bound 8.0423    transfer 0.0107    finalize 0.0546    
max lb tensor(9.99999975e-05) min lb tensor(-2.98659992)
Number of Verified Splits: 65 of 128
Current worst splitting domains lb-rhs (depth):
-10.66571 (4), -10.43285 (4), -9.86922 (4), -9.68024 (4), -9.36902 (4), -8.96276 (4), -8.91335 (5), -8.70858 (5), -8.38820 (5), -8.22663 (4), -8.04039 (4), -8.01400 (5), -7.92152 (4), -7.86020 (4), -7.83757 (4), -7.81678 (5), -7.66747 (4), -7.56244 (4), -7.38703 (6), -7.28985 (5), 
Length of domains: 413
Current (lb-rhs): -10.665709495544434
1626 domains visited
Time: pickout 0.0158    decision 0.1039    set_bounds 0.0041    solve 0.5423    add 0.0014    
Accumulated time: pickout 0.1627    decision 0.6563    set_bounds 0.0491    solve 8.1761    add 0.0300    
Cumulative time: 9.100106000900269

BaB round 16
batch: 64
splitting decisions: 
split level 0: [/input-3, 27] [/input-3, 126] [/input-3, 114] [/input, 71] [/input-3, 7] [/input-3, 44] [/input-3, 114] [/input-3, 7] [/input, 71] [/input, 71] 
best_l after optimization: -60.94611358642578
beta sum per layer: [956.133544921875, 438.8154296875]
alpha/beta optimization time: 0.4742562770843506
pruning_in_iteration open status: True
ratio of positive domain = 69 / 128 = 0.5390625
pruning-in-iteration extra time: 0.026379108428955078
torch.Size([128, 1])
Time: prepare 0.0033    bound 0.4752    transfer 0.0003    finalize 0.0018    func 0.4807    
Accumulated time: func 8.6464    prepare 0.1023    bound 8.5175    transfer 0.0110    finalize 0.0564    
max lb tensor(9.99999975e-05) min lb tensor(-2.83608389)
Number of Verified Splits: 69 of 128
Current worst splitting domains lb-rhs (depth):
-10.66571 (4), -10.43285 (4), -9.86922 (4), -9.68024 (4), -9.36902 (4), -8.96276 (4), -8.91335 (5), -8.70858 (5), -8.38820 (5), -8.22663 (4), -8.04039 (4), -8.01400 (5), -7.92152 (4), -7.86020 (4), -7.83757 (4), -7.81678 (5), -7.66747 (4), -7.56244 (4), -7.38703 (6), -7.28985 (5), 
Length of domains: 408
Current (lb-rhs): -10.665709495544434
1754 domains visited
Time: pickout 0.0111    decision 0.0224    set_bounds 0.0036    solve 0.4812    add 0.0010    
Accumulated time: pickout 0.1738    decision 0.6787    set_bounds 0.0527    solve 8.6573    add 0.0310    
Cumulative time: 9.619728088378906

BaB round 17
batch: 64
splitting decisions: 
split level 0: [/input-3, 27] [/input, 250] [/input-3, 27] [/input-3, 65] [/input, 135] [/input-3, 126] [/input-3, 71] [/input-3, 14] [/input-3, 89] [/input, 71] 
best_l after optimization: -66.93168640136719
beta sum per layer: [1109.621337890625, 381.9383239746094]
alpha/beta optimization time: 0.4680180549621582
pruning_in_iteration open status: True
ratio of positive domain = 52 / 128 = 0.40625
pruning-in-iteration extra time: 0.025589942932128906
torch.Size([128, 1])
Time: prepare 0.0037    bound 0.4690    transfer 0.0003    finalize 0.0025    func 0.4756    
Accumulated time: func 9.1221    prepare 0.1073    bound 8.9865    transfer 0.0113    finalize 0.0589    
max lb tensor(9.99999975e-05) min lb tensor(-2.67974901)
Number of Verified Splits: 52 of 128
Current worst splitting domains lb-rhs (depth):
-10.66571 (4), -10.43285 (4), -9.86922 (4), -9.68024 (4), -9.36902 (4), -8.96276 (4), -8.91335 (5), -8.70858 (5), -8.38820 (5), -8.22663 (4), -8.04039 (4), -8.01400 (5), -7.92152 (4), -7.86020 (4), -7.83757 (4), -7.81678 (5), -7.66747 (4), -7.56244 (4), -7.38703 (6), -7.28985 (5), 
Length of domains: 420
Current (lb-rhs): -10.665709495544434
1882 domains visited
Time: pickout 0.0098    decision 0.0221    set_bounds 0.0034    solve 0.4763    add 0.0011    
Accumulated time: pickout 0.1836    decision 0.7009    set_bounds 0.0562    solve 9.1336    add 0.0321    
Cumulative time: 10.13282060623169

BaB round 18
batch: 64
splitting decisions: 
split level 0: [/input, 105] [/input-3, 65] [/input-3, 65] [/input, 242] [/input-3, 126] [/input-3, 27] [/input, 71] [/input, 105] [/input-3, 65] [/input-3, 126] 
best_l after optimization: -44.60492706298828
beta sum per layer: [1227.377197265625, 362.4027099609375]
alpha/beta optimization time: 0.47900891304016113
pruning_in_iteration open status: True
ratio of positive domain = 66 / 128 = 0.515625
pruning-in-iteration extra time: 0.028859376907348633
torch.Size([128, 1])
Time: prepare 0.0033    bound 0.4800    transfer 0.0004    finalize 0.0021    func 0.4859    
Accumulated time: func 9.6080    prepare 0.1124    bound 9.4665    transfer 0.0117    finalize 0.0609    
max lb tensor(9.99999975e-05) min lb tensor(-2.54332876)
Number of Verified Splits: 66 of 128
Current worst splitting domains lb-rhs (depth):
-10.66571 (4), -10.43285 (4), -9.86922 (4), -9.68024 (4), -9.36902 (4), -8.96276 (4), -8.91335 (5), -8.70858 (5), -8.38820 (5), -8.22663 (4), -8.04039 (4), -8.01400 (5), -7.92152 (4), -7.86020 (4), -7.83757 (4), -7.81678 (5), -7.66747 (4), -7.56244 (4), -7.38703 (6), -7.28985 (5), 
Length of domains: 418
Current (lb-rhs): -10.665709495544434
2010 domains visited
Time: pickout 0.0107    decision 0.0253    set_bounds 0.0035    solve 0.4865    add 0.0011    
Accumulated time: pickout 0.1943    decision 0.7262    set_bounds 0.0597    solve 9.6201    add 0.0332    
Time out!!!!!!!!
Result: unknown in 12.3213 seconds

 %%%%%%%%%%%%%%%%%%%%%%%%%%%%%%%%%%% idx: 3, vnnlib ID: 43 %%%%%%%%%%%%%%%%%%%%%%%%%%%%%%%%%%%
Finished vnnlib processing in 0.002655 seconds
Model: BoundedModule(
  (/0): BoundInput(name=/0, inputs=[], perturbed=True)
  (/7): BoundParams(name=/7, inputs=[], perturbed=False)
  (/8): BoundParams(name=/8, inputs=[], perturbed=False)
  (/9): BoundParams(name=/9, inputs=[], perturbed=False)
  (/10): BoundParams(name=/10, inputs=[], perturbed=False)
  (/11): BoundParams(name=/11, inputs=[], perturbed=False)
  (/12): BoundParams(name=/12, inputs=[], perturbed=False)
  (/13): BoundFlatten(name=/13, inputs=[/0], perturbed=True)
  (/input): BoundLinear(name=/input, inputs=[/13, /7, /8], perturbed=True)
  (/15): BoundRelu(name=/15, inputs=[/input], perturbed=True)
  (/input-3): BoundLinear(name=/input-3, inputs=[/15, /9, /10], perturbed=True)
  (/17): BoundRelu(name=/17, inputs=[/input-3], perturbed=True)
  (/18): BoundLinear(name=/18, inputs=[/17, /11, /12], perturbed=True)
)
Original output in the first batch: tensor([[ -5.25002909,   1.64301586,   5.07296228,  -0.62506658,   0.71574771,
          -1.20338476,  -2.68052506,  -0.27109194,  -2.51043606, -10.36539650]],
       device='cuda:0')
Split layers:
Nonlinear functions:
   BoundRelu(name=/15, inputs=[/input], perturbed=True)
   BoundRelu(name=/17, inputs=[/input-3], perturbed=True)
build batch [1/1]
layer /15 using sparse-features alpha with shape [173]; unstable size 173; total size 256 ([1, 256])
layer /15 start_node /input-3 using sparse-spec alpha [2, 112, 1, 173] with unstable size 111 total_size 128 output_shape torch.Size([128])
layer /15 start_node /18 using full alpha [2, 9, 1, 173] with unstable size None total_size 9 output_shape 9
layer /17 using sparse-features alpha with shape [111]; unstable size 111; total size 128 ([1, 128])
layer /17 start_node /18 using full alpha [2, 9, 1, 111] with unstable size None total_size 9 output_shape 9
Optimizable variables initialized.
initial CROWN bounds (first 10 items): [-7.840267181396484, -12.722431182861328, -11.646214485168457, -15.30843448638916, -17.09587860107422, -12.265378952026367, -11.06304931640625, -11.985105514526367, -8.168590545654297]
prune_after_crown optimization in use
  original spec size = torch.Size([1, 9])
  pruned spec size = torch.Size([1, 9])
Using alpha-CROWN to initialize bounds.
best_l after optimization: -96.84754943847656
alpha/beta optimization time: 2.578810691833496
initial alpha-crown bounds (first 10 items): [-6.7587151527404785, -11.632134437561035, -10.701607704162598, -13.779012680053711, -15.680591583251953, -10.639067649841309, -10.048027038574219, -10.65677547454834, -6.951616287231445]
Global lower bound: -15.680591583251953
torch.Size([1, 9])
0 / 9 OR specs are verified.
Verified OR indices (first 10 items): []
Verified OR lbs (first 10 items): []
Unverified OR indices (first 10 items): [0, 1, 2, 3, 4, 5, 6, 7, 8]
Unverified OR lbs (first 10 items): [[-6.7587151527404785], [-11.632134437561035], [-10.701607704162598], [-13.779012680053711], [-15.680591583251953], [-10.639067649841309], [-10.048027038574219], [-10.65677547454834], [-6.951616287231445]]
###### Verifying property Instance 3 ######
Batch size: 9
First 10 spec matrices
C: tensor([[[-1.,  0.,  1.,  0.,  0.,  0.,  0.,  0.,  0.,  0.]],

        [[ 0., -1.,  1.,  0.,  0.,  0.,  0.,  0.,  0.,  0.]],

        [[ 0.,  0.,  1., -1.,  0.,  0.,  0.,  0.,  0.,  0.]],

        [[ 0.,  0.,  1.,  0., -1.,  0.,  0.,  0.,  0.,  0.]],

        [[ 0.,  0.,  1.,  0.,  0., -1.,  0.,  0.,  0.,  0.]],

        [[ 0.,  0.,  1.,  0.,  0.,  0., -1.,  0.,  0.,  0.]],

        [[ 0.,  0.,  1.,  0.,  0.,  0.,  0., -1.,  0.,  0.]],

        [[ 0.,  0.,  1.,  0.,  0.,  0.,  0.,  0., -1.,  0.]],

        [[ 0.,  0.,  1.,  0.,  0.,  0.,  0.,  0.,  0., -1.]]], device='cuda:0')
RHS: tensor([[0.],
        [0.],
        [0.],
        [0.],
        [0.],
        [0.],
        [0.],
        [0.],
        [0.]], device='cuda:0')
OR spec sizes: tensor([1, 1, 1, 1, 1, 1, 1, 1, 1], device='cuda:0', dtype=torch.int32)
Remaining timeout: 8.994677066802979
Model prediction is: tensor([ -5.25002909,   1.64301586,   5.07296228,  -0.62506658,   0.71574771,
         -1.20338476,  -2.68052506,  -0.27109194,  -2.51043606, -10.36539650],
       device='cuda:0')
Activation BaB batch 1/1 
build_with_refined_bounds batch [1/1]
Optimizable variables initialized.
all alpha initialized
directly get lb and ub from refined bounds
c shape: torch.Size([9, 1, 10])
lA shapes: [torch.Size([9, 1, 256]), torch.Size([9, 1, 128])]
torch.Size([9, 1])
(alpha-)CROWN with fixed intermediate bounds: tensor([[ -6.75871515],
        [-11.63213444],
        [-10.70160770],
        [-13.77901268],
        [-15.68059158],
        [-10.63906765],
        [-10.04802704],
        [-10.65677547],
        [ -6.95161629]], device='cuda:0') tensor([[inf],
        [inf],
        [inf],
        [inf],
        [inf],
        [inf],
        [inf],
        [inf],
        [inf]], device='cuda:0')
Intermediate layers: /input,/input-3
Keeping alphas for these layers: ['/18']
Node /15 input 0: size torch.Size([256]) unstable 173
Node /17 input 0: size torch.Size([128]) unstable 111
-----------------
# of unstable neurons: 284
-----------------

BaB round 1
batch: 9
splitting decisions: 
split level 0: [/input-3, 98] [/input, 116] [/input, 160] [/input, 10] [/input, 190] [/input-3, 102] [/input-3, 98] [/input-3, 85] [/input, 10] 
best_l after optimization: -179.9758758544922
beta sum per layer: [2.2863221168518066, 1.9028277397155762]
alpha/beta optimization time: 0.6316232681274414
pruning_in_iteration open status: False
ratio of positive domain = 0 / 18 = 0.0
pruning-in-iteration extra time: 0.0008144378662109375
torch.Size([18, 1])
Time: prepare 0.0087    bound 0.6372    transfer 0.0010    finalize 0.0038    func 0.6508    
Accumulated time: func 0.6508    prepare 0.0140    bound 0.6372    transfer 0.0010    finalize 0.0038    
max lb tensor(-5.95794010) min lb tensor(-15.37541294)
Number of Verified Splits: 0 of 18
Current worst splitting domains lb-rhs (depth):
-15.37541 (1), -13.58435 (1), -13.26560 (1), -13.18693 (1), -11.07835 (1), -10.98457 (1), -10.36283 (1), -10.27558 (1), -9.94538 (1), -9.91771 (1), -9.83126 (1), -9.79720 (1), -9.68413 (1), -8.22169 (1), -6.36961 (1), -6.12712 (1), -6.01024 (1), -5.95794 (1), 
Length of domains: 18
Current (lb-rhs): -15.375412940979004
18 domains visited
Time: pickout 0.0015    decision 0.0341    set_bounds 0.0013    solve 0.6518    add 0.0076    
Accumulated time: pickout 0.0015    decision 0.0341    set_bounds 0.0013    solve 0.6518    add 0.0076    
Cumulative time: 0.736525297164917

BaB round 2
batch: 18
splitting decisions: 
split level 0: [/input-3, 102] [/input-3, 98] [/input-3, 85] [/input, 116] [/input, 173] [/input, 116] [/input-3, 74] [/input, 190] [/input-3, 98] [/input-3, 102] 
best_l after optimization: -337.4851379394531
beta sum per layer: [9.474489212036133, 9.424736022949219]
alpha/beta optimization time: 0.5309352874755859
pruning_in_iteration open status: False
ratio of positive domain = 0 / 36 = 0.0
pruning-in-iteration extra time: 0.0006792545318603516
torch.Size([36, 1])
Time: prepare 0.0026    bound 0.5324    transfer 0.0012    finalize 0.0078    func 0.5441    
Accumulated time: func 1.1950    prepare 0.0212    bound 1.1697    transfer 0.0022    finalize 0.0116    
max lb tensor(-5.10578060) min lb tensor(-15.01683426)
Number of Verified Splits: 0 of 36
Current worst splitting domains lb-rhs (depth):
-15.01683 (2), -14.76273 (2), -13.05395 (2), -12.90221 (2), -12.72280 (2), -12.68493 (2), -12.67555 (2), -12.55226 (2), -10.54015 (2), -10.42539 (2), -10.08168 (2), -10.00946 (2), -9.66465 (2), -9.62671 (2), -9.53910 (2), -9.50929 (2), -9.47731 (2), -9.45481 (2), -9.41890 (2), -9.40094 (2), 
Length of domains: 36
Current (lb-rhs): -15.016834259033203
54 domains visited
Time: pickout 0.0110    decision 0.0397    set_bounds 0.0023    solve 0.5449    add 0.0016    
Accumulated time: pickout 0.0125    decision 0.0738    set_bounds 0.0036    solve 1.1967    add 0.0092    
Cumulative time: 1.3361003398895264

BaB round 3
batch: 36
splitting decisions: 
split level 0: [/input, 10] [/input-3, 116] [/input-3, 102] [/input-3, 98] [/input-3, 62] [/input, 10] [/input-3, 116] [/input-3, 6] [/input-3, 85] [/input, 10] 
best_l after optimization: -615.726318359375
beta sum per layer: [19.638742446899414, 45.151084899902344]
alpha/beta optimization time: 0.6055054664611816
pruning_in_iteration open status: False
ratio of positive domain = 0 / 72 = 0.0
pruning-in-iteration extra time: 0.00032711029052734375
torch.Size([72, 1])
Time: prepare 0.0030    bound 0.6066    transfer 0.0014    finalize 0.0054    func 0.6164    
Accumulated time: func 1.8114    prepare 0.0296    bound 1.7763    transfer 0.0036    finalize 0.0170    
max lb tensor(-4.44493008) min lb tensor(-14.73111725)
Number of Verified Splits: 0 of 72
Current worst splitting domains lb-rhs (depth):
-14.73112 (3), -14.47398 (3), -13.33974 (3), -13.00078 (3), -12.74219 (3), -12.58982 (3), -12.30395 (3), -12.26343 (3), -12.21588 (3), -12.09766 (3), -11.33064 (3), -11.16970 (3), -10.19726 (3), -10.16958 (3), -10.11349 (3), -10.07842 (3), -10.03617 (3), -10.03106 (3), -9.91895 (3), -9.77780 (3), 
Length of domains: 72
Current (lb-rhs): -14.731117248535156
126 domains visited
Time: pickout 0.0094    decision 0.0530    set_bounds 0.0026    solve 0.6172    add 0.0023    
Accumulated time: pickout 0.0218    decision 0.1268    set_bounds 0.0062    solve 1.8138    add 0.0115    
Cumulative time: 2.0206644535064697

BaB round 4
batch: 64
splitting decisions: 
split level 0: [/input, 190] [/input-3, 74] [/input-3, 6] [/input-3, 21] [/input-3, 62] [/input-3, 98] [/input, 190] [/input-3, 74] [/input-3, 62] [/input, 190] 
best_l after optimization: -988.63330078125
beta sum per layer: [55.524600982666016, 133.82498168945312]
alpha/beta optimization time: 0.5006632804870605
pruning_in_iteration open status: False
ratio of positive domain = 0 / 128 = 0.0
pruning-in-iteration extra time: 0.00020837783813476562
torch.Size([128, 1])
Time: prepare 0.0043    bound 0.5016    transfer 0.0002    finalize 0.0018    func 0.5081    
Accumulated time: func 2.3195    prepare 0.0389    bound 2.2779    transfer 0.0038    finalize 0.0188    
max lb tensor(-3.65995216) min lb tensor(-14.01007080)
Number of Verified Splits: 0 of 128
Current worst splitting domains lb-rhs (depth):
-14.73112 (3), -14.01007 (4), -13.95802 (4), -12.77593 (4), -12.74899 (4), -12.43176 (4), -12.38516 (4), -12.30775 (4), -12.15434 (4), -12.12355 (4), -12.09766 (3), -12.06937 (4), -11.96214 (4), -11.93391 (4), -11.87230 (4), -11.74227 (4), -11.66606 (4), -11.65287 (4), -10.85110 (4), -10.67771 (4), 
Length of domains: 136
Current (lb-rhs): -14.731117248535156
254 domains visited
Time: pickout 0.0131    decision 0.0747    set_bounds 0.0043    solve 0.5086    add 0.0011    
Accumulated time: pickout 0.0349    decision 0.2015    set_bounds 0.0104    solve 2.3224    add 0.0126    
Cumulative time: 2.6226327419281006

BaB round 5
batch: 64
splitting decisions: 
split level 0: [/input-3, 21] [/input, 190] [/input-3, 21] [/input-3, 62] [/input, 190] [/input, 116] [/input, 10] [/input-3, 46] [/input-3, 96] [/input-3, 21] 
best_l after optimization: -828.6456298828125
beta sum per layer: [84.47172546386719, 222.02142333984375]
alpha/beta optimization time: 0.38065314292907715
pruning_in_iteration open status: False
ratio of positive domain = 0 / 128 = 0.0
pruning-in-iteration extra time: 0.00010395050048828125
torch.Size([128, 1])
Time: prepare 0.0036    bound 0.3815    transfer 0.0003    finalize 0.0019    func 0.3874    
Accumulated time: func 2.7069    prepare 0.0438    bound 2.6594    transfer 0.0041    finalize 0.0207    
max lb tensor(-1.02536678) min lb tensor(-13.55616379)
Number of Verified Splits: 0 of 128
Current worst splitting domains lb-rhs (depth):
-14.73112 (3), -14.01007 (4), -13.55616 (5), -13.50554 (5), -12.77593 (4), -12.47576 (5), -12.43176 (4), -12.15434 (4), -12.12355 (4), -12.09766 (3), -12.09014 (5), -11.96214 (4), -11.93391 (4), -11.92155 (5), -11.87230 (4), -11.79587 (5), -11.66339 (5), -11.52305 (5), -11.45058 (5), -11.42163 (5), 
Length of domains: 200
Current (lb-rhs): -14.731117248535156
382 domains visited
Time: pickout 0.0112    decision 0.0221    set_bounds 0.0033    solve 0.3880    add 0.0021    
Accumulated time: pickout 0.0461    decision 0.2237    set_bounds 0.0137    solve 2.7104    add 0.0146    
Cumulative time: 3.049511671066284

BaB round 6
batch: 64
splitting decisions: 
split level 0: [/input-3, 62] [/input-3, 42] [/input-3, 11] [/input-3, 98] [/input-3, 94] [/input, 10] [/input-3, 71] [/input-3, 118] [/input-3, 11] [/input-3, 62] 
best_l after optimization: -639.51953125
beta sum per layer: [95.40936279296875, 317.24371337890625]
alpha/beta optimization time: 0.401425838470459
pruning_in_iteration open status: False
ratio of positive domain = 6 / 128 = 0.046875
pruning-in-iteration extra time: 0.0002830028533935547
torch.Size([128, 1])
Time: prepare 0.0042    bound 0.4025    transfer 0.0005    finalize 0.0031    func 0.4104    
Accumulated time: func 3.1173    prepare 0.0495    bound 3.0620    transfer 0.0045    finalize 0.0238    
max lb tensor(0.46309948) min lb tensor(-13.17915154)
Number of Verified Splits: 6 of 128
Current worst splitting domains lb-rhs (depth):
-14.73112 (3), -14.01007 (4), -13.55616 (5), -13.17915 (6), -12.94994 (6), -12.77593 (4), -12.47576 (5), -12.43176 (4), -12.15434 (4), -12.12355 (4), -12.09766 (3), -12.09014 (5), -11.96214 (4), -11.93391 (4), -11.92155 (5), -11.87230 (4), -11.52305 (5), -11.45058 (5), -11.42163 (5), -11.41518 (6), 
Length of domains: 258
Current (lb-rhs): -14.731117248535156
510 domains visited
Time: pickout 0.0098    decision 0.0251    set_bounds 0.0036    solve 0.4112    add 0.0016    
Accumulated time: pickout 0.0559    decision 0.2488    set_bounds 0.0173    solve 3.1217    add 0.0162    
Cumulative time: 3.5011963844299316

BaB round 7
batch: 64
splitting decisions: 
split level 0: [/input-3, 27] [/input-3, 11] [/input-3, 71] [/input-3, 65] [/input-3, 116] [/input-3, 71] [/input-3, 98] [/input-3, 42] [/input-3, 74] [/input-3, 27] 
best_l after optimization: -484.6305847167969
beta sum per layer: [93.04721069335938, 452.94586181640625]
alpha/beta optimization time: 0.45609402656555176
pruning_in_iteration open status: False
ratio of positive domain = 5 / 128 = 0.0390625
pruning-in-iteration extra time: 0.00014162063598632812
torch.Size([128, 1])
Time: prepare 0.0044    bound 0.4571    transfer 0.0003    finalize 0.0035    func 0.4653    
Accumulated time: func 3.5826    prepare 0.0554    bound 3.5191    transfer 0.0048    finalize 0.0273    
max lb tensor(0.42957878) min lb tensor(-12.90107155)
Number of Verified Splits: 5 of 128
Current worst splitting domains lb-rhs (depth):
-14.73112 (3), -14.01007 (4), -13.55616 (5), -12.94994 (6), -12.90107 (7), -12.77593 (4), -12.47576 (5), -12.43176 (4), -12.15434 (4), -12.12355 (4), -12.09766 (3), -12.09014 (5), -11.96214 (4), -11.93391 (4), -11.92155 (5), -11.87230 (4), -11.52305 (5), -11.45058 (5), -11.42163 (5), -11.39887 (6), 
Length of domains: 317
Current (lb-rhs): -14.731117248535156
638 domains visited
Time: pickout 0.0101    decision 0.0262    set_bounds 0.0053    solve 0.4661    add 0.0012    
Accumulated time: pickout 0.0660    decision 0.2749    set_bounds 0.0227    solve 3.5877    add 0.0174    
Cumulative time: 4.0103795528411865

BaB round 8
batch: 64
splitting decisions: 
split level 0: [/input-3, 46] [/input-3, 116] [/input-3, 71] [/input-3, 76] [/input-3, 91] [/input-3, 114] [/input-3, 85] [/input, 122] [/input-3, 11] [/input-3, 65] 
best_l after optimization: -368.27203369140625
beta sum per layer: [95.72338104248047, 569.5906372070312]
alpha/beta optimization time: 0.5378546714782715
pruning_in_iteration open status: False
ratio of positive domain = 16 / 128 = 0.125
pruning-in-iteration extra time: 0.0006465911865234375
torch.Size([128, 1])
Time: prepare 0.0041    bound 0.5395    transfer 0.0006    finalize 0.0087    func 0.5531    
Accumulated time: func 4.1357    prepare 0.0611    bound 4.0586    transfer 0.0054    finalize 0.0360    
max lb tensor(0.43058109) min lb tensor(-6.77413750)
Number of Verified Splits: 16 of 128
Current worst splitting domains lb-rhs (depth):
-14.73112 (3), -14.01007 (4), -13.55616 (5), -12.94994 (6), -12.90107 (7), -12.77593 (4), -12.47576 (5), -12.43176 (4), -12.15434 (4), -12.12355 (4), -12.09766 (3), -12.09014 (5), -11.96214 (4), -11.93391 (4), -11.92155 (5), -11.87230 (4), -11.52305 (5), -11.45058 (5), -11.42163 (5), -11.39887 (6), 
Length of domains: 365
Current (lb-rhs): -14.731117248535156
766 domains visited
Time: pickout 0.0120    decision 0.0280    set_bounds 0.0038    solve 0.5539    add 0.0016    
Accumulated time: pickout 0.0781    decision 0.3030    set_bounds 0.0264    solve 4.1417    add 0.0190    
Cumulative time: 4.609972953796387

BaB round 9
batch: 64
splitting decisions: 
split level 0: [/input-3, 94] [/input-3, 83] [/input-3, 119] [/input-3, 102] [/input-3, 116] [/input-3, 0] [/input-3, 85] [/input-3, 74] [/input-3, 94] [/input-3, 83] 
best_l after optimization: -322.5528259277344
beta sum per layer: [80.6959228515625, 712.5501098632812]
alpha/beta optimization time: 0.6063723564147949
pruning_in_iteration open status: False
ratio of positive domain = 13 / 128 = 0.1015625
pruning-in-iteration extra time: 0.0012886524200439453
torch.Size([128, 1])
Time: prepare 0.0045    bound 0.6085    transfer 0.0012    finalize 0.0060    func 0.6203    
Accumulated time: func 4.7560    prepare 0.0691    bound 4.6671    transfer 0.0066    finalize 0.0421    
max lb tensor(0.35591221) min lb tensor(-6.45950603)
Number of Verified Splits: 13 of 128
Current worst splitting domains lb-rhs (depth):
-14.73112 (3), -14.01007 (4), -13.55616 (5), -12.94994 (6), -12.90107 (7), -12.77593 (4), -12.47576 (5), -12.43176 (4), -12.15434 (4), -12.12355 (4), -12.09766 (3), -12.09014 (5), -11.96214 (4), -11.93391 (4), -11.92155 (5), -11.87230 (4), -11.52305 (5), -11.45058 (5), -11.42163 (5), -11.39887 (6), 
Length of domains: 416
Current (lb-rhs): -14.731117248535156
894 domains visited
Time: pickout 0.0117    decision 0.0874    set_bounds 0.0039    solve 0.6214    add 0.0018    
Accumulated time: pickout 0.0897    decision 0.3904    set_bounds 0.0304    solve 4.7631    add 0.0208    
Cumulative time: 5.336466073989868

BaB round 10
batch: 64
splitting decisions: 
split level 0: [/input-3, 85] [/input, 173] [/input-3, 69] [/input-3, 6] [/input-3, 56] [/input-3, 64] [/input-3, 86] [/input-3, 51] [/input-3, 102] [/input-3, 64] 
best_l after optimization: -266.06866455078125
beta sum per layer: [59.433921813964844, 845.546875]
alpha/beta optimization time: 0.6100165843963623
pruning_in_iteration open status: False
ratio of positive domain = 11 / 128 = 0.0859375
pruning-in-iteration extra time: 0.0007376670837402344
torch.Size([128, 1])
Time: prepare 0.0050    bound 0.6117    transfer 0.0014    finalize 0.0051    func 0.6232    
Accumulated time: func 5.3792    prepare 0.0787    bound 5.2788    transfer 0.0080    finalize 0.0472    
max lb tensor(0.42858410) min lb tensor(-5.23724747)
Number of Verified Splits: 11 of 128
Current worst splitting domains lb-rhs (depth):
-14.73112 (3), -14.01007 (4), -13.55616 (5), -12.94994 (6), -12.90107 (7), -12.77593 (4), -12.47576 (5), -12.43176 (4), -12.15434 (4), -12.12355 (4), -12.09766 (3), -12.09014 (5), -11.96214 (4), -11.93391 (4), -11.92155 (5), -11.87230 (4), -11.52305 (5), -11.45058 (5), -11.42163 (5), -11.39887 (6), 
Length of domains: 469
Current (lb-rhs): -14.731117248535156
1022 domains visited
Time: pickout 0.0138    decision 0.0842    set_bounds 0.0043    solve 0.6239    add 0.0016    
Accumulated time: pickout 0.1036    decision 0.4746    set_bounds 0.0347    solve 5.3870    add 0.0224    
Cumulative time: 6.06451940536499

BaB round 11
batch: 64
splitting decisions: 
split level 0: [/input-3, 68] [/input-3, 85] [/input-3, 94] [/input-3, 62] [/input-3, 0] [/input-3, 64] [/input-3, 68] [/input-3, 94] [/input-3, 3] [/input-3, 94] 
best_l after optimization: -198.93539428710938
beta sum per layer: [62.00932312011719, 864.109375]
alpha/beta optimization time: 0.6826310157775879
pruning_in_iteration open status: False
ratio of positive domain = 14 / 128 = 0.109375
pruning-in-iteration extra time: 0.000942230224609375
torch.Size([128, 1])
Time: prepare 0.0041    bound 0.6845    transfer 0.0015    finalize 0.0054    func 0.6957    
Accumulated time: func 6.0749    prepare 0.0869    bound 5.9633    transfer 0.0095    finalize 0.0526    
max lb tensor(0.23258162) min lb tensor(-4.64033604)
Number of Verified Splits: 14 of 128
Current worst splitting domains lb-rhs (depth):
-14.73112 (3), -14.01007 (4), -13.55616 (5), -12.94994 (6), -12.90107 (7), -12.77593 (4), -12.47576 (5), -12.43176 (4), -12.15434 (4), -12.12355 (4), -12.09766 (3), -12.09014 (5), -11.96214 (4), -11.93391 (4), -11.92155 (5), -11.87230 (4), -11.52305 (5), -11.45058 (5), -11.42163 (5), -11.39887 (6), 
Length of domains: 519
Current (lb-rhs): -14.731117248535156
1150 domains visited
Time: pickout 0.0143    decision 0.0770    set_bounds 0.0039    solve 0.6964    add 0.0016    
Accumulated time: pickout 0.1179    decision 0.5516    set_bounds 0.0386    solve 6.0834    add 0.0240    
Cumulative time: 6.858018159866333

BaB round 12
batch: 64
splitting decisions: 
split level 0: [/input-3, 96] [/input-3, 27] [/input-3, 94] [/input-3, 76] [/input-3, 31] [/input-3, 96] [/input-3, 27] [/input-3, 31] [/input-3, 3] [/input-3, 3] 
best_l after optimization: -146.2295379638672
beta sum per layer: [58.734195709228516, 880.2383422851562]
alpha/beta optimization time: 0.46960926055908203
pruning_in_iteration open status: True
ratio of positive domain = 27 / 128 = 0.2109375
pruning-in-iteration extra time: 0.0064580440521240234
torch.Size([128, 1])
Time: prepare 0.0047    bound 0.4706    transfer 0.0004    finalize 0.0017    func 0.4775    
Accumulated time: func 6.5524    prepare 0.0999    bound 6.4339    transfer 0.0099    finalize 0.0543    
max lb tensor(9.99999975e-05) min lb tensor(-4.19512463)
Number of Verified Splits: 27 of 128
Current worst splitting domains lb-rhs (depth):
-14.73112 (3), -14.01007 (4), -13.55616 (5), -12.94994 (6), -12.90107 (7), -12.77593 (4), -12.47576 (5), -12.43176 (4), -12.15434 (4), -12.12355 (4), -12.09766 (3), -12.09014 (5), -11.96214 (4), -11.93391 (4), -11.92155 (5), -11.87230 (4), -11.52305 (5), -11.45058 (5), -11.42163 (5), -11.39887 (6), 
Length of domains: 556
Current (lb-rhs): -14.731117248535156
1278 domains visited
Time: pickout 0.0148    decision 0.0860    set_bounds 0.0040    solve 0.4784    add 0.0016    
Accumulated time: pickout 0.1327    decision 0.6376    set_bounds 0.0425    solve 6.5617    add 0.0255    
Cumulative time: 7.4429931640625

BaB round 13
batch: 64
splitting decisions: 
split level 0: [/input-3, 69] [/input-3, 31] [/input-3, 119] [/input-3, 31] [/input-3, 69] [/input, 26] [/input-3, 6] [/input-3, 45] [/input-3, 71] [/input-3, 14] 
best_l after optimization: -123.983154296875
beta sum per layer: [56.08281707763672, 850.6884765625]
alpha/beta optimization time: 0.49877285957336426
pruning_in_iteration open status: True
ratio of positive domain = 35 / 128 = 0.2734375
pruning-in-iteration extra time: 0.030219078063964844
torch.Size([128, 1])
Time: prepare 0.0035    bound 0.4999    transfer 0.0003    finalize 0.0029    func 0.5066    
Accumulated time: func 7.0590    prepare 0.1050    bound 6.9337    transfer 0.0103    finalize 0.0572    
max lb tensor(9.99999975e-05) min lb tensor(-3.98870945)
Number of Verified Splits: 35 of 128
Current worst splitting domains lb-rhs (depth):
-14.73112 (3), -14.01007 (4), -13.55616 (5), -12.94994 (6), -12.90107 (7), -12.77593 (4), -12.47576 (5), -12.43176 (4), -12.15434 (4), -12.12355 (4), -12.09766 (3), -12.09014 (5), -11.96214 (4), -11.93391 (4), -11.92155 (5), -11.87230 (4), -11.52305 (5), -11.45058 (5), -11.42163 (5), -11.39887 (6), 
Length of domains: 585
Current (lb-rhs): -14.731117248535156
1406 domains visited
Time: pickout 0.0090    decision 0.0243    set_bounds 0.0039    solve 0.5078    add 0.0016    
Accumulated time: pickout 0.1417    decision 0.6619    set_bounds 0.0464    solve 7.0695    add 0.0271    
Cumulative time: 7.989872217178345

BaB round 14
batch: 64
splitting decisions: 
split level 0: [/input-3, 67] [/input-3, 42] [/input-3, 68] [/input-3, 6] [/input, 102] [/input-3, 96] [/input-3, 68] [/input, 102] [/input-3, 6] [/input-3, 68] 
best_l after optimization: -108.48635864257812
beta sum per layer: [50.70580291748047, 847.71240234375]
alpha/beta optimization time: 0.47432661056518555
pruning_in_iteration open status: True
ratio of positive domain = 32 / 128 = 0.25
pruning-in-iteration extra time: 0.021203994750976562
torch.Size([128, 1])
Time: prepare 0.0036    bound 0.4753    transfer 0.0004    finalize 0.0017    func 0.4810    
Accumulated time: func 7.5400    prepare 0.1104    bound 7.4090    transfer 0.0106    finalize 0.0589    
max lb tensor(9.99999975e-05) min lb tensor(-3.76822591)
Number of Verified Splits: 32 of 128
Current worst splitting domains lb-rhs (depth):
-14.73112 (3), -14.01007 (4), -13.55616 (5), -12.94994 (6), -12.90107 (7), -12.77593 (4), -12.47576 (5), -12.43176 (4), -12.15434 (4), -12.12355 (4), -12.09766 (3), -12.09014 (5), -11.96214 (4), -11.93391 (4), -11.92155 (5), -11.87230 (4), -11.52305 (5), -11.45058 (5), -11.42163 (5), -11.39887 (6), 
Length of domains: 617
Current (lb-rhs): -14.731117248535156
1534 domains visited
Time: pickout 0.0121    decision 0.0266    set_bounds 0.0037    solve 0.4820    add 0.0015    
Accumulated time: pickout 0.1538    decision 0.6886    set_bounds 0.0501    solve 7.5515    add 0.0286    
Cumulative time: 8.516149997711182

BaB round 15
batch: 64
splitting decisions: 
split level 0: [/input-3, 71] [/input-3, 79] [/input-3, 71] [/input-3, 45] [/input-3, 3] [/input-3, 119] [/input-3, 6] [/input-3, 3] [/input-3, 31] [/input-3, 6] 
best_l after optimization: -81.16902923583984
beta sum per layer: [50.970115661621094, 875.9910888671875]
alpha/beta optimization time: 0.513094425201416
pruning_in_iteration open status: True
ratio of positive domain = 49 / 128 = 0.3828125
pruning-in-iteration extra time: 0.025609254837036133
torch.Size([128, 1])
Time: prepare 0.0035    bound 0.5146    transfer 0.0027    finalize 0.0068    func 0.5277    
Accumulated time: func 8.0677    prepare 0.1152    bound 7.9235    transfer 0.0134    finalize 0.0657    
max lb tensor(0.00035286) min lb tensor(-3.57063580)
Number of Verified Splits: 49 of 128
Current worst splitting domains lb-rhs (depth):
-14.73112 (3), -14.01007 (4), -13.55616 (5), -12.94994 (6), -12.90107 (7), -12.77593 (4), -12.47576 (5), -12.43176 (4), -12.15434 (4), -12.12355 (4), -12.09766 (3), -12.09014 (5), -11.96214 (4), -11.93391 (4), -11.92155 (5), -11.87230 (4), -11.52305 (5), -11.45058 (5), -11.42163 (5), -11.39887 (6), 
Length of domains: 632
Current (lb-rhs): -14.731117248535156
1662 domains visited
Time: pickout 0.0108    decision 0.0277    set_bounds 0.0040    solve 0.5289    add 0.0022    
Accumulated time: pickout 0.1646    decision 0.7163    set_bounds 0.0541    solve 8.0804    add 0.0308    
Time out!!!!!!!!
Result: unknown in 12.1032 seconds

 %%%%%%%%%%%%%%%%%%%%%%%%%%%%%%%%%%% idx: 4, vnnlib ID: 44 %%%%%%%%%%%%%%%%%%%%%%%%%%%%%%%%%%%
Finished vnnlib processing in 0.008250 seconds
Model: BoundedModule(
  (/0): BoundInput(name=/0, inputs=[], perturbed=True)
  (/7): BoundParams(name=/7, inputs=[], perturbed=False)
  (/8): BoundParams(name=/8, inputs=[], perturbed=False)
  (/9): BoundParams(name=/9, inputs=[], perturbed=False)
  (/10): BoundParams(name=/10, inputs=[], perturbed=False)
  (/11): BoundParams(name=/11, inputs=[], perturbed=False)
  (/12): BoundParams(name=/12, inputs=[], perturbed=False)
  (/13): BoundFlatten(name=/13, inputs=[/0], perturbed=True)
  (/input): BoundLinear(name=/input, inputs=[/13, /7, /8], perturbed=True)
  (/15): BoundRelu(name=/15, inputs=[/input], perturbed=True)
  (/input-3): BoundLinear(name=/input-3, inputs=[/15, /9, /10], perturbed=True)
  (/17): BoundRelu(name=/17, inputs=[/input-3], perturbed=True)
  (/18): BoundLinear(name=/18, inputs=[/17, /11, /12], perturbed=True)
)
Original output in the first batch: tensor([[-7.15766811, -0.88168633,  0.97325224,  9.04236507, -5.37294769,
         -0.75602728, -9.20637226, -1.51292598, -1.60617435, -6.09112835]],
       device='cuda:0')
Split layers:
Nonlinear functions:
   BoundRelu(name=/15, inputs=[/input], perturbed=True)
   BoundRelu(name=/17, inputs=[/input-3], perturbed=True)
build batch [1/1]
layer /15 using sparse-features alpha with shape [173]; unstable size 173; total size 256 ([1, 256])
layer /15 start_node /input-3 using sparse-spec alpha [2, 99, 1, 173] with unstable size 98 total_size 128 output_shape torch.Size([128])
layer /15 start_node /18 using full alpha [2, 9, 1, 173] with unstable size None total_size 9 output_shape 9
layer /17 using sparse-features alpha with shape [98]; unstable size 98; total size 128 ([1, 128])
layer /17 start_node /18 using full alpha [2, 9, 1, 98] with unstable size None total_size 9 output_shape 9
Optimizable variables initialized.
initial CROWN bounds (first 10 items): [-3.152157783508301, -8.650616645812988, -11.08716106414795, -7.139972686767578, -10.522031784057617, -6.142102241516113, -8.566715240478516, -4.9212188720703125, -4.055807113647461]
prune_after_crown optimization in use
  original spec size = torch.Size([1, 9])
  pruned spec size = torch.Size([1, 9])
Using alpha-CROWN to initialize bounds.
best_l after optimization: -56.970947265625
alpha/beta optimization time: 2.3890817165374756
initial alpha-crown bounds (first 10 items): [-2.634016990661621, -7.823879718780518, -9.908853530883789, -6.2467145919799805, -9.715259552001953, -5.07797908782959, -7.587868690490723, -4.482728004455566, -3.4936513900756836]
Global lower bound: -9.908853530883789
torch.Size([1, 9])
0 / 9 OR specs are verified.
Verified OR indices (first 10 items): []
Verified OR lbs (first 10 items): []
Unverified OR indices (first 10 items): [0, 1, 2, 3, 4, 5, 6, 7, 8]
Unverified OR lbs (first 10 items): [[-2.634016990661621], [-7.823879718780518], [-9.908853530883789], [-6.2467145919799805], [-9.715259552001953], [-5.07797908782959], [-7.587868690490723], [-4.482728004455566], [-3.4936513900756836]]
###### Verifying property Instance 4 ######
Batch size: 9
First 10 spec matrices
C: tensor([[[-1.,  0.,  0.,  1.,  0.,  0.,  0.,  0.,  0.,  0.]],

        [[ 0., -1.,  0.,  1.,  0.,  0.,  0.,  0.,  0.,  0.]],

        [[ 0.,  0., -1.,  1.,  0.,  0.,  0.,  0.,  0.,  0.]],

        [[ 0.,  0.,  0.,  1., -1.,  0.,  0.,  0.,  0.,  0.]],

        [[ 0.,  0.,  0.,  1.,  0., -1.,  0.,  0.,  0.,  0.]],

        [[ 0.,  0.,  0.,  1.,  0.,  0., -1.,  0.,  0.,  0.]],

        [[ 0.,  0.,  0.,  1.,  0.,  0.,  0., -1.,  0.,  0.]],

        [[ 0.,  0.,  0.,  1.,  0.,  0.,  0.,  0., -1.,  0.]],

        [[ 0.,  0.,  0.,  1.,  0.,  0.,  0.,  0.,  0., -1.]]], device='cuda:0')
RHS: tensor([[0.],
        [0.],
        [0.],
        [0.],
        [0.],
        [0.],
        [0.],
        [0.],
        [0.]], device='cuda:0')
OR spec sizes: tensor([1, 1, 1, 1, 1, 1, 1, 1, 1], device='cuda:0', dtype=torch.int32)
Remaining timeout: 9.16716742515564
Model prediction is: tensor([-7.15766811, -0.88168633,  0.97325224,  9.04236507, -5.37294769,
        -0.75602728, -9.20637226, -1.51292598, -1.60617435, -6.09112835],
       device='cuda:0')
Activation BaB batch 1/1 
build_with_refined_bounds batch [1/1]
Optimizable variables initialized.
all alpha initialized
directly get lb and ub from refined bounds
c shape: torch.Size([9, 1, 10])
lA shapes: [torch.Size([9, 1, 256]), torch.Size([9, 1, 128])]
torch.Size([9, 1])
(alpha-)CROWN with fixed intermediate bounds: tensor([[-2.63401699],
        [-7.82387972],
        [-9.90885353],
        [-6.24671459],
        [-9.71525955],
        [-5.07797909],
        [-7.58786869],
        [-4.48272800],
        [-3.49365139]], device='cuda:0') tensor([[inf],
        [inf],
        [inf],
        [inf],
        [inf],
        [inf],
        [inf],
        [inf],
        [inf]], device='cuda:0')
Intermediate layers: /input,/input-3
Keeping alphas for these layers: ['/18']
Node /15 input 0: size torch.Size([256]) unstable 173
Node /17 input 0: size torch.Size([128]) unstable 96
-----------------
# of unstable neurons: 269
-----------------

BaB round 1
batch: 9
splitting decisions: 
split level 0: [/input-3, 98] [/input-3, 98] [/input-3, 73] [/input-3, 34] [/input, 135] [/input-3, 11] [/input, 104] [/input-3, 11] [/input-3, 71] 
best_l after optimization: -103.43099975585938
beta sum per layer: [2.3497085571289062, 2.5771493911743164]
alpha/beta optimization time: 0.5627439022064209
pruning_in_iteration open status: False
ratio of positive domain = 0 / 18 = 0.0
pruning-in-iteration extra time: 0.0003581047058105469
torch.Size([18, 1])
Time: prepare 0.0019    bound 0.5639    transfer 0.0013    finalize 0.0047    func 0.5718    
Accumulated time: func 0.5718    prepare 0.0078    bound 0.5639    transfer 0.0013    finalize 0.0047    
max lb tensor(-2.18681431) min lb tensor(-9.51579666)
Number of Verified Splits: 0 of 18
Current worst splitting domains lb-rhs (depth):
-9.51580 (1), -9.44115 (1), -9.34168 (1), -8.81618 (1), -7.39720 (1), -7.10665 (1), -7.01806 (1), -6.38142 (1), -5.89348 (1), -5.05506 (1), -4.65198 (1), -4.55003 (1), -4.09121 (1), -4.06677 (1), -3.02780 (1), -2.67854 (1), -2.21117 (1), -2.18681 (1), 
Length of domains: 18
Current (lb-rhs): -9.515796661376953
18 domains visited
Time: pickout 0.0016    decision 0.0373    set_bounds 0.0019    solve 0.5724    add 0.0074    
Accumulated time: pickout 0.0016    decision 0.0373    set_bounds 0.0019    solve 0.5724    add 0.0074    
Cumulative time: 0.6517548561096191

BaB round 2
batch: 18
splitting decisions: 
split level 0: [/input-3, 81] [/input-3, 11] [/input-3, 34] [/input, 104] [/input-3, 35] [/input-3, 71] [/input-3, 35] [/input-3, 20] [/input-3, 20] [/input-3, 81] 
best_l after optimization: -185.02053833007812
beta sum per layer: [5.701783657073975, 15.473039627075195]
alpha/beta optimization time: 0.5779139995574951
pruning_in_iteration open status: False
ratio of positive domain = 0 / 36 = 0.0
pruning-in-iteration extra time: 0.0003147125244140625
torch.Size([36, 1])
Time: prepare 0.0030    bound 0.5793    transfer 0.0007    finalize 0.0056    func 0.5887    
Accumulated time: func 1.1604    prepare 0.0180    bound 1.1432    transfer 0.0019    finalize 0.0103    
max lb tensor(-1.77087307) min lb tensor(-9.17702675)
Number of Verified Splits: 0 of 36
Current worst splitting domains lb-rhs (depth):
-9.17703 (2), -9.07608 (2), -8.95728 (2), -8.89888 (2), -8.52861 (2), -8.48946 (2), -8.44774 (2), -8.28196 (2), -6.99552 (2), -6.75793 (2), -6.69631 (2), -6.59432 (2), -6.57028 (2), -6.47818 (2), -5.94352 (2), -5.86476 (2), -5.49920 (2), -5.24557 (2), -4.70084 (2), -4.30527 (2), 
Length of domains: 36
Current (lb-rhs): -9.177026748657227
54 domains visited
Time: pickout 0.0092    decision 0.0481    set_bounds 0.0025    solve 0.5894    add 0.0017    
Accumulated time: pickout 0.0108    decision 0.0854    set_bounds 0.0044    solve 1.1618    add 0.0091    
Cumulative time: 1.3028695583343506

BaB round 3
batch: 36
splitting decisions: 
split level 0: [/input-3, 20] [/input-3, 116] [/input, 88] [/input-3, 98] [/input, 190] [/input, 173] [/input, 88] [/input-3, 96] [/input, 104] [/input-3, 20] 
best_l after optimization: -324.02685546875
beta sum per layer: [33.91526412963867, 46.72565460205078]
alpha/beta optimization time: 0.5107312202453613
pruning_in_iteration open status: False
ratio of positive domain = 0 / 72 = 0.0
pruning-in-iteration extra time: 0.00028777122497558594
torch.Size([72, 1])
Time: prepare 0.0027    bound 0.5118    transfer 0.0010    finalize 0.0048    func 0.5204    
Accumulated time: func 1.6808    prepare 0.0254    bound 1.6551    transfer 0.0029    finalize 0.0151    
max lb tensor(-0.37822342) min lb tensor(-8.82080555)
Number of Verified Splits: 0 of 72
Current worst splitting domains lb-rhs (depth):
-8.82081 (3), -8.74672 (3), -8.67828 (3), -8.60500 (3), -8.46184 (3), -8.39011 (3), -8.38547 (3), -8.22155 (3), -8.19911 (3), -8.01473 (3), -7.98225 (3), -7.88984 (3), -7.75830 (3), -7.15950 (3), -6.89835 (3), -6.59124 (3), -6.50866 (3), -6.40311 (3), -6.32109 (3), -6.25978 (3), 
Length of domains: 72
Current (lb-rhs): -8.820805549621582
126 domains visited
Time: pickout 0.0098    decision 0.0576    set_bounds 0.0026    solve 0.5210    add 0.0020    
Accumulated time: pickout 0.0206    decision 0.1430    set_bounds 0.0070    solve 1.6828    add 0.0111    
Cumulative time: 1.8960113525390625

BaB round 4
batch: 64
splitting decisions: 
split level 0: [/input-3, 81] [/input-3, 11] [/input-3, 116] [/input, 104] [/input, 104] [/input-3, 71] [/input-3, 94] [/input, 88] [/input-3, 96] [/input-3, 81] 
best_l after optimization: -457.2490234375
beta sum per layer: [82.28645324707031, 160.02781677246094]
alpha/beta optimization time: 0.5596663951873779
pruning_in_iteration open status: False
ratio of positive domain = 6 / 128 = 0.046875
pruning-in-iteration extra time: 0.00017333030700683594
torch.Size([128, 1])
Time: prepare 0.0053    bound 0.5607    transfer 0.0003    finalize 0.0016    func 0.5680    
Accumulated time: func 2.2488    prepare 0.0369    bound 2.2158    transfer 0.0032    finalize 0.0167    
max lb tensor(0.37595177) min lb tensor(-8.54171562)
Number of Verified Splits: 6 of 128
Current worst splitting domains lb-rhs (depth):
-8.54172 (4), -8.46948 (4), -8.46184 (3), -8.44053 (4), -8.34019 (4), -8.33013 (4), -8.25936 (4), -8.13358 (4), -8.08395 (4), -8.06107 (4), -8.00547 (4), -7.93669 (4), -7.88984 (3), -7.70870 (4), -7.69459 (4), -7.65195 (4), -7.60456 (4), -6.69746 (4), -6.36644 (4), -6.25978 (3), 
Length of domains: 130
Current (lb-rhs): -8.541715621948242
254 domains visited
Time: pickout 0.0114    decision 0.0899    set_bounds 0.0054    solve 0.5685    add 0.0015    
Accumulated time: pickout 0.0320    decision 0.2329    set_bounds 0.0124    solve 2.2513    add 0.0126    
Cumulative time: 2.5729284286499023

BaB round 5
batch: 64
splitting decisions: 
split level 0: [/input, 149] [/input-3, 98] [/input-3, 94] [/input-3, 96] [/input, 88] [/input-3, 20] [/input, 239] [/input-3, 116] [/input-3, 70] [/input-3, 68] 
best_l after optimization: -350.7025146484375
beta sum per layer: [108.54368591308594, 220.07711791992188]
alpha/beta optimization time: 0.38817310333251953
pruning_in_iteration open status: False
ratio of positive domain = 15 / 128 = 0.1171875
pruning-in-iteration extra time: 9.179115295410156e-05
torch.Size([128, 1])
Time: prepare 0.0034    bound 0.3891    transfer 0.0002    finalize 0.0024    func 0.3952    
Accumulated time: func 2.6441    prepare 0.0417    bound 2.6048    transfer 0.0034    finalize 0.0191    
max lb tensor(0.68513203) min lb tensor(-8.13203526)
Number of Verified Splits: 15 of 128
Current worst splitting domains lb-rhs (depth):
-8.54172 (4), -8.46948 (4), -8.46184 (3), -8.44053 (4), -8.34019 (4), -8.13204 (5), -8.08395 (4), -8.06107 (4), -8.00575 (5), -7.95374 (5), -7.88984 (3), -7.84102 (5), -7.70870 (4), -7.70170 (5), -7.69459 (4), -7.65195 (4), -7.60456 (4), -7.56688 (5), -7.51172 (5), -7.46499 (5), 
Length of domains: 179
Current (lb-rhs): -8.541715621948242
382 domains visited
Time: pickout 0.0094    decision 0.0287    set_bounds 0.0037    solve 0.3960    add 0.0014    
Accumulated time: pickout 0.0414    decision 0.2615    set_bounds 0.0161    solve 2.6474    add 0.0139    
Cumulative time: 3.0123746395111084

BaB round 6
batch: 64
splitting decisions: 
split level 0: [/input-3, 66] [/input-3, 70] [/input-3, 96] [/input-3, 76] [/input-3, 70] [/input-3, 15] [/input-3, 66] [/input-3, 70] [/input, 173] [/input-3, 15] 
best_l after optimization: -299.0207824707031
beta sum per layer: [113.86184692382812, 245.77536010742188]
alpha/beta optimization time: 0.4926459789276123
pruning_in_iteration open status: True
ratio of positive domain = 29 / 128 = 0.2265625
pruning-in-iteration extra time: 0.01924872398376465
torch.Size([128, 1])
Time: prepare 0.0031    bound 0.4937    transfer 0.0007    finalize 0.0027    func 0.5004    
Accumulated time: func 3.1445    prepare 0.0465    bound 3.0986    transfer 0.0041    finalize 0.0218    
max lb tensor(9.99999975e-05) min lb tensor(-7.78885746)
Number of Verified Splits: 29 of 128
Current worst splitting domains lb-rhs (depth):
-8.54172 (4), -8.46948 (4), -8.46184 (3), -8.44053 (4), -8.34019 (4), -8.13204 (5), -8.08395 (4), -8.06107 (4), -8.00575 (5), -7.88984 (3), -7.84102 (5), -7.78886 (6), -7.70870 (4), -7.69459 (4), -7.65195 (4), -7.60456 (4), -7.53485 (6), -7.51172 (5), -7.46499 (5), -7.23813 (6), 
Length of domains: 214
Current (lb-rhs): -8.541715621948242
510 domains visited
Time: pickout 0.0087    decision 0.0230    set_bounds 0.0035    solve 0.5011    add 0.0019    
Accumulated time: pickout 0.0501    decision 0.2846    set_bounds 0.0196    solve 3.1485    add 0.0158    
Cumulative time: 3.5508828163146973

BaB round 7
batch: 64
splitting decisions: 
split level 0: [/input-3, 15] [/input-3, 35] [/input, 149] [/input-3, 34] [/input, 145] [/input-3, 76] [/input, 7] [/input-3, 81] [/input-3, 35] [/input-3, 34] 
best_l after optimization: -308.6915283203125
beta sum per layer: [105.58900451660156, 292.4555969238281]
alpha/beta optimization time: 0.3880314826965332
pruning_in_iteration open status: False
ratio of positive domain = 17 / 128 = 0.1328125
pruning-in-iteration extra time: 0.00012183189392089844
torch.Size([128, 1])
Time: prepare 0.0035    bound 0.3890    transfer 0.0002    finalize 0.0016    func 0.3944    
Accumulated time: func 3.5389    prepare 0.0515    bound 3.4876    transfer 0.0043    finalize 0.0235    
max lb tensor(0.39754105) min lb tensor(-7.60278130)
Number of Verified Splits: 17 of 128
Current worst splitting domains lb-rhs (depth):
-8.54172 (4), -8.46948 (4), -8.46184 (3), -8.44053 (4), -8.34019 (4), -8.13204 (5), -8.08395 (4), -8.06107 (4), -8.00575 (5), -7.88984 (3), -7.84102 (5), -7.70870 (4), -7.69459 (4), -7.65195 (4), -7.60456 (4), -7.60278 (7), -7.53485 (6), -7.51172 (5), -7.46499 (5), -7.09101 (6), 
Length of domains: 261
Current (lb-rhs): -8.541715621948242
638 domains visited
Time: pickout 0.0089    decision 0.0260    set_bounds 0.0037    solve 0.3952    add 0.0011    
Accumulated time: pickout 0.0591    decision 0.3105    set_bounds 0.0233    solve 3.5437    add 0.0168    
Cumulative time: 3.9860446453094482

BaB round 8
batch: 64
splitting decisions: 
split level 0: [/input-3, 71] [/input-3, 20] [/input-3, 81] [/input-3, 55] [/input-3, 71] [/input-3, 96] [/input-3, 81] [/input, 199] [/input-3, 71] [/input-3, 81] 
best_l after optimization: -276.71875
beta sum per layer: [94.12234497070312, 350.2388916015625]
alpha/beta optimization time: 0.4894886016845703
pruning_in_iteration open status: False
ratio of positive domain = 25 / 128 = 0.1953125
pruning-in-iteration extra time: 0.0003261566162109375
torch.Size([128, 1])
Time: prepare 0.0038    bound 0.4906    transfer 0.0012    finalize 0.0056    func 0.5014    
Accumulated time: func 4.0403    prepare 0.0571    bound 3.9782    transfer 0.0055    finalize 0.0291    
max lb tensor(0.55027676) min lb tensor(-6.59762907)
Number of Verified Splits: 25 of 128
Current worst splitting domains lb-rhs (depth):
-8.54172 (4), -8.46948 (4), -8.46184 (3), -8.44053 (4), -8.34019 (4), -8.13204 (5), -8.08395 (4), -8.06107 (4), -8.00575 (5), -7.88984 (3), -7.84102 (5), -7.70870 (4), -7.69459 (4), -7.65195 (4), -7.60456 (4), -7.60278 (7), -7.53485 (6), -7.51172 (5), -7.46499 (5), -7.09101 (6), 
Length of domains: 300
Current (lb-rhs): -8.541715621948242
766 domains visited
Time: pickout 0.0084    decision 0.0235    set_bounds 0.0043    solve 0.5023    add 0.0018    
Accumulated time: pickout 0.0675    decision 0.3341    set_bounds 0.0276    solve 4.0460    add 0.0186    
Cumulative time: 4.5266664028167725

BaB round 9
batch: 64
splitting decisions: 
split level 0: [/input, 58] [/input-3, 101] [/input-3, 20] [/input-3, 105] [/input-3, 55] [/input-3, 101] [/input-3, 55] [/input-3, 101] [/input-3, 73] [/input-3, 55] 
best_l after optimization: -263.423583984375
beta sum per layer: [96.13795471191406, 438.476318359375]
alpha/beta optimization time: 0.5912647247314453
pruning_in_iteration open status: False
ratio of positive domain = 7 / 128 = 0.0546875
pruning-in-iteration extra time: 0.00018906593322753906
torch.Size([128, 1])
Time: prepare 0.0075    bound 0.5923    transfer 0.0004    finalize 0.0030    func 0.6032    
Accumulated time: func 4.6436    prepare 0.0715    bound 4.5705    transfer 0.0060    finalize 0.0320    
max lb tensor(0.39256477) min lb tensor(-6.43458652)
Number of Verified Splits: 7 of 128
Current worst splitting domains lb-rhs (depth):
-8.54172 (4), -8.46948 (4), -8.46184 (3), -8.44053 (4), -8.34019 (4), -8.13204 (5), -8.08395 (4), -8.06107 (4), -8.00575 (5), -7.88984 (3), -7.84102 (5), -7.70870 (4), -7.69459 (4), -7.65195 (4), -7.60456 (4), -7.60278 (7), -7.53485 (6), -7.51172 (5), -7.46499 (5), -7.09101 (6), 
Length of domains: 357
Current (lb-rhs): -8.541715621948242
894 domains visited
Time: pickout 0.0144    decision 0.0969    set_bounds 0.0053    solve 0.6039    add 0.0011    
Accumulated time: pickout 0.0819    decision 0.4310    set_bounds 0.0329    solve 4.6499    add 0.0197    
Cumulative time: 5.248533725738525

BaB round 10
batch: 64
splitting decisions: 
split level 0: [/input-3, 68] [/input-3, 105] [/input-3, 105] [/input, 197] [/input-3, 68] [/input-3, 70] [/input, 165] [/input-3, 68] [/input-3, 106] [/input-3, 68] 
best_l after optimization: -174.93966674804688
beta sum per layer: [96.49604797363281, 494.5082702636719]
alpha/beta optimization time: 0.4248390197753906
pruning_in_iteration open status: False
ratio of positive domain = 23 / 128 = 0.1796875
pruning-in-iteration extra time: 0.00012063980102539062
torch.Size([128, 1])
Time: prepare 0.0033    bound 0.4258    transfer 0.0003    finalize 0.0019    func 0.4314    
Accumulated time: func 5.0749    prepare 0.0764    bound 4.9963    transfer 0.0063    finalize 0.0339    
max lb tensor(0.45075703) min lb tensor(-4.93267345)
Number of Verified Splits: 23 of 128
Current worst splitting domains lb-rhs (depth):
-8.54172 (4), -8.46948 (4), -8.46184 (3), -8.44053 (4), -8.34019 (4), -8.13204 (5), -8.08395 (4), -8.06107 (4), -8.00575 (5), -7.88984 (3), -7.84102 (5), -7.70870 (4), -7.69459 (4), -7.65195 (4), -7.60456 (4), -7.60278 (7), -7.53485 (6), -7.51172 (5), -7.46499 (5), -7.09101 (6), 
Length of domains: 398
Current (lb-rhs): -8.541715621948242
1022 domains visited
Time: pickout 0.0085    decision 0.0232    set_bounds 0.0040    solve 0.4320    add 0.0016    
Accumulated time: pickout 0.0904    decision 0.4542    set_bounds 0.0368    solve 5.0820    add 0.0213    
Cumulative time: 5.718110084533691

BaB round 11
batch: 64
splitting decisions: 
split level 0: [/input, 123] [/input-3, 68] [/input-3, 73] [/input-3, 105] [/input-3, 91] [/input-3, 120] [/input-3, 55] [/input-3, 91] [/input-3, 64] [/input-3, 106] 
best_l after optimization: -134.5960235595703
beta sum per layer: [108.52698516845703, 532.0926513671875]
alpha/beta optimization time: 0.529569149017334
pruning_in_iteration open status: True
ratio of positive domain = 44 / 128 = 0.34375
pruning-in-iteration extra time: 0.02596735954284668
torch.Size([128, 1])
Time: prepare 0.0039    bound 0.5306    transfer 0.0003    finalize 0.0017    func 0.5367    
Accumulated time: func 5.6116    prepare 0.0820    bound 5.5270    transfer 0.0065    finalize 0.0356    
max lb tensor(9.99999975e-05) min lb tensor(-4.06835890)
Number of Verified Splits: 44 of 128
Current worst splitting domains lb-rhs (depth):
-8.54172 (4), -8.46948 (4), -8.46184 (3), -8.44053 (4), -8.34019 (4), -8.13204 (5), -8.08395 (4), -8.06107 (4), -8.00575 (5), -7.88984 (3), -7.84102 (5), -7.70870 (4), -7.69459 (4), -7.65195 (4), -7.60456 (4), -7.60278 (7), -7.53485 (6), -7.51172 (5), -7.46499 (5), -7.09101 (6), 
Length of domains: 418
Current (lb-rhs): -8.541715621948242
1150 domains visited
Time: pickout 0.0119    decision 0.0297    set_bounds 0.0040    solve 0.5374    add 0.0010    
Accumulated time: pickout 0.1023    decision 0.4839    set_bounds 0.0408    solve 5.6193    add 0.0224    
Cumulative time: 6.302436590194702

BaB round 12
batch: 64
splitting decisions: 
split level 0: [/input, 123] [/input-3, 91] [/input-3, 56] [/input-3, 19] [/input, 58] [/input-3, 120] [/input, 145] [/input, 58] [/input-3, 106] [/input-3, 106] 
best_l after optimization: -125.38819122314453
beta sum per layer: [145.380615234375, 633.1768798828125]
alpha/beta optimization time: 0.47662353515625
pruning_in_iteration open status: True
ratio of positive domain = 30 / 128 = 0.234375
pruning-in-iteration extra time: 0.021155357360839844
torch.Size([128, 1])
Time: prepare 0.0037    bound 0.4777    transfer 0.0003    finalize 0.0019    func 0.4837    
Accumulated time: func 6.0953    prepare 0.0874    bound 6.0047    transfer 0.0068    finalize 0.0375    
max lb tensor(9.99999975e-05) min lb tensor(-3.41938686)
Number of Verified Splits: 30 of 128
Current worst splitting domains lb-rhs (depth):
-8.54172 (4), -8.46948 (4), -8.46184 (3), -8.44053 (4), -8.34019 (4), -8.13204 (5), -8.08395 (4), -8.06107 (4), -8.00575 (5), -7.88984 (3), -7.84102 (5), -7.70870 (4), -7.69459 (4), -7.65195 (4), -7.60456 (4), -7.60278 (7), -7.53485 (6), -7.51172 (5), -7.46499 (5), -7.09101 (6), 
Length of domains: 452
Current (lb-rhs): -8.541715621948242
1278 domains visited
Time: pickout 0.0085    decision 0.0265    set_bounds 0.0037    solve 0.4843    add 0.0012    
Accumulated time: pickout 0.1108    decision 0.5104    set_bounds 0.0445    solve 6.1036    add 0.0236    
Cumulative time: 6.827065944671631

BaB round 13
batch: 64
splitting decisions: 
split level 0: [/input-3, 122] [/input, 123] [/input-3, 122] [/input, 203] [/input-3, 97] [/input-3, 56] [/input, 165] [/input, 58] [/input-3, 15] [/input-3, 122] 
best_l after optimization: -101.11522674560547
beta sum per layer: [154.84474182128906, 690.5792236328125]
alpha/beta optimization time: 0.7551224231719971
pruning_in_iteration open status: True
ratio of positive domain = 38 / 128 = 0.296875
pruning-in-iteration extra time: 0.03490114212036133
torch.Size([128, 1])
Time: prepare 0.0036    bound 0.7565    transfer 0.0018    finalize 0.0067    func 0.7687    
Accumulated time: func 6.8640    prepare 0.0924    bound 6.7612    transfer 0.0086    finalize 0.0442    
max lb tensor(9.99999975e-05) min lb tensor(-3.27614594)
Number of Verified Splits: 38 of 128
Current worst splitting domains lb-rhs (depth):
-8.54172 (4), -8.46948 (4), -8.46184 (3), -8.44053 (4), -8.34019 (4), -8.13204 (5), -8.08395 (4), -8.06107 (4), -8.00575 (5), -7.88984 (3), -7.84102 (5), -7.70870 (4), -7.69459 (4), -7.65195 (4), -7.60456 (4), -7.60278 (7), -7.53485 (6), -7.51172 (5), -7.46499 (5), -7.09101 (6), 
Length of domains: 478
Current (lb-rhs): -8.541715621948242
1406 domains visited
Time: pickout 0.0111    decision 0.0267    set_bounds 0.0034    solve 0.7695    add 0.0019    
Accumulated time: pickout 0.1219    decision 0.5370    set_bounds 0.0479    solve 6.8731    add 0.0255    
Cumulative time: 7.640102386474609

BaB round 14
batch: 64
splitting decisions: 
split level 0: [/input, 7] [/input-3, 97] [/input-3, 122] [/input-3, 97] [/input-3, 118] [/input-3, 55] [/input-3, 66] [/input-3, 56] [/input-3, 122] [/input, 106] 
best_l after optimization: -87.75790405273438
beta sum per layer: [148.08184814453125, 671.6414184570312]
alpha/beta optimization time: 0.5900535583496094
pruning_in_iteration open status: True
ratio of positive domain = 41 / 128 = 0.3203125
pruning-in-iteration extra time: 0.03392744064331055
torch.Size([128, 1])
Time: prepare 0.0043    bound 0.5910    transfer 0.0005    finalize 0.0018    func 0.5977    
Accumulated time: func 7.4616    prepare 0.1013    bound 7.3522    transfer 0.0091    finalize 0.0460    
max lb tensor(9.99999975e-05) min lb tensor(-3.10957479)
Number of Verified Splits: 41 of 128
Current worst splitting domains lb-rhs (depth):
-8.54172 (4), -8.46948 (4), -8.46184 (3), -8.44053 (4), -8.34019 (4), -8.13204 (5), -8.08395 (4), -8.06107 (4), -8.00575 (5), -7.88984 (3), -7.84102 (5), -7.70870 (4), -7.69459 (4), -7.65195 (4), -7.60456 (4), -7.60278 (7), -7.53485 (6), -7.51172 (5), -7.46499 (5), -7.09101 (6), 
Length of domains: 501
Current (lb-rhs): -8.541715621948242
1534 domains visited
Time: pickout 0.0154    decision 0.0761    set_bounds 0.0041    solve 0.5983    add 0.0011    
Accumulated time: pickout 0.1374    decision 0.6131    set_bounds 0.0520    solve 7.4714    add 0.0266    
Cumulative time: 8.335674285888672

BaB round 15
batch: 64
splitting decisions: 
split level 0: [/input-3, 97] [/input-3, 91] [/input-3, 56] [/input-3, 91] [/input-3, 122] [/input-3, 122] [/input-3, 122] [/input, 58] [/input-3, 122] [/input-3, 91] 
best_l after optimization: -75.97319793701172
beta sum per layer: [115.94035339355469, 625.9611206054688]
alpha/beta optimization time: 0.47669553756713867
pruning_in_iteration open status: True
ratio of positive domain = 43 / 128 = 0.3359375
pruning-in-iteration extra time: 0.022275447845458984
torch.Size([128, 1])
Time: prepare 0.0041    bound 0.4777    transfer 0.0004    finalize 0.0017    func 0.4839    
Accumulated time: func 7.9455    prepare 0.1072    bound 7.8299    transfer 0.0095    finalize 0.0477    
max lb tensor(9.99999975e-05) min lb tensor(-2.90481949)
Number of Verified Splits: 43 of 128
Current worst splitting domains lb-rhs (depth):
-8.54172 (4), -8.46948 (4), -8.46184 (3), -8.44053 (4), -8.34019 (4), -8.13204 (5), -8.08395 (4), -8.06107 (4), -8.00575 (5), -7.88984 (3), -7.84102 (5), -7.70870 (4), -7.69459 (4), -7.65195 (4), -7.60456 (4), -7.60278 (7), -7.53485 (6), -7.51172 (5), -7.46499 (5), -7.09101 (6), 
Length of domains: 522
Current (lb-rhs): -8.541715621948242
1662 domains visited
Time: pickout 0.0107    decision 0.0268    set_bounds 0.0039    solve 0.4845    add 0.0011    
Accumulated time: pickout 0.1481    decision 0.6399    set_bounds 0.0559    solve 7.9559    add 0.0277    
Cumulative time: 8.86291241645813

BaB round 16
batch: 64
splitting decisions: 
split level 0: [/input, 134] [/input-3, 66] [/input-3, 91] [/input-3, 118] [/input-3, 122] [/input-3, 91] [/input-3, 118] [/input-3, 118] [/input-3, 122] [/input-3, 66] 
best_l after optimization: -67.6379165649414
beta sum per layer: [117.93110656738281, 609.6857299804688]
alpha/beta optimization time: 0.4614677429199219
pruning_in_iteration open status: True
ratio of positive domain = 50 / 128 = 0.390625
pruning-in-iteration extra time: 0.022344589233398438
torch.Size([128, 1])
Time: prepare 0.0048    bound 0.4628    transfer 0.0003    finalize 0.0015    func 0.4695    
Accumulated time: func 8.4150    prepare 0.1148    bound 8.2927    transfer 0.0098    finalize 0.0493    
max lb tensor(9.99999975e-05) min lb tensor(-2.72061777)
Number of Verified Splits: 50 of 128
Current worst splitting domains lb-rhs (depth):
-8.54172 (4), -8.46948 (4), -8.46184 (3), -8.44053 (4), -8.34019 (4), -8.13204 (5), -8.08395 (4), -8.06107 (4), -8.00575 (5), -7.88984 (3), -7.84102 (5), -7.70870 (4), -7.69459 (4), -7.65195 (4), -7.60456 (4), -7.60278 (7), -7.53485 (6), -7.51172 (5), -7.46499 (5), -7.09101 (6), 
Length of domains: 536
Current (lb-rhs): -8.541715621948242
1790 domains visited
Time: pickout 0.0082    decision 0.0264    set_bounds 0.0044    solve 0.4703    add 0.0014    
Accumulated time: pickout 0.1563    decision 0.6663    set_bounds 0.0603    solve 8.4262    add 0.0291    
Time out!!!!!!!!
Result: unknown in 12.2169 seconds

 %%%%%%%%%%%%%%%%%%%%%%%%%%%%%%%%%%% idx: 5, vnnlib ID: 45 %%%%%%%%%%%%%%%%%%%%%%%%%%%%%%%%%%%
Finished vnnlib processing in 0.002795 seconds
Model: BoundedModule(
  (/0): BoundInput(name=/0, inputs=[], perturbed=True)
  (/7): BoundParams(name=/7, inputs=[], perturbed=False)
  (/8): BoundParams(name=/8, inputs=[], perturbed=False)
  (/9): BoundParams(name=/9, inputs=[], perturbed=False)
  (/10): BoundParams(name=/10, inputs=[], perturbed=False)
  (/11): BoundParams(name=/11, inputs=[], perturbed=False)
  (/12): BoundParams(name=/12, inputs=[], perturbed=False)
  (/13): BoundFlatten(name=/13, inputs=[/0], perturbed=True)
  (/input): BoundLinear(name=/input, inputs=[/13, /7, /8], perturbed=True)
  (/15): BoundRelu(name=/15, inputs=[/input], perturbed=True)
  (/input-3): BoundLinear(name=/input-3, inputs=[/15, /9, /10], perturbed=True)
  (/17): BoundRelu(name=/17, inputs=[/input-3], perturbed=True)
  (/18): BoundLinear(name=/18, inputs=[/17, /11, /12], perturbed=True)
)
Original output in the first batch: tensor([[-3.08066893, -4.31754827, -6.14707422,  1.82747519, -4.71744347,
          8.35296154, -2.76564288, -8.40941238,  0.12084103,  0.22967628]],
       device='cuda:0')
Split layers:
Nonlinear functions:
   BoundRelu(name=/15, inputs=[/input], perturbed=True)
   BoundRelu(name=/17, inputs=[/input-3], perturbed=True)
build batch [1/1]
layer /15 using sparse-features alpha with shape [182]; unstable size 182; total size 256 ([1, 256])
layer /15 start_node /input-3 using sparse-spec alpha [2, 116, 1, 182] with unstable size 115 total_size 128 output_shape torch.Size([128])
layer /15 start_node /18 using full alpha [2, 9, 1, 182] with unstable size None total_size 9 output_shape 9
layer /17 using sparse-features alpha with shape [115]; unstable size 115; total size 128 ([1, 128])
layer /17 start_node /18 using full alpha [2, 9, 1, 115] with unstable size None total_size 9 output_shape 9
Optimizable variables initialized.
initial CROWN bounds (first 10 items): [-15.518338203430176, -11.265427589416504, -14.45068073272705, -15.921144485473633, -15.44731330871582, -10.74034595489502, -14.653157234191895, -14.592830657958984, -14.596423149108887]
prune_after_crown optimization in use
  original spec size = torch.Size([1, 9])
  pruned spec size = torch.Size([1, 9])
Using alpha-CROWN to initialize bounds.
best_l after optimization: -111.75000762939453
alpha/beta optimization time: 2.1930899620056152
initial alpha-crown bounds (first 10 items): [-14.120794296264648, -9.71908950805664, -12.63329792022705, -13.641149520874023, -13.449441909790039, -9.038625717163086, -12.74991512298584, -13.21300983428955, -13.184682846069336]
Global lower bound: -14.120794296264648
torch.Size([1, 9])
0 / 9 OR specs are verified.
Verified OR indices (first 10 items): []
Verified OR lbs (first 10 items): []
Unverified OR indices (first 10 items): [0, 1, 2, 3, 4, 5, 6, 7, 8]
Unverified OR lbs (first 10 items): [[-14.120794296264648], [-9.71908950805664], [-12.63329792022705], [-13.641149520874023], [-13.449441909790039], [-9.038625717163086], [-12.74991512298584], [-13.21300983428955], [-13.184682846069336]]
###### Verifying property Instance 5 ######
Batch size: 9
First 10 spec matrices
C: tensor([[[-1.,  0.,  0.,  0.,  0.,  1.,  0.,  0.,  0.,  0.]],

        [[ 0., -1.,  0.,  0.,  0.,  1.,  0.,  0.,  0.,  0.]],

        [[ 0.,  0., -1.,  0.,  0.,  1.,  0.,  0.,  0.,  0.]],

        [[ 0.,  0.,  0., -1.,  0.,  1.,  0.,  0.,  0.,  0.]],

        [[ 0.,  0.,  0.,  0., -1.,  1.,  0.,  0.,  0.,  0.]],

        [[ 0.,  0.,  0.,  0.,  0.,  1., -1.,  0.,  0.,  0.]],

        [[ 0.,  0.,  0.,  0.,  0.,  1.,  0., -1.,  0.,  0.]],

        [[ 0.,  0.,  0.,  0.,  0.,  1.,  0.,  0., -1.,  0.]],

        [[ 0.,  0.,  0.,  0.,  0.,  1.,  0.,  0.,  0., -1.]]], device='cuda:0')
RHS: tensor([[0.],
        [0.],
        [0.],
        [0.],
        [0.],
        [0.],
        [0.],
        [0.],
        [0.]], device='cuda:0')
OR spec sizes: tensor([1, 1, 1, 1, 1, 1, 1, 1, 1], device='cuda:0', dtype=torch.int32)
Remaining timeout: 9.573456764221191
Model prediction is: tensor([-3.08066893, -4.31754827, -6.14707422,  1.82747519, -4.71744347,
         8.35296154, -2.76564288, -8.40941238,  0.12084103,  0.22967628],
       device='cuda:0')
Activation BaB batch 1/1 
build_with_refined_bounds batch [1/1]
Optimizable variables initialized.
all alpha initialized
directly get lb and ub from refined bounds
c shape: torch.Size([9, 1, 10])
lA shapes: [torch.Size([9, 1, 256]), torch.Size([9, 1, 128])]
torch.Size([9, 1])
(alpha-)CROWN with fixed intermediate bounds: tensor([[-14.12079430],
        [ -9.71908951],
        [-12.63329792],
        [-13.64114952],
        [-13.44944191],
        [ -9.03862572],
        [-12.74991512],
        [-13.21300983],
        [-13.18468285]], device='cuda:0') tensor([[inf],
        [inf],
        [inf],
        [inf],
        [inf],
        [inf],
        [inf],
        [inf],
        [inf]], device='cuda:0')
Intermediate layers: /input,/input-3
Keeping alphas for these layers: ['/18']
Node /15 input 0: size torch.Size([256]) unstable 182
Node /17 input 0: size torch.Size([128]) unstable 115
-----------------
# of unstable neurons: 297
-----------------

BaB round 1
batch: 9
splitting decisions: 
split level 0: [/input-3, 20] [/input, 183] [/input, 121] [/input, 183] [/input, 121] [/input-3, 41] [/input-3, 42] [/input, 121] [/input, 121] 
best_l after optimization: -210.77688598632812
beta sum per layer: [0.1792040318250656, 0.782244086265564]
alpha/beta optimization time: 0.6122095584869385
pruning_in_iteration open status: False
ratio of positive domain = 0 / 18 = 0.0
pruning-in-iteration extra time: 0.0003108978271484375
torch.Size([18, 1])
Time: prepare 0.0019    bound 0.6134    transfer 0.0012    finalize 0.0049    func 0.6215    
Accumulated time: func 0.6215    prepare 0.0101    bound 0.6134    transfer 0.0012    finalize 0.0049    
max lb tensor(-8.53615189) min lb tensor(-13.66475201)
Number of Verified Splits: 0 of 18
Current worst splitting domains lb-rhs (depth):
-13.66475 (1), -13.27375 (1), -12.87033 (1), -12.76236 (1), -12.74081 (1), -12.66006 (1), -12.63537 (1), -12.59133 (1), -12.53517 (1), -12.48468 (1), -12.09332 (1), -11.97710 (1), -11.91027 (1), -11.79499 (1), -9.06077 (1), -8.64250 (1), -8.54318 (1), -8.53615 (1), 
Length of domains: 18
Current (lb-rhs): -13.664752006530762
18 domains visited
Time: pickout 0.0047    decision 0.0557    set_bounds 0.0040    solve 0.6222    add 0.0084    
Accumulated time: pickout 0.0047    decision 0.0557    set_bounds 0.0040    solve 0.6222    add 0.0084    
Cumulative time: 0.7346494197845459

BaB round 2
batch: 18
splitting decisions: 
split level 0: [/input-3, 42] [/input-3, 116] [/input, 183] [/input, 160] [/input, 183] [/input-3, 102] [/input, 183] [/input, 160] [/input-3, 20] [/input-3, 42] 
best_l after optimization: -391.37841796875
beta sum per layer: [9.857498168945312, 8.513627052307129]
alpha/beta optimization time: 0.6253705024719238
pruning_in_iteration open status: False
ratio of positive domain = 0 / 36 = 0.0
pruning-in-iteration extra time: 0.0009295940399169922
torch.Size([36, 1])
Time: prepare 0.0023    bound 0.6271    transfer 0.0014    finalize 0.0059    func 0.6368    
Accumulated time: func 1.2583    prepare 0.0166    bound 1.2405    transfer 0.0026    finalize 0.0108    
max lb tensor(-7.90163422) min lb tensor(-13.30726051)
Number of Verified Splits: 0 of 36
Current worst splitting domains lb-rhs (depth):
-13.30726 (2), -12.89823 (2), -12.30050 (2), -12.26764 (2), -12.25563 (2), -12.22946 (2), -12.15611 (2), -12.15217 (2), -12.14129 (2), -12.11649 (2), -12.06361 (2), -12.02713 (2), -11.77060 (2), -11.70805 (2), -11.54574 (2), -11.50123 (2), -11.48131 (2), -11.33192 (2), -11.23775 (2), -11.21113 (2), 
Length of domains: 36
Current (lb-rhs): -13.307260513305664
54 domains visited
Time: pickout 0.0093    decision 0.0430    set_bounds 0.0023    solve 0.6375    add 0.0018    
Accumulated time: pickout 0.0140    decision 0.0988    set_bounds 0.0063    solve 1.2596    add 0.0102    
Cumulative time: 1.4287574291229248

BaB round 3
batch: 36
splitting decisions: 
split level 0: [/input, 183] [/input, 121] [/input, 23] [/input, 120] [/input, 23] [/input-3, 20] [/input, 178] [/input-3, 20] [/input-3, 116] [/input, 178] 
best_l after optimization: -734.9278564453125
beta sum per layer: [38.84854507446289, 24.400320053100586]
alpha/beta optimization time: 0.5378379821777344
pruning_in_iteration open status: False
ratio of positive domain = 0 / 72 = 0.0
pruning-in-iteration extra time: 0.00031280517578125
torch.Size([72, 1])
Time: prepare 0.0033    bound 0.5390    transfer 0.0007    finalize 0.0041    func 0.5472    
Accumulated time: func 1.8055    prepare 0.0231    bound 1.7794    transfer 0.0033    finalize 0.0149    
max lb tensor(-6.38787937) min lb tensor(-12.93297577)
Number of Verified Splits: 0 of 72
Current worst splitting domains lb-rhs (depth):
-12.93298 (3), -12.47747 (3), -12.28976 (3), -11.99138 (3), -11.93235 (3), -11.92122 (3), -11.84835 (3), -11.80564 (3), -11.77025 (3), -11.76063 (3), -11.75025 (3), -11.71141 (3), -11.68714 (3), -11.66547 (3), -11.66395 (3), -11.64708 (3), -11.58680 (3), -11.56286 (3), -11.34956 (3), -11.34473 (3), 
Length of domains: 72
Current (lb-rhs): -12.932975769042969
126 domains visited
Time: pickout 0.0108    decision 0.0602    set_bounds 0.0028    solve 0.5479    add 0.0016    
Accumulated time: pickout 0.0248    decision 0.1590    set_bounds 0.0091    solve 1.8076    add 0.0118    
Cumulative time: 2.052260637283325

BaB round 4
batch: 64
splitting decisions: 
split level 0: [/input, 23] [/input-3, 9] [/input-3, 20] [/input-3, 9] [/input-3, 65] [/input-3, 116] [/input-3, 91] [/input-3, 116] [/input, 183] [/input, 23] 
best_l after optimization: -1206.715576171875
beta sum per layer: [82.75443267822266, 90.3493423461914]
alpha/beta optimization time: 0.46512269973754883
pruning_in_iteration open status: False
ratio of positive domain = 0 / 128 = 0.0
pruning-in-iteration extra time: 0.00011515617370605469
torch.Size([128, 1])
Time: prepare 0.0036    bound 0.4660    transfer 0.0002    finalize 0.0019    func 0.4717    
Accumulated time: func 2.2772    prepare 0.0313    bound 2.2455    transfer 0.0035    finalize 0.0168    
max lb tensor(-5.88641548) min lb tensor(-12.45846176)
Number of Verified Splits: 0 of 128
Current worst splitting domains lb-rhs (depth):
-12.45846 (4), -12.30736 (4), -12.21089 (4), -12.00961 (4), -11.99138 (3), -11.93235 (3), -11.84835 (3), -11.70807 (4), -11.49908 (4), -11.44513 (4), -11.42291 (4), -11.40634 (4), -11.36073 (4), -11.31139 (4), -11.29073 (4), -11.22802 (4), -11.19850 (4), -11.18299 (4), -11.16900 (4), -11.02433 (4), 
Length of domains: 136
Current (lb-rhs): -12.45846176147461
254 domains visited
Time: pickout 0.0138    decision 0.0759    set_bounds 0.0029    solve 0.4723    add 0.0012    
Accumulated time: pickout 0.0386    decision 0.2349    set_bounds 0.0120    solve 2.2799    add 0.0130    
Cumulative time: 2.618535041809082

BaB round 5
batch: 64
splitting decisions: 
split level 0: [/input-3, 21] [/input-3, 91] [/input-3, 91] [/input-3, 20] [/input, 121] [/input-3, 91] [/input, 58] [/input, 121] [/input-3, 42] [/input-3, 42] 
best_l after optimization: -1090.0498046875
beta sum per layer: [67.82769012451172, 183.9713134765625]
alpha/beta optimization time: 0.3952672481536865
pruning_in_iteration open status: False
ratio of positive domain = 0 / 128 = 0.0
pruning-in-iteration extra time: 0.00011682510375976562
torch.Size([128, 1])
Time: prepare 0.0036    bound 0.3963    transfer 0.0002    finalize 0.0018    func 0.4020    
Accumulated time: func 2.6792    prepare 0.0367    bound 2.6417    transfer 0.0038    finalize 0.0186    
max lb tensor(-4.83617115) min lb tensor(-12.14155102)
Number of Verified Splits: 0 of 128
Current worst splitting domains lb-rhs (depth):
-12.30736 (4), -12.21089 (4), -12.14155 (5), -12.00961 (4), -11.99138 (3), -11.93235 (3), -11.84835 (3), -11.70807 (4), -11.49908 (4), -11.44513 (4), -11.36073 (4), -11.18299 (4), -11.07130 (5), -11.02433 (4), -10.98163 (4), -10.95890 (5), -10.94768 (5), -10.93583 (5), -10.93550 (5), -10.89130 (5), 
Length of domains: 200
Current (lb-rhs): -12.307355880737305
382 domains visited
Time: pickout 0.0107    decision 0.0301    set_bounds 0.0041    solve 0.4025    add 0.0014    
Accumulated time: pickout 0.0493    decision 0.2650    set_bounds 0.0160    solve 2.6824    add 0.0144    
Cumulative time: 3.06752872467041

BaB round 6
batch: 64
splitting decisions: 
split level 0: [/input-3, 42] [/input-3, 2] [/input-3, 9] [/input-3, 29] [/input-3, 21] [/input-3, 20] [/input-3, 50] [/input, 104] [/input-3, 59] [/input-3, 21] 
best_l after optimization: -974.4254150390625
beta sum per layer: [76.83753204345703, 259.1361083984375]
alpha/beta optimization time: 0.4195704460144043
pruning_in_iteration open status: False
ratio of positive domain = 0 / 128 = 0.0
pruning-in-iteration extra time: 0.00011181831359863281
torch.Size([128, 1])
Time: prepare 0.0038    bound 0.4206    transfer 0.0002    finalize 0.0018    func 0.4265    
Accumulated time: func 3.1057    prepare 0.0419    bound 3.0623    transfer 0.0040    finalize 0.0203    
max lb tensor(-2.66017532) min lb tensor(-10.84785938)
Number of Verified Splits: 0 of 128
Current worst splitting domains lb-rhs (depth):
-12.30736 (4), -12.21089 (4), -12.14155 (5), -12.00961 (4), -11.99138 (3), -11.93235 (3), -11.84835 (3), -11.70807 (4), -11.49908 (4), -11.44513 (4), -11.36073 (4), -11.18299 (4), -11.02433 (4), -10.98163 (4), -10.93583 (5), -10.93550 (5), -10.87900 (4), -10.87068 (4), -10.86945 (4), -10.86652 (4), 
Length of domains: 264
Current (lb-rhs): -12.307355880737305
510 domains visited
Time: pickout 0.0089    decision 0.0278    set_bounds 0.0040    solve 0.4271    add 0.0012    
Accumulated time: pickout 0.0582    decision 0.2928    set_bounds 0.0201    solve 3.1095    add 0.0156    
Cumulative time: 3.5367023944854736

BaB round 7
batch: 64
splitting decisions: 
split level 0: [/input-3, 91] [/input-3, 101] [/input-3, 101] [/input-3, 2] [/input-3, 2] [/input-3, 101] [/input-3, 11] [/input-3, 47] [/input-3, 2] [/input-3, 50] 
best_l after optimization: -803.3721923828125
beta sum per layer: [82.53106689453125, 365.7641296386719]
alpha/beta optimization time: 0.42411327362060547
pruning_in_iteration open status: False
ratio of positive domain = 0 / 128 = 0.0
pruning-in-iteration extra time: 0.00011968612670898438
torch.Size([128, 1])
Time: prepare 0.0035    bound 0.4250    transfer 0.0002    finalize 0.0023    func 0.4311    
Accumulated time: func 3.5368    prepare 0.0469    bound 3.4874    transfer 0.0042    finalize 0.0227    
max lb tensor(-0.61843014) min lb tensor(-9.42025948)
Number of Verified Splits: 0 of 128
Current worst splitting domains lb-rhs (depth):
-12.30736 (4), -12.21089 (4), -12.14155 (5), -12.00961 (4), -11.99138 (3), -11.93235 (3), -11.84835 (3), -11.70807 (4), -11.49908 (4), -11.44513 (4), -11.36073 (4), -11.18299 (4), -11.02433 (4), -10.98163 (4), -10.93583 (5), -10.93550 (5), -10.87900 (4), -10.87068 (4), -10.86945 (4), -10.86652 (4), 
Length of domains: 328
Current (lb-rhs): -12.307355880737305
638 domains visited
Time: pickout 0.0109    decision 0.0247    set_bounds 0.0038    solve 0.4318    add 0.0012    
Accumulated time: pickout 0.0691    decision 0.3175    set_bounds 0.0239    solve 3.5413    add 0.0168    
Cumulative time: 4.009624481201172

BaB round 8
batch: 64
splitting decisions: 
split level 0: [/input-3, 9] [/input-3, 11] [/input-3, 11] [/input-3, 47] [/input-3, 123] [/input-3, 2] [/input-3, 101] [/input-3, 50] [/input-3, 54] [/input-3, 9] 
best_l after optimization: -616.289306640625
beta sum per layer: [94.4342269897461, 482.27313232421875]
alpha/beta optimization time: 0.5020534992218018
pruning_in_iteration open status: False
ratio of positive domain = 2 / 128 = 0.015625
pruning-in-iteration extra time: 0.00069427490234375
torch.Size([128, 1])
Time: prepare 0.0037    bound 0.5036    transfer 0.0012    finalize 0.0056    func 0.5142    
Accumulated time: func 4.0510    prepare 0.0519    bound 3.9910    transfer 0.0054    finalize 0.0283    
max lb tensor(0.08215427) min lb tensor(-8.38378525)
Number of Verified Splits: 2 of 128
Current worst splitting domains lb-rhs (depth):
-12.30736 (4), -12.21089 (4), -12.14155 (5), -12.00961 (4), -11.99138 (3), -11.93235 (3), -11.84835 (3), -11.70807 (4), -11.49908 (4), -11.44513 (4), -11.36073 (4), -11.18299 (4), -11.02433 (4), -10.98163 (4), -10.93583 (5), -10.93550 (5), -10.87900 (4), -10.87068 (4), -10.86945 (4), -10.86652 (4), 
Length of domains: 390
Current (lb-rhs): -12.307355880737305
766 domains visited
Time: pickout 0.0084    decision 0.0246    set_bounds 0.0040    solve 0.5149    add 0.0017    
Accumulated time: pickout 0.0775    decision 0.3421    set_bounds 0.0279    solve 4.0562    add 0.0185    
Cumulative time: 4.5634331703186035

BaB round 9
batch: 64
splitting decisions: 
split level 0: [/input-3, 29] [/input-3, 50] [/input-3, 103] [/input-3, 98] [/input-3, 103] [/input-3, 50] [/input-3, 59] [/input-3, 103] [/input-3, 91] [/input-3, 11] 
best_l after optimization: -483.11669921875
beta sum per layer: [114.47955322265625, 558.3038330078125]
alpha/beta optimization time: 0.618964433670044
pruning_in_iteration open status: False
ratio of positive domain = 4 / 128 = 0.03125
pruning-in-iteration extra time: 0.0003781318664550781
torch.Size([128, 1])
Time: prepare 0.0041    bound 0.6201    transfer 0.0011    finalize 0.0076    func 0.6330    
Accumulated time: func 4.6841    prepare 0.0607    bound 4.6111    transfer 0.0065    finalize 0.0359    
max lb tensor(0.13055229) min lb tensor(-7.39927244)
Number of Verified Splits: 4 of 128
Current worst splitting domains lb-rhs (depth):
-12.30736 (4), -12.21089 (4), -12.14155 (5), -12.00961 (4), -11.99138 (3), -11.93235 (3), -11.84835 (3), -11.70807 (4), -11.49908 (4), -11.44513 (4), -11.36073 (4), -11.18299 (4), -11.02433 (4), -10.98163 (4), -10.93583 (5), -10.93550 (5), -10.87900 (4), -10.87068 (4), -10.86945 (4), -10.86652 (4), 
Length of domains: 450
Current (lb-rhs): -12.307355880737305
894 domains visited
Time: pickout 0.0113    decision 0.0823    set_bounds 0.0035    solve 0.6339    add 0.0025    
Accumulated time: pickout 0.0888    decision 0.4244    set_bounds 0.0314    solve 4.6901    add 0.0210    
Cumulative time: 5.297390460968018

BaB round 10
batch: 64
splitting decisions: 
split level 0: [/input-3, 106] [/input-3, 85] [/input-3, 85] [/input-3, 29] [/input-3, 106] [/input-3, 21] [/input-3, 120] [/input-3, 9] [/input-3, 106] [/input-3, 29] 
best_l after optimization: -381.7943420410156
beta sum per layer: [115.90614318847656, 595.9429931640625]
alpha/beta optimization time: 0.4509549140930176
pruning_in_iteration open status: False
ratio of positive domain = 0 / 128 = 0.0
pruning-in-iteration extra time: 0.00018978118896484375
torch.Size([128, 1])
Time: prepare 0.0042    bound 0.4523    transfer 0.0002    finalize 0.0023    func 0.4591    
Accumulated time: func 5.1432    prepare 0.0692    bound 5.0634    transfer 0.0068    finalize 0.0382    
max lb tensor(-0.10652256) min lb tensor(-7.13607168)
Number of Verified Splits: 0 of 128
Current worst splitting domains lb-rhs (depth):
-12.30736 (4), -12.21089 (4), -12.14155 (5), -12.00961 (4), -11.99138 (3), -11.93235 (3), -11.84835 (3), -11.70807 (4), -11.49908 (4), -11.44513 (4), -11.36073 (4), -11.18299 (4), -11.02433 (4), -10.98163 (4), -10.93583 (5), -10.93550 (5), -10.87900 (4), -10.87068 (4), -10.86945 (4), -10.86652 (4), 
Length of domains: 514
Current (lb-rhs): -12.307355880737305
1022 domains visited
Time: pickout 0.0172    decision 0.0851    set_bounds 0.0043    solve 0.4598    add 0.0013    
Accumulated time: pickout 0.1060    decision 0.5095    set_bounds 0.0356    solve 5.1499    add 0.0223    
Cumulative time: 5.865299940109253

BaB round 11
batch: 64
splitting decisions: 
split level 0: [/input-3, 85] [/input-3, 106] [/input-3, 106] [/input-3, 85] [/input-3, 124] [/input-3, 41] [/input-3, 123] [/input-3, 85] [/input-3, 123] [/input-3, 106] 
best_l after optimization: -234.242431640625
beta sum per layer: [111.0541000366211, 664.461181640625]
alpha/beta optimization time: 0.3891143798828125
pruning_in_iteration open status: False
ratio of positive domain = 17 / 128 = 0.1328125
pruning-in-iteration extra time: 0.00014328956604003906
torch.Size([128, 1])
Time: prepare 0.0038    bound 0.3902    transfer 0.0004    finalize 0.0020    func 0.3963    
Accumulated time: func 5.5395    prepare 0.0746    bound 5.4536    transfer 0.0071    finalize 0.0402    
max lb tensor(0.45900297) min lb tensor(-4.85568476)
Number of Verified Splits: 17 of 128
Current worst splitting domains lb-rhs (depth):
-12.30736 (4), -12.21089 (4), -12.14155 (5), -12.00961 (4), -11.99138 (3), -11.93235 (3), -11.84835 (3), -11.70807 (4), -11.49908 (4), -11.44513 (4), -11.36073 (4), -11.18299 (4), -11.02433 (4), -10.98163 (4), -10.93583 (5), -10.93550 (5), -10.87900 (4), -10.87068 (4), -10.86945 (4), -10.86652 (4), 
Length of domains: 561
Current (lb-rhs): -12.307355880737305
1150 domains visited
Time: pickout 0.0108    decision 0.0247    set_bounds 0.0039    solve 0.3970    add 0.0013    
Accumulated time: pickout 0.1168    decision 0.5342    set_bounds 0.0396    solve 5.5469    add 0.0236    
Cumulative time: 6.303237199783325

BaB round 12
batch: 64
splitting decisions: 
split level 0: [/input-3, 41] [/input-3, 34] [/input-3, 85] [/input-3, 98] [/input-3, 47] [/input-3, 9] [/input-3, 123] [/input-3, 41] [/input-3, 116] [/input-3, 41] 
best_l after optimization: -184.9903564453125
beta sum per layer: [76.72714233398438, 719.5645141601562]
alpha/beta optimization time: 0.4013848304748535
pruning_in_iteration open status: False
ratio of positive domain = 9 / 128 = 0.0703125
pruning-in-iteration extra time: 0.00013065338134765625
torch.Size([128, 1])
Time: prepare 0.0036    bound 0.4024    transfer 0.0003    finalize 0.0016    func 0.4079    
Accumulated time: func 5.9474    prepare 0.0799    bound 5.8559    transfer 0.0074    finalize 0.0417    
max lb tensor(0.33449125) min lb tensor(-4.05871964)
Number of Verified Splits: 9 of 128
Current worst splitting domains lb-rhs (depth):
-12.30736 (4), -12.21089 (4), -12.14155 (5), -12.00961 (4), -11.99138 (3), -11.93235 (3), -11.84835 (3), -11.70807 (4), -11.49908 (4), -11.44513 (4), -11.36073 (4), -11.18299 (4), -11.02433 (4), -10.98163 (4), -10.93583 (5), -10.93550 (5), -10.87900 (4), -10.87068 (4), -10.86945 (4), -10.86652 (4), 
Length of domains: 616
Current (lb-rhs): -12.307355880737305
1278 domains visited
Time: pickout 0.0111    decision 0.0286    set_bounds 0.0039    solve 0.4085    add 0.0011    
Accumulated time: pickout 0.1279    decision 0.5628    set_bounds 0.0435    solve 5.9553    add 0.0247    
Cumulative time: 6.756761789321899

BaB round 13
batch: 64
splitting decisions: 
split level 0: [/input-3, 124] [/input-3, 50] [/input-3, 106] [/input-3, 86] [/input-3, 106] [/input-3, 106] [/input-3, 106] [/input-3, 124] [/input-3, 50] [/input-3, 56] 
best_l after optimization: -115.58311462402344
beta sum per layer: [80.22696685791016, 724.5629272460938]
alpha/beta optimization time: 0.4558103084564209
pruning_in_iteration open status: True
ratio of positive domain = 34 / 128 = 0.265625
pruning-in-iteration extra time: 0.015097618103027344
torch.Size([128, 1])
Time: prepare 0.0034    bound 0.4569    transfer 0.0004    finalize 0.0018    func 0.4626    
Accumulated time: func 6.4100    prepare 0.0854    bound 6.3128    transfer 0.0078    finalize 0.0436    
max lb tensor(0.00505352) min lb tensor(-3.00315857)
Number of Verified Splits: 34 of 128
Current worst splitting domains lb-rhs (depth):
-12.30736 (4), -12.21089 (4), -12.14155 (5), -12.00961 (4), -11.99138 (3), -11.93235 (3), -11.84835 (3), -11.70807 (4), -11.49908 (4), -11.44513 (4), -11.36073 (4), -11.18299 (4), -11.02433 (4), -10.98163 (4), -10.93583 (5), -10.93550 (5), -10.87900 (4), -10.87068 (4), -10.86945 (4), -10.86652 (4), 
Length of domains: 646
Current (lb-rhs): -12.307355880737305
1406 domains visited
Time: pickout 0.0093    decision 0.0252    set_bounds 0.0038    solve 0.4632    add 0.0012    
Accumulated time: pickout 0.1372    decision 0.5880    set_bounds 0.0473    solve 6.4185    add 0.0259    
Cumulative time: 7.259768009185791

BaB round 14
batch: 64
splitting decisions: 
split level 0: [/input-3, 59] [/input-3, 29] [/input-3, 65] [/input-3, 2] [/input-3, 124] [/input-3, 48] [/input-3, 29] [/input-3, 9] [/input-3, 123] [/input-3, 48] 
best_l after optimization: -85.08853912353516
beta sum per layer: [78.6138916015625, 735.5008544921875]
alpha/beta optimization time: 0.6953539848327637
pruning_in_iteration open status: True
ratio of positive domain = 33 / 128 = 0.2578125
pruning-in-iteration extra time: 0.03211784362792969
torch.Size([128, 1])
Time: prepare 0.0037    bound 0.6970    transfer 0.0019    finalize 0.0076    func 0.7102    
Accumulated time: func 7.1202    prepare 0.0905    bound 7.0098    transfer 0.0098    finalize 0.0511    
max lb tensor(0.00845909) min lb tensor(-2.27888727)
Number of Verified Splits: 33 of 128
Current worst splitting domains lb-rhs (depth):
-12.30736 (4), -12.21089 (4), -12.14155 (5), -12.00961 (4), -11.99138 (3), -11.93235 (3), -11.84835 (3), -11.70807 (4), -11.49908 (4), -11.44513 (4), -11.36073 (4), -11.18299 (4), -11.02433 (4), -10.98163 (4), -10.93583 (5), -10.93550 (5), -10.87900 (4), -10.87068 (4), -10.86945 (4), -10.86652 (4), 
Length of domains: 677
Current (lb-rhs): -12.307355880737305
1534 domains visited
Time: pickout 0.0130    decision 0.0256    set_bounds 0.0036    solve 0.7110    add 0.0021    
Accumulated time: pickout 0.1502    decision 0.6136    set_bounds 0.0509    solve 7.1296    add 0.0280    
Cumulative time: 8.015446901321411

BaB round 15
batch: 64
splitting decisions: 
split level 0: [/input-3, 59] [/input-3, 47] [/input-3, 42] [/input-3, 65] [/input-3, 65] [/input-3, 120] [/input-3, 2] [/input-3, 2] [/input-3, 65] [/input-3, 47] 
best_l after optimization: -68.76493072509766
beta sum per layer: [67.93563842773438, 755.2061767578125]
alpha/beta optimization time: 0.7641031742095947
pruning_in_iteration open status: True
ratio of positive domain = 26 / 128 = 0.203125
pruning-in-iteration extra time: 0.020949602127075195
torch.Size([128, 1])
Time: prepare 0.0054    bound 0.7662    transfer 0.0020    finalize 0.0089    func 0.7826    
Accumulated time: func 7.9028    prepare 0.1005    bound 7.7759    transfer 0.0118    finalize 0.0600    
max lb tensor(9.99999975e-05) min lb tensor(-2.08231592)
Number of Verified Splits: 26 of 128
Current worst splitting domains lb-rhs (depth):
-12.30736 (4), -12.21089 (4), -12.14155 (5), -12.00961 (4), -11.99138 (3), -11.93235 (3), -11.84835 (3), -11.70807 (4), -11.49908 (4), -11.44513 (4), -11.36073 (4), -11.18299 (4), -11.02433 (4), -10.98163 (4), -10.93583 (5), -10.93550 (5), -10.87900 (4), -10.87068 (4), -10.86945 (4), -10.86652 (4), 
Length of domains: 715
Current (lb-rhs): -12.307355880737305
1662 domains visited
Time: pickout 0.0127    decision 0.0783    set_bounds 0.0044    solve 0.7835    add 0.0036    
Accumulated time: pickout 0.1628    decision 0.6920    set_bounds 0.0553    solve 7.9131    add 0.0316    
Cumulative time: 8.898474216461182

BaB round 16
batch: 64
splitting decisions: 
split level 0: [/input-3, 106] [/input-3, 42] [/input-3, 123] [/input-3, 37] [/input-3, 42] [/input, 104] [/input-3, 37] [/input-3, 16] [/input-3, 42] [/input-3, 42] 
best_l after optimization: -41.25616455078125
beta sum per layer: [59.902679443359375, 734.8939819335938]
alpha/beta optimization time: 0.6067850589752197
pruning_in_iteration open status: True
ratio of positive domain = 52 / 128 = 0.40625
pruning-in-iteration extra time: 0.039041996002197266
torch.Size([128, 1])
Time: prepare 0.0048    bound 0.6077    transfer 0.0004    finalize 0.0022    func 0.6152    
Accumulated time: func 8.5181    prepare 0.1136    bound 8.3836    transfer 0.0122    finalize 0.0622    
max lb tensor(9.99999975e-05) min lb tensor(-1.39109993)
Number of Verified Splits: 52 of 128
Current worst splitting domains lb-rhs (depth):
-12.30736 (4), -12.21089 (4), -12.14155 (5), -12.00961 (4), -11.99138 (3), -11.93235 (3), -11.84835 (3), -11.70807 (4), -11.49908 (4), -11.44513 (4), -11.36073 (4), -11.18299 (4), -11.02433 (4), -10.98163 (4), -10.93583 (5), -10.93550 (5), -10.87900 (4), -10.87068 (4), -10.86945 (4), -10.86652 (4), 
Length of domains: 727
Current (lb-rhs): -12.307355880737305
1790 domains visited
Time: pickout 0.0204    decision 0.1056    set_bounds 0.0043    solve 0.6160    add 0.0012    
Accumulated time: pickout 0.1832    decision 0.7976    set_bounds 0.0596    solve 8.5290    add 0.0328    
Time out!!!!!!!!
Result: unknown in 12.0805 seconds

 %%%%%%%%%%%%%%%%%%%%%%%%%%%%%%%%%%% idx: 6, vnnlib ID: 46 %%%%%%%%%%%%%%%%%%%%%%%%%%%%%%%%%%%
Finished vnnlib processing in 0.002942 seconds
Model: BoundedModule(
  (/0): BoundInput(name=/0, inputs=[], perturbed=True)
  (/7): BoundParams(name=/7, inputs=[], perturbed=False)
  (/8): BoundParams(name=/8, inputs=[], perturbed=False)
  (/9): BoundParams(name=/9, inputs=[], perturbed=False)
  (/10): BoundParams(name=/10, inputs=[], perturbed=False)
  (/11): BoundParams(name=/11, inputs=[], perturbed=False)
  (/12): BoundParams(name=/12, inputs=[], perturbed=False)
  (/13): BoundFlatten(name=/13, inputs=[/0], perturbed=True)
  (/input): BoundLinear(name=/input, inputs=[/13, /7, /8], perturbed=True)
  (/15): BoundRelu(name=/15, inputs=[/input], perturbed=True)
  (/input-3): BoundLinear(name=/input-3, inputs=[/15, /9, /10], perturbed=True)
  (/17): BoundRelu(name=/17, inputs=[/input-3], perturbed=True)
  (/18): BoundLinear(name=/18, inputs=[/17, /11, /12], perturbed=True)
)
Original output in the first batch: tensor([[-12.13518429,   5.95029640,  -1.79725599,   1.58199060,  -1.51299369,
          -3.05733085,  -7.94804478,  -1.33633792,   1.01651192,  -4.52800131]],
       device='cuda:0')
Split layers:
Nonlinear functions:
   BoundRelu(name=/15, inputs=[/input], perturbed=True)
   BoundRelu(name=/17, inputs=[/input-3], perturbed=True)
build batch [1/1]
layer /15 using sparse-features alpha with shape [160]; unstable size 160; total size 256 ([1, 256])
layer /15 start_node /input-3 using sparse-spec alpha [2, 104, 1, 160] with unstable size 103 total_size 128 output_shape torch.Size([128])
layer /15 start_node /18 using full alpha [2, 9, 1, 160] with unstable size None total_size 9 output_shape 9
layer /17 using sparse-features alpha with shape [103]; unstable size 103; total size 128 ([1, 128])
layer /17 start_node /18 using full alpha [2, 9, 1, 103] with unstable size None total_size 9 output_shape 9
Optimizable variables initialized.
initial CROWN bounds (first 10 items): [0.3868894577026367, -8.619720458984375, -15.838837623596191, -8.766252517700195, -11.893278121948242, -2.5595483779907227, -9.495506286621094, -11.524568557739258, -10.437031745910645]
prune_after_crown optimization in use
  original spec size = torch.Size([1, 9])
  pruned spec size = torch.Size([1, 8])
Using alpha-CROWN to initialize bounds.
best_l after optimization: -70.75285339355469
alpha/beta optimization time: 1.41939115524292
initial alpha-crown bounds (first 10 items): [-8.09195327758789, -14.65623950958252, -7.925925254821777, -10.214555740356445, -1.8384685516357422, -8.380098342895508, -10.373205184936523, -9.272407531738281]
Global lower bound: -14.65623950958252
torch.Size([1, 8])
1 / 9 OR specs are verified.
Verified OR indices (first 10 items): [0]
Verified OR lbs (first 10 items): [[inf]]
Unverified OR indices (first 10 items): [1, 2, 3, 4, 5, 6, 7, 8]
Unverified OR lbs (first 10 items): [[-8.09195327758789], [-14.65623950958252], [-7.925925254821777], [-10.214555740356445], [-1.8384685516357422], [-8.380098342895508], [-10.373205184936523], [-9.272407531738281]]
###### Verifying property Instance 6 ######
Batch size: 8
First 10 spec matrices
C: tensor([[[ 0.,  1., -1.,  0.,  0.,  0.,  0.,  0.,  0.,  0.]],

        [[ 0.,  1.,  0., -1.,  0.,  0.,  0.,  0.,  0.,  0.]],

        [[ 0.,  1.,  0.,  0., -1.,  0.,  0.,  0.,  0.,  0.]],

        [[ 0.,  1.,  0.,  0.,  0., -1.,  0.,  0.,  0.,  0.]],

        [[ 0.,  1.,  0.,  0.,  0.,  0., -1.,  0.,  0.,  0.]],

        [[ 0.,  1.,  0.,  0.,  0.,  0.,  0., -1.,  0.,  0.]],

        [[ 0.,  1.,  0.,  0.,  0.,  0.,  0.,  0., -1.,  0.]],

        [[ 0.,  1.,  0.,  0.,  0.,  0.,  0.,  0.,  0., -1.]]], device='cuda:0')
RHS: tensor([[0.],
        [0.],
        [0.],
        [0.],
        [0.],
        [0.],
        [0.],
        [0.]], device='cuda:0')
OR spec sizes: tensor([1, 1, 1, 1, 1, 1, 1, 1], device='cuda:0', dtype=torch.int32)
Remaining timeout: 10.349669933319092
Model prediction is: tensor([-12.13518429,   5.95029640,  -1.79725599,   1.58199060,  -1.51299369,
         -3.05733085,  -7.94804478,  -1.33633792,   1.01651192,  -4.52800131],
       device='cuda:0')
Activation BaB batch 1/1 
build_with_refined_bounds batch [1/1]
Optimizable variables initialized.
all alpha initialized
directly get lb and ub from refined bounds
c shape: torch.Size([8, 1, 10])
lA shapes: [torch.Size([8, 1, 256]), torch.Size([8, 1, 128])]
torch.Size([8, 1])
(alpha-)CROWN with fixed intermediate bounds: tensor([[ -8.09195328],
        [-14.65623951],
        [ -7.92592525],
        [-10.21455574],
        [ -1.83846855],
        [ -8.38009834],
        [-10.37320518],
        [ -9.27240753]], device='cuda:0') tensor([[inf],
        [inf],
        [inf],
        [inf],
        [inf],
        [inf],
        [inf],
        [inf]], device='cuda:0')
Intermediate layers: /input,/input-3
Keeping alphas for these layers: ['/18']
Node /15 input 0: size torch.Size([256]) unstable 160
Node /17 input 0: size torch.Size([128]) unstable 99
-----------------
# of unstable neurons: 259
-----------------

BaB round 1
batch: 8
splitting decisions: 
split level 0: [/input, 71] [/input, 160] [/input-3, 118] [/input, 135] [/input-3, 102] [/input-3, 35] [/input-3, 74] [/input, 172] 
best_l after optimization: -129.78244018554688
beta sum per layer: [1.1109193563461304, 3.888159990310669]
alpha/beta optimization time: 0.565093994140625
pruning_in_iteration open status: False
ratio of positive domain = 0 / 16 = 0.0
pruning-in-iteration extra time: 0.0006504058837890625
torch.Size([16, 1])
Time: prepare 0.0020    bound 0.5667    transfer 0.0007    finalize 0.0046    func 0.5741    
Accumulated time: func 0.5741    prepare 0.0094    bound 0.5667    transfer 0.0007    finalize 0.0046    
max lb tensor(-0.49200249) min lb tensor(-14.26350403)
Number of Verified Splits: 0 of 16
Current worst splitting domains lb-rhs (depth):
-14.26350 (1), -13.43276 (1), -10.14209 (1), -9.58859 (1), -9.40529 (1), -9.38636 (1), -8.91765 (1), -8.80011 (1), -8.11822 (1), -7.67584 (1), -7.65588 (1), -7.59210 (1), -6.67967 (1), -6.33247 (1), -1.29989 (1), -0.49200 (1), 
Length of domains: 16
Current (lb-rhs): -14.263504028320312
16 domains visited
Time: pickout 0.0020    decision 0.0431    set_bounds 0.0017    solve 0.5748    add 0.0079    
Accumulated time: pickout 0.0020    decision 0.0431    set_bounds 0.0017    solve 0.5748    add 0.0079    
Cumulative time: 0.6763854026794434

BaB round 2
batch: 16
splitting decisions: 
split level 0: [/input-3, 73] [/input, 172] [/input-3, 36] [/input, 172] [/input-3, 73] [/input-3, 118] [/input-3, 80] [/input-3, 36] [/input-3, 73] [/input, 172] 
best_l after optimization: -236.3287353515625
beta sum per layer: [3.843768835067749, 19.278047561645508]
alpha/beta optimization time: 0.604525089263916
pruning_in_iteration open status: False
ratio of positive domain = 1 / 32 = 0.03125
pruning-in-iteration extra time: 0.00042176246643066406
torch.Size([32, 1])
Time: prepare 0.0027    bound 0.6058    transfer 0.0010    finalize 0.0041    func 0.6137    
Accumulated time: func 1.1878    prepare 0.0164    bound 1.1725    transfer 0.0018    finalize 0.0087    
max lb tensor(0.05276299) min lb tensor(-13.93754578)
Number of Verified Splits: 1 of 32
Current worst splitting domains lb-rhs (depth):
-13.93755 (2), -13.75784 (2), -12.99160 (2), -12.92530 (2), -9.91685 (2), -9.28356 (2), -9.17997 (2), -9.16095 (2), -9.00802 (2), -8.97298 (2), -8.73354 (2), -8.67370 (2), -8.56876 (2), -8.37732 (2), -7.77952 (2), -7.72326 (2), -7.42725 (2), -7.25508 (2), -7.18936 (2), -7.04674 (2), 
Length of domains: 31
Current (lb-rhs): -13.937545776367188
48 domains visited
Time: pickout 0.0082    decision 0.0400    set_bounds 0.0018    solve 0.6144    add 0.0016    
Accumulated time: pickout 0.0102    decision 0.0831    set_bounds 0.0035    solve 1.1891    add 0.0095    
Cumulative time: 1.3425703048706055

BaB round 3
batch: 31
splitting decisions: 
split level 0: [/input, 21] [/input-3, 0] [/input-3, 80] [/input-3, 36] [/input, 173] [/input-3, 74] [/input-3, 27] [/input, 21] [/input, 21] [/input-3, 0] 
best_l after optimization: -430.01556396484375
beta sum per layer: [15.89019775390625, 61.07136154174805]
alpha/beta optimization time: 0.5471086502075195
pruning_in_iteration open status: False
ratio of positive domain = 2 / 62 = 0.032258064516129004
pruning-in-iteration extra time: 0.0007450580596923828
torch.Size([62, 1])
Time: prepare 0.0031    bound 0.5486    transfer 0.0009    finalize 0.0074    func 0.5600    
Accumulated time: func 1.7478    prepare 0.0254    bound 1.7211    transfer 0.0026    finalize 0.0161    
max lb tensor(0.19997597) min lb tensor(-13.76727676)
Number of Verified Splits: 2 of 62
Current worst splitting domains lb-rhs (depth):
-13.76728 (3), -13.57636 (3), -12.76930 (3), -12.69816 (3), -11.03437 (3), -10.99335 (3), -10.34447 (3), -10.34238 (3), -9.71275 (3), -9.15702 (3), -8.96271 (3), -8.93542 (3), -8.74938 (3), -8.62575 (3), -8.61807 (3), -8.51613 (3), -8.42804 (3), -8.38310 (3), -8.28961 (3), -8.28920 (3), 
Length of domains: 60
Current (lb-rhs): -13.767276763916016
110 domains visited
Time: pickout 0.0091    decision 0.0620    set_bounds 0.0022    solve 0.5607    add 0.0020    
Accumulated time: pickout 0.0193    decision 0.1451    set_bounds 0.0058    solve 1.7498    add 0.0115    
Cumulative time: 1.978769302368164

BaB round 4
batch: 60
splitting decisions: 
split level 0: [/input-3, 36] [/input-3, 102] [/input, 21] [/input-3, 35] [/input-3, 105] [/input, 71] [/input-3, 31] [/input-3, 102] [/input-3, 36] [/input-3, 102] 
best_l after optimization: -757.5922241210938
beta sum per layer: [42.69646453857422, 168.0260009765625]
alpha/beta optimization time: 0.6428036689758301
pruning_in_iteration open status: False
ratio of positive domain = 4 / 120 = 0.033333333333333326
pruning-in-iteration extra time: 0.00032067298889160156
torch.Size([120, 1])
Time: prepare 0.0056    bound 0.6440    transfer 0.0007    finalize 0.0059    func 0.6563    
Accumulated time: func 2.4042    prepare 0.0363    bound 2.3651    transfer 0.0034    finalize 0.0220    
max lb tensor(0.31429768) min lb tensor(-13.55081463)
Number of Verified Splits: 4 of 120
Current worst splitting domains lb-rhs (depth):
-13.55081 (4), -13.33298 (4), -12.52558 (4), -12.43445 (4), -11.68283 (4), -11.54214 (4), -10.99194 (4), -10.73884 (4), -10.47183 (4), -10.46141 (4), -9.80930 (4), -9.75802 (4), -9.60155 (4), -9.59023 (4), -9.37611 (4), -9.06761 (4), -8.90284 (4), -8.78935 (4), -8.78458 (4), -8.76272 (4), 
Length of domains: 116
Current (lb-rhs): -13.550814628601074
230 domains visited
Time: pickout 0.0143    decision 0.0892    set_bounds 0.0046    solve 0.6574    add 0.0019    
Accumulated time: pickout 0.0336    decision 0.2343    set_bounds 0.0103    solve 2.4072    add 0.0134    
Cumulative time: 2.7463910579681396

BaB round 5
batch: 64
splitting decisions: 
split level 0: [/input-3, 25] [/input-3, 65] [/input-3, 43] [/input-3, 35] [/input-3, 25] [/input, 160] [/input, 243] [/input-3, 25] [/input-3, 74] [/input-3, 73] 
best_l after optimization: -711.0947265625
beta sum per layer: [45.47074508666992, 258.1026306152344]
alpha/beta optimization time: 0.4694066047668457
pruning_in_iteration open status: False
ratio of positive domain = 1 / 128 = 0.0078125
pruning-in-iteration extra time: 0.00011491775512695312
torch.Size([128, 1])
Time: prepare 0.0042    bound 0.4702    transfer 0.0003    finalize 0.0018    func 0.4766    
Accumulated time: func 2.8808    prepare 0.0447    bound 2.8354    transfer 0.0037    finalize 0.0237    
max lb tensor(0.15270138) min lb tensor(-13.40469837)
Number of Verified Splits: 1 of 128
Current worst splitting domains lb-rhs (depth):
-13.40470 (5), -13.18977 (5), -12.35467 (5), -12.06282 (5), -12.01655 (5), -11.68283 (4), -11.54214 (4), -10.99194 (4), -10.73884 (4), -10.41526 (5), -10.24341 (5), -10.21225 (5), -9.69880 (5), -9.60155 (4), -9.59023 (4), -9.54449 (5), -9.47498 (5), -9.37611 (4), -8.90284 (4), -8.78935 (4), 
Length of domains: 179
Current (lb-rhs): -13.404698371887207
358 domains visited
Time: pickout 0.0134    decision 0.0833    set_bounds 0.0036    solve 0.4772    add 0.0010    
Accumulated time: pickout 0.0470    decision 0.3175    set_bounds 0.0139    solve 2.8844    add 0.0144    
Cumulative time: 3.3251278400421143

BaB round 6
batch: 64
splitting decisions: 
split level 0: [/input-3, 65] [/input-3, 66] [/input-3, 36] [/input-3, 66] [/input-3, 73] [/input-3, 105] [/input-3, 35] [/input-3, 74] [/input-3, 8] [/input-3, 36] 
best_l after optimization: -552.5797119140625
beta sum per layer: [53.807254791259766, 384.3021240234375]
alpha/beta optimization time: 0.4123079776763916
pruning_in_iteration open status: False
ratio of positive domain = 2 / 128 = 0.015625
pruning-in-iteration extra time: 0.0001430511474609375
torch.Size([128, 1])
Time: prepare 0.0040    bound 0.4133    transfer 0.0002    finalize 0.0019    func 0.4194    
Accumulated time: func 3.3002    prepare 0.0500    bound 3.2487    transfer 0.0039    finalize 0.0256    
max lb tensor(0.35785961) min lb tensor(-11.89071751)
Number of Verified Splits: 2 of 128
Current worst splitting domains lb-rhs (depth):
-13.40470 (5), -13.18977 (5), -12.35467 (5), -12.01655 (5), -11.89072 (6), -11.68283 (4), -11.54214 (4), -10.99194 (4), -10.73884 (4), -10.24341 (5), -10.21225 (5), -9.60155 (4), -9.59023 (4), -9.54449 (5), -9.47498 (5), -9.46332 (6), -9.37611 (4), -9.36607 (6), -9.20617 (6), -8.93315 (6), 
Length of domains: 241
Current (lb-rhs): -13.404698371887207
486 domains visited
Time: pickout 0.0089    decision 0.0235    set_bounds 0.0036    solve 0.4200    add 0.0011    
Accumulated time: pickout 0.0559    decision 0.3411    set_bounds 0.0175    solve 3.3044    add 0.0155    
Cumulative time: 3.7825820446014404

BaB round 7
batch: 64
splitting decisions: 
split level 0: [/input-3, 73] [/input-3, 73] [/input-3, 8] [/input-3, 40] [/input-3, 12] [/input-3, 80] [/input-3, 66] [/input-3, 8] [/input-3, 65] [/input-3, 66] 
best_l after optimization: -446.2613830566406
beta sum per layer: [48.07575988769531, 447.9747009277344]
alpha/beta optimization time: 0.4267137050628662
pruning_in_iteration open status: False
ratio of positive domain = 7 / 128 = 0.0546875
pruning-in-iteration extra time: 0.00019168853759765625
torch.Size([128, 1])
Time: prepare 0.0036    bound 0.4277    transfer 0.0002    finalize 0.0018    func 0.4334    
Accumulated time: func 3.7336    prepare 0.0551    bound 3.6764    transfer 0.0041    finalize 0.0274    
max lb tensor(0.24108219) min lb tensor(-9.05027771)
Number of Verified Splits: 7 of 128
Current worst splitting domains lb-rhs (depth):
-13.40470 (5), -13.18977 (5), -12.35467 (5), -12.01655 (5), -11.89072 (6), -11.68283 (4), -11.54214 (4), -10.99194 (4), -10.73884 (4), -10.24341 (5), -10.21225 (5), -9.60155 (4), -9.59023 (4), -9.54449 (5), -9.47498 (5), -9.46332 (6), -9.37611 (4), -9.05028 (7), -8.93315 (6), -8.90284 (4), 
Length of domains: 298
Current (lb-rhs): -13.404698371887207
614 domains visited
Time: pickout 0.0120    decision 0.0253    set_bounds 0.0040    solve 0.4340    add 0.0013    
Accumulated time: pickout 0.0679    decision 0.3664    set_bounds 0.0216    solve 3.7384    add 0.0168    
Cumulative time: 4.259474992752075

BaB round 8
batch: 64
splitting decisions: 
split level 0: [/input-3, 122] [/input-3, 105] [/input-3, 122] [/input-3, 16] [/input-3, 50] [/input-3, 50] [/input-3, 50] [/input-3, 16] [/input-3, 31] [/input-3, 64] 
best_l after optimization: -351.6297912597656
beta sum per layer: [29.60521125793457, 487.60736083984375]
alpha/beta optimization time: 0.40260910987854004
pruning_in_iteration open status: False
ratio of positive domain = 19 / 128 = 0.1484375
pruning-in-iteration extra time: 0.00016760826110839844
torch.Size([128, 1])
Time: prepare 0.0040    bound 0.4038    transfer 0.0002    finalize 0.0021    func 0.4102    
Accumulated time: func 4.1438    prepare 0.0610    bound 4.0802    transfer 0.0043    finalize 0.0296    
max lb tensor(0.49053955) min lb tensor(-8.22014427)
Number of Verified Splits: 19 of 128
Current worst splitting domains lb-rhs (depth):
-13.40470 (5), -13.18977 (5), -12.35467 (5), -12.01655 (5), -11.89072 (6), -11.68283 (4), -11.54214 (4), -10.99194 (4), -10.73884 (4), -10.24341 (5), -10.21225 (5), -9.60155 (4), -9.59023 (4), -9.54449 (5), -9.47498 (5), -9.46332 (6), -9.37611 (4), -9.05028 (7), -8.93315 (6), -8.90284 (4), 
Length of domains: 343
Current (lb-rhs): -13.404698371887207
742 domains visited
Time: pickout 0.0099    decision 0.0294    set_bounds 0.0038    solve 0.4108    add 0.0011    
Accumulated time: pickout 0.0778    decision 0.3958    set_bounds 0.0254    solve 4.1492    add 0.0179    
Cumulative time: 4.714627504348755

BaB round 9
batch: 64
splitting decisions: 
split level 0: [/input-3, 122] [/input-3, 10] [/input-3, 50] [/input-3, 2] [/input-3, 31] [/input-3, 0] [/input-3, 35] [/input-3, 2] [/input-3, 74] [/input-3, 0] 
best_l after optimization: -279.3709716796875
beta sum per layer: [30.180484771728516, 537.3046875]
alpha/beta optimization time: 0.6017112731933594
pruning_in_iteration open status: False
ratio of positive domain = 14 / 128 = 0.109375
pruning-in-iteration extra time: 0.0008339881896972656
torch.Size([128, 1])
Time: prepare 0.0048    bound 0.6036    transfer 0.0023    finalize 0.0087    func 0.6195    
Accumulated time: func 4.7633    prepare 0.0673    bound 4.6838    transfer 0.0066    finalize 0.0383    
max lb tensor(0.45416546) min lb tensor(-5.89154148)
Number of Verified Splits: 14 of 128
Current worst splitting domains lb-rhs (depth):
-13.40470 (5), -13.18977 (5), -12.35467 (5), -12.01655 (5), -11.89072 (6), -11.68283 (4), -11.54214 (4), -10.99194 (4), -10.73884 (4), -10.24341 (5), -10.21225 (5), -9.60155 (4), -9.59023 (4), -9.54449 (5), -9.47498 (5), -9.46332 (6), -9.37611 (4), -9.05028 (7), -8.93315 (6), -8.90284 (4), 
Length of domains: 393
Current (lb-rhs): -13.404698371887207
870 domains visited
Time: pickout 0.0087    decision 0.0266    set_bounds 0.0043    solve 0.6205    add 0.0016    
Accumulated time: pickout 0.0865    decision 0.4223    set_bounds 0.0297    solve 4.7697    add 0.0195    
Cumulative time: 5.37654709815979

BaB round 10
batch: 64
splitting decisions: 
split level 0: [/input-3, 127] [/input-3, 25] [/input-3, 95] [/input-3, 127] [/input-3, 16] [/input-3, 25] [/input-3, 50] [/input-3, 10] [/input-3, 25] [/input-3, 2] 
best_l after optimization: -179.39125061035156
beta sum per layer: [33.95762252807617, 593.4345703125]
alpha/beta optimization time: 0.5847599506378174
pruning_in_iteration open status: True
ratio of positive domain = 30 / 128 = 0.234375
pruning-in-iteration extra time: 0.02549576759338379
torch.Size([128, 1])
Time: prepare 0.0050    bound 0.5857    transfer 0.0005    finalize 0.0017    func 0.5929    
Accumulated time: func 5.3563    prepare 0.0765    bound 5.2695    transfer 0.0071    finalize 0.0400    
max lb tensor(9.99999975e-05) min lb tensor(-4.71134758)
Number of Verified Splits: 30 of 128
Current worst splitting domains lb-rhs (depth):
-13.40470 (5), -13.18977 (5), -12.35467 (5), -12.01655 (5), -11.89072 (6), -11.68283 (4), -11.54214 (4), -10.99194 (4), -10.73884 (4), -10.24341 (5), -10.21225 (5), -9.60155 (4), -9.59023 (4), -9.54449 (5), -9.47498 (5), -9.46332 (6), -9.37611 (4), -9.05028 (7), -8.93315 (6), -8.90284 (4), 
Length of domains: 427
Current (lb-rhs): -13.404698371887207
998 domains visited
Time: pickout 0.0136    decision 0.0822    set_bounds 0.0046    solve 0.5944    add 0.0013    
Accumulated time: pickout 0.1001    decision 0.5045    set_bounds 0.0343    solve 5.3641    add 0.0208    
Cumulative time: 6.0729944705963135

BaB round 11
batch: 64
splitting decisions: 
split level 0: [/input-3, 10] [/input-3, 111] [/input-3, 16] [/input-3, 118] [/input-3, 10] [/input-3, 27] [/input-3, 118] [/input-3, 2] [/input-3, 27] [/input-3, 118] 
best_l after optimization: -155.33599853515625
beta sum per layer: [23.097246170043945, 647.9638061523438]
alpha/beta optimization time: 0.4168689250946045
pruning_in_iteration open status: False
ratio of positive domain = 21 / 128 = 0.1640625
pruning-in-iteration extra time: 0.00010228157043457031
torch.Size([128, 1])
Time: prepare 0.0039    bound 0.4179    transfer 0.0003    finalize 0.0018    func 0.4239    
Accumulated time: func 5.7802    prepare 0.0818    bound 5.6873    transfer 0.0074    finalize 0.0418    
max lb tensor(0.47583342) min lb tensor(-3.60744810)
Number of Verified Splits: 21 of 128
Current worst splitting domains lb-rhs (depth):
-13.40470 (5), -13.18977 (5), -12.35467 (5), -12.01655 (5), -11.89072 (6), -11.68283 (4), -11.54214 (4), -10.99194 (4), -10.73884 (4), -10.24341 (5), -10.21225 (5), -9.60155 (4), -9.59023 (4), -9.54449 (5), -9.47498 (5), -9.46332 (6), -9.37611 (4), -9.05028 (7), -8.93315 (6), -8.90284 (4), 
Length of domains: 470
Current (lb-rhs): -13.404698371887207
1126 domains visited
Time: pickout 0.0087    decision 0.0309    set_bounds 0.0043    solve 0.4245    add 0.0011    
Accumulated time: pickout 0.1088    decision 0.5354    set_bounds 0.0386    solve 5.7886    add 0.0219    
Cumulative time: 6.542778730392456

BaB round 12
batch: 64
splitting decisions: 
split level 0: [/input-3, 102] [/input-3, 27] [/input-3, 40] [/input-3, 102] [/input-3, 25] [/input-3, 40] [/input-3, 25] [/input-3, 40] [/input-3, 10] [/input-3, 16] 
best_l after optimization: -109.72703552246094
beta sum per layer: [29.921459197998047, 664.0720825195312]
alpha/beta optimization time: 0.3815479278564453
pruning_in_iteration open status: False
ratio of positive domain = 13 / 128 = 0.1015625
pruning-in-iteration extra time: 0.0001995563507080078
torch.Size([128, 1])
Time: prepare 0.0034    bound 0.3825    transfer 0.0002    finalize 0.0023    func 0.3885    
Accumulated time: func 6.1687    prepare 0.0865    bound 6.0698    transfer 0.0076    finalize 0.0441    
max lb tensor(0.44786263) min lb tensor(-2.87336445)
Number of Verified Splits: 13 of 128
Current worst splitting domains lb-rhs (depth):
-13.40470 (5), -13.18977 (5), -12.35467 (5), -12.01655 (5), -11.89072 (6), -11.68283 (4), -11.54214 (4), -10.99194 (4), -10.73884 (4), -10.24341 (5), -10.21225 (5), -9.60155 (4), -9.59023 (4), -9.54449 (5), -9.47498 (5), -9.46332 (6), -9.37611 (4), -9.05028 (7), -8.93315 (6), -8.90284 (4), 
Length of domains: 521
Current (lb-rhs): -13.404698371887207
1254 domains visited
Time: pickout 0.0102    decision 0.0239    set_bounds 0.0034    solve 0.3891    add 0.0010    
Accumulated time: pickout 0.1190    decision 0.5594    set_bounds 0.0420    solve 6.1777    add 0.0230    
Cumulative time: 6.9706573486328125

BaB round 13
batch: 64
splitting decisions: 
split level 0: [/input-3, 25] [/input-3, 10] [/input-3, 12] [/input-3, 10] [/input-3, 12] [/input-3, 10] [/input-3, 12] [/input-3, 10] [/input-3, 12] [/input-3, 10] 
best_l after optimization: -60.1546745300293
beta sum per layer: [31.938955307006836, 675.3621826171875]
alpha/beta optimization time: 0.49761366844177246
pruning_in_iteration open status: True
ratio of positive domain = 45 / 128 = 0.3515625
pruning-in-iteration extra time: 0.024886131286621094
torch.Size([128, 1])
Time: prepare 0.0035    bound 0.4985    transfer 0.0004    finalize 0.0020    func 0.5044    
Accumulated time: func 6.6732    prepare 0.0912    bound 6.5684    transfer 0.0080    finalize 0.0461    
max lb tensor(0.00034380) min lb tensor(-2.68609667)
Number of Verified Splits: 45 of 128
Current worst splitting domains lb-rhs (depth):
-13.40470 (5), -13.18977 (5), -12.35467 (5), -12.01655 (5), -11.89072 (6), -11.68283 (4), -11.54214 (4), -10.99194 (4), -10.73884 (4), -10.24341 (5), -10.21225 (5), -9.60155 (4), -9.59023 (4), -9.54449 (5), -9.47498 (5), -9.46332 (6), -9.37611 (4), -9.05028 (7), -8.93315 (6), -8.90284 (4), 
Length of domains: 540
Current (lb-rhs): -13.404698371887207
1382 domains visited
Time: pickout 0.0094    decision 0.0271    set_bounds 0.0035    solve 0.5050    add 0.0011    
Accumulated time: pickout 0.1285    decision 0.5865    set_bounds 0.0455    solve 6.6827    add 0.0241    
Cumulative time: 7.517134428024292

BaB round 14
batch: 64
splitting decisions: 
split level 0: [/input-3, 70] [/input-3, 51] [/input-3, 25] [/input-3, 70] [/input-3, 51] [/input-3, 12] [/input-3, 70] [/input-3, 127] [/input-3, 70] [/input-3, 127] 
best_l after optimization: -58.6485595703125
beta sum per layer: [42.4957275390625, 712.0023193359375]
alpha/beta optimization time: 0.6697697639465332
pruning_in_iteration open status: True
ratio of positive domain = 34 / 128 = 0.265625
pruning-in-iteration extra time: 0.03694748878479004
torch.Size([128, 1])
Time: prepare 0.0036    bound 0.6711    transfer 0.0023    finalize 0.0051    func 0.6822    
Accumulated time: func 7.3554    prepare 0.0961    bound 7.2395    transfer 0.0102    finalize 0.0512    
max lb tensor(9.99999975e-05) min lb tensor(-2.50351453)
Number of Verified Splits: 34 of 128
Current worst splitting domains lb-rhs (depth):
-13.40470 (5), -13.18977 (5), -12.35467 (5), -12.01655 (5), -11.89072 (6), -11.68283 (4), -11.54214 (4), -10.99194 (4), -10.73884 (4), -10.24341 (5), -10.21225 (5), -9.60155 (4), -9.59023 (4), -9.54449 (5), -9.47498 (5), -9.46332 (6), -9.37611 (4), -9.05028 (7), -8.93315 (6), -8.90284 (4), 
Length of domains: 570
Current (lb-rhs): -13.404698371887207
1510 domains visited
Time: pickout 0.0086    decision 0.0262    set_bounds 0.0037    solve 0.6829    add 0.0018    
Accumulated time: pickout 0.1370    decision 0.6127    set_bounds 0.0492    solve 7.3656    add 0.0259    
Cumulative time: 8.240925550460815

BaB round 15
batch: 64
splitting decisions: 
split level 0: [/input-3, 2] [/input-3, 127] [/input-3, 36] [/input-3, 10] [/input-3, 10] [/input-3, 2] [/input, 125] [/input-3, 127] [/input-3, 32] [/input-3, 2] 
best_l after optimization: -34.40264892578125
beta sum per layer: [58.779510498046875, 764.9584350585938]
alpha/beta optimization time: 0.6895015239715576
pruning_in_iteration open status: True
ratio of positive domain = 59 / 128 = 0.4609375
pruning-in-iteration extra time: 0.037920475006103516
torch.Size([128, 1])
Time: prepare 0.0045    bound 0.6905    transfer 0.0003    finalize 0.0024    func 0.6979    
Accumulated time: func 8.0533    prepare 0.1063    bound 7.9300    transfer 0.0105    finalize 0.0536    
max lb tensor(9.99999975e-05) min lb tensor(-2.43643808)
Number of Verified Splits: 59 of 128
Current worst splitting domains lb-rhs (depth):
-13.40470 (5), -13.18977 (5), -12.35467 (5), -12.01655 (5), -11.89072 (6), -11.68283 (4), -11.54214 (4), -10.99194 (4), -10.73884 (4), -10.24341 (5), -10.21225 (5), -9.60155 (4), -9.59023 (4), -9.54449 (5), -9.47498 (5), -9.46332 (6), -9.37611 (4), -9.05028 (7), -8.93315 (6), -8.90284 (4), 
Length of domains: 575
Current (lb-rhs): -13.404698371887207
1638 domains visited
Time: pickout 0.0140    decision 0.0848    set_bounds 0.0042    solve 0.6987    add 0.0010    
Accumulated time: pickout 0.1510    decision 0.6976    set_bounds 0.0534    solve 8.0643    add 0.0269    
Cumulative time: 9.044069051742554

BaB round 16
batch: 64
splitting decisions: 
split level 0: [/input-3, 45] [/input-3, 60] [/input-3, 50] [/input-3, 50] [/input-3, 50] [/input-3, 60] [/input-3, 2] [/input-3, 2] [/input-3, 50] [/input-3, 50] 
best_l after optimization: -29.626800537109375
beta sum per layer: [64.41050720214844, 781.096435546875]
alpha/beta optimization time: 0.48636841773986816
pruning_in_iteration open status: True
ratio of positive domain = 57 / 128 = 0.4453125
pruning-in-iteration extra time: 0.024337291717529297
torch.Size([128, 1])
Time: prepare 0.0038    bound 0.4874    transfer 0.0004    finalize 0.0027    func 0.4944    
Accumulated time: func 8.5477    prepare 0.1113    bound 8.4174    transfer 0.0109    finalize 0.0564    
max lb tensor(9.99999975e-05) min lb tensor(-2.32811213)
Number of Verified Splits: 57 of 128
Current worst splitting domains lb-rhs (depth):
-13.40470 (5), -13.18977 (5), -12.35467 (5), -12.01655 (5), -11.89072 (6), -11.68283 (4), -11.54214 (4), -10.99194 (4), -10.73884 (4), -10.24341 (5), -10.21225 (5), -9.60155 (4), -9.59023 (4), -9.54449 (5), -9.47498 (5), -9.46332 (6), -9.37611 (4), -9.05028 (7), -8.93315 (6), -8.90284 (4), 
Length of domains: 582
Current (lb-rhs): -13.404698371887207
1766 domains visited
Time: pickout 0.0095    decision 0.0239    set_bounds 0.0042    solve 0.4950    add 0.0012    
Accumulated time: pickout 0.1605    decision 0.7215    set_bounds 0.0576    solve 8.5593    add 0.0281    
Cumulative time: 9.578227996826172

BaB round 17
batch: 64
splitting decisions: 
split level 0: [/input-3, 38] [/input-3, 38] [/input-3, 50] [/input-3, 38] [/input-3, 50] [/input-3, 50] [/input-3, 50] [/input-3, 95] [/input-3, 50] [/input-3, 50] 
best_l after optimization: -25.963245391845703
beta sum per layer: [59.13597869873047, 758.9620361328125]
alpha/beta optimization time: 0.5080220699310303
pruning_in_iteration open status: True
ratio of positive domain = 57 / 128 = 0.4453125
pruning-in-iteration extra time: 0.02602243423461914
torch.Size([128, 1])
Time: prepare 0.0033    bound 0.5092    transfer 0.0005    finalize 0.0024    func 0.5154    
Accumulated time: func 9.0631    prepare 0.1162    bound 8.9266    transfer 0.0114    finalize 0.0587    
max lb tensor(9.99999975e-05) min lb tensor(-2.14815760)
Number of Verified Splits: 57 of 128
Current worst splitting domains lb-rhs (depth):
-13.40470 (5), -13.18977 (5), -12.35467 (5), -12.01655 (5), -11.89072 (6), -11.68283 (4), -11.54214 (4), -10.99194 (4), -10.73884 (4), -10.24341 (5), -10.21225 (5), -9.60155 (4), -9.59023 (4), -9.54449 (5), -9.47498 (5), -9.46332 (6), -9.37611 (4), -9.05028 (7), -8.93315 (6), -8.90284 (4), 
Length of domains: 589
Current (lb-rhs): -13.404698371887207
1894 domains visited
Time: pickout 0.0114    decision 0.0244    set_bounds 0.0040    solve 0.5161    add 0.0011    
Accumulated time: pickout 0.1719    decision 0.7460    set_bounds 0.0616    solve 9.0753    add 0.0292    
Cumulative time: 10.135621070861816

BaB round 18
batch: 64
splitting decisions: 
split level 0: [/input-3, 38] [/input, 71] [/input-3, 32] [/input-3, 32] [/input-3, 32] [/input-3, 32] [/input-3, 32] [/input-3, 46] [/input-3, 38] [/input-3, 32] 
best_l after optimization: -22.481048583984375
beta sum per layer: [51.23199462890625, 766.115234375]
alpha/beta optimization time: 0.5173065662384033
pruning_in_iteration open status: True
ratio of positive domain = 74 / 128 = 0.578125
pruning-in-iteration extra time: 0.027868032455444336
torch.Size([128, 1])
Time: prepare 0.0036    bound 0.5184    transfer 0.0006    finalize 0.0022    func 0.5249    
Accumulated time: func 9.5880    prepare 0.1217    bound 9.4450    transfer 0.0120    finalize 0.0610    
max lb tensor(9.99999975e-05) min lb tensor(-2.04091477)
Number of Verified Splits: 74 of 128
Current worst splitting domains lb-rhs (depth):
-13.40470 (5), -13.18977 (5), -12.35467 (5), -12.01655 (5), -11.89072 (6), -11.68283 (4), -11.54214 (4), -10.99194 (4), -10.73884 (4), -10.24341 (5), -10.21225 (5), -9.60155 (4), -9.59023 (4), -9.54449 (5), -9.47498 (5), -9.46332 (6), -9.37611 (4), -9.05028 (7), -8.93315 (6), -8.90284 (4), 
Length of domains: 579
Current (lb-rhs): -13.404698371887207
2022 domains visited
Time: pickout 0.0092    decision 0.0294    set_bounds 0.0037    solve 0.5256    add 0.0011    
Accumulated time: pickout 0.1811    decision 0.7754    set_bounds 0.0653    solve 9.6010    add 0.0304    
Time out!!!!!!!!
Result: unknown in 12.3713 seconds

 %%%%%%%%%%%%%%%%%%%%%%%%%%%%%%%%%%% idx: 7, vnnlib ID: 47 %%%%%%%%%%%%%%%%%%%%%%%%%%%%%%%%%%%
Finished vnnlib processing in 0.002767 seconds
Model: BoundedModule(
  (/0): BoundInput(name=/0, inputs=[], perturbed=True)
  (/7): BoundParams(name=/7, inputs=[], perturbed=False)
  (/8): BoundParams(name=/8, inputs=[], perturbed=False)
  (/9): BoundParams(name=/9, inputs=[], perturbed=False)
  (/10): BoundParams(name=/10, inputs=[], perturbed=False)
  (/11): BoundParams(name=/11, inputs=[], perturbed=False)
  (/12): BoundParams(name=/12, inputs=[], perturbed=False)
  (/13): BoundFlatten(name=/13, inputs=[/0], perturbed=True)
  (/input): BoundLinear(name=/input, inputs=[/13, /7, /8], perturbed=True)
  (/15): BoundRelu(name=/15, inputs=[/input], perturbed=True)
  (/input-3): BoundLinear(name=/input-3, inputs=[/15, /9, /10], perturbed=True)
  (/17): BoundRelu(name=/17, inputs=[/input-3], perturbed=True)
  (/18): BoundLinear(name=/18, inputs=[/17, /11, /12], perturbed=True)
)
Original output in the first batch: tensor([[ -4.48313189,   2.14362240,   9.61569691,  -1.16169500,  -1.91291380,
          -4.04083729,  -0.61078691,  -2.54929471,  -2.66674066, -11.19933891]],
       device='cuda:0')
Split layers:
Nonlinear functions:
   BoundRelu(name=/15, inputs=[/input], perturbed=True)
   BoundRelu(name=/17, inputs=[/input-3], perturbed=True)
build batch [1/1]
layer /15 using sparse-features alpha with shape [174]; unstable size 174; total size 256 ([1, 256])
layer /15 start_node /input-3 using sparse-spec alpha [2, 108, 1, 174] with unstable size 107 total_size 128 output_shape torch.Size([128])
layer /15 start_node /18 using full alpha [2, 9, 1, 174] with unstable size None total_size 9 output_shape 9
layer /17 using sparse-features alpha with shape [107]; unstable size 107; total size 128 ([1, 128])
layer /17 start_node /18 using full alpha [2, 9, 1, 107] with unstable size None total_size 9 output_shape 9
Optimizable variables initialized.
initial CROWN bounds (first 10 items): [-5.1633100509643555, -6.791981220245361, -5.964889049530029, -8.87220573425293, -8.26871395111084, -10.925722122192383, -4.590898513793945, -6.0893354415893555, -2.0395936965942383]
prune_after_crown optimization in use
  original spec size = torch.Size([1, 9])
  pruned spec size = torch.Size([1, 9])
Using alpha-CROWN to initialize bounds.
best_l after optimization: -50.470401763916016
alpha/beta optimization time: 2.763413906097412
initial alpha-crown bounds (first 10 items): [-4.525322914123535, -5.828457832336426, -5.331363677978516, -7.277231216430664, -7.125375747680664, -9.703990936279297, -3.917163848876953, -5.455194473266602, -1.3063011169433594]
Global lower bound: -9.703990936279297
torch.Size([1, 9])
0 / 9 OR specs are verified.
Verified OR indices (first 10 items): []
Verified OR lbs (first 10 items): []
Unverified OR indices (first 10 items): [0, 1, 2, 3, 4, 5, 6, 7, 8]
Unverified OR lbs (first 10 items): [[-4.525322914123535], [-5.828457832336426], [-5.331363677978516], [-7.277231216430664], [-7.125375747680664], [-9.703990936279297], [-3.917163848876953], [-5.455194473266602], [-1.3063011169433594]]
###### Verifying property Instance 7 ######
Batch size: 9
First 10 spec matrices
C: tensor([[[-1.,  0.,  1.,  0.,  0.,  0.,  0.,  0.,  0.,  0.]],

        [[ 0., -1.,  1.,  0.,  0.,  0.,  0.,  0.,  0.,  0.]],

        [[ 0.,  0.,  1., -1.,  0.,  0.,  0.,  0.,  0.,  0.]],

        [[ 0.,  0.,  1.,  0., -1.,  0.,  0.,  0.,  0.,  0.]],

        [[ 0.,  0.,  1.,  0.,  0., -1.,  0.,  0.,  0.,  0.]],

        [[ 0.,  0.,  1.,  0.,  0.,  0., -1.,  0.,  0.,  0.]],

        [[ 0.,  0.,  1.,  0.,  0.,  0.,  0., -1.,  0.,  0.]],

        [[ 0.,  0.,  1.,  0.,  0.,  0.,  0.,  0., -1.,  0.]],

        [[ 0.,  0.,  1.,  0.,  0.,  0.,  0.,  0.,  0., -1.]]], device='cuda:0')
RHS: tensor([[0.],
        [0.],
        [0.],
        [0.],
        [0.],
        [0.],
        [0.],
        [0.],
        [0.]], device='cuda:0')
OR spec sizes: tensor([1, 1, 1, 1, 1, 1, 1, 1, 1], device='cuda:0', dtype=torch.int32)
Remaining timeout: 8.813917398452759
Model prediction is: tensor([ -4.48313189,   2.14362240,   9.61569691,  -1.16169500,  -1.91291380,
         -4.04083729,  -0.61078691,  -2.54929471,  -2.66674066, -11.19933891],
       device='cuda:0')
Activation BaB batch 1/1 
build_with_refined_bounds batch [1/1]
Optimizable variables initialized.
all alpha initialized
directly get lb and ub from refined bounds
c shape: torch.Size([9, 1, 10])
lA shapes: [torch.Size([9, 1, 256]), torch.Size([9, 1, 128])]
torch.Size([9, 1])
(alpha-)CROWN with fixed intermediate bounds: tensor([[-4.52532291],
        [-5.82845783],
        [-5.33136368],
        [-7.27723122],
        [-7.12537575],
        [-9.70399094],
        [-3.91716385],
        [-5.45519447],
        [-1.30630112]], device='cuda:0') tensor([[inf],
        [inf],
        [inf],
        [inf],
        [inf],
        [inf],
        [inf],
        [inf],
        [inf]], device='cuda:0')
Intermediate layers: /input,/input-3
Keeping alphas for these layers: ['/18']
Node /15 input 0: size torch.Size([256]) unstable 174
Node /17 input 0: size torch.Size([128]) unstable 103
-----------------
# of unstable neurons: 277
-----------------

BaB round 1
batch: 9
splitting decisions: 
split level 0: [/input, 10] [/input-3, 98] [/input-3, 102] [/input, 10] [/input, 135] [/input, 10] [/input-3, 42] [/input-3, 42] [/input, 10] 
best_l after optimization: -88.66931915283203
beta sum per layer: [0.035360049456357956, 1.8521908521652222]
alpha/beta optimization time: 0.597038984298706
pruning_in_iteration open status: False
ratio of positive domain = 0 / 18 = 0.0
pruning-in-iteration extra time: 0.0008022785186767578
torch.Size([18, 1])
Time: prepare 0.0018    bound 0.5990    transfer 0.0020    finalize 0.0067    func 0.6096    
Accumulated time: func 0.6096    prepare 0.0081    bound 0.5990    transfer 0.0020    finalize 0.0067    
max lb tensor(-0.53986263) min lb tensor(-9.21390247)
Number of Verified Splits: 0 of 18
Current worst splitting domains lb-rhs (depth):
-9.21390 (1), -9.17095 (1), -6.70494 (1), -6.65211 (1), -6.47228 (1), -6.45846 (1), -5.37034 (1), -5.05441 (1), -4.90707 (1), -4.54007 (1), -4.52133 (1), -4.41038 (1), -3.92763 (1), -3.91395 (1), -3.14600 (1), -3.02457 (1), -0.64108 (1), -0.53986 (1), 
Length of domains: 18
Current (lb-rhs): -9.213902473449707
18 domains visited
Time: pickout 0.0030    decision 0.0344    set_bounds 0.0015    solve 0.6105    add 0.0079    
Accumulated time: pickout 0.0030    decision 0.0344    set_bounds 0.0015    solve 0.6105    add 0.0079    
Cumulative time: 0.7088823318481445

BaB round 2
batch: 18
splitting decisions: 
split level 0: [/input-3, 42] [/input-3, 6] [/input-3, 62] [/input-3, 98] [/input, 10] [/input-3, 102] [/input-3, 98] [/input-3, 94] [/input-3, 42] [/input-3, 42] 
best_l after optimization: -148.34129333496094
beta sum per layer: [1.2794437408447266, 14.17824649810791]
alpha/beta optimization time: 0.5783858299255371
pruning_in_iteration open status: False
ratio of positive domain = 2 / 36 = 0.05555555555555558
pruning-in-iteration extra time: 0.0011854171752929688
torch.Size([36, 1])
Time: prepare 0.0025    bound 0.5804    transfer 0.0023    finalize 0.0043    func 0.5896    
Accumulated time: func 1.1992    prepare 0.0160    bound 1.1794    transfer 0.0043    finalize 0.0110    
max lb tensor(0.08131504) min lb tensor(-8.82898426)
Number of Verified Splits: 2 of 36
Current worst splitting domains lb-rhs (depth):
-8.82898 (2), -8.78983 (2), -6.16780 (2), -6.10558 (2), -6.06334 (2), -6.04973 (2), -6.04702 (2), -6.03746 (2), -5.80961 (2), -5.78371 (2), -5.13030 (2), -4.80648 (2), -4.73971 (2), -4.65900 (2), -4.59542 (2), -4.37026 (2), -4.36049 (2), -4.18932 (2), -4.18324 (2), -4.15333 (2), 
Length of domains: 34
Current (lb-rhs): -8.828984260559082
54 domains visited
Time: pickout 0.0163    decision 0.0432    set_bounds 0.0023    solve 0.5902    add 0.0022    
Accumulated time: pickout 0.0193    decision 0.0776    set_bounds 0.0038    solve 1.2007    add 0.0101    
Cumulative time: 1.3634233474731445

BaB round 3
batch: 34
splitting decisions: 
split level 0: [/input-3, 102] [/input-3, 41] [/input, 160] [/input-3, 42] [/input-3, 62] [/input-3, 41] [/input-3, 118] [/input-3, 6] [/input-3, 102] [/input-3, 41] 
best_l after optimization: -251.31106567382812
beta sum per layer: [5.126739025115967, 51.20451736450195]
alpha/beta optimization time: 0.5651602745056152
pruning_in_iteration open status: False
ratio of positive domain = 4 / 68 = 0.05882352941176472
pruning-in-iteration extra time: 0.0003750324249267578
torch.Size([68, 1])
Time: prepare 0.0032    bound 0.5663    transfer 0.0010    finalize 0.0061    func 0.5767    
Accumulated time: func 1.7759    prepare 0.0241    bound 1.7457    transfer 0.0053    finalize 0.0171    
max lb tensor(0.77953339) min lb tensor(-8.51710033)
Number of Verified Splits: 4 of 68
Current worst splitting domains lb-rhs (depth):
-8.51710 (3), -8.47264 (3), -8.13765 (3), -8.10372 (3), -5.72587 (3), -5.71047 (3), -5.69853 (3), -5.69692 (3), -5.69483 (3), -5.67417 (3), -5.65632 (3), -5.64001 (3), -5.63836 (3), -5.62877 (3), -5.62306 (3), -5.62300 (3), -5.34237 (3), -5.30384 (3), -5.27740 (3), -5.24569 (3), 
Length of domains: 64
Current (lb-rhs): -8.51710033416748
122 domains visited
Time: pickout 0.0133    decision 0.0587    set_bounds 0.0026    solve 0.5774    add 0.0027    
Accumulated time: pickout 0.0326    decision 0.1363    set_bounds 0.0064    solve 1.7781    add 0.0128    
Cumulative time: 2.018242597579956

BaB round 4
batch: 64
splitting decisions: 
split level 0: [/input-3, 98] [/input, 116] [/input-3, 42] [/input-3, 118] [/input-3, 71] [/input-3, 94] [/input-3, 74] [/input, 102] [/input-3, 98] [/input-3, 19] 
best_l after optimization: -394.5025939941406
beta sum per layer: [18.89473533630371, 160.51412963867188]
alpha/beta optimization time: 0.4775266647338867
pruning_in_iteration open status: False
ratio of positive domain = 5 / 128 = 0.0390625
pruning-in-iteration extra time: 9.608268737792969e-05
torch.Size([128, 1])
Time: prepare 0.0039    bound 0.4784    transfer 0.0002    finalize 0.0023    func 0.4850    
Accumulated time: func 2.2609    prepare 0.0338    bound 2.2241    transfer 0.0056    finalize 0.0194    
max lb tensor(0.68805981) min lb tensor(-8.26256466)
Number of Verified Splits: 5 of 128
Current worst splitting domains lb-rhs (depth):
-8.26256 (4), -8.21792 (4), -7.88280 (4), -7.84682 (4), -7.35012 (4), -7.30443 (4), -7.00885 (4), -7.00024 (4), -5.46230 (4), -5.44623 (4), -5.44618 (4), -5.42412 (4), -5.39495 (4), -5.38738 (4), -5.38173 (4), -5.37712 (4), -5.37357 (4), -5.35871 (4), -5.31988 (4), -5.30780 (4), 
Length of domains: 123
Current (lb-rhs): -8.262564659118652
250 domains visited
Time: pickout 0.0149    decision 0.1010    set_bounds 0.0040    solve 0.4857    add 0.0012    
Accumulated time: pickout 0.0475    decision 0.2373    set_bounds 0.0103    solve 2.2638    add 0.0140    
Cumulative time: 2.625291109085083

BaB round 5
batch: 64
splitting decisions: 
split level 0: [/input-3, 6] [/input-3, 74] [/input-3, 19] [/input-3, 65] [/input-3, 94] [/input-3, 0] [/input-3, 118] [/input-3, 65] [/input-3, 85] [/input-3, 74] 
best_l after optimization: -282.98272705078125
beta sum per layer: [18.691364288330078, 262.9931640625]
alpha/beta optimization time: 0.3881185054779053
pruning_in_iteration open status: False
ratio of positive domain = 8 / 128 = 0.0625
pruning-in-iteration extra time: 9.608268737792969e-05
torch.Size([128, 1])
Time: prepare 0.0034    bound 0.3890    transfer 0.0003    finalize 0.0023    func 0.3951    
Accumulated time: func 2.6559    prepare 0.0387    bound 2.6131    transfer 0.0059    finalize 0.0217    
max lb tensor(0.32310200) min lb tensor(-7.04439640)
Number of Verified Splits: 8 of 128
Current worst splitting domains lb-rhs (depth):
-8.26256 (4), -8.21792 (4), -7.88280 (4), -7.84682 (4), -7.04440 (5), -7.00404 (5), -6.55466 (5), -6.54347 (5), -6.51994 (5), -6.51660 (5), -5.46230 (4), -5.44623 (4), -5.44618 (4), -5.42412 (4), -5.39495 (4), -5.38738 (4), -5.38173 (4), -5.37712 (4), -5.37357 (4), -5.35871 (4), 
Length of domains: 179
Current (lb-rhs): -8.262564659118652
378 domains visited
Time: pickout 0.0117    decision 0.0244    set_bounds 0.0038    solve 0.3958    add 0.0014    
Accumulated time: pickout 0.0592    decision 0.2617    set_bounds 0.0141    solve 2.6595    add 0.0154    
Cumulative time: 3.0625104904174805

BaB round 6
batch: 64
splitting decisions: 
split level 0: [/input-3, 76] [/input-3, 117] [/input, 135] [/input-3, 117] [/input-3, 6] [/input-3, 74] [/input-3, 11] [/input-3, 91] [/input-3, 0] [/input-3, 76] 
best_l after optimization: -214.69296264648438
beta sum per layer: [14.540283203125, 289.08526611328125]
alpha/beta optimization time: 0.4612150192260742
pruning_in_iteration open status: False
ratio of positive domain = 23 / 128 = 0.1796875
pruning-in-iteration extra time: 0.00013065338134765625
torch.Size([128, 1])
Time: prepare 0.0036    bound 0.4622    transfer 0.0003    finalize 0.0018    func 0.4679    
Accumulated time: func 3.1238    prepare 0.0436    bound 3.0753    transfer 0.0061    finalize 0.0235    
max lb tensor(0.83462238) min lb tensor(-6.28278685)
Number of Verified Splits: 23 of 128
Current worst splitting domains lb-rhs (depth):
-8.26256 (4), -8.21792 (4), -7.88280 (4), -7.84682 (4), -7.04440 (5), -7.00404 (5), -6.55466 (5), -6.54347 (5), -6.28279 (6), -6.27577 (6), -5.46230 (4), -5.44623 (4), -5.44618 (4), -5.42412 (4), -5.39495 (4), -5.38738 (4), -5.38173 (4), -5.37712 (4), -5.37357 (4), -5.35871 (4), 
Length of domains: 220
Current (lb-rhs): -8.262564659118652
506 domains visited
Time: pickout 0.0087    decision 0.0242    set_bounds 0.0036    solve 0.4685    add 0.0012    
Accumulated time: pickout 0.0678    decision 0.2859    set_bounds 0.0177    solve 3.1281    add 0.0165    
Cumulative time: 3.5689101219177246

BaB round 7
batch: 64
splitting decisions: 
split level 0: [/input-3, 46] [/input-3, 51] [/input-3, 11] [/input, 102] [/input-3, 117] [/input-3, 117] [/input-3, 74] [/input-3, 21] [/input-3, 74] [/input-3, 117] 
best_l after optimization: -170.33326721191406
beta sum per layer: [18.10515785217285, 305.09246826171875]
alpha/beta optimization time: 0.39304399490356445
pruning_in_iteration open status: False
ratio of positive domain = 11 / 128 = 0.0859375
pruning-in-iteration extra time: 0.0002129077911376953
torch.Size([128, 1])
Time: prepare 0.0038    bound 0.3943    transfer 0.0003    finalize 0.0020    func 0.4004    
Accumulated time: func 3.5243    prepare 0.0491    bound 3.4696    transfer 0.0064    finalize 0.0255    
max lb tensor(0.64080811) min lb tensor(-4.01268196)
Number of Verified Splits: 11 of 128
Current worst splitting domains lb-rhs (depth):
-8.26256 (4), -8.21792 (4), -7.88280 (4), -7.84682 (4), -7.04440 (5), -7.00404 (5), -6.55466 (5), -6.54347 (5), -6.28279 (6), -6.27577 (6), -5.46230 (4), -5.44623 (4), -5.44618 (4), -5.42412 (4), -5.39495 (4), -5.38738 (4), -5.38173 (4), -5.37712 (4), -5.37357 (4), -5.35871 (4), 
Length of domains: 273
Current (lb-rhs): -8.262564659118652
634 domains visited
Time: pickout 0.0093    decision 0.0247    set_bounds 0.0038    solve 0.4010    add 0.0013    
Accumulated time: pickout 0.0771    decision 0.3106    set_bounds 0.0215    solve 3.5291    add 0.0178    
Cumulative time: 4.009310722351074

BaB round 8
batch: 64
splitting decisions: 
split level 0: [/input-3, 51] [/input-3, 71] [/input-3, 6] [/input-3, 91] [/input-3, 117] [/input-3, 86] [/input-3, 117] [/input-3, 21] [/input-3, 74] [/input-3, 91] 
best_l after optimization: -100.61356353759766
beta sum per layer: [19.97260284423828, 366.8664855957031]
alpha/beta optimization time: 0.687567949295044
pruning_in_iteration open status: True
ratio of positive domain = 28 / 128 = 0.21875
pruning-in-iteration extra time: 0.026354074478149414
torch.Size([128, 1])
Time: prepare 0.0038    bound 0.6892    transfer 0.0019    finalize 0.0055    func 0.7004    
Accumulated time: func 4.2247    prepare 0.0542    bound 4.1587    transfer 0.0083    finalize 0.0310    
max lb tensor(9.99999975e-05) min lb tensor(-3.29287767)
Number of Verified Splits: 28 of 128
Current worst splitting domains lb-rhs (depth):
-8.26256 (4), -8.21792 (4), -7.88280 (4), -7.84682 (4), -7.04440 (5), -7.00404 (5), -6.55466 (5), -6.54347 (5), -6.28279 (6), -6.27577 (6), -5.46230 (4), -5.44623 (4), -5.44618 (4), -5.42412 (4), -5.39495 (4), -5.38738 (4), -5.38173 (4), -5.37712 (4), -5.37357 (4), -5.35871 (4), 
Length of domains: 309
Current (lb-rhs): -8.262564659118652
762 domains visited
Time: pickout 0.0089    decision 0.0227    set_bounds 0.0034    solve 0.7013    add 0.0019    
Accumulated time: pickout 0.0860    decision 0.3333    set_bounds 0.0249    solve 4.2304    add 0.0197    
Cumulative time: 4.747847318649292

BaB round 9
batch: 64
splitting decisions: 
split level 0: [/input-3, 21] [/input-3, 6] [/input-3, 86] [/input-3, 11] [/input-3, 21] [/input, 26] [/input-3, 117] [/input-3, 44] [/input-3, 21] [/input, 26] 
best_l after optimization: -72.7137451171875
beta sum per layer: [25.139604568481445, 393.5200500488281]
alpha/beta optimization time: 0.7136414051055908
pruning_in_iteration open status: True
ratio of positive domain = 46 / 128 = 0.359375
pruning-in-iteration extra time: 0.04229092597961426
torch.Size([128, 1])
Time: prepare 0.0044    bound 0.7150    transfer 0.0020    finalize 0.0085    func 0.7301    
Accumulated time: func 4.9547    prepare 0.0624    bound 4.8738    transfer 0.0103    finalize 0.0395    
max lb tensor(9.99999975e-05) min lb tensor(-3.05575085)
Number of Verified Splits: 46 of 128
Current worst splitting domains lb-rhs (depth):
-8.26256 (4), -8.21792 (4), -7.88280 (4), -7.84682 (4), -7.04440 (5), -7.00404 (5), -6.55466 (5), -6.54347 (5), -6.28279 (6), -6.27577 (6), -5.46230 (4), -5.44623 (4), -5.44618 (4), -5.42412 (4), -5.39495 (4), -5.38738 (4), -5.38173 (4), -5.37712 (4), -5.37357 (4), -5.35871 (4), 
Length of domains: 327
Current (lb-rhs): -8.262564659118652
890 domains visited
Time: pickout 0.0129    decision 0.0806    set_bounds 0.0041    solve 0.7309    add 0.0018    
Accumulated time: pickout 0.0989    decision 0.4138    set_bounds 0.0290    solve 4.9612    add 0.0215    
Cumulative time: 5.578273057937622

BaB round 10
batch: 64
splitting decisions: 
split level 0: [/input-3, 45] [/input-3, 69] [/input-3, 85] [/input-3, 11] [/input-3, 69] [/input-3, 117] [/input-3, 62] [/input-3, 44] [/input, 198] [/input, 10] 
best_l after optimization: -67.71102905273438
beta sum per layer: [22.199731826782227, 385.01116943359375]
alpha/beta optimization time: 0.7045810222625732
pruning_in_iteration open status: True
ratio of positive domain = 47 / 128 = 0.3671875
pruning-in-iteration extra time: 0.04237985610961914
torch.Size([128, 1])
Time: prepare 0.0042    bound 0.7055    transfer 0.0005    finalize 0.0016    func 0.7120    
Accumulated time: func 5.6667    prepare 0.0705    bound 5.5793    transfer 0.0108    finalize 0.0411    
max lb tensor(9.99999975e-05) min lb tensor(-2.86592674)
Number of Verified Splits: 47 of 128
Current worst splitting domains lb-rhs (depth):
-8.26256 (4), -8.21792 (4), -7.88280 (4), -7.84682 (4), -7.04440 (5), -7.00404 (5), -6.55466 (5), -6.54347 (5), -6.28279 (6), -6.27577 (6), -5.46230 (4), -5.44623 (4), -5.44618 (4), -5.42412 (4), -5.39495 (4), -5.38738 (4), -5.38173 (4), -5.37712 (4), -5.37357 (4), -5.35871 (4), 
Length of domains: 344
Current (lb-rhs): -8.262564659118652
1018 domains visited
Time: pickout 0.0119    decision 0.0767    set_bounds 0.0039    solve 0.7125    add 0.0012    
Accumulated time: pickout 0.1108    decision 0.4906    set_bounds 0.0329    solve 5.6738    add 0.0227    
Cumulative time: 6.385060548782349

BaB round 11
batch: 64
splitting decisions: 
split level 0: [/input-3, 21] [/input-3, 45] [/input-3, 76] [/input-3, 45] [/input-3, 117] [/input-3, 46] [/input-3, 79] [/input-3, 56] [/input-3, 79] [/input-3, 11] 
best_l after optimization: -61.21356201171875
beta sum per layer: [7.293680191040039, 366.6881103515625]
alpha/beta optimization time: 0.4809558391571045
pruning_in_iteration open status: True
ratio of positive domain = 46 / 128 = 0.359375
pruning-in-iteration extra time: 0.025877952575683594
torch.Size([128, 1])
Time: prepare 0.0034    bound 0.4824    transfer 0.0003    finalize 0.0018    func 0.4879    
Accumulated time: func 6.1546    prepare 0.0755    bound 6.0617    transfer 0.0111    finalize 0.0429    
max lb tensor(9.99999975e-05) min lb tensor(-2.64732075)
Number of Verified Splits: 46 of 128
Current worst splitting domains lb-rhs (depth):
-8.26256 (4), -8.21792 (4), -7.88280 (4), -7.84682 (4), -7.04440 (5), -7.00404 (5), -6.55466 (5), -6.54347 (5), -6.28279 (6), -6.27577 (6), -5.46230 (4), -5.44623 (4), -5.44618 (4), -5.42412 (4), -5.39495 (4), -5.38738 (4), -5.38173 (4), -5.37712 (4), -5.37357 (4), -5.35871 (4), 
Length of domains: 362
Current (lb-rhs): -8.262564659118652
1146 domains visited
Time: pickout 0.0098    decision 0.0243    set_bounds 0.0037    solve 0.4885    add 0.0016    
Accumulated time: pickout 0.1206    decision 0.5148    set_bounds 0.0365    solve 6.1623    add 0.0243    
Cumulative time: 6.913282871246338

BaB round 12
batch: 64
splitting decisions: 
split level 0: [/input-3, 69] [/input-3, 117] [/input-3, 62] [/input-3, 79] [/input-3, 56] [/input-3, 56] [/input, 26] [/input, 10] [/input-3, 117] [/input-3, 102] 
best_l after optimization: -50.77163314819336
beta sum per layer: [9.64307689666748, 386.885986328125]
alpha/beta optimization time: 0.4999229907989502
pruning_in_iteration open status: True
ratio of positive domain = 51 / 128 = 0.3984375
pruning-in-iteration extra time: 0.026535987854003906
torch.Size([128, 1])
Time: prepare 0.0038    bound 0.5010    transfer 0.0003    finalize 0.0026    func 0.5078    
Accumulated time: func 6.6625    prepare 0.0810    bound 6.5627    transfer 0.0115    finalize 0.0455    
max lb tensor(9.99999975e-05) min lb tensor(-2.39778805)
Number of Verified Splits: 51 of 128
Current worst splitting domains lb-rhs (depth):
-8.26256 (4), -8.21792 (4), -7.88280 (4), -7.84682 (4), -7.04440 (5), -7.00404 (5), -6.55466 (5), -6.54347 (5), -6.28279 (6), -6.27577 (6), -5.46230 (4), -5.44623 (4), -5.44618 (4), -5.42412 (4), -5.39495 (4), -5.38738 (4), -5.38173 (4), -5.37712 (4), -5.37357 (4), -5.35871 (4), 
Length of domains: 375
Current (lb-rhs): -8.262564659118652
1274 domains visited
Time: pickout 0.0087    decision 0.0246    set_bounds 0.0050    solve 0.5085    add 0.0012    
Accumulated time: pickout 0.1293    decision 0.5394    set_bounds 0.0416    solve 6.6708    add 0.0255    
Cumulative time: 7.4616594314575195

BaB round 13
batch: 64
splitting decisions: 
split level 0: [/input-3, 94] [/input-3, 6] [/input-3, 79] [/input-3, 117] [/input-3, 6] [/input-3, 64] [/input-3, 79] [/input-3, 64] [/input, 10] [/input-3, 45] 
best_l after optimization: -43.27448272705078
beta sum per layer: [12.492574691772461, 387.052978515625]
alpha/beta optimization time: 0.5331714153289795
pruning_in_iteration open status: True
ratio of positive domain = 53 / 128 = 0.4140625
pruning-in-iteration extra time: 0.027469635009765625
torch.Size([128, 1])
Time: prepare 0.0036    bound 0.5349    transfer 0.0014    finalize 0.0051    func 0.5450    
Accumulated time: func 7.2074    prepare 0.0859    bound 7.0976    transfer 0.0128    finalize 0.0505    
max lb tensor(9.99999975e-05) min lb tensor(-2.21502638)
Number of Verified Splits: 53 of 128
Current worst splitting domains lb-rhs (depth):
-8.26256 (4), -8.21792 (4), -7.88280 (4), -7.84682 (4), -7.04440 (5), -7.00404 (5), -6.55466 (5), -6.54347 (5), -6.28279 (6), -6.27577 (6), -5.46230 (4), -5.44623 (4), -5.44618 (4), -5.42412 (4), -5.39495 (4), -5.38738 (4), -5.38173 (4), -5.37712 (4), -5.37357 (4), -5.35871 (4), 
Length of domains: 386
Current (lb-rhs): -8.262564659118652
1402 domains visited
Time: pickout 0.0087    decision 0.0256    set_bounds 0.0034    solve 0.5457    add 0.0019    
Accumulated time: pickout 0.1380    decision 0.5650    set_bounds 0.0450    solve 7.2165    add 0.0274    
Cumulative time: 8.047231674194336

BaB round 14
batch: 64
splitting decisions: 
split level 0: [/input-3, 94] [/input-3, 94] [/input-3, 6] [/input-3, 114] [/input-3, 114] [/input-3, 94] [/input-3, 6] [/input-3, 27] [/input-3, 3] [/input-3, 94] 
best_l after optimization: -48.49536895751953
beta sum per layer: [16.95706558227539, 304.452392578125]
alpha/beta optimization time: 0.7078049182891846
pruning_in_iteration open status: True
ratio of positive domain = 53 / 128 = 0.4140625
pruning-in-iteration extra time: 0.04110217094421387
torch.Size([128, 1])
Time: prepare 0.0072    bound 0.7093    transfer 0.0003    finalize 0.0016    func 0.7186    
Accumulated time: func 7.9260    prepare 0.1003    bound 7.8069    transfer 0.0132    finalize 0.0522    
max lb tensor(9.99999975e-05) min lb tensor(-1.99326134)
Number of Verified Splits: 53 of 128
Current worst splitting domains lb-rhs (depth):
-8.26256 (4), -8.21792 (4), -7.88280 (4), -7.84682 (4), -7.04440 (5), -7.00404 (5), -6.55466 (5), -6.54347 (5), -6.28279 (6), -6.27577 (6), -5.46230 (4), -5.44623 (4), -5.44618 (4), -5.42412 (4), -5.39495 (4), -5.38738 (4), -5.38173 (4), -5.37712 (4), -5.37357 (4), -5.35871 (4), 
Length of domains: 397
Current (lb-rhs): -8.262564659118652
1530 domains visited
Time: pickout 0.0125    decision 0.1100    set_bounds 0.0046    solve 0.7195    add 0.0012    
Accumulated time: pickout 0.1506    decision 0.6750    set_bounds 0.0496    solve 7.9360    add 0.0286    
Time out!!!!!!!!
Result: unknown in 12.0904 seconds

 %%%%%%%%%%%%%%%%%%%%%%%%%%%%%%%%%%% idx: 8, vnnlib ID: 48 %%%%%%%%%%%%%%%%%%%%%%%%%%%%%%%%%%%
Finished vnnlib processing in 0.003065 seconds
Model: BoundedModule(
  (/0): BoundInput(name=/0, inputs=[], perturbed=True)
  (/7): BoundParams(name=/7, inputs=[], perturbed=False)
  (/8): BoundParams(name=/8, inputs=[], perturbed=False)
  (/9): BoundParams(name=/9, inputs=[], perturbed=False)
  (/10): BoundParams(name=/10, inputs=[], perturbed=False)
  (/11): BoundParams(name=/11, inputs=[], perturbed=False)
  (/12): BoundParams(name=/12, inputs=[], perturbed=False)
  (/13): BoundFlatten(name=/13, inputs=[/0], perturbed=True)
  (/input): BoundLinear(name=/input, inputs=[/13, /7, /8], perturbed=True)
  (/15): BoundRelu(name=/15, inputs=[/input], perturbed=True)
  (/input-3): BoundLinear(name=/input-3, inputs=[/15, /9, /10], perturbed=True)
  (/17): BoundRelu(name=/17, inputs=[/input-3], perturbed=True)
  (/18): BoundLinear(name=/18, inputs=[/17, /11, /12], perturbed=True)
)
Original output in the first batch: tensor([[-13.47612000,  -5.57619286, -11.10836124,  -9.02079868,  16.79197311,
          -1.15575635, -11.73347664,  -4.61643791,  -1.46575832,   1.99868524]],
       device='cuda:0')
Split layers:
Nonlinear functions:
   BoundRelu(name=/15, inputs=[/input], perturbed=True)
   BoundRelu(name=/17, inputs=[/input-3], perturbed=True)
build batch [1/1]
layer /15 using sparse-features alpha with shape [120]; unstable size 120; total size 256 ([1, 256])
layer /15 start_node /input-3 using sparse-spec alpha [2, 62, 1, 120] with unstable size 61 total_size 128 output_shape torch.Size([128])
layer /15 start_node /18 using full alpha [2, 9, 1, 120] with unstable size None total_size 9 output_shape 9
layer /17 using sparse-features alpha with shape [61]; unstable size 61; total size 128 ([1, 128])
layer /17 start_node /18 using full alpha [2, 9, 1, 61] with unstable size None total_size 9 output_shape 9
Optimizable variables initialized.
initial CROWN bounds (first 10 items): [12.578911781311035, 8.892807006835938, 10.884716987609863, 6.608071327209473, -0.12839508056640625, 11.129490852355957, 7.2854461669921875, -0.02736949920654297, -1.225728988647461]
prune_after_crown optimization in use
  original spec size = torch.Size([1, 9])
  pruned spec size = torch.Size([1, 3])
Using alpha-CROWN to initialize bounds.
best_l after optimization: -0.6475210189819336
alpha/beta optimization time: 1.3866634368896484
initial alpha-crown bounds (first 10 items): [0.17282772064208984, 0.2032175064086914, -1.0235662460327148]
Global lower bound: -1.0235662460327148
torch.Size([1, 3])
8 / 9 OR specs are verified.
Verified OR indices (first 10 items): [0, 1, 2, 3, 4, 5, 6, 7]
Verified OR lbs (first 10 items): [[inf], [inf], [inf], [inf], [0.17282772064208984], [inf], [inf], [0.2032175064086914]]
Unverified OR indices (first 10 items): [8]
Unverified OR lbs (first 10 items): [[-1.0235662460327148]]
###### Verifying property Instance 8 ######
Batch size: 1
First 10 spec matrices
C: tensor([[[ 0.,  0.,  0.,  0.,  1.,  0.,  0.,  0.,  0., -1.]]], device='cuda:0')
RHS: tensor([[0.]], device='cuda:0')
OR spec sizes: tensor([1], device='cuda:0', dtype=torch.int32)
Remaining timeout: 10.420058965682983
Model prediction is: tensor([-13.47612000,  -5.57619286, -11.10836124,  -9.02079868,  16.79197311,
         -1.15575635, -11.73347664,  -4.61643791,  -1.46575832,   1.99868524],
       device='cuda:0')
Activation BaB batch 1/1 
build_with_refined_bounds batch [1/1]
Optimizable variables initialized.
all alpha initialized
directly get lb and ub from refined bounds
c shape: torch.Size([1, 1, 10])
lA shapes: [torch.Size([1, 1, 256]), torch.Size([1, 1, 128])]
torch.Size([1, 1])
(alpha-)CROWN with fixed intermediate bounds: tensor([[-1.02356625]], device='cuda:0') tensor([[inf]], device='cuda:0')
Intermediate layers: /input,/input-3
Keeping alphas for these layers: ['/18']
Node /15 input 0: size torch.Size([256]) unstable 120
Node /17 input 0: size torch.Size([128]) unstable 61
-----------------
# of unstable neurons: 181
-----------------

BaB round 1
batch: 1
splitting decisions: 
split level 0: [/input, 123] 
split level 1: [/input, 250] 
best_l after optimization: -0.8138428926467896
beta sum per layer: [0.9997251629829407, 0.0]
alpha/beta optimization time: 0.7284038066864014
pruning_in_iteration open status: True
ratio of positive domain = 1 / 4 = 0.25
pruning-in-iteration extra time: 0.02290034294128418
torch.Size([4, 1])
Time: prepare 0.0012    bound 0.7301    transfer 0.0017    finalize 0.0048    func 0.7379    
Accumulated time: func 0.7379    prepare 0.0035    bound 0.7301    transfer 0.0017    finalize 0.0048    
max lb tensor(9.99999975e-05) min lb tensor(-0.39286900)
Number of Verified Splits: 1 of 4
Current worst splitting domains lb-rhs (depth):
-0.39287 (2), -0.34393 (2), -0.07715 (2), 
Length of domains: 3
Current (lb-rhs): -0.3928689956665039
4 domains visited
Time: pickout 0.0014    decision 0.0242    set_bounds 0.0013    solve 0.7385    add 0.0071    
Accumulated time: pickout 0.0014    decision 0.0242    set_bounds 0.0013    solve 0.7385    add 0.0071    
Cumulative time: 0.7995641231536865

BaB round 2
batch: 3
splitting decisions: 
split level 0: [/input, 71] [/input, 71] [/input, 71] 
best_l after optimization: -0.17017799615859985
beta sum per layer: [1.9994503259658813, 0.0]
alpha/beta optimization time: 0.7024261951446533
pruning_in_iteration open status: True
ratio of positive domain = 4 / 6 = 0.6666666666666667
pruning-in-iteration extra time: 0.04257988929748535
torch.Size([6, 1])
Time: prepare 0.0013    bound 0.7035    transfer 0.0019    finalize 0.0040    func 0.7108    
Accumulated time: func 1.4487    prepare 0.0100    bound 1.4337    transfer 0.0035    finalize 0.0088    
max lb tensor(9.99999975e-05) min lb tensor(-0.10804081)
Number of Verified Splits: 4 of 6
Current worst splitting domains lb-rhs (depth):
-0.10804 (3), -0.06254 (3), 
Length of domains: 2
Current (lb-rhs): -0.10804080963134766
10 domains visited
Time: pickout 0.0054    decision 0.0295    set_bounds 0.0008    solve 0.7114    add 0.0014    
Accumulated time: pickout 0.0068    decision 0.0538    set_bounds 0.0021    solve 1.4500    add 0.0084    
Cumulative time: 1.5482821464538574

BaB round 3
batch: 2
splitting decisions: 
split level 0: [/input, 67] [/input, 67] 

all verified at 0th iter
best_l after optimization: 1.0355587005615234
beta sum per layer: [0.0, 0.0]
alpha/beta optimization time: 0.0078887939453125
pruning_in_iteration open status: False
ratio of positive domain = 4 / 4 = 1.0
pruning-in-iteration extra time: 0.0009589195251464844
torch.Size([4, 1])
Time: prepare 0.0049    bound 0.0096    transfer 0.0008    finalize 0.0070    func 0.0225    
Accumulated time: func 1.4711    prepare 0.0187    bound 1.4433    transfer 0.0043    finalize 0.0158    
max lb tensor(0.33313465) min lb tensor(0.17482185)
Number of Verified Splits: 4 of 4
Length of domains: 0
No domains left, verification finished!
Current (lb-rhs): 1.0000000116860974e-07
14 domains visited
Time: pickout 0.0079    decision 0.0323    set_bounds 0.0012    solve 0.0231    add 0.0003    
Accumulated time: pickout 0.0147    decision 0.0861    set_bounds 0.0033    solve 1.4731    add 0.0087    
Cumulative time: 1.6131813526153564

Result: safe in 3.1954 seconds

 %%%%%%%%%%%%%%%%%%%%%%%%%%%%%%%%%%% idx: 9, vnnlib ID: 49 %%%%%%%%%%%%%%%%%%%%%%%%%%%%%%%%%%%
Finished vnnlib processing in 0.009492 seconds
Model: BoundedModule(
  (/0): BoundInput(name=/0, inputs=[], perturbed=True)
  (/7): BoundParams(name=/7, inputs=[], perturbed=False)
  (/8): BoundParams(name=/8, inputs=[], perturbed=False)
  (/9): BoundParams(name=/9, inputs=[], perturbed=False)
  (/10): BoundParams(name=/10, inputs=[], perturbed=False)
  (/11): BoundParams(name=/11, inputs=[], perturbed=False)
  (/12): BoundParams(name=/12, inputs=[], perturbed=False)
  (/13): BoundFlatten(name=/13, inputs=[/0], perturbed=True)
  (/input): BoundLinear(name=/input, inputs=[/13, /7, /8], perturbed=True)
  (/15): BoundRelu(name=/15, inputs=[/input], perturbed=True)
  (/input-3): BoundLinear(name=/input-3, inputs=[/15, /9, /10], perturbed=True)
  (/17): BoundRelu(name=/17, inputs=[/input-3], perturbed=True)
  (/18): BoundLinear(name=/18, inputs=[/17, /11, /12], perturbed=True)
)
Original output in the first batch: tensor([[-3.55599618, -5.92467594, -4.21273756, -7.40596437, 10.47449398,
         -5.56589174, -6.34067917, -1.33343637, -4.67685986,  3.73781037]],
       device='cuda:0')
Split layers:
Nonlinear functions:
   BoundRelu(name=/15, inputs=[/input], perturbed=True)
   BoundRelu(name=/17, inputs=[/input-3], perturbed=True)
build batch [1/1]
layer /15 using sparse-features alpha with shape [145]; unstable size 145; total size 256 ([1, 256])
layer /15 start_node /input-3 using sparse-spec alpha [2, 91, 1, 145] with unstable size 90 total_size 128 output_shape torch.Size([128])
layer /15 start_node /18 using full alpha [2, 9, 1, 145] with unstable size None total_size 9 output_shape 9
layer /17 using sparse-features alpha with shape [90]; unstable size 90; total size 128 ([1, 128])
layer /17 start_node /18 using full alpha [2, 9, 1, 90] with unstable size None total_size 9 output_shape 9
Optimizable variables initialized.
initial CROWN bounds (first 10 items): [-4.320028305053711, -0.7691459655761719, -5.685163497924805, -3.7949752807617188, -3.729323387145996, -2.896787643432617, -6.183858871459961, -5.4694719314575195, -10.269886016845703]
prune_after_crown optimization in use
  original spec size = torch.Size([1, 9])
  pruned spec size = torch.Size([1, 9])
Using alpha-CROWN to initialize bounds.
best_l after optimization: -35.732017517089844
alpha/beta optimization time: 2.3933780193328857
initial alpha-crown bounds (first 10 items): [-3.673898696899414, -0.051405906677246094, -4.7020368576049805, -2.9705581665039062, -2.7177581787109375, -2.046995162963867, -5.632289886474609, -4.471164703369141, -9.46590805053711]
Global lower bound: -9.46590805053711
torch.Size([1, 9])
0 / 9 OR specs are verified.
Verified OR indices (first 10 items): []
Verified OR lbs (first 10 items): []
Unverified OR indices (first 10 items): [0, 1, 2, 3, 4, 5, 6, 7, 8]
Unverified OR lbs (first 10 items): [[-3.673898696899414], [-0.051405906677246094], [-4.7020368576049805], [-2.9705581665039062], [-2.7177581787109375], [-2.046995162963867], [-5.632289886474609], [-4.471164703369141], [-9.46590805053711]]
###### Verifying property Instance 9 ######
Batch size: 9
First 10 spec matrices
C: tensor([[[-1.,  0.,  0.,  0.,  1.,  0.,  0.,  0.,  0.,  0.]],

        [[ 0., -1.,  0.,  0.,  1.,  0.,  0.,  0.,  0.,  0.]],

        [[ 0.,  0., -1.,  0.,  1.,  0.,  0.,  0.,  0.,  0.]],

        [[ 0.,  0.,  0., -1.,  1.,  0.,  0.,  0.,  0.,  0.]],

        [[ 0.,  0.,  0.,  0.,  1., -1.,  0.,  0.,  0.,  0.]],

        [[ 0.,  0.,  0.,  0.,  1.,  0., -1.,  0.,  0.,  0.]],

        [[ 0.,  0.,  0.,  0.,  1.,  0.,  0., -1.,  0.,  0.]],

        [[ 0.,  0.,  0.,  0.,  1.,  0.,  0.,  0., -1.,  0.]],

        [[ 0.,  0.,  0.,  0.,  1.,  0.,  0.,  0.,  0., -1.]]], device='cuda:0')
RHS: tensor([[0.],
        [0.],
        [0.],
        [0.],
        [0.],
        [0.],
        [0.],
        [0.],
        [0.]], device='cuda:0')
OR spec sizes: tensor([1, 1, 1, 1, 1, 1, 1, 1, 1], device='cuda:0', dtype=torch.int32)
Remaining timeout: 9.198642253875732
Model prediction is: tensor([-3.55599618, -5.92467594, -4.21273756, -7.40596437, 10.47449398,
        -5.56589174, -6.34067917, -1.33343637, -4.67685986,  3.73781037],
       device='cuda:0')
Activation BaB batch 1/1 
build_with_refined_bounds batch [1/1]
Optimizable variables initialized.
all alpha initialized
directly get lb and ub from refined bounds
c shape: torch.Size([9, 1, 10])
lA shapes: [torch.Size([9, 1, 256]), torch.Size([9, 1, 128])]
torch.Size([9, 1])
(alpha-)CROWN with fixed intermediate bounds: tensor([[-3.67389870],
        [-0.05140591],
        [-4.70203686],
        [-2.97055817],
        [-2.71775818],
        [-2.04699516],
        [-5.63228989],
        [-4.47116470],
        [-9.46590805]], device='cuda:0') tensor([[inf],
        [inf],
        [inf],
        [inf],
        [inf],
        [inf],
        [inf],
        [inf],
        [inf]], device='cuda:0')
Intermediate layers: /input,/input-3
Keeping alphas for these layers: ['/18']
Node /15 input 0: size torch.Size([256]) unstable 145
Node /17 input 0: size torch.Size([128]) unstable 87
-----------------
# of unstable neurons: 232
-----------------

BaB round 1
batch: 9
splitting decisions: 
split level 0: [/input-3, 0] [/input, 163] [/input, 71] [/input-3, 0] [/input, 163] [/input-3, 44] [/input, 231] [/input, 163] [/input, 71] 
best_l after optimization: -61.485862731933594
beta sum per layer: [1.782228708267212, 2.2412025928497314]
alpha/beta optimization time: 0.6180858612060547
pruning_in_iteration open status: False
ratio of positive domain = 2 / 18 = 0.11111111111111116
pruning-in-iteration extra time: 0.00034165382385253906
torch.Size([18, 1])
Time: prepare 0.0018    bound 0.6192    transfer 0.0013    finalize 0.0049    func 0.6273    
Accumulated time: func 0.6273    prepare 0.0094    bound 0.6192    transfer 0.0013    finalize 0.0049    
max lb tensor(0.58108330) min lb tensor(-9.09167004)
Number of Verified Splits: 2 of 18
Current worst splitting domains lb-rhs (depth):
-9.09167 (1), -9.00560 (1), -5.23773 (1), -4.96458 (1), -4.26565 (1), -4.09784 (1), -3.86476 (1), -3.80541 (1), -3.26193 (1), -3.07393 (1), -2.58663 (1), -2.20402 (1), -2.04243 (1), -1.94225 (1), -1.68369 (1), -1.16133 (1), 
Length of domains: 16
Current (lb-rhs): -9.091670036315918
18 domains visited
Time: pickout 0.0016    decision 0.0586    set_bounds 0.0014    solve 0.6282    add 0.0065    
Accumulated time: pickout 0.0016    decision 0.0586    set_bounds 0.0014    solve 0.6282    add 0.0065    
Cumulative time: 0.7333152294158936

BaB round 2
batch: 16
splitting decisions: 
split level 0: [/input, 71] [/input, 163] [/input, 71] [/input, 141] [/input, 243] [/input-3, 44] [/input, 141] [/input, 141] [/input-3, 44] [/input, 163] 
best_l after optimization: -109.18824768066406
beta sum per layer: [10.883058547973633, 7.089911460876465]
alpha/beta optimization time: 0.5569262504577637
pruning_in_iteration open status: False
ratio of positive domain = 0 / 32 = 0.0
pruning-in-iteration extra time: 0.0007181167602539062
torch.Size([32, 1])
Time: prepare 0.0038    bound 0.5584    transfer 0.0009    finalize 0.0060    func 0.5693    
Accumulated time: func 1.1965    prepare 0.0176    bound 1.1776    transfer 0.0022    finalize 0.0109    
max lb tensor(-0.55049610) min lb tensor(-8.72587204)
Number of Verified Splits: 0 of 32
Current worst splitting domains lb-rhs (depth):
-8.72587 (2), -8.65288 (2), -8.62004 (2), -8.56998 (2), -4.89529 (2), -4.62764 (2), -4.59836 (2), -4.36155 (2), -3.94074 (2), -3.75892 (2), -3.68850 (2), -3.57000 (2), -3.54672 (2), -3.49764 (2), -3.26561 (2), -2.98164 (2), -2.88706 (2), -2.73783 (2), -2.65392 (2), -2.19057 (2), 
Length of domains: 32
Current (lb-rhs): -8.725872039794922
50 domains visited
Time: pickout 0.0125    decision 0.0429    set_bounds 0.0019    solve 0.5699    add 0.0021    
Accumulated time: pickout 0.0141    decision 0.1015    set_bounds 0.0034    solve 1.1982    add 0.0085    
Cumulative time: 1.3627746105194092

BaB round 3
batch: 32
splitting decisions: 
split level 0: [/input-3, 44] [/input, 141] [/input, 141] [/input-3, 0] [/input, 163] [/input, 54] [/input, 239] [/input-3, 0] [/input, 243] [/input, 141] 
best_l after optimization: -176.54624938964844
beta sum per layer: [43.35485076904297, 23.725574493408203]
alpha/beta optimization time: 0.5558657646179199
pruning_in_iteration open status: False
ratio of positive domain = 3 / 64 = 0.046875
pruning-in-iteration extra time: 0.0008974075317382812
torch.Size([64, 1])
Time: prepare 0.0026    bound 0.5576    transfer 0.0022    finalize 0.0054    func 0.5679    
Accumulated time: func 1.7644    prepare 0.0246    bound 1.7353    transfer 0.0044    finalize 0.0163    
max lb tensor(0.38312721) min lb tensor(-8.50596714)
Number of Verified Splits: 3 of 64
Current worst splitting domains lb-rhs (depth):
-8.50597 (3), -8.43506 (3), -8.38305 (3), -8.33945 (3), -7.62153 (3), -7.59864 (3), -7.53992 (3), -7.53453 (3), -4.71062 (3), -4.42849 (3), -4.15356 (3), -4.06346 (3), -3.93999 (3), -3.84020 (3), -3.56456 (3), -3.53065 (3), -3.51486 (3), -3.44450 (3), -3.26379 (3), -3.25141 (3), 
Length of domains: 61
Current (lb-rhs): -8.505967140197754
114 domains visited
Time: pickout 0.0145    decision 0.0544    set_bounds 0.0022    solve 0.5691    add 0.0035    
Accumulated time: pickout 0.0286    decision 0.1559    set_bounds 0.0056    solve 1.7673    add 0.0120    
Cumulative time: 2.006662607192993

BaB round 4
batch: 61
splitting decisions: 
split level 0: [/input, 243] [/input, 239] [/input, 163] [/input, 135] [/input, 252] [/input, 141] [/input, 250] [/input, 243] [/input, 150] [/input, 239] 
best_l after optimization: -280.9345703125
beta sum per layer: [127.41276550292969, 55.82246017456055]
alpha/beta optimization time: 0.6589999198913574
pruning_in_iteration open status: False
ratio of positive domain = 13 / 122 = 0.10655737704918034
pruning-in-iteration extra time: 0.0009620189666748047
torch.Size([122, 1])
Time: prepare 0.0036    bound 0.6609    transfer 0.0022    finalize 0.0115    func 0.6783    
Accumulated time: func 2.4427    prepare 0.0327    bound 2.3961    transfer 0.0066    finalize 0.0278    
max lb tensor(0.59759521) min lb tensor(-8.15328026)
Number of Verified Splits: 13 of 122
Current worst splitting domains lb-rhs (depth):
-8.15328 (4), -8.11080 (4), -8.07802 (4), -8.07282 (4), -8.02827 (4), -8.02293 (4), -8.02234 (4), -7.97226 (4), -7.31005 (4), -7.30467 (4), -7.27615 (4), -7.26309 (4), -7.24850 (4), -7.23256 (4), -7.17551 (4), -7.15735 (4), -4.30551 (4), -4.29608 (4), -4.03163 (4), -4.00034 (4), 
Length of domains: 109
Current (lb-rhs): -8.153280258178711
236 domains visited
Time: pickout 0.0140    decision 0.0858    set_bounds 0.0041    solve 0.6793    add 0.0016    
Accumulated time: pickout 0.0426    decision 0.2416    set_bounds 0.0097    solve 2.4465    add 0.0136    
Cumulative time: 2.7916388511657715

BaB round 5
batch: 64
splitting decisions: 
split level 0: [/input, 105] [/input-3, 74] [/input, 150] [/input, 150] [/input, 250] [/input, 239] [/input-3, 25] [/input, 105] [/input-3, 74] [/input, 150] 
best_l after optimization: -254.3319549560547
beta sum per layer: [187.67477416992188, 97.41900634765625]
alpha/beta optimization time: 0.4831252098083496
pruning_in_iteration open status: False
ratio of positive domain = 19 / 128 = 0.1484375
pruning-in-iteration extra time: 0.0002491474151611328
torch.Size([128, 1])
Time: prepare 0.0040    bound 0.4842    transfer 0.0003    finalize 0.0019    func 0.4904    
Accumulated time: func 2.9331    prepare 0.0424    bound 2.8803    transfer 0.0068    finalize 0.0297    
max lb tensor(0.40759563) min lb tensor(-7.88084698)
Number of Verified Splits: 19 of 128
Current worst splitting domains lb-rhs (depth):
-8.11080 (4), -8.07802 (4), -8.02827 (4), -8.02293 (4), -7.88085 (5), -7.82765 (5), -7.75362 (5), -7.72440 (5), -7.36039 (5), -7.31005 (4), -7.30467 (4), -7.13826 (5), -7.08696 (5), -7.03462 (5), -7.01552 (5), -7.01519 (5), -6.99504 (5), -6.91535 (5), -6.90543 (5), -6.89980 (5), 
Length of domains: 154
Current (lb-rhs): -8.110803604125977
364 domains visited
Time: pickout 0.0107    decision 0.0778    set_bounds 0.0039    solve 0.4911    add 0.0011    
Accumulated time: pickout 0.0533    decision 0.3194    set_bounds 0.0136    solve 2.9376    add 0.0147    
Cumulative time: 3.376319408416748

BaB round 6
batch: 64
splitting decisions: 
split level 0: [/input, 250] [/input-3, 104] [/input, 57] [/input-3, 104] [/input-3, 81] [/input-3, 126] [/input-3, 81] [/input-3, 40] [/input-3, 104] [/input-3, 81] 
best_l after optimization: -209.8029022216797
beta sum per layer: [205.7352752685547, 133.60552978515625]
alpha/beta optimization time: 0.4211912155151367
pruning_in_iteration open status: True
ratio of positive domain = 41 / 128 = 0.3203125
pruning-in-iteration extra time: 0.021296977996826172
torch.Size([128, 1])
Time: prepare 0.0033    bound 0.4221    transfer 0.0003    finalize 0.0016    func 0.4274    
Accumulated time: func 3.3605    prepare 0.0470    bound 3.3024    transfer 0.0071    finalize 0.0314    
max lb tensor(9.99999975e-05) min lb tensor(-7.64903212)
Number of Verified Splits: 41 of 128
Current worst splitting domains lb-rhs (depth):
-8.11080 (4), -8.07802 (4), -8.02827 (4), -8.02293 (4), -7.64903 (6), -7.57424 (6), -7.50687 (6), -7.45640 (6), -7.36039 (5), -7.31005 (4), -7.30467 (4), -7.29664 (6), -7.25861 (6), -7.25691 (6), -7.20271 (6), -7.13826 (5), -7.08696 (5), -6.89980 (5), -6.87046 (5), -6.84608 (6), 
Length of domains: 177
Current (lb-rhs): -8.110803604125977
492 domains visited
Time: pickout 0.0106    decision 0.0237    set_bounds 0.0032    solve 0.4279    add 0.0010    
Accumulated time: pickout 0.0638    decision 0.3431    set_bounds 0.0168    solve 3.3655    add 0.0156    
Cumulative time: 3.84294056892395

BaB round 7
batch: 64
splitting decisions: 
split level 0: [/input, 150] [/input-3, 74] [/input-3, 25] [/input-3, 42] [/input-3, 0] [/input, 150] [/input, 250] [/input-3, 25] [/input, 240] [/input, 150] 
best_l after optimization: -256.6754150390625
beta sum per layer: [199.8807830810547, 168.42413330078125]
alpha/beta optimization time: 0.45215392112731934
pruning_in_iteration open status: True
ratio of positive domain = 33 / 128 = 0.2578125
pruning-in-iteration extra time: 0.021950721740722656
torch.Size([128, 1])
Time: prepare 0.0036    bound 0.4531    transfer 0.0003    finalize 0.0024    func 0.4594    
Accumulated time: func 3.8200    prepare 0.0519    bound 3.7555    transfer 0.0074    finalize 0.0337    
max lb tensor(9.99999975e-05) min lb tensor(-7.39304256)
Number of Verified Splits: 33 of 128
Current worst splitting domains lb-rhs (depth):
-8.11080 (4), -8.07802 (4), -8.02827 (4), -8.02293 (4), -7.39304 (7), -7.36039 (5), -7.31747 (7), -7.31005 (4), -7.30467 (4), -7.26604 (7), -7.22034 (7), -7.21173 (7), -7.15193 (7), -7.13826 (5), -7.08696 (5), -7.03630 (7), -7.00711 (7), -6.99223 (7), -6.98594 (7), -6.96038 (7), 
Length of domains: 208
Current (lb-rhs): -8.110803604125977
620 domains visited
Time: pickout 0.0107    decision 0.0225    set_bounds 0.0035    solve 0.4601    add 0.0011    
Accumulated time: pickout 0.0745    decision 0.3655    set_bounds 0.0203    solve 3.8256    add 0.0167    
Cumulative time: 4.341120481491089

BaB round 8
batch: 64
splitting decisions: 
split level 0: [/input-3, 25] [/input-3, 81] [/input-3, 25] [/input-3, 81] [/input-3, 74] [/input-3, 25] [/input-3, 74] [/input, 239] [/input-3, 81] [/input-3, 40] 
best_l after optimization: -282.298828125
beta sum per layer: [198.1575469970703, 256.53076171875]
alpha/beta optimization time: 0.4833536148071289
pruning_in_iteration open status: True
ratio of positive domain = 35 / 128 = 0.2734375
pruning-in-iteration extra time: 0.02114129066467285
torch.Size([128, 1])
Time: prepare 0.0037    bound 0.4844    transfer 0.0003    finalize 0.0017    func 0.4902    
Accumulated time: func 4.3101    prepare 0.0571    bound 4.2399    transfer 0.0077    finalize 0.0354    
max lb tensor(9.99999975e-05) min lb tensor(-7.20579243)
Number of Verified Splits: 35 of 128
Current worst splitting domains lb-rhs (depth):
-8.11080 (4), -8.07802 (4), -8.02827 (4), -8.02293 (4), -7.36039 (5), -7.31005 (4), -7.30467 (4), -7.22034 (7), -7.20579 (8), -7.15193 (7), -7.13826 (5), -7.13449 (8), -7.08696 (5), -7.08691 (8), -7.03320 (8), -6.98594 (7), -6.95653 (7), -6.89980 (5), -6.87046 (5), -6.85477 (8), 
Length of domains: 237
Current (lb-rhs): -8.110803604125977
748 domains visited
Time: pickout 0.0087    decision 0.0257    set_bounds 0.0036    solve 0.4907    add 0.0017    
Accumulated time: pickout 0.0832    decision 0.3912    set_bounds 0.0238    solve 4.3163    add 0.0184    
Cumulative time: 4.871917009353638

BaB round 9
batch: 64
splitting decisions: 
split level 0: [/input, 57] [/input-3, 74] [/input-3, 25] [/input-3, 126] [/input-3, 25] [/input-3, 126] [/input-3, 74] [/input-3, 25] [/input-3, 25] [/input-3, 25] 
best_l after optimization: -281.1025085449219
beta sum per layer: [240.56576538085938, 368.8851623535156]
alpha/beta optimization time: 0.6004719734191895
pruning_in_iteration open status: False
ratio of positive domain = 17 / 128 = 0.1328125
pruning-in-iteration extra time: 0.0005576610565185547
torch.Size([128, 1])
Time: prepare 0.0035    bound 0.6019    transfer 0.0014    finalize 0.0100    func 0.6168    
Accumulated time: func 4.9269    prepare 0.0620    bound 4.8417    transfer 0.0091    finalize 0.0454    
max lb tensor(0.35853767) min lb tensor(-6.72051048)
Number of Verified Splits: 17 of 128
Current worst splitting domains lb-rhs (depth):
-8.11080 (4), -8.07802 (4), -8.02827 (4), -8.02293 (4), -7.36039 (5), -7.31005 (4), -7.30467 (4), -7.22034 (7), -7.20579 (8), -7.15193 (7), -7.13826 (5), -7.13449 (8), -7.08696 (5), -7.08691 (8), -7.03320 (8), -6.98594 (7), -6.95653 (7), -6.89980 (5), -6.87046 (5), -6.84608 (6), 
Length of domains: 284
Current (lb-rhs): -8.110803604125977
876 domains visited
Time: pickout 0.0085    decision 0.0224    set_bounds 0.0034    solve 0.6182    add 0.0027    
Accumulated time: pickout 0.0917    decision 0.4136    set_bounds 0.0272    solve 4.9345    add 0.0211    
Cumulative time: 5.527355670928955

BaB round 10
batch: 64
splitting decisions: 
split level 0: [/input-3, 21] [/input-3, 21] [/input-3, 21] [/input-3, 21] [/input-3, 21] [/input, 57] [/input, 57] [/input, 57] [/input, 57] [/input-3, 21] 
best_l after optimization: -253.01361083984375
beta sum per layer: [217.12948608398438, 525.907958984375]
alpha/beta optimization time: 0.5884506702423096
pruning_in_iteration open status: False
ratio of positive domain = 18 / 128 = 0.140625
pruning-in-iteration extra time: 0.0003058910369873047
torch.Size([128, 1])
Time: prepare 0.0060    bound 0.5897    transfer 0.0011    finalize 0.0051    func 0.6020    
Accumulated time: func 5.5289    prepare 0.0749    bound 5.4314    transfer 0.0102    finalize 0.0505    
max lb tensor(0.48231983) min lb tensor(-4.04925776)
Number of Verified Splits: 18 of 128
Current worst splitting domains lb-rhs (depth):
-8.11080 (4), -8.07802 (4), -8.02827 (4), -8.02293 (4), -7.36039 (5), -7.31005 (4), -7.30467 (4), -7.22034 (7), -7.20579 (8), -7.15193 (7), -7.13826 (5), -7.13449 (8), -7.08696 (5), -7.08691 (8), -7.03320 (8), -6.98594 (7), -6.95653 (7), -6.89980 (5), -6.87046 (5), -6.84608 (6), 
Length of domains: 330
Current (lb-rhs): -8.110803604125977
1004 domains visited
Time: pickout 0.0131    decision 0.0864    set_bounds 0.0042    solve 0.6026    add 0.0018    
Accumulated time: pickout 0.1049    decision 0.5000    set_bounds 0.0314    solve 5.5371    add 0.0229    
Cumulative time: 6.235900402069092

BaB round 11
batch: 64
splitting decisions: 
split level 0: [/input-3, 14] [/input-3, 14] [/input-3, 14] [/input-3, 14] [/input-3, 21] [/input-3, 21] [/input-3, 25] [/input-3, 14] [/input-3, 14] [/input-3, 14] 
best_l after optimization: -253.36854553222656
beta sum per layer: [224.120361328125, 548.1029663085938]
alpha/beta optimization time: 0.5945053100585938
pruning_in_iteration open status: False
ratio of positive domain = 10 / 128 = 0.078125
pruning-in-iteration extra time: 0.0007295608520507812
torch.Size([128, 1])
Time: prepare 0.0047    bound 0.5961    transfer 0.0009    finalize 0.0050    func 0.6068    
Accumulated time: func 6.1357    prepare 0.0837    bound 6.0275    transfer 0.0112    finalize 0.0555    
max lb tensor(0.35268688) min lb tensor(-3.60867882)
Number of Verified Splits: 10 of 128
Current worst splitting domains lb-rhs (depth):
-8.11080 (4), -8.07802 (4), -8.02827 (4), -8.02293 (4), -7.36039 (5), -7.31005 (4), -7.30467 (4), -7.22034 (7), -7.20579 (8), -7.15193 (7), -7.13826 (5), -7.13449 (8), -7.08696 (5), -7.08691 (8), -7.03320 (8), -6.98594 (7), -6.95653 (7), -6.89980 (5), -6.87046 (5), -6.84608 (6), 
Length of domains: 384
Current (lb-rhs): -8.110803604125977
1132 domains visited
Time: pickout 0.0198    decision 0.0829    set_bounds 0.0042    solve 0.6074    add 0.0018    
Accumulated time: pickout 0.1247    decision 0.5830    set_bounds 0.0356    solve 6.1445    add 0.0248    
Cumulative time: 6.952402591705322

BaB round 12
batch: 64
splitting decisions: 
split level 0: [/input-3, 14] [/input-3, 27] [/input-3, 27] [/input-3, 27] [/input-3, 27] [/input-3, 27] [/input-3, 27] [/input-3, 27] [/input-3, 27] [/input-3, 14] 
best_l after optimization: -155.38168334960938
beta sum per layer: [202.2130126953125, 550.2648315429688]
alpha/beta optimization time: 0.5402824878692627
pruning_in_iteration open status: True
ratio of positive domain = 42 / 128 = 0.328125
pruning-in-iteration extra time: 0.013686180114746094
torch.Size([128, 1])
Time: prepare 0.0038    bound 0.5412    transfer 0.0003    finalize 0.0018    func 0.5471    
Accumulated time: func 6.6828    prepare 0.0930    bound 6.5687    transfer 0.0115    finalize 0.0573    
max lb tensor(0.00227404) min lb tensor(-3.30692530)
Number of Verified Splits: 42 of 128
Current worst splitting domains lb-rhs (depth):
-8.11080 (4), -8.07802 (4), -8.02827 (4), -8.02293 (4), -7.36039 (5), -7.31005 (4), -7.30467 (4), -7.22034 (7), -7.20579 (8), -7.15193 (7), -7.13826 (5), -7.13449 (8), -7.08696 (5), -7.08691 (8), -7.03320 (8), -6.98594 (7), -6.95653 (7), -6.89980 (5), -6.87046 (5), -6.84608 (6), 
Length of domains: 406
Current (lb-rhs): -8.110803604125977
1260 domains visited
Time: pickout 0.0135    decision 0.0786    set_bounds 0.0035    solve 0.5476    add 0.0010    
Accumulated time: pickout 0.1382    decision 0.6616    set_bounds 0.0391    solve 6.6922    add 0.0257    
Cumulative time: 7.596891403198242

BaB round 13
batch: 64
splitting decisions: 
split level 0: [/input-3, 14] [/input-3, 14] [/input-3, 65] [/input-3, 65] [/input-3, 65] [/input-3, 65] [/input-3, 27] [/input-3, 65] [/input-3, 65] [/input-3, 79] 
best_l after optimization: -132.75390625
beta sum per layer: [203.565185546875, 533.587158203125]
alpha/beta optimization time: 0.4014863967895508
pruning_in_iteration open status: True
ratio of positive domain = 31 / 128 = 0.2421875
pruning-in-iteration extra time: 0.009995698928833008
torch.Size([128, 1])
Time: prepare 0.0037    bound 0.4024    transfer 0.0010    finalize 0.0043    func 0.4115    
Accumulated time: func 7.0943    prepare 0.0981    bound 6.9711    transfer 0.0124    finalize 0.0616    
max lb tensor(0.00831079) min lb tensor(-3.16908884)
Number of Verified Splits: 31 of 128
Current worst splitting domains lb-rhs (depth):
-8.11080 (4), -8.07802 (4), -8.02827 (4), -8.02293 (4), -7.36039 (5), -7.31005 (4), -7.30467 (4), -7.22034 (7), -7.20579 (8), -7.15193 (7), -7.13826 (5), -7.13449 (8), -7.08696 (5), -7.08691 (8), -7.03320 (8), -6.98594 (7), -6.95653 (7), -6.89980 (5), -6.87046 (5), -6.84608 (6), 
Length of domains: 439
Current (lb-rhs): -8.110803604125977
1388 domains visited
Time: pickout 0.0084    decision 0.0247    set_bounds 0.0033    solve 0.4124    add 0.0016    
Accumulated time: pickout 0.1466    decision 0.6863    set_bounds 0.0424    solve 7.1046    add 0.0273    
Cumulative time: 8.047744512557983

BaB round 14
batch: 64
splitting decisions: 
split level 0: [/input-3, 40] [/input-3, 40] [/input-3, 40] [/input-3, 27] [/input-3, 27] [/input-3, 40] [/input-3, 40] [/input-3, 40] [/input-3, 40] [/input-3, 27] 
best_l after optimization: -89.76510620117188
beta sum per layer: [187.930419921875, 525.4947509765625]
alpha/beta optimization time: 0.5004246234893799
pruning_in_iteration open status: True
ratio of positive domain = 45 / 128 = 0.3515625
pruning-in-iteration extra time: 0.024477481842041016
torch.Size([128, 1])
Time: prepare 0.0042    bound 0.5014    transfer 0.0003    finalize 0.0016    func 0.5076    
Accumulated time: func 7.6020    prepare 0.1041    bound 7.4725    transfer 0.0128    finalize 0.0631    
max lb tensor(9.99999975e-05) min lb tensor(-2.90681124)
Number of Verified Splits: 45 of 128
Current worst splitting domains lb-rhs (depth):
-8.11080 (4), -8.07802 (4), -8.02827 (4), -8.02293 (4), -7.36039 (5), -7.31005 (4), -7.30467 (4), -7.22034 (7), -7.20579 (8), -7.15193 (7), -7.13826 (5), -7.13449 (8), -7.08696 (5), -7.08691 (8), -7.03320 (8), -6.98594 (7), -6.95653 (7), -6.89980 (5), -6.87046 (5), -6.84608 (6), 
Length of domains: 458
Current (lb-rhs): -8.110803604125977
1516 domains visited
Time: pickout 0.0111    decision 0.0314    set_bounds 0.0038    solve 0.5081    add 0.0012    
Accumulated time: pickout 0.1577    decision 0.7177    set_bounds 0.0462    solve 7.6128    add 0.0285    
Cumulative time: 8.603713750839233

BaB round 15
batch: 64
splitting decisions: 
split level 0: [/input-3, 40] [/input-3, 40] [/input-3, 40] [/input-3, 65] [/input-3, 40] [/input-3, 65] [/input-3, 74] [/input-3, 79] [/input-3, 79] [/input, 242] 
best_l after optimization: -70.10568237304688
beta sum per layer: [202.95840454101562, 534.382568359375]
alpha/beta optimization time: 0.45839715003967285
pruning_in_iteration open status: True
ratio of positive domain = 46 / 128 = 0.359375
pruning-in-iteration extra time: 0.02536177635192871
torch.Size([128, 1])
Time: prepare 0.0035    bound 0.4594    transfer 0.0007    finalize 0.0028    func 0.4665    
Accumulated time: func 8.0684    prepare 0.1091    bound 7.9319    transfer 0.0135    finalize 0.0659    
max lb tensor(9.99999975e-05) min lb tensor(-1.83598995)
Number of Verified Splits: 46 of 128
Current worst splitting domains lb-rhs (depth):
-8.11080 (4), -8.07802 (4), -8.02827 (4), -8.02293 (4), -7.36039 (5), -7.31005 (4), -7.30467 (4), -7.22034 (7), -7.20579 (8), -7.15193 (7), -7.13826 (5), -7.13449 (8), -7.08696 (5), -7.08691 (8), -7.03320 (8), -6.98594 (7), -6.95653 (7), -6.89980 (5), -6.87046 (5), -6.84608 (6), 
Length of domains: 476
Current (lb-rhs): -8.110803604125977
1644 domains visited
Time: pickout 0.0088    decision 0.0249    set_bounds 0.0036    solve 0.4672    add 0.0012    
Accumulated time: pickout 0.1664    decision 0.7425    set_bounds 0.0498    solve 8.0800    add 0.0297    
Cumulative time: 9.109687328338623

BaB round 16
batch: 64
splitting decisions: 
split level 0: [/input-3, 74] [/input-3, 40] [/input-3, 40] [/input-3, 89] [/input-3, 89] [/input-3, 89] [/input, 105] [/input-3, 89] [/input, 105] [/input-3, 89] 
best_l after optimization: -52.727806091308594
beta sum per layer: [211.55734252929688, 548.9305419921875]
alpha/beta optimization time: 0.827470064163208
pruning_in_iteration open status: True
ratio of positive domain = 48 / 128 = 0.375
pruning-in-iteration extra time: 0.03763866424560547
torch.Size([128, 1])
Time: prepare 0.0038    bound 0.8287    transfer 0.0020    finalize 0.0091    func 0.8436    
Accumulated time: func 8.9121    prepare 0.1155    bound 8.7607    transfer 0.0155    finalize 0.0750    
max lb tensor(9.99999975e-05) min lb tensor(-1.49560356)
Number of Verified Splits: 48 of 128
Current worst splitting domains lb-rhs (depth):
-8.11080 (4), -8.07802 (4), -8.02827 (4), -8.02293 (4), -7.36039 (5), -7.31005 (4), -7.30467 (4), -7.22034 (7), -7.20579 (8), -7.15193 (7), -7.13826 (5), -7.13449 (8), -7.08696 (5), -7.08691 (8), -7.03320 (8), -6.98594 (7), -6.95653 (7), -6.89980 (5), -6.87046 (5), -6.84608 (6), 
Length of domains: 492
Current (lb-rhs): -8.110803604125977
1772 domains visited
Time: pickout 0.0097    decision 0.0342    set_bounds 0.0038    solve 0.8453    add 0.0033    
Accumulated time: pickout 0.1761    decision 0.7767    set_bounds 0.0536    solve 8.9253    add 0.0330    
Time out!!!!!!!!
Result: unknown in 12.8141 seconds
############# Summary #############
Final verified acc: 10.0% (total 10 examples)
Problem instances count: 10 , total verified (safe/unsat): 1 , total falsified (unsafe/sat): 0 , timeout: 9
mean time for ALL instances (total 10):11.35300445128632, max time: 12.814135313034058
mean time for verified SAFE instances(total 1): 3.1953508853912354, max time: 3.1953508853912354
mean time for verified SAFE + TIMEOUT instances (total 10): 11.353015804290772, max time: 12.814135313034058 
unknown (total 9), index: [0, 1, 2, 3, 4, 5, 6, 7, 9]
safe (total 1), index: [8]
