INFO     09:31:13     [tensor_storage.py:70] Hugepage enabled for branch-and-bound domains.
Configurations:

general:
  device: cuda
  seed: 100
  conv_mode: patches
  deterministic: false
  double_fp: false
  loss_reduction_func: sum
  sparse_alpha: true
  sparse_interm: true
  save_adv_example: false
  verify_onnxruntime_output: false
  eval_adv_example: false
  onnx_adv_example: false
  show_adv_example: false
  precompile_jit: false
  reset_seed_after_precompile: false
  prepare_only: false
  complete_verifier: bab
  enable_incomplete_verification: true
  csv_name: null
  results_file: out.txt
  root_path: ''
  deterministic_opt: false
  graph_optimizer: 'Customized("custom_graph_optimizer", "default_optimizer")'
  buffer_has_batchdim: false
  save_output: false
  output_file: out.pkl
  return_optimized_model: false
  store_all_specs_on_cpu: false
  adhoc_tuning: null
model:
  name: null
  path: null
  onnx_path: ../saved_models/mnist_fcnn.onnx
  onnx_path_prefix: ''
  cache_onnx_conversion: false
  debug_onnx: false
  onnx_quirks: null
  input_shape: null
  onnx_loader: default_onnx_and_vnnlib_loader
  onnx_optimization_flags: []
  onnx_vnnlib_joint_optimization_flags: none
  check_optimized: false
  flatten_final_output: false
  optimize_graph: null
  with_jacobian: false
  bound_opts: null
data:
  start: 30
  end: 40
  select_instance: null
  num_outputs: 10
  mean: 0.0
  std: 1.0
  pkl_path: null
  dataset: MNIST
  data_filter_path: null
  data_idx_file: null
specification:
  type: lp
  robustness_type: verified-acc
  norm: .inf
  epsilon: 0.05
  epsilon_min: 0.0
  vnnlib_path: null
  vnnlib_path_prefix: ''
  shrink_eps: null
  rhs_offset: null
solver:
  batch_size: 64
  auto_enlarge_batch_size: false
  batched_crown_auto_enlarge_max_vram_ratio: 0.9
  min_batch_size_ratio: 0.1
  use_float64_in_last_iteration: false
  early_stop_patience: 10
  start_save_best: 0.5
  bound_prop_method: alpha-crown
  init_bound_prop_method: same
  prune_after_crown: true
  optimize_disjuncts_separately: false
  build_batch_size: 1000000
  skip_with_refined_bound: true
  forward_before_compute_bounds: false
  crown:
    batch_size: 1000000000
    max_crown_size: 1000000000
    activation_bound_option: adaptive
    compare_crown_with_ibp: false
  alpha-crown:
    alpha: true
    lr_alpha: 0.1
    iteration: 100
    share_alphas: false
    lr_decay: 0.98
    full_conv_alpha: true
    max_coeff_mul: .inf
    matmul_share_alphas: false
    disable_optimization: []
    max_time: 1.0
    alpha_dtype: float16
    input_split_alpha_iteration: 5
    input_split_lr_alpha: 0.05
  invprop:
    apply_output_constraints_to: []
    tighten_input_bounds: false
    best_of_oc_and_no_oc: false
    directly_optimize: []
    oc_lr: 0.1
    share_gammas: false
  beta-crown:
    lr_alpha: 0.01
    lr_beta: 0.05
    lr_decay: 0.98
    optimizer: adam
    iteration: 50
    beta: true
    beta_warmup: true
    enable_opt_interm_bounds: false
    all_node_split_LP: false
  forward:
    refine: false
    max_dim: 10000
    reset_threshold: 1.0
  mip:
    unstable_neuron_threshold: 0
    parallel_solvers: 2
    solver_threads: 1
    refine_neuron_timeout: 5.0
    refine_neuron_time_percentage: 0.8
    early_stop: true
    adv_warmup: true
    mip_solver: gurobi
    skip_unsafe: false
    topk_filter: 1.0
    sliding_window: -1
    extra_constraint: false
    refine_neuron_timeout_increasement: 0
    timeout_neuron_percentage: 0.3
    remaining_timeout_threshold: 1
    remove_unstable_neurons: false
    formulation: mip
    output_cut: false
bab:
  max_domains: .inf
  decision_thresh: 0
  timeout: 12.0
  timeout_scale: 1
  max_iterations: -1
  override_timeout: null
  get_upper_bound: false
  pruning_in_iteration: true
  pruning_in_iteration_ratio: 0.2
  sort_targets: false
  batched_domain_list: true
  optimized_interm: ''
  interm_transfer: true
  recompute_interm: false
  sort_domain_interval: -1
  vanilla_crown: false
  tree_traversal: depth_first
  hugetensor_allocator: true
  cut:
    enabled: false
    cuts_path: null
    bab_cut: false
    lp_cut: false
    lr: 0.01
    lr_decay: 1.0
    iteration: 100
    bab_iteration: -1
    early_stop_patience: -1
    lr_beta: 0.02
    number_cuts: 50
    topk_cuts_in_filter: 1000
    batch_size_primal: 100
    max_num: 1000000000
    patches_cut: false
    cplex_cuts: false
    cplex_cuts_wait: 0
    cplex_cuts_revpickup: true
    cut_reference_bounds: true
    fix_intermediate_bounds: false
    manual_cuts: null
    biccos:
      enabled: false
      auto_param: true
      constraint_strengthening: true
      drop_ratio: 0.5
      max_infer_iter: 20
      max_domain: 10000.0
      heuristic: neuron_influence_score
      save_cuts: false
      multi_tree_branching:
        enabled: false
        restore_best_tree: true
        keep_n_best_domains: 50
        target_batch_size: 200
        iterations: 3
  clip_n_verify:
    rearrange_constraints: false
    alpha_crown: false
    prune: false
    final_layer: false
    clip_input_domain:
      enabled: false
      clip_type: relaxed
      clip_neuron_selection_type: ratio
      clip_neuron_selection_value: -1.0
      clip_iterations: 1
      clip_calculate_volume_metrics: false
    clip_interm_domain:
      enabled: false
      with_input: false
      clip_in_alpha_crown: false
      topk_objective: 20
  branching:
    method: kfsb
    candidates: 3
    reduceop: min
    enable_intermediate_bound_opt: false
    branching_input_and_activation: false
    branching_input_and_activation_order: [input, relu]
    branching_input_iterations: 30
    branching_relu_iterations: 50
    nonlinear_split:
      method: bbps
      disable: false
      branching_point_method: uniform
      num_branches: 2
      filter: false
      filter_beta: false
      filter_clamp: false
      filter_batch_size: 10000
      filter_iterations: 25
      relu_only: false
      loose_tanh_threshold: null
      branching_point:
        db_path: branching_points.pt
        num_iterations: 1000
        batch_size: 1000000
        range_l: -5.0
        range_u: 5.0
        log_interval: 100
        step_size_1d: 0.01
        step_size: 0.2
    input_split:
      split_hint: null
      enable: false
      reorder_bab: false
      input_dim_threshold: 20
      adv_check: 0
      split_partitions: 2
      sb_margin_weight: 1.0
      sb_sum: false
      sb_primary_spec: null
      bf_backup_thresh: -1
      bf_rhs_offset: 0
      bf_iters: 1000000000.0
      bf_batch_size: 100000
      bf_zero_crossing_score: false
      touch_zero_score: 0
      ibp_enhancement: true
      compare_with_old_bounds: true
      update_rhs_with_attack: false
      sb_coeff_thresh: 0.001
      sort_index: null
      sort_descending: true
      show_progress: false
      presplit_domains: null
      skip_getting_worst_domain: false
  attack:
    enabled: false
    beam_candidates: 8
    beam_depth: 7
    max_dive_fix_ratio: 0.8
    min_local_free_ratio: 0.2
    mip_start_iteration: 5
    mip_timeout: 30.0
    adv_pool_threshold: null
    refined_mip_attacker: false
    refined_batch_size: null
attack:
  general_attack: true
  pgd_order: skip
  pgd_steps: 100
  pgd_restarts: 30
  pgd_batch_size: 100000000
  pgd_early_stop: true
  pgd_lr_decay: 0.99
  pgd_alpha: auto
  pgd_alpha_scale: false
  pgd_loss_mode: null
  pgd_restart_when_stuck: false
  enable_mip_attack: false
  adv_saver: default_adv_saver
  adv_verifier: default_adv_verifier
  early_stop_condition: default_early_stop_condition
  adv_example_finalizer: default_adv_example_finalizer
  pgd_loss: default_pgd_loss
  cex_path: ./test_cex.txt
  attack_mode: PGD
  attack_tolerance: 0.0
  attack_func: attack_with_general_specs
  gama_lambda: 10.0
  gama_decay: 0.9
  input_split:
    pgd_steps: 100
    pgd_restarts: 30
    pgd_alpha: auto
  input_split_check_adv:
    enabled: auto
    pgd_steps: 5
    pgd_restarts: 5
    pgd_alpha: auto
    max_num_domains: 10
debug:
  view_model: false
  lp_test: null
  rescale_vnnlib_ptb: null
  test_optimized_bounds: false
  test_optimized_bounds_after_n_iterations: 0
  print_verbose_decisions: false
  biccos_mip_sanity_check: false
  sanity_check: 0
  z_split_enabled: false
  save_minimal_config: null
  save_minimal_config_omit_keys: []

/home/han/miniconda3/envs/alpha-beta-crown/lib/python3.10/site-packages/onnx2pytorch/convert/layer.py:29: UserWarning: The given NumPy array is not writable, and PyTorch does not support non-writable tensors. This means writing to this tensor will result in undefined behavior. You may want to copy the array to protect its data or make it writable before converting it to a tensor. This type of warning will be suppressed for the rest of this program. (Triggered internally at ../torch/csrc/utils/tensor_numpy.cpp:206.)
  layer.weight.data = torch.from_numpy(numpy_helper.to_array(weight))
/home/han/miniconda3/envs/alpha-beta-crown/lib/python3.10/site-packages/onnx2pytorch/convert/model.py:151: UserWarning: Using experimental implementation that allows 'batch_size > 1'.Batchnorm layers could potentially produce false outputs.
  warnings.warn(
Experiments at Sat Apr  4 09:31:13 2026 on LAPTOP-RGROMBPB
Loading onnx ../saved_models/mnist_fcnn.onnx with quirks {}
Finished onnx model loading in 0.0264 seconds
ConvertModel(
  (Flatten_/flatten/Flatten_output_0): Flatten()
  (Gemm_/fc1/Gemm_output_0): Linear(in_features=784, out_features=256, bias=True)
  (Relu_/relu1/Relu_output_0): ReLU()
  (Gemm_/fc2/Gemm_output_0): Linear(in_features=256, out_features=128, bias=True)
  (Relu_/relu2/Relu_output_0): ReLU()
  (Gemm_output): Linear(in_features=128, out_features=10, bias=True)
)
Parameters:
  Gemm_/fc1/Gemm_output_0.weight: shape torch.Size([256, 784])
  Gemm_/fc1/Gemm_output_0.bias: shape torch.Size([256])
  Gemm_/fc2/Gemm_output_0.weight: shape torch.Size([128, 256])
  Gemm_/fc2/Gemm_output_0.bias: shape torch.Size([128])
  Gemm_output.weight: shape torch.Size([10, 128])
  Gemm_output.bias: shape torch.Size([10])
Trying generic MNIST/CIFAR data loader.
/home/han/alpha-beta-CROWN/complete_verifier/specifications.py:342: UserWarning: Creating a tensor from a list of numpy.ndarrays is extremely slow. Please consider converting the list to a single numpy.ndarray with numpy.array() before converting to a tensor. (Triggered internally at ../torch/csrc/utils/tensor_new.cpp:278.)
  x_range_list = torch.Tensor(x_range_list).to(dtype=dtype, device=device).view(input_shape + [2])
/home/han/alpha-beta-CROWN/auto_LiRPA/auto_LiRPA/beta_crown.py:52: DeprecationWarning: __array__ implementation doesn't accept a copy keyword, so passing copy=False failed. __array__ must implement 'dtype' and 'copy' keyword arguments. To learn more, see the migration guide https://numpy.org/devdocs/numpy_2_0_migration_guide.html#adapting-to-changes-in-the-copy-keyword
  sign_numpy[bi, :split_len] = split_coeffs
Internal results will be saved to out.txt.

 %%%%%%%%%%%%%%%%%%%%%%%%%%%%%%%%%%% idx: 0, vnnlib ID: 30 %%%%%%%%%%%%%%%%%%%%%%%%%%%%%%%%%%%
Finished vnnlib processing in 0.628921 seconds
Model: BoundedModule(
  (/0): BoundInput(name=/0, inputs=[], perturbed=True)
  (/7): BoundParams(name=/7, inputs=[], perturbed=False)
  (/8): BoundParams(name=/8, inputs=[], perturbed=False)
  (/9): BoundParams(name=/9, inputs=[], perturbed=False)
  (/10): BoundParams(name=/10, inputs=[], perturbed=False)
  (/11): BoundParams(name=/11, inputs=[], perturbed=False)
  (/12): BoundParams(name=/12, inputs=[], perturbed=False)
  (/13): BoundFlatten(name=/13, inputs=[/0], perturbed=True)
  (/input): BoundLinear(name=/input, inputs=[/13, /7, /8], perturbed=True)
  (/15): BoundRelu(name=/15, inputs=[/input], perturbed=True)
  (/input-3): BoundLinear(name=/input-3, inputs=[/15, /9, /10], perturbed=True)
  (/17): BoundRelu(name=/17, inputs=[/input-3], perturbed=True)
  (/18): BoundLinear(name=/18, inputs=[/17, /11, /12], perturbed=True)
)
Original output in the first batch: tensor([[ -6.87130260,  -4.78442621,  -2.42445850,  13.89417267, -10.14980602,
           0.14393358, -16.74854279,  -2.47069621,  -2.55110216,  -0.49456671]],
       device='cuda:0')
Split layers:
Nonlinear functions:
   BoundRelu(name=/15, inputs=[/input], perturbed=True)
   BoundRelu(name=/17, inputs=[/input-3], perturbed=True)
build batch [1/1]
layer /15 using sparse-features alpha with shape [133]; unstable size 133; total size 256 ([1, 256])
layer /15 start_node /input-3 using sparse-spec alpha [2, 77, 1, 133] with unstable size 76 total_size 128 output_shape torch.Size([128])
layer /15 start_node /18 using full alpha [2, 9, 1, 133] with unstable size None total_size 9 output_shape 9
layer /17 using sparse-features alpha with shape [76]; unstable size 76; total size 128 ([1, 128])
layer /17 start_node /18 using full alpha [2, 9, 1, 76] with unstable size None total_size 9 output_shape 9
Optimizable variables initialized.
initial CROWN bounds (first 10 items): [2.523434638977051, 1.3241662979125977, -0.8278274536132812, 4.038689613342285, -3.8221302032470703, 9.146478652954102, -3.0186643600463867, 2.3142833709716797, -2.963871955871582]
prune_after_crown optimization in use
  original spec size = torch.Size([1, 9])
  pruned spec size = torch.Size([1, 4])
Using alpha-CROWN to initialize bounds.
best_l after optimization: -7.169968605041504
alpha/beta optimization time: 2.7508351802825928
initial alpha-crown bounds (first 10 items): [0.24837207794189453, -3.205150604248047, -2.3041868209838867, -1.9090032577514648]
Global lower bound: -3.205150604248047
torch.Size([1, 4])
6 / 9 OR specs are verified.
Verified OR indices (first 10 items): [0, 1, 2, 3, 5, 7]
Verified OR lbs (first 10 items): [[inf], [inf], [0.24837207794189453], [inf], [inf], [inf]]
Unverified OR indices (first 10 items): [4, 6, 8]
Unverified OR lbs (first 10 items): [[-3.205150604248047], [-2.3041868209838867], [-1.9090032577514648]]
###### Verifying property Instance 0 ######
Batch size: 3
First 10 spec matrices
C: tensor([[[ 0.,  0.,  0.,  1.,  0., -1.,  0.,  0.,  0.,  0.]],

        [[ 0.,  0.,  0.,  1.,  0.,  0.,  0., -1.,  0.,  0.]],

        [[ 0.,  0.,  0.,  1.,  0.,  0.,  0.,  0.,  0., -1.]]], device='cuda:0')
RHS: tensor([[0.],
        [0.],
        [0.]], device='cuda:0')
OR spec sizes: tensor([1, 1, 1], device='cuda:0', dtype=torch.int32)
Remaining timeout: 7.435326099395752
Model prediction is: tensor([ -6.87130260,  -4.78442621,  -2.42445850,  13.89417267, -10.14980602,
          0.14393358, -16.74854279,  -2.47069621,  -2.55110216,  -0.49456671],
       device='cuda:0')
Activation BaB batch 1/1 
build_with_refined_bounds batch [1/1]
Optimizable variables initialized.
all alpha initialized
directly get lb and ub from refined bounds
c shape: torch.Size([3, 1, 10])
lA shapes: [torch.Size([3, 1, 256]), torch.Size([3, 1, 128])]
torch.Size([3, 1])
(alpha-)CROWN with fixed intermediate bounds: tensor([[-3.20515060],
        [-2.30418682],
        [-1.90900326]], device='cuda:0') tensor([[inf],
        [inf],
        [inf]], device='cuda:0')
Intermediate layers: /input,/input-3
Keeping alphas for these layers: ['/18']
Node /15 input 0: size torch.Size([256]) unstable 133
Node /17 input 0: size torch.Size([128]) unstable 73
-----------------
# of unstable neurons: 206
-----------------

BaB round 1
batch: 3
splitting decisions: 
split level 0: [/input, 173] [/input, 104] [/input-3, 71] 
best_l after optimization: -10.254286766052246
beta sum per layer: [1.4881304502487183, 0.48704251646995544]
alpha/beta optimization time: 0.5582537651062012
pruning_in_iteration open status: False
ratio of positive domain = 0 / 6 = 0.0
pruning-in-iteration extra time: 0.00010728836059570312
torch.Size([6, 1])
Time: prepare 0.0018    bound 0.5593    transfer 0.0001    finalize 0.0008    func 0.5622    
Accumulated time: func 0.5622    prepare 0.0030    bound 0.5593    transfer 0.0001    finalize 0.0008    
max lb tensor(-0.12383842) min lb tensor(-2.82763863)
Number of Verified Splits: 0 of 6
Current worst splitting domains lb-rhs (depth):
-2.82764 (1), -2.79919 (1), -1.88529 (1), -1.49912 (1), -1.11921 (1), -0.12384 (1), 
Length of domains: 6
Current (lb-rhs): -2.827638626098633
6 domains visited
Time: pickout 0.0015    decision 0.2093    set_bounds 0.0006    solve 0.5627    add 0.0052    
Accumulated time: pickout 0.0015    decision 0.2093    set_bounds 0.0006    solve 0.5627    add 0.0052    
Cumulative time: 0.8019795417785645

BaB round 2
batch: 6
splitting decisions: 
split level 0: [/input, 135] [/input, 238] [/input-3, 70] [/input-3, 71] [/input, 238] [/input-3, 70] 
best_l after optimization: -13.713724136352539
beta sum per layer: [4.936305522918701, 3.6543664932250977]
alpha/beta optimization time: 0.3984837532043457
pruning_in_iteration open status: False
ratio of positive domain = 2 / 12 = 0.16666666666666663
pruning-in-iteration extra time: 9.584426879882812e-05
torch.Size([12, 1])
Time: prepare 0.0010    bound 0.3994    transfer 0.0002    finalize 0.0009    func 0.4015    
Accumulated time: func 0.9636    prepare 0.0054    bound 0.9588    transfer 0.0003    finalize 0.0017    
max lb tensor(0.45881748) min lb tensor(-2.47205830)
Number of Verified Splits: 2 of 12
Current worst splitting domains lb-rhs (depth):
-2.47206 (2), -2.45334 (2), -1.58136 (2), -1.48793 (2), -1.43855 (2), -1.29957 (2), -1.18404 (2), -1.14264 (2), -0.85677 (2), -0.50374 (2), 
Length of domains: 10
Current (lb-rhs): -2.4720582962036133
18 domains visited
Time: pickout 0.0040    decision 0.0179    set_bounds 0.0010    solve 0.4020    add 0.0008    
Accumulated time: pickout 0.0054    decision 0.2272    set_bounds 0.0016    solve 0.9647    add 0.0060    
Cumulative time: 1.2277870178222656

BaB round 3
batch: 10
splitting decisions: 
split level 0: [/input-3, 71] [/input-3, 116] [/input, 104] [/input, 135] [/input, 104] [/input-3, 71] [/input-3, 116] [/input, 104] [/input, 135] [/input, 104] 
best_l after optimization: -15.767378807067871
beta sum per layer: [11.800357818603516, 10.387685775756836]
alpha/beta optimization time: 0.39027857780456543
pruning_in_iteration open status: False
ratio of positive domain = 4 / 20 = 0.19999999999999996
pruning-in-iteration extra time: 0.0003726482391357422
torch.Size([20, 1])
Time: prepare 0.0016    bound 0.3915    transfer 0.0002    finalize 0.0012    func 0.3946    
Accumulated time: func 1.3582    prepare 0.0094    bound 1.3502    transfer 0.0006    finalize 0.0029    
max lb tensor(0.14129257) min lb tensor(-2.08858871)
Number of Verified Splits: 4 of 20
Current worst splitting domains lb-rhs (depth):
-2.08859 (3), -2.08298 (3), -1.32684 (3), -1.24380 (3), -1.18395 (3), -1.17560 (3), -1.01009 (3), -1.00261 (3), -0.95522 (3), -0.91844 (3), -0.83349 (3), -0.60169 (3), -0.59069 (3), -0.56561 (3), -0.32095 (3), -0.29034 (3), 
Length of domains: 16
Current (lb-rhs): -2.0885887145996094
38 domains visited
Time: pickout 0.0031    decision 0.0204    set_bounds 0.0015    solve 0.3952    add 0.0010    
Accumulated time: pickout 0.0085    decision 0.2475    set_bounds 0.0031    solve 1.3599    add 0.0071    
Cumulative time: 1.649080753326416

BaB round 4
batch: 16
splitting decisions: 
split level 0: [/input, 190] [/input, 134] [/input-3, 91] [/input, 190] [/input-3, 91] [/input, 190] [/input, 134] [/input-3, 91] [/input-3, 70] [/input-3, 91] 
best_l after optimization: -15.993291854858398
beta sum per layer: [26.666576385498047, 21.720191955566406]
alpha/beta optimization time: 0.3949623107910156
pruning_in_iteration open status: False
ratio of positive domain = 5 / 32 = 0.15625
pruning-in-iteration extra time: 0.00010943412780761719
torch.Size([32, 1])
Time: prepare 0.0014    bound 0.3960    transfer 0.0002    finalize 0.0012    func 0.3989    
Accumulated time: func 1.7571    prepare 0.0125    bound 1.7462    transfer 0.0008    finalize 0.0041    
max lb tensor(0.18712807) min lb tensor(-1.80768394)
Number of Verified Splits: 5 of 32
Current worst splitting domains lb-rhs (depth):
-1.80768 (4), -1.80433 (4), -1.00035 (4), -0.91102 (4), -0.89739 (4), -0.88581 (4), -0.83930 (4), -0.81433 (4), -0.78236 (4), -0.78027 (4), -0.75285 (4), -0.74830 (4), -0.74564 (4), -0.74310 (4), -0.56052 (4), -0.48356 (4), -0.45863 (4), -0.35821 (4), -0.29782 (4), -0.26319 (4), 
Length of domains: 27
Current (lb-rhs): -1.8076839447021484
70 domains visited
Time: pickout 0.0048    decision 0.0193    set_bounds 0.0014    solve 0.3994    add 0.0010    
Accumulated time: pickout 0.0133    decision 0.2669    set_bounds 0.0045    solve 1.7592    add 0.0081    
Cumulative time: 2.075362205505371

BaB round 5
batch: 27
splitting decisions: 
split level 0: [/input-3, 70] [/input-3, 98] [/input-3, 20] [/input-3, 70] [/input-3, 20] [/input-3, 98] [/input-3, 20] [/input-3, 96] [/input-3, 20] [/input-3, 96] 
best_l after optimization: -15.99875259399414
beta sum per layer: [44.99055862426758, 37.700157165527344]
alpha/beta optimization time: 0.8363502025604248
pruning_in_iteration open status: True
ratio of positive domain = 22 / 54 = 0.40740740740740744
pruning-in-iteration extra time: 0.04933333396911621
torch.Size([54, 1])
Time: prepare 0.0024    bound 0.8385    transfer 0.0032    finalize 0.0058    func 0.8500    
Accumulated time: func 2.6071    prepare 0.0160    bound 2.5847    transfer 0.0040    finalize 0.0099    
max lb tensor(9.99999975e-05) min lb tensor(-1.54721832)
Number of Verified Splits: 22 of 54
Current worst splitting domains lb-rhs (depth):
-1.54722 (5), -1.54081 (5), -1.13904 (5), -1.11033 (5), -0.74727 (5), -0.69211 (5), -0.64180 (5), -0.63705 (5), -0.63680 (5), -0.56936 (5), -0.54435 (5), -0.53289 (5), -0.50259 (5), -0.49290 (5), -0.47298 (5), -0.47076 (5), -0.47012 (5), -0.44326 (5), -0.43509 (5), -0.40587 (5), 
Length of domains: 32
Current (lb-rhs): -1.5472183227539062
124 domains visited
Time: pickout 0.0052    decision 0.0204    set_bounds 0.0025    solve 0.8506    add 0.0026    
Accumulated time: pickout 0.0185    decision 0.2872    set_bounds 0.0071    solve 2.6099    add 0.0107    
Cumulative time: 2.956918239593506

BaB round 6
batch: 32
splitting decisions: 
split level 0: [/input-3, 68] [/input-3, 116] [/input-3, 68] [/input-3, 116] [/input, 147] [/input-3, 15] [/input-3, 116] [/input-3, 68] [/input, 134] [/input-3, 122] 
best_l after optimization: -12.013442993164062
beta sum per layer: [49.32362365722656, 45.574005126953125]
alpha/beta optimization time: 0.737835168838501
pruning_in_iteration open status: True
ratio of positive domain = 34 / 64 = 0.53125
pruning-in-iteration extra time: 0.044074058532714844
torch.Size([64, 1])
Time: prepare 0.0029    bound 0.7393    transfer 0.0016    finalize 0.0044    func 0.7483    
Accumulated time: func 3.3553    prepare 0.0242    bound 3.3240    transfer 0.0056    finalize 0.0143    
max lb tensor(9.99999975e-05) min lb tensor(-1.35854244)
Number of Verified Splits: 34 of 64
Current worst splitting domains lb-rhs (depth):
-1.35854 (6), -1.34609 (6), -0.88168 (6), -0.84986 (6), -0.77044 (6), -0.74707 (6), -0.57713 (6), -0.44445 (6), -0.42918 (6), -0.37535 (6), -0.37161 (6), -0.36040 (6), -0.30643 (6), -0.28954 (6), -0.28359 (6), -0.28272 (6), -0.24375 (6), -0.23981 (6), -0.23691 (6), -0.22209 (6), 
Length of domains: 30
Current (lb-rhs): -1.3585424423217773
188 domains visited
Time: pickout 0.0104    decision 0.0533    set_bounds 0.0026    solve 0.7492    add 0.0019    
Accumulated time: pickout 0.0289    decision 0.3405    set_bounds 0.0096    solve 3.3590    add 0.0127    
Cumulative time: 3.7745182514190674

BaB round 7
batch: 30
splitting decisions: 
split level 0: [/input-3, 96] [/input-3, 96] [/input-3, 43] [/input-3, 68] [/input-3, 43] [/input-3, 15] [/input, 134] [/input-3, 96] [/input-3, 106] [/input-3, 96] 
best_l after optimization: -9.564105033874512
beta sum per layer: [23.998775482177734, 45.125953674316406]
alpha/beta optimization time: 0.9923379421234131
pruning_in_iteration open status: True
ratio of positive domain = 31 / 60 = 0.5166666666666666
pruning-in-iteration extra time: 0.0549008846282959
torch.Size([60, 1])
Time: prepare 0.0028    bound 0.9935    transfer 0.0011    finalize 0.0049    func 1.0024    
Accumulated time: func 4.3577    prepare 0.0325    bound 4.3175    transfer 0.0067    finalize 0.0192    
max lb tensor(9.99999975e-05) min lb tensor(-1.11830616)
Number of Verified Splits: 31 of 60
Current worst splitting domains lb-rhs (depth):
-1.11831 (7), -1.11283 (7), -0.92156 (7), -0.91259 (7), -0.65360 (7), -0.62472 (7), -0.54044 (7), -0.51905 (7), -0.32021 (7), -0.31751 (7), -0.25669 (7), -0.25195 (7), -0.24032 (7), -0.20527 (7), -0.20481 (7), -0.19572 (7), -0.18360 (7), -0.16894 (7), -0.11620 (7), -0.11564 (7), 
Length of domains: 29
Current (lb-rhs): -1.1183061599731445
248 domains visited
Time: pickout 0.0096    decision 0.0527    set_bounds 0.0025    solve 1.0032    add 0.0017    
Accumulated time: pickout 0.0385    decision 0.3932    set_bounds 0.0121    solve 4.3623    add 0.0143    
Cumulative time: 4.844496726989746

BaB round 8
batch: 29
splitting decisions: 
split level 0: [/input-3, 66] [/input-3, 83] [/input-3, 36] [/input-3, 83] [/input-3, 15] [/input-3, 15] [/input-3, 15] [/input, 58] [/input-3, 83] [/input-3, 83] 
best_l after optimization: -6.4859538078308105
beta sum per layer: [14.53674030303955, 48.33692169189453]
alpha/beta optimization time: 0.7361562252044678
pruning_in_iteration open status: True
ratio of positive domain = 40 / 58 = 0.6896551724137931
pruning-in-iteration extra time: 0.040235042572021484
torch.Size([58, 1])
Time: prepare 0.0035    bound 0.7374    transfer 0.0013    finalize 0.0046    func 0.7471    
Accumulated time: func 5.1048    prepare 0.0411    bound 5.0550    transfer 0.0080    finalize 0.0238    
max lb tensor(9.99999975e-05) min lb tensor(-0.90581608)
Number of Verified Splits: 40 of 58
Current worst splitting domains lb-rhs (depth):
-0.90582 (8), -0.89576 (8), -0.70186 (8), -0.69073 (8), -0.45822 (8), -0.43938 (8), -0.41416 (8), -0.37767 (8), -0.33655 (8), -0.33071 (8), -0.26457 (8), -0.23093 (8), -0.14830 (8), -0.08925 (8), -0.08376 (8), -0.06717 (8), -0.03140 (8), -0.02372 (8), 
Length of domains: 18
Current (lb-rhs): -0.9058160781860352
306 domains visited
Time: pickout 0.0091    decision 0.0546    set_bounds 0.0026    solve 0.7480    add 0.0014    
Accumulated time: pickout 0.0476    decision 0.4478    set_bounds 0.0147    solve 5.1102    add 0.0157    
Cumulative time: 5.6603639125823975

BaB round 9
batch: 18
splitting decisions: 
split level 0: [/input-3, 7] [/input-3, 83] [/input-3, 83] [/input-3, 83] [/input-3, 83] [/input-3, 83] [/input-3, 83] [/input-3, 83] [/input-3, 83] [/input-3, 83] 
best_l after optimization: -3.942910671234131
beta sum per layer: [0.0, 33.722633361816406]
alpha/beta optimization time: 0.7352540493011475
pruning_in_iteration open status: True
ratio of positive domain = 24 / 36 = 0.6666666666666667
pruning-in-iteration extra time: 0.04541802406311035
torch.Size([36, 1])
Time: prepare 0.0024    bound 0.7365    transfer 0.0012    finalize 0.0063    func 0.7465    
Accumulated time: func 5.8513    prepare 0.0491    bound 5.7915    transfer 0.0093    finalize 0.0301    
max lb tensor(9.99999975e-05) min lb tensor(-0.73370171)
Number of Verified Splits: 24 of 36
Current worst splitting domains lb-rhs (depth):
-0.73370 (9), -0.71378 (9), -0.52640 (9), -0.50660 (9), -0.28718 (9), -0.27972 (9), -0.23156 (9), -0.19865 (9), -0.16086 (9), -0.15420 (9), -0.09029 (9), -0.06238 (9), 
Length of domains: 12
Current (lb-rhs): -0.7337017059326172
342 domains visited
Time: pickout 0.0095    decision 0.0415    set_bounds 0.0022    solve 0.7472    add 0.0016    
Accumulated time: pickout 0.0571    decision 0.4893    set_bounds 0.0169    solve 5.8575    add 0.0173    
Cumulative time: 6.462735414505005

BaB round 10
batch: 12
splitting decisions: 
split level 0: [/input, 179] [/input, 179] [/input-3, 7] [/input-3, 7] [/input-3, 7] [/input-3, 7] [/input, 4] [/input, 4] [/input, 179] [/input, 179] 
best_l after optimization: -2.10787296295166
beta sum per layer: [2.747396945953369, 19.337825775146484]
alpha/beta optimization time: 0.7629404067993164
pruning_in_iteration open status: True
ratio of positive domain = 15 / 24 = 0.625
pruning-in-iteration extra time: 0.042073965072631836
torch.Size([24, 1])
Time: prepare 0.0026    bound 0.7640    transfer 0.0017    finalize 0.0075    func 0.7759    
Accumulated time: func 6.6273    prepare 0.0568    bound 6.5555    transfer 0.0109    finalize 0.0377    
max lb tensor(9.99999975e-05) min lb tensor(-0.53494644)
Number of Verified Splits: 15 of 24
Current worst splitting domains lb-rhs (depth):
-0.53495 (10), -0.50840 (10), -0.36923 (10), -0.34354 (10), -0.12119 (10), -0.10157 (10), -0.10130 (10), -0.02223 (10), -0.00698 (10), 
Length of domains: 9
Current (lb-rhs): -0.5349464416503906
366 domains visited
Time: pickout 0.0070    decision 0.0523    set_bounds 0.0023    solve 0.7768    add 0.0016    
Accumulated time: pickout 0.0642    decision 0.5416    set_bounds 0.0193    solve 6.6343    add 0.0189    
Cumulative time: 7.303074359893799

BaB round 11
batch: 9
splitting decisions: 
split level 0: [/input, 4] [/input, 4] [/input-3, 64] [/input, 4] [/input-3, 64] [/input, 116] [/input, 4] [/input, 4] [/input, 4] 
best_l after optimization: -1.117410659790039
beta sum per layer: [5.494793891906738, 7.5639142990112305]
alpha/beta optimization time: 0.7443575859069824
pruning_in_iteration open status: True
ratio of positive domain = 14 / 18 = 0.7777777777777778
pruning-in-iteration extra time: 0.048638343811035156
torch.Size([18, 1])
Time: prepare 0.0033    bound 0.7455    transfer 0.0013    finalize 0.0035    func 0.7536    
Accumulated time: func 7.3809    prepare 0.0689    bound 7.3010    transfer 0.0123    finalize 0.0411    
max lb tensor(9.99999975e-05) min lb tensor(-0.36951256)
Number of Verified Splits: 14 of 18
Current worst splitting domains lb-rhs (depth):
-0.36951 (11), -0.33426 (11), -0.21171 (11), -0.20333 (11), 
Length of domains: 4
Current (lb-rhs): -0.36951255798339844
384 domains visited
Time: pickout 0.0102    decision 0.0554    set_bounds 0.0018    solve 0.7544    add 0.0013    
Accumulated time: pickout 0.0744    decision 0.5970    set_bounds 0.0211    solve 7.3886    add 0.0202    
Time out!!!!!!!!
Result: unknown in 12.6937 seconds

 %%%%%%%%%%%%%%%%%%%%%%%%%%%%%%%%%%% idx: 1, vnnlib ID: 31 %%%%%%%%%%%%%%%%%%%%%%%%%%%%%%%%%%%
Finished vnnlib processing in 0.009281 seconds
Model: BoundedModule(
  (/0): BoundInput(name=/0, inputs=[], perturbed=True)
  (/7): BoundParams(name=/7, inputs=[], perturbed=False)
  (/8): BoundParams(name=/8, inputs=[], perturbed=False)
  (/9): BoundParams(name=/9, inputs=[], perturbed=False)
  (/10): BoundParams(name=/10, inputs=[], perturbed=False)
  (/11): BoundParams(name=/11, inputs=[], perturbed=False)
  (/12): BoundParams(name=/12, inputs=[], perturbed=False)
  (/13): BoundFlatten(name=/13, inputs=[/0], perturbed=True)
  (/input): BoundLinear(name=/input, inputs=[/13, /7, /8], perturbed=True)
  (/15): BoundRelu(name=/15, inputs=[/input], perturbed=True)
  (/input-3): BoundLinear(name=/input-3, inputs=[/15, /9, /10], perturbed=True)
  (/17): BoundRelu(name=/17, inputs=[/input-3], perturbed=True)
  (/18): BoundLinear(name=/18, inputs=[/17, /11, /12], perturbed=True)
)
Original output in the first batch: tensor([[-6.14751196,  4.23742533, -2.04899907,  0.78201830, -2.44901013,
         -2.92635274, -5.15217400,  0.36519837, -0.10439345, -2.49768138]],
       device='cuda:0')
Split layers:
Nonlinear functions:
   BoundRelu(name=/15, inputs=[/input], perturbed=True)
   BoundRelu(name=/17, inputs=[/input-3], perturbed=True)
build batch [1/1]
layer /15 using sparse-features alpha with shape [208]; unstable size 208; total size 256 ([1, 256])
layer /15 start_node /input-3 using full alpha [2, 128, 1, 208] with unstable size 124 total_size 128 output_shape torch.Size([128])
layer /15 start_node /18 using full alpha [2, 9, 1, 208] with unstable size None total_size 9 output_shape 9
layer /17 using full alpha with shape torch.Size([128]); unstable size 124; total size 128 ([1, 128])
layer /17 start_node /18 using full alpha [2, 9, 1, 128] with unstable size None total_size 9 output_shape 9
Optimizable variables initialized.
initial CROWN bounds (first 10 items): [-13.392436981201172, -15.67541217803955, -22.26375961303711, -14.068944931030273, -20.77090072631836, -13.008109092712402, -17.939682006835938, -17.543519973754883, -18.6014347076416]
prune_after_crown optimization in use
  original spec size = torch.Size([1, 9])
  pruned spec size = torch.Size([1, 9])
Using alpha-CROWN to initialize bounds.
best_l after optimization: -127.82945251464844
alpha/beta optimization time: 2.508784294128418
initial alpha-crown bounds (first 10 items): [-10.978628158569336, -13.297578811645508, -18.564115524291992, -11.857585906982422, -16.492307662963867, -10.792593002319336, -14.897626876831055, -15.112418174743652, -15.836597442626953]
Global lower bound: -18.564115524291992
torch.Size([1, 9])
0 / 9 OR specs are verified.
Verified OR indices (first 10 items): []
Verified OR lbs (first 10 items): []
Unverified OR indices (first 10 items): [0, 1, 2, 3, 4, 5, 6, 7, 8]
Unverified OR lbs (first 10 items): [[-10.978628158569336], [-13.297578811645508], [-18.564115524291992], [-11.857585906982422], [-16.492307662963867], [-10.792593002319336], [-14.897626876831055], [-15.112418174743652], [-15.836597442626953]]
###### Verifying property Instance 1 ######
Batch size: 9
First 10 spec matrices
C: tensor([[[-1.,  1.,  0.,  0.,  0.,  0.,  0.,  0.,  0.,  0.]],

        [[ 0.,  1., -1.,  0.,  0.,  0.,  0.,  0.,  0.,  0.]],

        [[ 0.,  1.,  0., -1.,  0.,  0.,  0.,  0.,  0.,  0.]],

        [[ 0.,  1.,  0.,  0., -1.,  0.,  0.,  0.,  0.,  0.]],

        [[ 0.,  1.,  0.,  0.,  0., -1.,  0.,  0.,  0.,  0.]],

        [[ 0.,  1.,  0.,  0.,  0.,  0., -1.,  0.,  0.,  0.]],

        [[ 0.,  1.,  0.,  0.,  0.,  0.,  0., -1.,  0.,  0.]],

        [[ 0.,  1.,  0.,  0.,  0.,  0.,  0.,  0., -1.,  0.]],

        [[ 0.,  1.,  0.,  0.,  0.,  0.,  0.,  0.,  0., -1.]]], device='cuda:0')
RHS: tensor([[0.],
        [0.],
        [0.],
        [0.],
        [0.],
        [0.],
        [0.],
        [0.],
        [0.]], device='cuda:0')
OR spec sizes: tensor([1, 1, 1, 1, 1, 1, 1, 1, 1], device='cuda:0', dtype=torch.int32)
Remaining timeout: 9.064412355422974
Model prediction is: tensor([-6.14751196,  4.23742533, -2.04899907,  0.78201830, -2.44901013,
        -2.92635274, -5.15217400,  0.36519837, -0.10439345, -2.49768138],
       device='cuda:0')
Activation BaB batch 1/1 
build_with_refined_bounds batch [1/1]
Optimizable variables initialized.
all alpha initialized
directly get lb and ub from refined bounds
c shape: torch.Size([9, 1, 10])
lA shapes: [torch.Size([9, 1, 256]), torch.Size([9, 1, 128])]
torch.Size([9, 1])
(alpha-)CROWN with fixed intermediate bounds: tensor([[-10.97862816],
        [-13.29757881],
        [-18.56411552],
        [-11.85758591],
        [-16.49230766],
        [-10.79259300],
        [-14.89762688],
        [-15.11241817],
        [-15.83659744]], device='cuda:0') tensor([[inf],
        [inf],
        [inf],
        [inf],
        [inf],
        [inf],
        [inf],
        [inf],
        [inf]], device='cuda:0')
Intermediate layers: /input,/input-3
Keeping alphas for these layers: ['/18']
Node /15 input 0: size torch.Size([256]) unstable 208
Node /17 input 0: size torch.Size([128]) unstable 123
-----------------
# of unstable neurons: 331
-----------------

BaB round 1
batch: 9
splitting decisions: 
split level 0: [/input-3, 102] [/input-3, 73] [/input-3, 102] [/input-3, 36] [/input-3, 36] [/input-3, 102] [/input-3, 35] [/input-3, 35] [/input-3, 102] 
best_l after optimization: -240.93722534179688
beta sum per layer: [0.0, 4.6819167137146]
alpha/beta optimization time: 0.577251672744751
pruning_in_iteration open status: False
ratio of positive domain = 0 / 18 = 0.0
pruning-in-iteration extra time: 0.0005810260772705078
torch.Size([18, 1])
Time: prepare 0.0009    bound 0.5786    transfer 0.0008    finalize 0.0051    func 0.5854    
Accumulated time: func 0.5854    prepare 0.0077    bound 0.5786    transfer 0.0008    finalize 0.0051    
max lb tensor(-8.80971718) min lb tensor(-18.21225739)
Number of Verified Splits: 0 of 18
Current worst splitting domains lb-rhs (depth):
-18.21226 (1), -17.29374 (1), -16.02281 (1), -15.57931 (1), -15.44271 (1), -15.18435 (1), -14.84665 (1), -14.41589 (1), -13.71034 (1), -13.57047 (1), -12.86710 (1), -12.39499 (1), -11.52165 (1), -10.51598 (1), -10.32100 (1), -10.18054 (1), -10.04772 (1), -8.80972 (1), 
Length of domains: 18
Current (lb-rhs): -18.212257385253906
18 domains visited
Time: pickout 0.0019    decision 0.0401    set_bounds 0.0009    solve 0.5861    add 0.0053    
Accumulated time: pickout 0.0019    decision 0.0401    set_bounds 0.0009    solve 0.5861    add 0.0053    
Cumulative time: 0.6660349369049072

BaB round 2
batch: 18
splitting decisions: 
split level 0: [/input-3, 74] [/input-3, 36] [/input, 160] [/input-3, 73] [/input-3, 35] [/input-3, 73] [/input-3, 118] [/input-3, 80] [/input-3, 36] [/input-3, 74] 
best_l after optimization: -448.5089111328125
beta sum per layer: [1.547992467880249, 22.69745635986328]
alpha/beta optimization time: 0.6497182846069336
pruning_in_iteration open status: False
ratio of positive domain = 0 / 36 = 0.0
pruning-in-iteration extra time: 0.0003387928009033203
torch.Size([36, 1])
Time: prepare 0.0028    bound 0.6509    transfer 0.0011    finalize 0.0045    func 0.6594    
Accumulated time: func 1.2448    prepare 0.0186    bound 1.2294    transfer 0.0019    finalize 0.0096    
max lb tensor(-7.72207594) min lb tensor(-17.95544243)
Number of Verified Splits: 0 of 36
Current worst splitting domains lb-rhs (depth):
-17.95544 (2), -17.20563 (2), -16.89969 (2), -16.32168 (2), -15.61933 (2), -15.21902 (2), -15.11466 (2), -14.84789 (2), -14.66059 (2), -14.43498 (2), -14.27407 (2), -14.01797 (2), -14.00959 (2), -13.36700 (2), -13.33028 (2), -12.95607 (2), -12.94578 (2), -12.93422 (2), -12.72213 (2), -12.55896 (2), 
Length of domains: 36
Current (lb-rhs): -17.955442428588867
54 domains visited
Time: pickout 0.0084    decision 0.0474    set_bounds 0.0020    solve 0.6601    add 0.0020    
Accumulated time: pickout 0.0103    decision 0.0874    set_bounds 0.0029    solve 1.2462    add 0.0073    
Cumulative time: 1.3863165378570557

BaB round 3
batch: 36
splitting decisions: 
split level 0: [/input-3, 0] [/input-3, 2] [/input-3, 0] [/input-3, 118] [/input, 135] [/input-3, 105] [/input-3, 74] [/input-3, 74] [/input-3, 27] [/input-3, 0] 
best_l after optimization: -816.9835205078125
beta sum per layer: [8.746871948242188, 87.62957000732422]
alpha/beta optimization time: 0.5516560077667236
pruning_in_iteration open status: False
ratio of positive domain = 0 / 72 = 0.0
pruning-in-iteration extra time: 0.00029540061950683594
torch.Size([72, 1])
Time: prepare 0.0036    bound 0.5529    transfer 0.0009    finalize 0.0055    func 0.5629    
Accumulated time: func 1.8077    prepare 0.0278    bound 1.7823    transfer 0.0028    finalize 0.0151    
max lb tensor(-6.38564110) min lb tensor(-17.79417038)
Number of Verified Splits: 0 of 72
Current worst splitting domains lb-rhs (depth):
-17.79417 (3), -17.01007 (3), -16.61561 (3), -15.97273 (3), -15.22872 (3), -15.01099 (3), -14.74601 (3), -14.62197 (3), -14.61926 (3), -14.45690 (3), -14.19700 (3), -14.06093 (3), -13.95583 (3), -13.84262 (3), -13.78675 (3), -13.76537 (3), -13.59749 (3), -13.38718 (3), -13.09196 (3), -13.03915 (3), 
Length of domains: 72
Current (lb-rhs): -17.794170379638672
126 domains visited
Time: pickout 0.0115    decision 0.0605    set_bounds 0.0028    solve 0.5636    add 0.0016    
Accumulated time: pickout 0.0217    decision 0.1480    set_bounds 0.0057    solve 1.8097    add 0.0088    
Cumulative time: 2.026416063308716

BaB round 4
batch: 64
splitting decisions: 
split level 0: [/input-3, 50] [/input-3, 81] [/input-3, 25] [/input-3, 65] [/input-3, 80] [/input, 172] [/input-3, 118] [/input-3, 12] [/input-3, 27] [/input-3, 50] 
best_l after optimization: -1294.6546630859375
beta sum per layer: [17.575206756591797, 240.65997314453125]
alpha/beta optimization time: 0.6472270488739014
pruning_in_iteration open status: False
ratio of positive domain = 0 / 128 = 0.0
pruning-in-iteration extra time: 0.0003523826599121094
torch.Size([128, 1])
Time: prepare 0.0044    bound 0.6483    transfer 0.0011    finalize 0.0087    func 0.6628    
Accumulated time: func 2.4706    prepare 0.0379    bound 2.4306    transfer 0.0038    finalize 0.0238    
max lb tensor(-4.61319256) min lb tensor(-17.64713669)
Number of Verified Splits: 0 of 128
Current worst splitting domains lb-rhs (depth):
-17.64714 (4), -16.82191 (4), -16.61561 (3), -15.75978 (4), -14.89472 (4), -14.84256 (4), -14.62622 (4), -14.46249 (4), -14.44742 (4), -14.32601 (4), -14.24134 (4), -13.95583 (3), -13.91583 (4), -13.75241 (4), -13.60446 (4), -13.59291 (4), -13.57476 (4), -13.56659 (4), -13.45333 (4), -13.36827 (4), 
Length of domains: 136
Current (lb-rhs): -17.647136688232422
254 domains visited
Time: pickout 0.0120    decision 0.0824    set_bounds 0.0037    solve 0.6637    add 0.0026    
Accumulated time: pickout 0.0337    decision 0.2303    set_bounds 0.0094    solve 2.4735    add 0.0114    
Cumulative time: 2.790911912918091

BaB round 5
batch: 64
splitting decisions: 
split level 0: [/input-3, 12] [/input-3, 43] [/input, 21] [/input-3, 36] [/input-3, 43] [/input-3, 27] [/input-3, 46] [/input-3, 65] [/input-3, 31] [/input-3, 12] 
best_l after optimization: -1078.617431640625
beta sum per layer: [15.888528823852539, 364.2987976074219]
alpha/beta optimization time: 0.44271063804626465
pruning_in_iteration open status: False
ratio of positive domain = 0 / 128 = 0.0
pruning-in-iteration extra time: 9.298324584960938e-05
torch.Size([128, 1])
Time: prepare 0.0038    bound 0.4436    transfer 0.0002    finalize 0.0025    func 0.4501    
Accumulated time: func 2.9206    prepare 0.0455    bound 2.8742    transfer 0.0040    finalize 0.0263    
max lb tensor(-3.46256924) min lb tensor(-14.37159920)
Number of Verified Splits: 0 of 128
Current worst splitting domains lb-rhs (depth):
-17.64714 (4), -16.82191 (4), -16.61561 (3), -15.75978 (4), -14.89472 (4), -14.84256 (4), -14.46249 (4), -14.44742 (4), -14.37160 (5), -14.32601 (4), -14.24134 (4), -13.95583 (3), -13.75241 (4), -13.66848 (5), -13.59291 (4), -13.57476 (4), -13.56659 (4), -13.45333 (4), -13.36245 (5), -13.28405 (5), 
Length of domains: 200
Current (lb-rhs): -17.647136688232422
382 domains visited
Time: pickout 0.0141    decision 0.0799    set_bounds 0.0039    solve 0.4510    add 0.0012    
Accumulated time: pickout 0.0478    decision 0.3103    set_bounds 0.0133    solve 2.9244    add 0.0126    
Cumulative time: 3.3412420749664307

BaB round 6
batch: 64
splitting decisions: 
split level 0: [/input-3, 95] [/input-3, 66] [/input-3, 8] [/input-3, 40] [/input-3, 125] [/input-3, 0] [/input-3, 8] [/input-3, 105] [/input-3, 2] [/input-3, 95] 
best_l after optimization: -891.1557006835938
beta sum per layer: [11.88199520111084, 455.689208984375]
alpha/beta optimization time: 0.39584946632385254
pruning_in_iteration open status: False
ratio of positive domain = 0 / 128 = 0.0
pruning-in-iteration extra time: 0.00010561943054199219
torch.Size([128, 1])
Time: prepare 0.0028    bound 0.3968    transfer 0.0002    finalize 0.0018    func 0.4018    
Accumulated time: func 3.3224    prepare 0.0497    bound 3.2710    transfer 0.0043    finalize 0.0282    
max lb tensor(-2.80763054) min lb tensor(-13.02186966)
Number of Verified Splits: 0 of 128
Current worst splitting domains lb-rhs (depth):
-17.64714 (4), -16.82191 (4), -16.61561 (3), -15.75978 (4), -14.89472 (4), -14.84256 (4), -14.46249 (4), -14.44742 (4), -14.37160 (5), -14.32601 (4), -14.24134 (4), -13.95583 (3), -13.75241 (4), -13.66848 (5), -13.59291 (4), -13.57476 (4), -13.56659 (4), -13.45333 (4), -13.36245 (5), -13.17736 (5), 
Length of domains: 264
Current (lb-rhs): -17.647136688232422
510 domains visited
Time: pickout 0.0087    decision 0.0230    set_bounds 0.0034    solve 0.4025    add 0.0011    
Accumulated time: pickout 0.0565    decision 0.3332    set_bounds 0.0167    solve 3.3270    add 0.0137    
Cumulative time: 3.780139446258545

BaB round 7
batch: 64
splitting decisions: 
split level 0: [/input-3, 65] [/input-3, 31] [/input-3, 66] [/input-3, 31] [/input-3, 12] [/input-3, 105] [/input-3, 44] [/input-3, 60] [/input-3, 8] [/input-3, 65] 
best_l after optimization: -685.1773071289062
beta sum per layer: [9.256267547607422, 585.5426025390625]
alpha/beta optimization time: 0.39961695671081543
pruning_in_iteration open status: False
ratio of positive domain = 0 / 128 = 0.0
pruning-in-iteration extra time: 0.00014925003051757812
torch.Size([128, 1])
Time: prepare 0.0031    bound 0.4006    transfer 0.0002    finalize 0.0024    func 0.4063    
Accumulated time: func 3.7287    prepare 0.0541    bound 3.6716    transfer 0.0045    finalize 0.0305    
max lb tensor(-1.37752056) min lb tensor(-10.66206169)
Number of Verified Splits: 0 of 128
Current worst splitting domains lb-rhs (depth):
-17.64714 (4), -16.82191 (4), -16.61561 (3), -15.75978 (4), -14.89472 (4), -14.84256 (4), -14.46249 (4), -14.44742 (4), -14.37160 (5), -14.32601 (4), -14.24134 (4), -13.95583 (3), -13.75241 (4), -13.66848 (5), -13.59291 (4), -13.57476 (4), -13.56659 (4), -13.45333 (4), -13.36245 (5), -13.17736 (5), 
Length of domains: 328
Current (lb-rhs): -17.647136688232422
638 domains visited
Time: pickout 0.0081    decision 0.0249    set_bounds 0.0035    solve 0.4070    add 0.0015    
Accumulated time: pickout 0.0646    decision 0.3582    set_bounds 0.0202    solve 3.7339    add 0.0151    
Cumulative time: 4.225310802459717

BaB round 8
batch: 64
splitting decisions: 
split level 0: [/input-3, 73] [/input-3, 80] [/input-3, 60] [/input-3, 16] [/input-3, 88] [/input-3, 73] [/input-3, 35] [/input-3, 46] [/input-3, 66] [/input-3, 73] 
best_l after optimization: -554.31396484375
beta sum per layer: [9.080742835998535, 701.4136962890625]
alpha/beta optimization time: 0.3724937438964844
pruning_in_iteration open status: False
ratio of positive domain = 0 / 128 = 0.0
pruning-in-iteration extra time: 0.00013566017150878906
torch.Size([128, 1])
Time: prepare 0.0032    bound 0.3735    transfer 0.0002    finalize 0.0023    func 0.3793    
Accumulated time: func 4.1080    prepare 0.0590    bound 4.0451    transfer 0.0047    finalize 0.0328    
max lb tensor(-0.71519423) min lb tensor(-7.37412643)
Number of Verified Splits: 0 of 128
Current worst splitting domains lb-rhs (depth):
-17.64714 (4), -16.82191 (4), -16.61561 (3), -15.75978 (4), -14.89472 (4), -14.84256 (4), -14.46249 (4), -14.44742 (4), -14.37160 (5), -14.32601 (4), -14.24134 (4), -13.95583 (3), -13.75241 (4), -13.66848 (5), -13.59291 (4), -13.57476 (4), -13.56659 (4), -13.45333 (4), -13.36245 (5), -13.17736 (5), 
Length of domains: 392
Current (lb-rhs): -17.647136688232422
766 domains visited
Time: pickout 0.0101    decision 0.0262    set_bounds 0.0039    solve 0.3799    add 0.0013    
Accumulated time: pickout 0.0747    decision 0.3843    set_bounds 0.0242    solve 4.1138    add 0.0165    
Cumulative time: 4.647146940231323

BaB round 9
batch: 64
splitting decisions: 
split level 0: [/input-3, 74] [/input-3, 46] [/input-3, 35] [/input-3, 62] [/input-3, 66] [/input-3, 125] [/input-3, 43] [/input-3, 122] [/input-3, 46] [/input-3, 74] 
best_l after optimization: -474.49261474609375
beta sum per layer: [10.927303314208984, 788.131103515625]
alpha/beta optimization time: 0.5058021545410156
pruning_in_iteration open status: False
ratio of positive domain = 1 / 128 = 0.0078125
pruning-in-iteration extra time: 0.0003085136413574219
torch.Size([128, 1])
Time: prepare 0.0030    bound 0.5074    transfer 0.0008    finalize 0.0055    func 0.5167    
Accumulated time: func 4.6246    prepare 0.0639    bound 4.5525    transfer 0.0054    finalize 0.0383    
max lb tensor(0.08220196) min lb tensor(-6.90762138)
Number of Verified Splits: 1 of 128
Current worst splitting domains lb-rhs (depth):
-17.64714 (4), -16.82191 (4), -16.61561 (3), -15.75978 (4), -14.89472 (4), -14.84256 (4), -14.46249 (4), -14.44742 (4), -14.37160 (5), -14.32601 (4), -14.24134 (4), -13.95583 (3), -13.75241 (4), -13.66848 (5), -13.59291 (4), -13.57476 (4), -13.56659 (4), -13.45333 (4), -13.36245 (5), -13.17736 (5), 
Length of domains: 455
Current (lb-rhs): -17.647136688232422
894 domains visited
Time: pickout 0.0095    decision 0.0250    set_bounds 0.0038    solve 0.5172    add 0.0030    
Accumulated time: pickout 0.0841    decision 0.4094    set_bounds 0.0279    solve 4.6311    add 0.0194    
Cumulative time: 5.205888748168945

BaB round 10
batch: 64
splitting decisions: 
split level 0: [/input-3, 66] [/input-3, 66] [/input-3, 118] [/input-3, 28] [/input-3, 2] [/input-3, 2] [/input-3, 95] [/input-3, 56] [/input-3, 81] [/input-3, 10] 
best_l after optimization: -385.9872131347656
beta sum per layer: [11.137419700622559, 828.4718017578125]
alpha/beta optimization time: 0.5212273597717285
pruning_in_iteration open status: False
ratio of positive domain = 0 / 128 = 0.0
pruning-in-iteration extra time: 0.00018668174743652344
torch.Size([128, 1])
Time: prepare 0.0054    bound 0.5223    transfer 0.0003    finalize 0.0021    func 0.5302    
Accumulated time: func 5.1548    prepare 0.0733    bound 5.0748    transfer 0.0057    finalize 0.0404    
max lb tensor(-0.09376144) min lb tensor(-6.22729921)
Number of Verified Splits: 0 of 128
Current worst splitting domains lb-rhs (depth):
-17.64714 (4), -16.82191 (4), -16.61561 (3), -15.75978 (4), -14.89472 (4), -14.84256 (4), -14.46249 (4), -14.44742 (4), -14.37160 (5), -14.32601 (4), -14.24134 (4), -13.95583 (3), -13.75241 (4), -13.66848 (5), -13.59291 (4), -13.57476 (4), -13.56659 (4), -13.45333 (4), -13.36245 (5), -13.17736 (5), 
Length of domains: 519
Current (lb-rhs): -17.647136688232422
1022 domains visited
Time: pickout 0.0185    decision 0.0818    set_bounds 0.0035    solve 0.5309    add 0.0012    
Accumulated time: pickout 0.1026    decision 0.4912    set_bounds 0.0314    solve 5.1619    add 0.0206    
Cumulative time: 5.84195876121521

BaB round 11
batch: 64
splitting decisions: 
split level 0: [/input-3, 43] [/input-3, 43] [/input-3, 127] [/input-3, 22] [/input-3, 74] [/input-3, 70] [/input-3, 25] [/input-3, 40] [/input-3, 25] [/input-3, 102] 
best_l after optimization: -285.93353271484375
beta sum per layer: [12.315250396728516, 914.5243530273438]
alpha/beta optimization time: 0.43463802337646484
pruning_in_iteration open status: False
ratio of positive domain = 10 / 128 = 0.078125
pruning-in-iteration extra time: 0.00026679039001464844
torch.Size([128, 1])
Time: prepare 0.0035    bound 0.4359    transfer 0.0002    finalize 0.0018    func 0.4414    
Accumulated time: func 5.5963    prepare 0.0781    bound 5.5107    transfer 0.0060    finalize 0.0422    
max lb tensor(0.17971563) min lb tensor(-5.50612450)
Number of Verified Splits: 10 of 128
Current worst splitting domains lb-rhs (depth):
-17.64714 (4), -16.82191 (4), -16.61561 (3), -15.75978 (4), -14.89472 (4), -14.84256 (4), -14.46249 (4), -14.44742 (4), -14.37160 (5), -14.32601 (4), -14.24134 (4), -13.95583 (3), -13.75241 (4), -13.66848 (5), -13.59291 (4), -13.57476 (4), -13.56659 (4), -13.45333 (4), -13.36245 (5), -13.17736 (5), 
Length of domains: 573
Current (lb-rhs): -17.647136688232422
1150 domains visited
Time: pickout 0.0113    decision 0.0286    set_bounds 0.0044    solve 0.4421    add 0.0016    
Accumulated time: pickout 0.1139    decision 0.5198    set_bounds 0.0358    solve 5.6041    add 0.0223    
Cumulative time: 6.330209970474243

BaB round 12
batch: 64
splitting decisions: 
split level 0: [/input-3, 50] [/input-3, 66] [/input-3, 125] [/input-3, 81] [/input-3, 81] [/input-3, 81] [/input-3, 103] [/input-3, 16] [/input-3, 60] [/input-3, 122] 
best_l after optimization: -228.25096130371094
beta sum per layer: [11.90783977508545, 923.9043579101562]
alpha/beta optimization time: 0.4061262607574463
pruning_in_iteration open status: False
ratio of positive domain = 15 / 128 = 0.1171875
pruning-in-iteration extra time: 0.00014519691467285156
torch.Size([128, 1])
Time: prepare 0.0033    bound 0.4072    transfer 0.0003    finalize 0.0023    func 0.4132    
Accumulated time: func 6.0095    prepare 0.0831    bound 5.9179    transfer 0.0063    finalize 0.0445    
max lb tensor(0.26885605) min lb tensor(-5.33164120)
Number of Verified Splits: 15 of 128
Current worst splitting domains lb-rhs (depth):
-17.64714 (4), -16.82191 (4), -16.61561 (3), -15.75978 (4), -14.89472 (4), -14.84256 (4), -14.46249 (4), -14.44742 (4), -14.37160 (5), -14.32601 (4), -14.24134 (4), -13.95583 (3), -13.75241 (4), -13.66848 (5), -13.59291 (4), -13.57476 (4), -13.56659 (4), -13.45333 (4), -13.36245 (5), -13.17736 (5), 
Length of domains: 622
Current (lb-rhs): -17.647136688232422
1278 domains visited
Time: pickout 0.0106    decision 0.0238    set_bounds 0.0037    solve 0.4137    add 0.0012    
Accumulated time: pickout 0.1245    decision 0.5437    set_bounds 0.0395    solve 6.0178    add 0.0235    
Cumulative time: 6.7836596965789795

BaB round 13
batch: 64
splitting decisions: 
split level 0: [/input-3, 80] [/input-3, 105] [/input-3, 103] [/input-3, 82] [/input-3, 81] [/input-3, 38] [/input, 71] [/input-3, 122] [/input-3, 80] [/input-3, 38] 
best_l after optimization: -184.69476318359375
beta sum per layer: [13.555216789245605, 953.653564453125]
alpha/beta optimization time: 0.4957997798919678
pruning_in_iteration open status: True
ratio of positive domain = 27 / 128 = 0.2109375
pruning-in-iteration extra time: 0.025072574615478516
torch.Size([128, 1])
Time: prepare 0.0030    bound 0.4969    transfer 0.0005    finalize 0.0029    func 0.5034    
Accumulated time: func 6.5129    prepare 0.0876    bound 6.4148    transfer 0.0068    finalize 0.0474    
max lb tensor(9.99999975e-05) min lb tensor(-3.73143101)
Number of Verified Splits: 27 of 128
Current worst splitting domains lb-rhs (depth):
-17.64714 (4), -16.82191 (4), -16.61561 (3), -15.75978 (4), -14.89472 (4), -14.84256 (4), -14.46249 (4), -14.44742 (4), -14.37160 (5), -14.32601 (4), -14.24134 (4), -13.95583 (3), -13.75241 (4), -13.66848 (5), -13.59291 (4), -13.57476 (4), -13.56659 (4), -13.45333 (4), -13.36245 (5), -13.17736 (5), 
Length of domains: 659
Current (lb-rhs): -17.647136688232422
1406 domains visited
Time: pickout 0.0081    decision 0.0279    set_bounds 0.0041    solve 0.5041    add 0.0012    
Accumulated time: pickout 0.1326    decision 0.5715    set_bounds 0.0436    solve 6.5219    add 0.0247    
Cumulative time: 7.329322576522827

BaB round 14
batch: 64
splitting decisions: 
split level 0: [/input-3, 125] [/input-3, 32] [/input-3, 27] [/input-3, 40] [/input-3, 28] [/input-3, 10] [/input-3, 111] [/input-3, 27] [/input-3, 40] [/input-3, 32] 
best_l after optimization: -184.7387237548828
beta sum per layer: [18.939210891723633, 1058.9921875]
alpha/beta optimization time: 0.5017704963684082
pruning_in_iteration open status: False
ratio of positive domain = 13 / 128 = 0.1015625
pruning-in-iteration extra time: 0.001542806625366211
torch.Size([128, 1])
Time: prepare 0.0031    bound 0.5042    transfer 0.0023    finalize 0.0057    func 0.5153    
Accumulated time: func 7.0282    prepare 0.0920    bound 6.9190    transfer 0.0090    finalize 0.0531    
max lb tensor(0.51423025) min lb tensor(-3.46879482)
Number of Verified Splits: 13 of 128
Current worst splitting domains lb-rhs (depth):
-17.64714 (4), -16.82191 (4), -16.61561 (3), -15.75978 (4), -14.89472 (4), -14.84256 (4), -14.46249 (4), -14.44742 (4), -14.37160 (5), -14.32601 (4), -14.24134 (4), -13.95583 (3), -13.75241 (4), -13.66848 (5), -13.59291 (4), -13.57476 (4), -13.56659 (4), -13.45333 (4), -13.36245 (5), -13.17736 (5), 
Length of domains: 710
Current (lb-rhs): -17.647136688232422
1534 domains visited
Time: pickout 0.0092    decision 0.0230    set_bounds 0.0035    solve 0.5158    add 0.0015    
Accumulated time: pickout 0.1418    decision 0.5945    set_bounds 0.0471    solve 7.0377    add 0.0262    
Cumulative time: 7.882582187652588

BaB round 15
batch: 64
splitting decisions: 
split level 0: [/input-3, 66] [/input-3, 95] [/input-3, 99] [/input-3, 25] [/input-3, 10] [/input-3, 10] [/input-3, 45] [/input-3, 45] [/input-3, 25] [/input-3, 81] 
best_l after optimization: -142.25355529785156
beta sum per layer: [15.960270881652832, 1046.5284423828125]
alpha/beta optimization time: 0.7254199981689453
pruning_in_iteration open status: False
ratio of positive domain = 17 / 128 = 0.1328125
pruning-in-iteration extra time: 0.00035262107849121094
torch.Size([128, 1])
Time: prepare 0.0041    bound 0.7266    transfer 0.0010    finalize 0.0047    func 0.7364    
Accumulated time: func 7.7646    prepare 0.1049    bound 7.6455    transfer 0.0101    finalize 0.0578    
max lb tensor(0.29731655) min lb tensor(-3.29285002)
Number of Verified Splits: 17 of 128
Current worst splitting domains lb-rhs (depth):
-17.64714 (4), -16.82191 (4), -16.61561 (3), -15.75978 (4), -14.89472 (4), -14.84256 (4), -14.46249 (4), -14.44742 (4), -14.37160 (5), -14.32601 (4), -14.24134 (4), -13.95583 (3), -13.75241 (4), -13.66848 (5), -13.59291 (4), -13.57476 (4), -13.56659 (4), -13.45333 (4), -13.36245 (5), -13.17736 (5), 
Length of domains: 757
Current (lb-rhs): -17.647136688232422
1662 domains visited
Time: pickout 0.0115    decision 0.1191    set_bounds 0.0036    solve 0.7370    add 0.0017    
Accumulated time: pickout 0.1533    decision 0.7136    set_bounds 0.0508    solve 7.7747    add 0.0279    
Cumulative time: 8.755678415298462

BaB round 16
batch: 64
splitting decisions: 
split level 0: [/input-3, 12] [/input-3, 40] [/input-3, 16] [/input-3, 51] [/input-3, 63] [/input-3, 12] [/input-3, 40] [/input-3, 45] [/input-3, 32] [/input-3, 12] 
best_l after optimization: -98.81782531738281
beta sum per layer: [18.757814407348633, 1105.4000244140625]
alpha/beta optimization time: 0.6586906909942627
pruning_in_iteration open status: False
ratio of positive domain = 18 / 128 = 0.140625
pruning-in-iteration extra time: 0.0010364055633544922
torch.Size([128, 1])
Time: prepare 0.0059    bound 0.6604    transfer 0.0025    finalize 0.0085    func 0.6774    
Accumulated time: func 8.4420    prepare 0.1141    bound 8.3059    transfer 0.0126    finalize 0.0662    
max lb tensor(0.35941029) min lb tensor(-2.37761164)
Number of Verified Splits: 18 of 128
Current worst splitting domains lb-rhs (depth):
-17.64714 (4), -16.82191 (4), -16.61561 (3), -15.75978 (4), -14.89472 (4), -14.84256 (4), -14.46249 (4), -14.44742 (4), -14.37160 (5), -14.32601 (4), -14.24134 (4), -13.95583 (3), -13.75241 (4), -13.66848 (5), -13.59291 (4), -13.57476 (4), -13.56659 (4), -13.45333 (4), -13.36245 (5), -13.17736 (5), 
Length of domains: 803
Current (lb-rhs): -17.647136688232422
1790 domains visited
Time: pickout 0.0107    decision 0.0690    set_bounds 0.0031    solve 0.6780    add 0.0016    
Accumulated time: pickout 0.1640    decision 0.7826    set_bounds 0.0539    solve 8.4526    add 0.0295    
Time out!!!!!!!!
Result: unknown in 12.4614 seconds

 %%%%%%%%%%%%%%%%%%%%%%%%%%%%%%%%%%% idx: 2, vnnlib ID: 32 %%%%%%%%%%%%%%%%%%%%%%%%%%%%%%%%%%%
Finished vnnlib processing in 0.013838 seconds
Model: BoundedModule(
  (/0): BoundInput(name=/0, inputs=[], perturbed=True)
  (/7): BoundParams(name=/7, inputs=[], perturbed=False)
  (/8): BoundParams(name=/8, inputs=[], perturbed=False)
  (/9): BoundParams(name=/9, inputs=[], perturbed=False)
  (/10): BoundParams(name=/10, inputs=[], perturbed=False)
  (/11): BoundParams(name=/11, inputs=[], perturbed=False)
  (/12): BoundParams(name=/12, inputs=[], perturbed=False)
  (/13): BoundFlatten(name=/13, inputs=[/0], perturbed=True)
  (/input): BoundLinear(name=/input, inputs=[/13, /7, /8], perturbed=True)
  (/15): BoundRelu(name=/15, inputs=[/input], perturbed=True)
  (/input-3): BoundLinear(name=/input-3, inputs=[/15, /9, /10], perturbed=True)
  (/17): BoundRelu(name=/17, inputs=[/input-3], perturbed=True)
  (/18): BoundLinear(name=/18, inputs=[/17, /11, /12], perturbed=True)
)
Original output in the first batch: tensor([[-11.22576427,  -5.30824184,  -4.77792788,  14.60945797,  -6.89201355,
           2.64870644, -16.49145699,  -7.42085552,   0.40827218,  -1.06868637]],
       device='cuda:0')
Split layers:
Nonlinear functions:
   BoundRelu(name=/15, inputs=[/input], perturbed=True)
   BoundRelu(name=/17, inputs=[/input-3], perturbed=True)
build batch [1/1]
layer /15 using sparse-features alpha with shape [120]; unstable size 120; total size 256 ([1, 256])
layer /15 start_node /input-3 using sparse-spec alpha [2, 73, 1, 120] with unstable size 72 total_size 128 output_shape torch.Size([128])
layer /15 start_node /18 using full alpha [2, 9, 1, 120] with unstable size None total_size 9 output_shape 9
layer /17 using sparse-features alpha with shape [72]; unstable size 72; total size 128 ([1, 128])
layer /17 start_node /18 using full alpha [2, 9, 1, 72] with unstable size None total_size 9 output_shape 9
Optimizable variables initialized.
initial CROWN bounds (first 10 items): [8.18112564086914, 3.899540901184082, 4.459072113037109, 1.3886384963989258, -5.2654852867126465, 9.589406967163086, 4.470998764038086, -0.19623374938964844, -0.7120399475097656]
prune_after_crown optimization in use
  original spec size = torch.Size([1, 9])
  pruned spec size = torch.Size([1, 3])
Using alpha-CROWN to initialize bounds.
best_l after optimization: -4.536858081817627
alpha/beta optimization time: 2.326336145401001
initial alpha-crown bounds (first 10 items): [-4.652194499969482, 0.1614828109741211, -0.046146392822265625]
Global lower bound: -4.652194499969482
torch.Size([1, 3])
7 / 9 OR specs are verified.
Verified OR indices (first 10 items): [0, 1, 2, 3, 5, 6, 7]
Verified OR lbs (first 10 items): [[inf], [inf], [inf], [inf], [inf], [inf], [0.1614828109741211]]
Unverified OR indices (first 10 items): [4, 8]
Unverified OR lbs (first 10 items): [[-4.652194499969482], [-0.046146392822265625]]
###### Verifying property Instance 2 ######
Batch size: 2
First 10 spec matrices
C: tensor([[[ 0.,  0.,  0.,  1.,  0., -1.,  0.,  0.,  0.,  0.]],

        [[ 0.,  0.,  0.,  1.,  0.,  0.,  0.,  0.,  0., -1.]]], device='cuda:0')
RHS: tensor([[0.],
        [0.]], device='cuda:0')
OR spec sizes: tensor([1, 1], device='cuda:0', dtype=torch.int32)
Remaining timeout: 9.244701862335205
Model prediction is: tensor([-11.22576427,  -5.30824184,  -4.77792788,  14.60945797,  -6.89201355,
          2.64870644, -16.49145699,  -7.42085552,   0.40827218,  -1.06868637],
       device='cuda:0')
Activation BaB batch 1/1 
build_with_refined_bounds batch [1/1]
Optimizable variables initialized.
all alpha initialized
directly get lb and ub from refined bounds
c shape: torch.Size([2, 1, 10])
lA shapes: [torch.Size([2, 1, 256]), torch.Size([2, 1, 128])]
torch.Size([2, 1])
(alpha-)CROWN with fixed intermediate bounds: tensor([[-4.65219450],
        [-0.04614639]], device='cuda:0') tensor([[inf],
        [inf]], device='cuda:0')
Intermediate layers: /input,/input-3
Keeping alphas for these layers: ['/18']
Node /15 input 0: size torch.Size([256]) unstable 120
Node /17 input 0: size torch.Size([128]) unstable 72
-----------------
# of unstable neurons: 192
-----------------

BaB round 1
batch: 2
splitting decisions: 
split level 0: [/input-3, 71] [/input-3, 71] 
best_l after optimization: -7.323389053344727
beta sum per layer: [0.0, 1.2913564443588257]
alpha/beta optimization time: 0.7846059799194336
pruning_in_iteration open status: True
ratio of positive domain = 2 / 4 = 0.5
pruning-in-iteration extra time: 0.05808734893798828
torch.Size([4, 1])
Time: prepare 0.0012    bound 0.7861    transfer 0.0015    finalize 0.0078    func 0.7966    
Accumulated time: func 0.7966    prepare 0.0070    bound 0.7861    transfer 0.0015    finalize 0.0078    
max lb tensor(9.99999975e-05) min lb tensor(-4.37176323)
Number of Verified Splits: 2 of 4
Current worst splitting domains lb-rhs (depth):
-4.37176 (1), -2.95183 (1), 
Length of domains: 2
Current (lb-rhs): -4.371763229370117
4 domains visited
Time: pickout 0.0009    decision 0.0311    set_bounds 0.0011    solve 0.7974    add 0.0064    
Accumulated time: pickout 0.0009    decision 0.0311    set_bounds 0.0011    solve 0.7974    add 0.0064    
Cumulative time: 0.8719463348388672

BaB round 2
batch: 2
splitting decisions: 
split level 0: [/input, 207] [/input-3, 68] 
best_l after optimization: -12.015660285949707
beta sum per layer: [1.4272464513778687, 3.817836046218872]
alpha/beta optimization time: 0.5491969585418701
pruning_in_iteration open status: False
ratio of positive domain = 0 / 4 = 0.0
pruning-in-iteration extra time: 0.0003197193145751953
torch.Size([4, 1])
Time: prepare 0.0042    bound 0.5502    transfer 0.0007    finalize 0.0040    func 0.5593    
Accumulated time: func 1.3559    prepare 0.0173    bound 1.3363    transfer 0.0023    finalize 0.0118    
max lb tensor(-1.94914913) min lb tensor(-4.15581512)
Number of Verified Splits: 0 of 4
Current worst splitting domains lb-rhs (depth):
-4.15582 (2), -3.29800 (2), -2.61270 (2), -1.94915 (2), 
Length of domains: 4
Current (lb-rhs): -4.155815124511719
8 domains visited
Time: pickout 0.0103    decision 0.0402    set_bounds 0.0025    solve 0.5598    add 0.0013    
Accumulated time: pickout 0.0113    decision 0.0713    set_bounds 0.0036    solve 1.3572    add 0.0077    
Cumulative time: 1.4861915111541748

BaB round 3
batch: 4
splitting decisions: 
split level 0: [/input, 173] [/input-3, 96] [/input-3, 68] [/input-3, 96] 
best_l after optimization: -15.466885566711426
beta sum per layer: [5.509407997131348, 11.408008575439453]
alpha/beta optimization time: 0.6217150688171387
pruning_in_iteration open status: False
ratio of positive domain = 1 / 8 = 0.125
pruning-in-iteration extra time: 0.0005793571472167969
torch.Size([8, 1])
Time: prepare 0.0016    bound 0.6229    transfer 0.0008    finalize 0.0085    func 0.6339    
Accumulated time: func 1.9898    prepare 0.0248    bound 1.9592    transfer 0.0031    finalize 0.0203    
max lb tensor(0.13127995) min lb tensor(-3.97553158)
Number of Verified Splits: 1 of 8
Current worst splitting domains lb-rhs (depth):
-3.97553 (3), -3.01272 (3), -2.45167 (3), -2.16529 (3), -1.99549 (3), -1.70963 (3), -0.28783 (3), 
Length of domains: 7
Current (lb-rhs): -3.975531578063965
16 domains visited
Time: pickout 0.0090    decision 0.0321    set_bounds 0.0012    solve 0.6345    add 0.0015    
Accumulated time: pickout 0.0202    decision 0.1034    set_bounds 0.0048    solve 1.9916    add 0.0092    
Cumulative time: 2.1647160053253174

BaB round 4
batch: 7
splitting decisions: 
split level 0: [/input-3, 68] [/input-3, 81] [/input, 136] [/input-3, 81] [/input-3, 68] [/input-3, 81] [/input, 173] 
best_l after optimization: -21.105993270874023
beta sum per layer: [16.605552673339844, 22.25808334350586]
alpha/beta optimization time: 0.5330283641815186
pruning_in_iteration open status: False
ratio of positive domain = 2 / 14 = 0.1428571428571429
pruning-in-iteration extra time: 0.0007951259613037109
torch.Size([14, 1])
Time: prepare 0.0057    bound 0.5347    transfer 0.0007    finalize 0.0041    func 0.5452    
Accumulated time: func 2.5350    prepare 0.0380    bound 2.4939    transfer 0.0039    finalize 0.0243    
max lb tensor(0.24669743) min lb tensor(-3.80478334)
Number of Verified Splits: 2 of 14
Current worst splitting domains lb-rhs (depth):
-3.80478 (4), -2.77389 (4), -2.32020 (4), -2.24498 (4), -1.84296 (4), -1.72050 (4), -1.67233 (4), -1.48150 (4), -1.35572 (4), -1.07225 (4), -0.61001 (4), -0.52008 (4), 
Length of domains: 12
Current (lb-rhs): -3.804783344268799
30 domains visited
Time: pickout 0.0151    decision 0.0538    set_bounds 0.0033    solve 0.5458    add 0.0037    
Accumulated time: pickout 0.0354    decision 0.1572    set_bounds 0.0081    solve 2.5374    add 0.0129    
Cumulative time: 2.786541700363159

BaB round 5
batch: 12
splitting decisions: 
split level 0: [/input, 136] [/input-3, 70] [/input, 173] [/input-3, 70] [/input, 136] [/input-3, 96] [/input-3, 96] [/input, 207] [/input, 173] [/input-3, 70] 
best_l after optimization: -21.918312072753906
beta sum per layer: [44.445716857910156, 38.161216735839844]
alpha/beta optimization time: 0.6336896419525146
pruning_in_iteration open status: True
ratio of positive domain = 10 / 24 = 0.41666666666666663
pruning-in-iteration extra time: 0.0223848819732666
torch.Size([24, 1])
Time: prepare 0.0019    bound 0.6346    transfer 0.0007    finalize 0.0039    func 0.6412    
Accumulated time: func 3.1762    prepare 0.0446    bound 3.1285    transfer 0.0046    finalize 0.0283    
max lb tensor(9.99999975e-05) min lb tensor(-3.54757214)
Number of Verified Splits: 10 of 24
Current worst splitting domains lb-rhs (depth):
-3.54757 (5), -2.57004 (5), -2.54718 (5), -2.07322 (5), -1.83606 (5), -1.61991 (5), -1.45569 (5), -1.35115 (5), -1.31024 (5), -0.88993 (5), -0.86364 (5), -0.81852 (5), -0.79253 (5), -0.24364 (5), 
Length of domains: 14
Current (lb-rhs): -3.547572135925293
54 domains visited
Time: pickout 0.0100    decision 0.0390    set_bounds 0.0018    solve 0.6418    add 0.0014    
Accumulated time: pickout 0.0453    decision 0.1961    set_bounds 0.0099    solve 3.1792    add 0.0143    
Cumulative time: 3.4806504249572754

BaB round 6
batch: 14
splitting decisions: 
split level 0: [/input, 163] [/input, 207] [/input, 163] [/input-3, 15] [/input-3, 81] [/input-3, 81] [/input-3, 70] [/input, 163] [/input, 207] [/input-3, 81] 
best_l after optimization: -26.81728172302246
beta sum per layer: [64.63240814208984, 42.961814880371094]
alpha/beta optimization time: 0.6780242919921875
pruning_in_iteration open status: True
ratio of positive domain = 7 / 28 = 0.25
pruning-in-iteration extra time: 0.028342723846435547
torch.Size([28, 1])
Time: prepare 0.0021    bound 0.6806    transfer 0.0020    finalize 0.0059    func 0.6908    
Accumulated time: func 3.8670    prepare 0.0527    bound 3.8092    transfer 0.0066    finalize 0.0342    
max lb tensor(9.99999975e-05) min lb tensor(-3.34783649)
Number of Verified Splits: 7 of 28
Current worst splitting domains lb-rhs (depth):
-3.34784 (6), -2.47204 (6), -2.37949 (6), -2.13002 (6), -1.90492 (6), -1.58234 (6), -1.43575 (6), -1.42849 (6), -1.36516 (6), -1.24739 (6), -1.19474 (6), -1.18920 (6), -1.10849 (6), -1.02940 (6), -0.72146 (6), -0.66952 (6), -0.58844 (6), -0.53524 (6), -0.20773 (6), -0.19883 (6), 
Length of domains: 21
Current (lb-rhs): -3.347836494445801
82 domains visited
Time: pickout 0.0066    decision 0.0454    set_bounds 0.0020    solve 0.6914    add 0.0021    
Accumulated time: pickout 0.0519    decision 0.2415    set_bounds 0.0119    solve 3.8706    add 0.0165    
Cumulative time: 4.228539943695068

BaB round 7
batch: 21
splitting decisions: 
split level 0: [/input-3, 96] [/input, 136] [/input-3, 96] [/input-3, 83] [/input-3, 83] [/input-3, 70] [/input, 136] [/input-3, 96] [/input-3, 15] [/input-3, 96] 
best_l after optimization: -25.127004623413086
beta sum per layer: [108.53563690185547, 67.51066589355469]
alpha/beta optimization time: 0.8162002563476562
pruning_in_iteration open status: True
ratio of positive domain = 17 / 42 = 0.40476190476190477
pruning-in-iteration extra time: 0.043837547302246094
torch.Size([42, 1])
Time: prepare 0.0026    bound 0.8172    transfer 0.0011    finalize 0.0045    func 0.8255    
Accumulated time: func 4.6925    prepare 0.0602    bound 4.6264    transfer 0.0077    finalize 0.0388    
max lb tensor(9.99999975e-05) min lb tensor(-3.21759415)
Number of Verified Splits: 17 of 42
Current worst splitting domains lb-rhs (depth):
-3.21759 (7), -2.23079 (7), -2.21140 (7), -1.94421 (7), -1.72720 (7), -1.40858 (7), -1.26264 (7), -1.15017 (7), -1.14471 (7), -1.03435 (7), -1.01616 (7), -0.95926 (7), -0.92996 (7), -0.84063 (7), -0.75961 (7), -0.57807 (7), -0.54029 (7), -0.52879 (7), -0.43886 (7), -0.39605 (7), 
Length of domains: 25
Current (lb-rhs): -3.2175941467285156
124 domains visited
Time: pickout 0.0091    decision 0.0425    set_bounds 0.0020    solve 0.8264    add 0.0016    
Accumulated time: pickout 0.0609    decision 0.2840    set_bounds 0.0139    solve 4.6969    add 0.0180    
Cumulative time: 5.110175609588623

BaB round 8
batch: 25
splitting decisions: 
split level 0: [/input, 135] [/input, 173] [/input, 135] [/input, 173] [/input, 163] [/input-3, 15] [/input-3, 83] [/input, 135] [/input-3, 83] [/input, 135] 
best_l after optimization: -23.739994049072266
beta sum per layer: [117.87574768066406, 81.18678283691406]
alpha/beta optimization time: 0.6047842502593994
pruning_in_iteration open status: True
ratio of positive domain = 24 / 50 = 0.48
pruning-in-iteration extra time: 0.03616738319396973
torch.Size([50, 1])
Time: prepare 0.0026    bound 0.6058    transfer 0.0010    finalize 0.0043    func 0.6138    
Accumulated time: func 5.3063    prepare 0.0707    bound 5.2321    transfer 0.0087    finalize 0.0431    
max lb tensor(9.99999975e-05) min lb tensor(-3.00902653)
Number of Verified Splits: 24 of 50
Current worst splitting domains lb-rhs (depth):
-3.00903 (8), -2.03192 (8), -1.98496 (8), -1.75310 (8), -1.64802 (8), -1.60071 (8), -1.30168 (8), -1.12838 (8), -0.96663 (8), -0.90879 (8), -0.88852 (8), -0.82855 (8), -0.82436 (8), -0.78006 (8), -0.74509 (8), -0.56338 (8), -0.44855 (8), -0.40944 (8), -0.38307 (8), -0.35204 (8), 
Length of domains: 26
Current (lb-rhs): -3.009026527404785
174 domains visited
Time: pickout 0.0091    decision 0.0560    set_bounds 0.0023    solve 0.6142    add 0.0032    
Accumulated time: pickout 0.0700    decision 0.3400    set_bounds 0.0162    solve 5.3111    add 0.0213    
Cumulative time: 5.795311689376831

BaB round 9
batch: 26
splitting decisions: 
split level 0: [/input-3, 83] [/input-3, 105] [/input-3, 15] [/input-3, 83] [/input, 235] [/input-3, 81] [/input-3, 104] [/input-3, 81] [/input, 163] [/input-3, 83] 
best_l after optimization: -27.568904876708984
beta sum per layer: [131.83038330078125, 78.91407775878906]
alpha/beta optimization time: 0.5076637268066406
pruning_in_iteration open status: True
ratio of positive domain = 22 / 52 = 0.42307692307692313
pruning-in-iteration extra time: 0.03187704086303711
torch.Size([52, 1])
Time: prepare 0.0061    bound 0.5085    transfer 0.0002    finalize 0.0016    func 0.5165    
Accumulated time: func 5.8228    prepare 0.0823    bound 5.7406    transfer 0.0090    finalize 0.0447    
max lb tensor(9.99999975e-05) min lb tensor(-2.74439335)
Number of Verified Splits: 22 of 52
Current worst splitting domains lb-rhs (depth):
-2.74439 (9), -2.68969 (9), -1.79528 (9), -1.72315 (9), -1.65060 (9), -1.62983 (9), -1.47283 (9), -1.45180 (9), -1.41056 (9), -1.07853 (9), -0.90751 (9), -0.90587 (9), -0.89943 (9), -0.88260 (9), -0.75565 (9), -0.72238 (9), -0.68529 (9), -0.67539 (9), -0.66476 (9), -0.48487 (9), 
Length of domains: 30
Current (lb-rhs): -2.7443933486938477
226 domains visited
Time: pickout 0.0099    decision 0.0597    set_bounds 0.0026    solve 0.5170    add 0.0010    
Accumulated time: pickout 0.0799    decision 0.3997    set_bounds 0.0187    solve 5.8281    add 0.0223    
Cumulative time: 6.385607004165649

BaB round 10
batch: 30
splitting decisions: 
split level 0: [/input-3, 15] [/input-3, 104] [/input-3, 70] [/input-3, 105] [/input-3, 105] [/input-3, 83] [/input-3, 83] [/input, 163] [/input-3, 83] [/input-3, 15] 
best_l after optimization: -23.013702392578125
beta sum per layer: [160.36444091796875, 78.6865005493164]
alpha/beta optimization time: 0.37492871284484863
pruning_in_iteration open status: True
ratio of positive domain = 32 / 60 = 0.5333333333333333
pruning-in-iteration extra time: 0.02049732208251953
torch.Size([60, 1])
Time: prepare 0.0017    bound 0.3759    transfer 0.0005    finalize 0.0011    func 0.3792    
Accumulated time: func 6.2021    prepare 0.0850    bound 6.1165    transfer 0.0094    finalize 0.0458    
max lb tensor(9.99999975e-05) min lb tensor(-2.61771679)
Number of Verified Splits: 32 of 60
Current worst splitting domains lb-rhs (depth):
-2.61772 (10), -2.56705 (10), -1.63992 (10), -1.56194 (10), -1.49762 (10), -1.48031 (10), -1.32612 (10), -1.30852 (10), -1.30480 (10), -0.93134 (10), -0.71091 (10), -0.69553 (10), -0.66066 (10), -0.59390 (10), -0.52408 (10), -0.51853 (10), -0.51321 (10), -0.49231 (10), -0.46336 (10), -0.42893 (10), 
Length of domains: 28
Current (lb-rhs): -2.6177167892456055
286 domains visited
Time: pickout 0.0046    decision 0.0155    set_bounds 0.0018    solve 0.3797    add 0.0010    
Accumulated time: pickout 0.0845    decision 0.4151    set_bounds 0.0205    solve 6.2079    add 0.0233    
Cumulative time: 6.7884979248046875

BaB round 11
batch: 28
splitting decisions: 
split level 0: [/input, 10] [/input, 104] [/input, 136] [/input, 163] [/input, 10] [/input, 136] [/input-3, 104] [/input, 10] [/input-3, 104] [/input, 10] 
best_l after optimization: -25.253986358642578
beta sum per layer: [139.83868408203125, 85.46862030029297]
alpha/beta optimization time: 0.40923404693603516
pruning_in_iteration open status: True
ratio of positive domain = 20 / 56 = 0.3571428571428571
pruning-in-iteration extra time: 0.021434545516967773
torch.Size([56, 1])
Time: prepare 0.0017    bound 0.4101    transfer 0.0003    finalize 0.0010    func 0.4131    
Accumulated time: func 6.6152    prepare 0.0881    bound 6.5266    transfer 0.0097    finalize 0.0467    
max lb tensor(9.99999975e-05) min lb tensor(-2.45117855)
Number of Verified Splits: 20 of 56
Current worst splitting domains lb-rhs (depth):
-2.45118 (11), -2.42738 (11), -1.48168 (11), -1.41841 (11), -1.38610 (11), -1.36110 (11), -1.26810 (11), -1.24818 (11), -1.18826 (11), -1.16575 (11), -1.15748 (11), -1.14585 (11), -0.75636 (11), -0.53149 (11), -0.52060 (11), -0.51505 (11), -0.43974 (11), -0.39874 (11), -0.35146 (11), -0.34989 (11), 
Length of domains: 36
Current (lb-rhs): -2.451178550720215
342 domains visited
Time: pickout 0.0047    decision 0.0173    set_bounds 0.0018    solve 0.4136    add 0.0010    
Accumulated time: pickout 0.0893    decision 0.4324    set_bounds 0.0223    solve 6.6215    add 0.0243    
Cumulative time: 7.227160453796387

BaB round 12
batch: 36
splitting decisions: 
split level 0: [/input-3, 94] [/input, 10] [/input-3, 105] [/input-3, 104] [/input-3, 94] [/input-3, 70] [/input-3, 70] [/input-3, 15] [/input-3, 70] [/input, 10] 
best_l after optimization: -25.05933952331543
beta sum per layer: [175.22540283203125, 99.34233093261719]
alpha/beta optimization time: 0.3547854423522949
pruning_in_iteration open status: True
ratio of positive domain = 38 / 72 = 0.5277777777777778
pruning-in-iteration extra time: 0.019798755645751953
torch.Size([72, 1])
Time: prepare 0.0020    bound 0.3556    transfer 0.0003    finalize 0.0013    func 0.3592    
Accumulated time: func 6.9744    prepare 0.0915    bound 6.8821    transfer 0.0100    finalize 0.0481    
max lb tensor(9.99999975e-05) min lb tensor(-2.32531071)
Number of Verified Splits: 38 of 72
Current worst splitting domains lb-rhs (depth):
-2.32531 (12), -2.19097 (12), -2.18417 (12), -1.37001 (12), -1.26944 (12), -1.11356 (12), -1.11131 (12), -1.10209 (12), -1.04834 (12), -1.04129 (12), -1.01167 (12), -0.99966 (12), -0.99051 (12), -0.96170 (12), -0.91056 (12), -0.88348 (12), -0.59817 (12), -0.45921 (12), -0.43968 (12), -0.31089 (12), 
Length of domains: 34
Current (lb-rhs): -2.325310707092285
414 domains visited
Time: pickout 0.0063    decision 0.0214    set_bounds 0.0022    solve 0.3597    add 0.0011    
Accumulated time: pickout 0.0955    decision 0.4539    set_bounds 0.0245    solve 6.9811    add 0.0254    
Cumulative time: 7.618032455444336

BaB round 13
batch: 34
splitting decisions: 
split level 0: [/input-3, 7] [/input-3, 7] [/input-3, 105] [/input-3, 7] [/input-3, 70] [/input-3, 7] [/input-3, 70] [/input-3, 70] [/input-3, 70] [/input-3, 70] 
best_l after optimization: -21.776025772094727
beta sum per layer: [109.60340881347656, 105.30978393554688]
alpha/beta optimization time: 0.4402198791503906
pruning_in_iteration open status: True
ratio of positive domain = 35 / 68 = 0.5147058823529411
pruning-in-iteration extra time: 0.02791595458984375
torch.Size([68, 1])
Time: prepare 0.0018    bound 0.4413    transfer 0.0034    finalize 0.0081    func 0.4547    
Accumulated time: func 7.4291    prepare 0.0943    bound 7.3235    transfer 0.0134    finalize 0.0561    
max lb tensor(9.99999975e-05) min lb tensor(-2.21434116)
Number of Verified Splits: 35 of 68
Current worst splitting domains lb-rhs (depth):
-2.21434 (13), -2.08661 (13), -2.07861 (13), -1.25381 (13), -1.13576 (13), -0.98559 (13), -0.98271 (13), -0.92998 (13), -0.90510 (13), -0.88566 (13), -0.87205 (13), -0.83457 (13), -0.80893 (13), -0.78410 (13), -0.77995 (13), -0.77761 (13), -0.71005 (13), -0.39855 (13), -0.39302 (13), -0.36029 (13), 
Length of domains: 33
Current (lb-rhs): -2.214341163635254
482 domains visited
Time: pickout 0.0057    decision 0.0184    set_bounds 0.0019    solve 0.4554    add 0.0016    
Accumulated time: pickout 0.1012    decision 0.4723    set_bounds 0.0265    solve 7.4365    add 0.0270    
Cumulative time: 8.101216793060303

BaB round 14
batch: 33
splitting decisions: 
split level 0: [/input-3, 105] [/input, 235] [/input, 10] [/input, 235] [/input-3, 104] [/input-3, 7] [/input-3, 7] [/input-3, 105] [/input-3, 105] [/input-3, 105] 
best_l after optimization: -23.701744079589844
beta sum per layer: [116.45067596435547, 99.76454162597656]
alpha/beta optimization time: 0.8250534534454346
pruning_in_iteration open status: True
ratio of positive domain = 33 / 66 = 0.5
pruning-in-iteration extra time: 0.043511152267456055
torch.Size([66, 1])
Time: prepare 0.0043    bound 0.8261    transfer 0.0012    finalize 0.0048    func 0.8364    
Accumulated time: func 8.2654    prepare 0.1039    bound 8.1495    transfer 0.0146    finalize 0.0609    
max lb tensor(9.99999975e-05) min lb tensor(-2.10978603)
Number of Verified Splits: 33 of 66
Current worst splitting domains lb-rhs (depth):
-2.10979 (14), -1.93895 (14), -1.93350 (14), -1.12874 (14), -0.94392 (14), -0.92818 (14), -0.90313 (14), -0.78937 (14), -0.78849 (14), -0.78422 (14), -0.78374 (14), -0.75841 (14), -0.72756 (14), -0.71048 (14), -0.68265 (14), -0.67225 (14), -0.66611 (14), -0.66242 (14), -0.65956 (14), -0.65393 (14), 
Length of domains: 33
Current (lb-rhs): -2.109786033630371
548 domains visited
Time: pickout 0.0090    decision 0.0665    set_bounds 0.0041    solve 0.8369    add 0.0018    
Accumulated time: pickout 0.1101    decision 0.5388    set_bounds 0.0306    solve 8.2734    add 0.0288    
Cumulative time: 9.019679307937622

BaB round 15
batch: 33
splitting decisions: 
split level 0: [/input, 149] [/input-3, 104] [/input-3, 104] [/input-3, 104] [/input, 135] [/input, 149] [/input, 149] [/input, 149] [/input, 149] [/input-3, 104] 
best_l after optimization: -25.173625946044922
beta sum per layer: [116.41854858398438, 94.92279052734375]
alpha/beta optimization time: 0.5405862331390381
pruning_in_iteration open status: True
ratio of positive domain = 21 / 66 = 0.31818181818181823
pruning-in-iteration extra time: 0.023466825485229492
torch.Size([66, 1])
Time: prepare 0.0027    bound 0.5414    transfer 0.0003    finalize 0.0011    func 0.5455    
Accumulated time: func 8.8110    prepare 0.1104    bound 8.6909    transfer 0.0149    finalize 0.0620    
max lb tensor(9.99999975e-05) min lb tensor(-1.94142723)
Number of Verified Splits: 21 of 66
Current worst splitting domains lb-rhs (depth):
-1.94143 (15), -1.77774 (15), -1.76986 (15), -1.30664 (15), -1.29447 (15), -1.10874 (15), -0.96330 (15), -0.78894 (15), -0.65760 (15), -0.61740 (15), -0.61381 (15), -0.58864 (15), -0.58857 (15), -0.57414 (15), -0.55252 (15), -0.54182 (15), -0.52789 (15), -0.51649 (15), -0.51159 (15), -0.51107 (15), 
Length of domains: 45
Current (lb-rhs): -1.941427230834961
614 domains visited
Time: pickout 0.0142    decision 0.0561    set_bounds 0.0025    solve 0.5461    add 0.0014    
Accumulated time: pickout 0.1243    decision 0.5949    set_bounds 0.0330    solve 8.8196    add 0.0302    
Time out!!!!!!!!
Result: unknown in 12.4036 seconds

 %%%%%%%%%%%%%%%%%%%%%%%%%%%%%%%%%%% idx: 3, vnnlib ID: 33 %%%%%%%%%%%%%%%%%%%%%%%%%%%%%%%%%%%
Finished vnnlib processing in 0.003545 seconds
Model: BoundedModule(
  (/0): BoundInput(name=/0, inputs=[], perturbed=True)
  (/7): BoundParams(name=/7, inputs=[], perturbed=False)
  (/8): BoundParams(name=/8, inputs=[], perturbed=False)
  (/9): BoundParams(name=/9, inputs=[], perturbed=False)
  (/10): BoundParams(name=/10, inputs=[], perturbed=False)
  (/11): BoundParams(name=/11, inputs=[], perturbed=False)
  (/12): BoundParams(name=/12, inputs=[], perturbed=False)
  (/13): BoundFlatten(name=/13, inputs=[/0], perturbed=True)
  (/input): BoundLinear(name=/input, inputs=[/13, /7, /8], perturbed=True)
  (/15): BoundRelu(name=/15, inputs=[/input], perturbed=True)
  (/input-3): BoundLinear(name=/input-3, inputs=[/15, /9, /10], perturbed=True)
  (/17): BoundRelu(name=/17, inputs=[/input-3], perturbed=True)
  (/18): BoundLinear(name=/18, inputs=[/17, /11, /12], perturbed=True)
)
Original output in the first batch: tensor([[ 3.04305887, -6.81834936, -2.94865537, -7.95442390,  5.40456295,
         -1.74643552, -0.39231810, -3.41582561, -3.34109378, -0.58277714]],
       device='cuda:0')
Split layers:
Nonlinear functions:
   BoundRelu(name=/15, inputs=[/input], perturbed=True)
   BoundRelu(name=/17, inputs=[/input-3], perturbed=True)
build batch [1/1]
layer /15 using sparse-features alpha with shape [124]; unstable size 124; total size 256 ([1, 256])
layer /15 start_node /input-3 using sparse-spec alpha [2, 91, 1, 124] with unstable size 90 total_size 128 output_shape torch.Size([128])
layer /15 start_node /18 using full alpha [2, 9, 1, 124] with unstable size None total_size 9 output_shape 9
layer /17 using sparse-features alpha with shape [90]; unstable size 90; total size 128 ([1, 128])
layer /17 start_node /18 using full alpha [2, 9, 1, 90] with unstable size None total_size 9 output_shape 9
Optimizable variables initialized.
initial CROWN bounds (first 10 items): [-11.826131820678711, 0.9847469329833984, -3.924006462097168, -1.0025691986083984, -7.605860710144043, -8.306232452392578, -4.345485687255859, -4.213870525360107, -7.513502597808838]
prune_after_crown optimization in use
  original spec size = torch.Size([1, 9])
  pruned spec size = torch.Size([1, 8])
Using alpha-CROWN to initialize bounds.
best_l after optimization: -42.24029541015625
alpha/beta optimization time: 1.3382229804992676
initial alpha-crown bounds (first 10 items): [-11.037108421325684, -3.0663957595825195, -0.39560890197753906, -7.112458229064941, -7.007588863372803, -3.657670497894287, -3.6294713020324707, -6.333993434906006]
Global lower bound: -11.037108421325684
torch.Size([1, 8])
1 / 9 OR specs are verified.
Verified OR indices (first 10 items): [1]
Verified OR lbs (first 10 items): [[inf]]
Unverified OR indices (first 10 items): [0, 2, 3, 4, 5, 6, 7, 8]
Unverified OR lbs (first 10 items): [[-11.037108421325684], [-3.0663957595825195], [-0.39560890197753906], [-7.112458229064941], [-7.007588863372803], [-3.657670497894287], [-3.6294713020324707], [-6.333993434906006]]
###### Verifying property Instance 3 ######
Batch size: 8
First 10 spec matrices
C: tensor([[[-1.,  0.,  0.,  0.,  1.,  0.,  0.,  0.,  0.,  0.]],

        [[ 0.,  0., -1.,  0.,  1.,  0.,  0.,  0.,  0.,  0.]],

        [[ 0.,  0.,  0., -1.,  1.,  0.,  0.,  0.,  0.,  0.]],

        [[ 0.,  0.,  0.,  0.,  1., -1.,  0.,  0.,  0.,  0.]],

        [[ 0.,  0.,  0.,  0.,  1.,  0., -1.,  0.,  0.,  0.]],

        [[ 0.,  0.,  0.,  0.,  1.,  0.,  0., -1.,  0.,  0.]],

        [[ 0.,  0.,  0.,  0.,  1.,  0.,  0.,  0., -1.,  0.]],

        [[ 0.,  0.,  0.,  0.,  1.,  0.,  0.,  0.,  0., -1.]]], device='cuda:0')
RHS: tensor([[0.],
        [0.],
        [0.],
        [0.],
        [0.],
        [0.],
        [0.],
        [0.]], device='cuda:0')
OR spec sizes: tensor([1, 1, 1, 1, 1, 1, 1, 1], device='cuda:0', dtype=torch.int32)
Remaining timeout: 10.489466905593872
Model prediction is: tensor([ 3.04305887, -6.81834936, -2.94865537, -7.95442390,  5.40456295,
        -1.74643552, -0.39231810, -3.41582561, -3.34109378, -0.58277714],
       device='cuda:0')
Activation BaB batch 1/1 
build_with_refined_bounds batch [1/1]
Optimizable variables initialized.
all alpha initialized
directly get lb and ub from refined bounds
c shape: torch.Size([8, 1, 10])
lA shapes: [torch.Size([8, 1, 256]), torch.Size([8, 1, 128])]
torch.Size([8, 1])
(alpha-)CROWN with fixed intermediate bounds: tensor([[-11.03710842],
        [ -3.06639576],
        [ -0.39560890],
        [ -7.11245823],
        [ -7.00758886],
        [ -3.65767050],
        [ -3.62947130],
        [ -6.33399343]], device='cuda:0') tensor([[inf],
        [inf],
        [inf],
        [inf],
        [inf],
        [inf],
        [inf],
        [inf]], device='cuda:0')
Intermediate layers: /input,/input-3
Keeping alphas for these layers: ['/18']
Node /15 input 0: size torch.Size([256]) unstable 124
Node /17 input 0: size torch.Size([128]) unstable 89
-----------------
# of unstable neurons: 213
-----------------

BaB round 1
batch: 8
splitting decisions: 
split level 0: [/input, 243] [/input-3, 25] [/input, 135] [/input, 135] [/input, 243] [/input-3, 81] [/input, 163] [/input-3, 27] 
best_l after optimization: -73.90934753417969
beta sum per layer: [2.3569412231445312, 3.035966634750366]
alpha/beta optimization time: 0.6351175308227539
pruning_in_iteration open status: False
ratio of positive domain = 1 / 16 = 0.0625
pruning-in-iteration extra time: 0.0008261203765869141
torch.Size([16, 1])
Time: prepare 0.0007    bound 0.6368    transfer 0.0021    finalize 0.0100    func 0.6497    
Accumulated time: func 0.6497    prepare 0.0021    bound 0.6368    transfer 0.0021    finalize 0.0100    
max lb tensor(0.04704571) min lb tensor(-10.69689941)
Number of Verified Splits: 1 of 16
Current worst splitting domains lb-rhs (depth):
-10.69690 (1), -10.60018 (1), -6.70642 (1), -6.68239 (1), -6.58370 (1), -6.15900 (1), -5.59051 (1), -5.31057 (1), -3.52275 (1), -3.44043 (1), -2.72563 (1), -2.53395 (1), -2.44816 (1), -0.78887 (1), -0.16694 (1), 
Length of domains: 15
Current (lb-rhs): -10.6968994140625
16 domains visited
Time: pickout 0.0016    decision 0.0209    set_bounds 0.0011    solve 0.6506    add 0.0060    
Accumulated time: pickout 0.0016    decision 0.0209    set_bounds 0.0011    solve 0.6506    add 0.0060    
Cumulative time: 0.6991608142852783

BaB round 2
batch: 15
splitting decisions: 
split level 0: [/input, 135] [/input-3, 104] [/input-3, 25] [/input, 163] [/input, 163] [/input-3, 44] [/input-3, 67] [/input-3, 25] [/input, 135] [/input-3, 104] 
best_l after optimization: -126.37184143066406
beta sum per layer: [11.54460334777832, 18.070037841796875]
alpha/beta optimization time: 0.6658706665039062
pruning_in_iteration open status: False
ratio of positive domain = 4 / 30 = 0.1333333333333333
pruning-in-iteration extra time: 0.0009839534759521484
torch.Size([30, 1])
Time: prepare 0.0027    bound 0.6677    transfer 0.0024    finalize 0.0101    func 0.6829    
Accumulated time: func 1.3326    prepare 0.0124    bound 1.3044    transfer 0.0045    finalize 0.0201    
max lb tensor(0.30520916) min lb tensor(-10.43909454)
Number of Verified Splits: 4 of 30
Current worst splitting domains lb-rhs (depth):
-10.43909 (2), -10.34834 (2), -10.05439 (2), -9.93338 (2), -6.43699 (2), -6.38116 (2), -6.34319 (2), -6.02290 (2), -5.72746 (2), -5.36573 (2), -5.22556 (2), -5.17632 (2), -5.16323 (2), -4.87875 (2), -4.65483 (2), -3.78338 (2), -3.34703 (2), -3.30249 (2), -2.52690 (2), -2.35790 (2), 
Length of domains: 26
Current (lb-rhs): -10.439094543457031
46 domains visited
Time: pickout 0.0128    decision 0.0589    set_bounds 0.0021    solve 0.6838    add 0.0028    
Accumulated time: pickout 0.0144    decision 0.0798    set_bounds 0.0032    solve 1.3344    add 0.0087    
Cumulative time: 1.4596929550170898

BaB round 3
batch: 26
splitting decisions: 
split level 0: [/input-3, 81] [/input-3, 97] [/input-3, 25] [/input, 135] [/input, 178] [/input-3, 126] [/input-3, 74] [/input-3, 44] [/input, 163] [/input-3, 25] 
best_l after optimization: -221.84146118164062
beta sum per layer: [29.816326141357422, 46.85917663574219]
alpha/beta optimization time: 0.5564954280853271
pruning_in_iteration open status: False
ratio of positive domain = 2 / 52 = 0.038461538461538436
pruning-in-iteration extra time: 0.0003132820129394531
torch.Size([52, 1])
Time: prepare 0.0018    bound 0.5575    transfer 0.0014    finalize 0.0053    func 0.5661    
Accumulated time: func 1.8987    prepare 0.0185    bound 1.8620    transfer 0.0059    finalize 0.0254    
max lb tensor(0.09456778) min lb tensor(-10.24551392)
Number of Verified Splits: 2 of 52
Current worst splitting domains lb-rhs (depth):
-10.24551 (3), -10.16304 (3), -9.83244 (3), -9.70726 (3), -8.45964 (3), -7.51369 (3), -7.50921 (3), -7.34422 (3), -6.22716 (3), -6.12602 (3), -6.11416 (3), -5.92046 (3), -5.89859 (3), -5.80389 (3), -5.44657 (3), -5.41054 (3), -5.37571 (3), -5.04434 (3), -4.93985 (3), -4.92041 (3), 
Length of domains: 50
Current (lb-rhs): -10.245513916015625
98 domains visited
Time: pickout 0.0097    decision 0.0522    set_bounds 0.0015    solve 0.5669    add 0.0018    
Accumulated time: pickout 0.0241    decision 0.1319    set_bounds 0.0047    solve 1.9013    add 0.0105    
Cumulative time: 2.0919649600982666

BaB round 4
batch: 50
splitting decisions: 
split level 0: [/input-3, 44] [/input, 163] [/input-3, 71] [/input-3, 44] [/input, 135] [/input-3, 104] [/input, 243] [/input-3, 81] [/input-3, 97] [/input-3, 81] 
best_l after optimization: -364.0953674316406
beta sum per layer: [80.8426742553711, 139.40017700195312]
alpha/beta optimization time: 0.4307255744934082
pruning_in_iteration open status: False
ratio of positive domain = 3 / 100 = 0.030000000000000027
pruning-in-iteration extra time: 0.00010657310485839844
torch.Size([100, 1])
Time: prepare 0.0038    bound 0.4315    transfer 0.0002    finalize 0.0013    func 0.4369    
Accumulated time: func 2.3356    prepare 0.0265    bound 2.2935    transfer 0.0061    finalize 0.0267    
max lb tensor(0.27150631) min lb tensor(-10.06209850)
Number of Verified Splits: 3 of 100
Current worst splitting domains lb-rhs (depth):
-10.06210 (4), -9.97888 (4), -9.62798 (4), -9.51199 (4), -8.04176 (4), -7.98710 (4), -7.90435 (4), -7.55477 (4), -7.43345 (4), -6.87680 (4), -6.75428 (4), -6.59859 (4), -6.02632 (4), -5.91983 (4), -5.85150 (4), -5.81338 (4), -5.68976 (4), -5.66203 (4), -5.59276 (4), -5.52194 (4), 
Length of domains: 97
Current (lb-rhs): -10.062098503112793
198 domains visited
Time: pickout 0.0109    decision 0.0684    set_bounds 0.0024    solve 0.4373    add 0.0014    
Accumulated time: pickout 0.0350    decision 0.2003    set_bounds 0.0071    solve 2.3386    add 0.0119    
Cumulative time: 2.612506628036499

BaB round 5
batch: 64
splitting decisions: 
split level 0: [/input-3, 81] [/input-3, 71] [/input-3, 97] [/input-3, 44] [/input-3, 74] [/input-3, 67] [/input-3, 126] [/input-3, 81] [/input-3, 44] [/input-3, 25] 
best_l after optimization: -341.7449951171875
beta sum per layer: [131.25204467773438, 305.38714599609375]
alpha/beta optimization time: 0.31566834449768066
pruning_in_iteration open status: False
ratio of positive domain = 9 / 128 = 0.0703125
pruning-in-iteration extra time: 9.584426879882812e-05
torch.Size([128, 1])
Time: prepare 0.0028    bound 0.3164    transfer 0.0003    finalize 0.0015    func 0.3212    
Accumulated time: func 2.6568    prepare 0.0305    bound 2.6099    transfer 0.0064    finalize 0.0282    
max lb tensor(0.36189318) min lb tensor(-7.53745604)
Number of Verified Splits: 9 of 128
Current worst splitting domains lb-rhs (depth):
-10.06210 (4), -9.97888 (4), -9.62798 (4), -9.51199 (4), -8.04176 (4), -7.53746 (5), -7.49351 (5), -6.98924 (5), -6.75428 (4), -6.63282 (5), -6.59752 (5), -6.59703 (5), -6.33521 (5), -6.02632 (4), -5.93198 (5), -5.91983 (4), -5.85150 (4), -5.52194 (4), -5.51938 (5), -5.47943 (5), 
Length of domains: 152
Current (lb-rhs): -10.062098503112793
326 domains visited
Time: pickout 0.0068    decision 0.0203    set_bounds 0.0029    solve 0.3217    add 0.0011    
Accumulated time: pickout 0.0418    decision 0.2206    set_bounds 0.0099    solve 2.6603    add 0.0131    
Cumulative time: 2.965494394302368

BaB round 6
batch: 64
splitting decisions: 
split level 0: [/input-3, 47] [/input-3, 71] [/input, 80] [/input-3, 7] [/input-3, 83] [/input-3, 74] [/input, 135] [/input, 71] [/input-3, 7] [/input-3, 71] 
best_l after optimization: -247.57208251953125
beta sum per layer: [152.8404541015625, 435.33453369140625]
alpha/beta optimization time: 0.35205984115600586
pruning_in_iteration open status: False
ratio of positive domain = 17 / 128 = 0.1328125
pruning-in-iteration extra time: 0.00011873245239257812
torch.Size([128, 1])
Time: prepare 0.0031    bound 0.3529    transfer 0.0002    finalize 0.0016    func 0.3578    
Accumulated time: func 3.0146    prepare 0.0348    bound 2.9628    transfer 0.0066    finalize 0.0298    
max lb tensor(0.48566818) min lb tensor(-6.17972040)
Number of Verified Splits: 17 of 128
Current worst splitting domains lb-rhs (depth):
-10.06210 (4), -9.97888 (4), -9.62798 (4), -9.51199 (4), -8.04176 (4), -7.53746 (5), -7.49351 (5), -6.98924 (5), -6.75428 (4), -6.63282 (5), -6.59752 (5), -6.33521 (5), -6.17972 (6), -6.13356 (6), -6.02632 (4), -5.91983 (4), -5.85150 (4), -5.52194 (4), -5.47943 (5), -5.39011 (5), 
Length of domains: 199
Current (lb-rhs): -10.062098503112793
454 domains visited
Time: pickout 0.0088    decision 0.0217    set_bounds 0.0032    solve 0.3584    add 0.0012    
Accumulated time: pickout 0.0506    decision 0.2424    set_bounds 0.0131    solve 3.0186    add 0.0142    
Cumulative time: 3.3589608669281006

BaB round 7
batch: 64
splitting decisions: 
split level 0: [/input-3, 14] [/input-3, 83] [/input-3, 16] [/input-3, 81] [/input-3, 74] [/input-3, 14] [/input-3, 83] [/input-3, 0] [/input-3, 14] [/input-3, 83] 
best_l after optimization: -195.68450927734375
beta sum per layer: [201.54010009765625, 548.4332885742188]
alpha/beta optimization time: 0.3174929618835449
pruning_in_iteration open status: False
ratio of positive domain = 21 / 128 = 0.1640625
pruning-in-iteration extra time: 0.00010800361633300781
torch.Size([128, 1])
Time: prepare 0.0033    bound 0.3183    transfer 0.0002    finalize 0.0014    func 0.3233    
Accumulated time: func 3.3379    prepare 0.0402    bound 3.2811    transfer 0.0068    finalize 0.0312    
max lb tensor(0.51687241) min lb tensor(-5.89705563)
Number of Verified Splits: 21 of 128
Current worst splitting domains lb-rhs (depth):
-10.06210 (4), -9.97888 (4), -9.62798 (4), -9.51199 (4), -8.04176 (4), -7.53746 (5), -7.49351 (5), -6.98924 (5), -6.75428 (4), -6.63282 (5), -6.59752 (5), -6.33521 (5), -6.17972 (6), -6.02632 (4), -5.91983 (4), -5.89706 (7), -5.85150 (4), -5.52194 (4), -5.47943 (5), -5.44707 (7), 
Length of domains: 242
Current (lb-rhs): -10.062098503112793
582 domains visited
Time: pickout 0.0084    decision 0.0224    set_bounds 0.0032    solve 0.3238    add 0.0025    
Accumulated time: pickout 0.0590    decision 0.2647    set_bounds 0.0163    solve 3.3424    add 0.0167    
Cumulative time: 3.719271421432495

BaB round 8
batch: 64
splitting decisions: 
split level 0: [/input-3, 104] [/input-3, 7] [/input-3, 0] [/input-3, 104] [/input, 141] [/input-3, 67] [/input-3, 0] [/input-3, 104] [/input-3, 71] [/input, 80] 
best_l after optimization: -149.21197509765625
beta sum per layer: [244.6866455078125, 609.965576171875]
alpha/beta optimization time: 0.38190340995788574
pruning_in_iteration open status: True
ratio of positive domain = 33 / 128 = 0.2578125
pruning-in-iteration extra time: 0.01599717140197754
torch.Size([128, 1])
Time: prepare 0.0030    bound 0.3829    transfer 0.0003    finalize 0.0016    func 0.3879    
Accumulated time: func 3.7258    prepare 0.0443    bound 3.6641    transfer 0.0071    finalize 0.0329    
max lb tensor(9.99999975e-05) min lb tensor(-5.27529764)
Number of Verified Splits: 33 of 128
Current worst splitting domains lb-rhs (depth):
-10.06210 (4), -9.97888 (4), -9.62798 (4), -9.51199 (4), -8.04176 (4), -7.53746 (5), -7.49351 (5), -6.98924 (5), -6.75428 (4), -6.63282 (5), -6.59752 (5), -6.33521 (5), -6.17972 (6), -6.02632 (4), -5.91983 (4), -5.89706 (7), -5.85150 (4), -5.52194 (4), -5.47943 (5), -5.39011 (5), 
Length of domains: 273
Current (lb-rhs): -10.062098503112793
710 domains visited
Time: pickout 0.0098    decision 0.0208    set_bounds 0.0032    solve 0.3891    add 0.0018    
Accumulated time: pickout 0.0688    decision 0.2856    set_bounds 0.0194    solve 3.7315    add 0.0185    
Cumulative time: 4.144227027893066

BaB round 9
batch: 64
splitting decisions: 
split level 0: [/input-3, 3] [/input-3, 67] [/input-3, 7] [/input-3, 28] [/input-3, 0] [/input-3, 83] [/input-3, 67] [/input-3, 7] [/input-3, 0] [/input-3, 67] 
best_l after optimization: -110.25279235839844
beta sum per layer: [238.97540283203125, 633.3681030273438]
alpha/beta optimization time: 0.7341976165771484
pruning_in_iteration open status: True
ratio of positive domain = 46 / 128 = 0.359375
pruning-in-iteration extra time: 0.03537940979003906
torch.Size([128, 1])
Time: prepare 0.0034    bound 0.7353    transfer 0.0015    finalize 0.0046    func 0.7449    
Accumulated time: func 4.4707    prepare 0.0490    bound 4.3994    transfer 0.0086    finalize 0.0375    
max lb tensor(9.99999975e-05) min lb tensor(-5.11187124)
Number of Verified Splits: 46 of 128
Current worst splitting domains lb-rhs (depth):
-10.06210 (4), -9.97888 (4), -9.62798 (4), -9.51199 (4), -8.04176 (4), -7.53746 (5), -7.49351 (5), -6.98924 (5), -6.75428 (4), -6.63282 (5), -6.59752 (5), -6.33521 (5), -6.17972 (6), -6.02632 (4), -5.91983 (4), -5.89706 (7), -5.85150 (4), -5.52194 (4), -5.47943 (5), -5.39011 (5), 
Length of domains: 291
Current (lb-rhs): -10.062098503112793
838 domains visited
Time: pickout 0.0083    decision 0.0261    set_bounds 0.0037    solve 0.7454    add 0.0023    
Accumulated time: pickout 0.0771    decision 0.3117    set_bounds 0.0231    solve 4.4769    add 0.0208    
Cumulative time: 4.93023157119751

BaB round 10
batch: 64
splitting decisions: 
split level 0: [/input-3, 40] [/input-3, 40] [/input-3, 93] [/input-3, 102] [/input-3, 93] [/input-3, 40] [/input-3, 0] [/input, 71] [/input, 163] [/input-3, 7] 
best_l after optimization: -97.3324966430664
beta sum per layer: [280.44970703125, 672.5400390625]
alpha/beta optimization time: 0.6183056831359863
pruning_in_iteration open status: True
ratio of positive domain = 51 / 128 = 0.3984375
pruning-in-iteration extra time: 0.04026436805725098
torch.Size([128, 1])
Time: prepare 0.0036    bound 0.6192    transfer 0.0003    finalize 0.0015    func 0.6247    
Accumulated time: func 5.0954    prepare 0.0588    bound 5.0186    transfer 0.0089    finalize 0.0390    
max lb tensor(0.01398468) min lb tensor(-3.56010127)
Number of Verified Splits: 51 of 128
Current worst splitting domains lb-rhs (depth):
-10.06210 (4), -9.97888 (4), -9.62798 (4), -9.51199 (4), -8.04176 (4), -7.53746 (5), -7.49351 (5), -6.98924 (5), -6.75428 (4), -6.63282 (5), -6.59752 (5), -6.33521 (5), -6.17972 (6), -6.02632 (4), -5.91983 (4), -5.89706 (7), -5.85150 (4), -5.52194 (4), -5.47943 (5), -5.39011 (5), 
Length of domains: 304
Current (lb-rhs): -10.062098503112793
966 domains visited
Time: pickout 0.0160    decision 0.0819    set_bounds 0.0037    solve 0.6252    add 0.0011    
Accumulated time: pickout 0.0931    decision 0.3936    set_bounds 0.0268    solve 5.1021    add 0.0219    
Cumulative time: 5.658436059951782

BaB round 11
batch: 64
splitting decisions: 
split level 0: [/input-3, 126] [/input-3, 31] [/input-3, 40] [/input-3, 0] [/input, 71] [/input-3, 31] [/input-3, 93] [/input-3, 31] [/input, 77] [/input-3, 0] 
best_l after optimization: -109.67127990722656
beta sum per layer: [252.918212890625, 702.3983154296875]
alpha/beta optimization time: 0.38924598693847656
pruning_in_iteration open status: True
ratio of positive domain = 42 / 128 = 0.328125
pruning-in-iteration extra time: 0.021090030670166016
torch.Size([128, 1])
Time: prepare 0.0033    bound 0.3902    transfer 0.0003    finalize 0.0016    func 0.3955    
Accumulated time: func 5.4909    prepare 0.0634    bound 5.4088    transfer 0.0092    finalize 0.0406    
max lb tensor(9.99999975e-05) min lb tensor(-3.34250641)
Number of Verified Splits: 42 of 128
Current worst splitting domains lb-rhs (depth):
-10.06210 (4), -9.97888 (4), -9.62798 (4), -9.51199 (4), -8.04176 (4), -7.53746 (5), -7.49351 (5), -6.98924 (5), -6.75428 (4), -6.63282 (5), -6.59752 (5), -6.33521 (5), -6.17972 (6), -6.02632 (4), -5.91983 (4), -5.89706 (7), -5.85150 (4), -5.52194 (4), -5.47943 (5), -5.39011 (5), 
Length of domains: 326
Current (lb-rhs): -10.062098503112793
1094 domains visited
Time: pickout 0.0084    decision 0.0241    set_bounds 0.0035    solve 0.3960    add 0.0012    
Accumulated time: pickout 0.1015    decision 0.4177    set_bounds 0.0303    solve 5.4982    add 0.0231    
Cumulative time: 6.091940402984619

BaB round 12
batch: 64
splitting decisions: 
split level 0: [/input-3, 104] [/input, 2] [/input-3, 31] [/input-3, 31] [/input-3, 93] [/input-3, 0] [/input-3, 104] [/input-3, 104] [/input-3, 25] [/input-3, 126] 
best_l after optimization: -93.31817626953125
beta sum per layer: [259.52825927734375, 711.1480712890625]
alpha/beta optimization time: 0.41002321243286133
pruning_in_iteration open status: True
ratio of positive domain = 36 / 128 = 0.28125
pruning-in-iteration extra time: 0.014406204223632812
torch.Size([128, 1])
Time: prepare 0.0030    bound 0.4108    transfer 0.0006    finalize 0.0022    func 0.4167    
Accumulated time: func 5.9076    prepare 0.0676    bound 5.8196    transfer 0.0099    finalize 0.0428    
max lb tensor(9.99999975e-05) min lb tensor(-3.18774033)
Number of Verified Splits: 36 of 128
Current worst splitting domains lb-rhs (depth):
-10.06210 (4), -9.97888 (4), -9.62798 (4), -9.51199 (4), -8.04176 (4), -7.53746 (5), -7.49351 (5), -6.98924 (5), -6.75428 (4), -6.63282 (5), -6.59752 (5), -6.33521 (5), -6.17972 (6), -6.02632 (4), -5.91983 (4), -5.89706 (7), -5.85150 (4), -5.52194 (4), -5.47943 (5), -5.39011 (5), 
Length of domains: 354
Current (lb-rhs): -10.062098503112793
1222 domains visited
Time: pickout 0.0080    decision 0.0207    set_bounds 0.0030    solve 0.4172    add 0.0009    
Accumulated time: pickout 0.1095    decision 0.4383    set_bounds 0.0334    solve 5.9154    add 0.0240    
Cumulative time: 6.54204797744751

BaB round 13
batch: 64
splitting decisions: 
split level 0: [/input-3, 114] [/input-3, 27] [/input-3, 104] [/input-3, 40] [/input-3, 3] [/input, 174] [/input-3, 104] [/input-3, 0] [/input-3, 40] [/input-3, 40] 
best_l after optimization: -57.84641647338867
beta sum per layer: [328.38262939453125, 743.84326171875]
alpha/beta optimization time: 0.4412996768951416
pruning_in_iteration open status: True
ratio of positive domain = 60 / 128 = 0.46875
pruning-in-iteration extra time: 0.024715423583984375
torch.Size([128, 1])
Time: prepare 0.0035    bound 0.4422    transfer 0.0004    finalize 0.0016    func 0.4478    
Accumulated time: func 6.3554    prepare 0.0728    bound 6.2618    transfer 0.0103    finalize 0.0444    
max lb tensor(9.99999975e-05) min lb tensor(-2.96400118)
Number of Verified Splits: 60 of 128
Current worst splitting domains lb-rhs (depth):
-10.06210 (4), -9.97888 (4), -9.62798 (4), -9.51199 (4), -8.04176 (4), -7.53746 (5), -7.49351 (5), -6.98924 (5), -6.75428 (4), -6.63282 (5), -6.59752 (5), -6.33521 (5), -6.17972 (6), -6.02632 (4), -5.91983 (4), -5.89706 (7), -5.85150 (4), -5.52194 (4), -5.47943 (5), -5.39011 (5), 
Length of domains: 358
Current (lb-rhs): -10.062098503112793
1350 domains visited
Time: pickout 0.0094    decision 0.0288    set_bounds 0.0037    solve 0.4485    add 0.0009    
Accumulated time: pickout 0.1189    decision 0.4672    set_bounds 0.0371    solve 6.3639    add 0.0250    
Cumulative time: 7.033711194992065

BaB round 14
batch: 64
splitting decisions: 
split level 0: [/input, 2] [/input, 2] [/input-3, 25] [/input-3, 14] [/input-3, 104] [/input-3, 104] [/input-3, 95] [/input-3, 104] [/input-3, 95] [/input-3, 0] 
best_l after optimization: -55.18495178222656
beta sum per layer: [326.8126220703125, 782.3260498046875]
alpha/beta optimization time: 0.592343807220459
pruning_in_iteration open status: True
ratio of positive domain = 55 / 128 = 0.4296875
pruning-in-iteration extra time: 0.03553605079650879
torch.Size([128, 1])
Time: prepare 0.0031    bound 0.5933    transfer 0.0014    finalize 0.0048    func 0.6027    
Accumulated time: func 6.9581    prepare 0.0772    bound 6.8551    transfer 0.0118    finalize 0.0491    
max lb tensor(9.99999975e-05) min lb tensor(-2.86767435)
Number of Verified Splits: 55 of 128
Current worst splitting domains lb-rhs (depth):
-10.06210 (4), -9.97888 (4), -9.62798 (4), -9.51199 (4), -8.04176 (4), -7.53746 (5), -7.49351 (5), -6.98924 (5), -6.75428 (4), -6.63282 (5), -6.59752 (5), -6.33521 (5), -6.17972 (6), -6.02632 (4), -5.91983 (4), -5.89706 (7), -5.85150 (4), -5.52194 (4), -5.47943 (5), -5.39011 (5), 
Length of domains: 367
Current (lb-rhs): -10.062098503112793
1478 domains visited
Time: pickout 0.0091    decision 0.0214    set_bounds 0.0034    solve 0.6039    add 0.0028    
Accumulated time: pickout 0.1280    decision 0.4886    set_bounds 0.0405    solve 6.9678    add 0.0277    
Cumulative time: 7.674652338027954

BaB round 15
batch: 64
splitting decisions: 
split level 0: [/input, 85] [/input, 68] [/input-3, 114] [/input-3, 126] [/input-3, 126] [/input, 71] [/input-3, 40] [/input-3, 93] [/input-3, 25] [/input, 80] 
best_l after optimization: -48.50263977050781
beta sum per layer: [332.9544982910156, 804.0194091796875]
alpha/beta optimization time: 0.5294973850250244
pruning_in_iteration open status: True
ratio of positive domain = 61 / 128 = 0.4765625
pruning-in-iteration extra time: 0.030955791473388672
torch.Size([128, 1])
Time: prepare 0.0045    bound 0.5304    transfer 0.0005    finalize 0.0023    func 0.5379    
Accumulated time: func 7.4960    prepare 0.0880    bound 7.3855    transfer 0.0123    finalize 0.0514    
max lb tensor(9.99999975e-05) min lb tensor(-2.75074577)
Number of Verified Splits: 61 of 128
Current worst splitting domains lb-rhs (depth):
-10.06210 (4), -9.97888 (4), -9.62798 (4), -9.51199 (4), -8.04176 (4), -7.53746 (5), -7.49351 (5), -6.98924 (5), -6.75428 (4), -6.63282 (5), -6.59752 (5), -6.33521 (5), -6.17972 (6), -6.02632 (4), -5.91983 (4), -5.89706 (7), -5.85150 (4), -5.52194 (4), -5.47943 (5), -5.39011 (5), 
Length of domains: 370
Current (lb-rhs): -10.062098503112793
1606 domains visited
Time: pickout 0.0146    decision 0.0805    set_bounds 0.0037    solve 0.5384    add 0.0023    
Accumulated time: pickout 0.1426    decision 0.5691    set_bounds 0.0442    solve 7.5062    add 0.0300    
Cumulative time: 8.31435227394104

BaB round 16
batch: 64
splitting decisions: 
split level 0: [/input-3, 40] [/input-3, 25] [/input, 123] [/input-3, 126] [/input, 2] [/input-3, 114] [/input-3, 104] [/input-3, 40] [/input-3, 0] [/input, 203] 
best_l after optimization: -45.01528549194336
beta sum per layer: [299.9462890625, 775.798095703125]
alpha/beta optimization time: 0.4456155300140381
pruning_in_iteration open status: True
ratio of positive domain = 66 / 128 = 0.515625
pruning-in-iteration extra time: 0.030484437942504883
torch.Size([128, 1])
Time: prepare 0.0032    bound 0.4465    transfer 0.0003    finalize 0.0014    func 0.4514    
Accumulated time: func 7.9474    prepare 0.0924    bound 7.8320    transfer 0.0126    finalize 0.0528    
max lb tensor(9.99999975e-05) min lb tensor(-2.61517715)
Number of Verified Splits: 66 of 128
Current worst splitting domains lb-rhs (depth):
-10.06210 (4), -9.97888 (4), -9.62798 (4), -9.51199 (4), -8.04176 (4), -7.53746 (5), -7.49351 (5), -6.98924 (5), -6.75428 (4), -6.63282 (5), -6.59752 (5), -6.33521 (5), -6.17972 (6), -6.02632 (4), -5.91983 (4), -5.89706 (7), -5.85150 (4), -5.52194 (4), -5.47943 (5), -5.39011 (5), 
Length of domains: 368
Current (lb-rhs): -10.062098503112793
1734 domains visited
Time: pickout 0.0086    decision 0.0199    set_bounds 0.0033    solve 0.4519    add 0.0010    
Accumulated time: pickout 0.1512    decision 0.5889    set_bounds 0.0474    solve 7.9580    add 0.0310    
Cumulative time: 8.799332618713379

BaB round 17
batch: 64
splitting decisions: 
split level 0: [/input, 67] [/input-3, 44] [/input, 203] [/input, 189] [/input-3, 89] [/input-3, 25] [/input-3, 126] [/input-3, 89] [/input, 203] [/input-3, 89] 
best_l after optimization: -41.70387268066406
beta sum per layer: [332.06817626953125, 767.491943359375]
alpha/beta optimization time: 0.3720235824584961
pruning_in_iteration open status: True
ratio of positive domain = 64 / 128 = 0.5
pruning-in-iteration extra time: 0.02178812026977539
torch.Size([128, 1])
Time: prepare 0.0032    bound 0.3728    transfer 0.0003    finalize 0.0016    func 0.3779    
Accumulated time: func 8.3252    prepare 0.0973    bound 8.2049    transfer 0.0129    finalize 0.0544    
max lb tensor(9.99999975e-05) min lb tensor(-2.55084085)
Number of Verified Splits: 64 of 128
Current worst splitting domains lb-rhs (depth):
-10.06210 (4), -9.97888 (4), -9.62798 (4), -9.51199 (4), -8.04176 (4), -7.53746 (5), -7.49351 (5), -6.98924 (5), -6.75428 (4), -6.63282 (5), -6.59752 (5), -6.33521 (5), -6.17972 (6), -6.02632 (4), -5.91983 (4), -5.89706 (7), -5.85150 (4), -5.52194 (4), -5.47943 (5), -5.39011 (5), 
Length of domains: 368
Current (lb-rhs): -10.062098503112793
1862 domains visited
Time: pickout 0.0077    decision 0.0291    set_bounds 0.0031    solve 0.3783    add 0.0009    
Accumulated time: pickout 0.1589    decision 0.6181    set_bounds 0.0506    solve 8.3364    add 0.0320    
Cumulative time: 9.218796014785767

BaB round 18
batch: 64
splitting decisions: 
split level 0: [/input, 189] [/input, 85] [/input-3, 67] [/input, 85] [/input, 123] [/input-3, 93] [/input-3, 102] [/input, 174] [/input-3, 93] [/input-3, 93] 
best_l after optimization: -42.587158203125
beta sum per layer: [320.3191833496094, 766.5980224609375]
alpha/beta optimization time: 0.39311957359313965
pruning_in_iteration open status: True
ratio of positive domain = 61 / 128 = 0.4765625
pruning-in-iteration extra time: 0.021793127059936523
torch.Size([128, 1])
Time: prepare 0.0036    bound 0.3942    transfer 0.0003    finalize 0.0015    func 0.3997    
Accumulated time: func 8.7249    prepare 0.1020    bound 8.5990    transfer 0.0132    finalize 0.0559    
max lb tensor(9.99999975e-05) min lb tensor(-2.46869636)
Number of Verified Splits: 61 of 128
Current worst splitting domains lb-rhs (depth):
-10.06210 (4), -9.97888 (4), -9.62798 (4), -9.51199 (4), -8.04176 (4), -7.53746 (5), -7.49351 (5), -6.98924 (5), -6.75428 (4), -6.63282 (5), -6.59752 (5), -6.33521 (5), -6.17972 (6), -6.02632 (4), -5.91983 (4), -5.89706 (7), -5.85150 (4), -5.52194 (4), -5.47943 (5), -5.39011 (5), 
Length of domains: 371
Current (lb-rhs): -10.062098503112793
1990 domains visited
Time: pickout 0.0074    decision 0.0214    set_bounds 0.0033    solve 0.4001    add 0.0011    
Accumulated time: pickout 0.1663    decision 0.6395    set_bounds 0.0539    solve 8.7365    add 0.0331    
Cumulative time: 9.652454853057861

BaB round 19
batch: 64
splitting decisions: 
split level 0: [/input-3, 93] [/input-3, 78] [/input-3, 126] [/input-3, 68] [/input, 123] [/input-3, 126] [/input-3, 93] [/input-3, 99] [/input-3, 68] [/input-3, 93] 
best_l after optimization: -43.60033416748047
beta sum per layer: [307.58441162109375, 778.6380615234375]
alpha/beta optimization time: 0.6761415004730225
pruning_in_iteration open status: True
ratio of positive domain = 61 / 128 = 0.4765625
pruning-in-iteration extra time: 0.0435786247253418
torch.Size([128, 1])
Time: prepare 0.0031    bound 0.6779    transfer 0.0035    finalize 0.0105    func 0.6950    
Accumulated time: func 9.4199    prepare 0.1065    bound 9.2770    transfer 0.0167    finalize 0.0664    
max lb tensor(9.99999975e-05) min lb tensor(-2.33397841)
Number of Verified Splits: 61 of 128
Current worst splitting domains lb-rhs (depth):
-10.06210 (4), -9.97888 (4), -9.62798 (4), -9.51199 (4), -8.04176 (4), -7.53746 (5), -7.49351 (5), -6.98924 (5), -6.75428 (4), -6.63282 (5), -6.59752 (5), -6.33521 (5), -6.17972 (6), -6.02632 (4), -5.91983 (4), -5.89706 (7), -5.85150 (4), -5.52194 (4), -5.47943 (5), -5.39011 (5), 
Length of domains: 374
Current (lb-rhs): -10.062098503112793
2118 domains visited
Time: pickout 0.0082    decision 0.0193    set_bounds 0.0030    solve 0.6959    add 0.0024    
Accumulated time: pickout 0.1745    decision 0.6588    set_bounds 0.0569    solve 9.4324    add 0.0355    
Cumulative time: 10.381658792495728

BaB round 20
batch: 64
splitting decisions: 
split level 0: [/input-3, 99] [/input, 67] [/input-3, 93] [/input-3, 93] [/input-3, 93] [/input-3, 114] [/input, 71] [/input-3, 114] [/input, 123] [/input, 141] 
best_l after optimization: -45.8018798828125
beta sum per layer: [341.9360656738281, 787.945068359375]
alpha/beta optimization time: 0.6695671081542969
pruning_in_iteration open status: True
ratio of positive domain = 54 / 128 = 0.421875
pruning-in-iteration extra time: 0.03528571128845215
torch.Size([128, 1])
Time: prepare 0.0038    bound 0.6707    transfer 0.0003    finalize 0.0016    func 0.6765    
Accumulated time: func 10.0965    prepare 0.1179    bound 9.9477    transfer 0.0169    finalize 0.0680    
max lb tensor(9.99999975e-05) min lb tensor(-2.19446874)
Number of Verified Splits: 54 of 128
Current worst splitting domains lb-rhs (depth):
-10.06210 (4), -9.97888 (4), -9.62798 (4), -9.51199 (4), -8.04176 (4), -7.53746 (5), -7.49351 (5), -6.98924 (5), -6.75428 (4), -6.63282 (5), -6.59752 (5), -6.33521 (5), -6.17972 (6), -6.02632 (4), -5.91983 (4), -5.89706 (7), -5.85150 (4), -5.52194 (4), -5.47943 (5), -5.39011 (5), 
Length of domains: 384
Current (lb-rhs): -10.062098503112793
2246 domains visited
Time: pickout 0.0112    decision 0.0936    set_bounds 0.0048    solve 0.6770    add 0.0010    
Accumulated time: pickout 0.1858    decision 0.7524    set_bounds 0.0617    solve 10.1094    add 0.0364    
Time out!!!!!!!!
Result: unknown in 12.6838 seconds

 %%%%%%%%%%%%%%%%%%%%%%%%%%%%%%%%%%% idx: 4, vnnlib ID: 34 %%%%%%%%%%%%%%%%%%%%%%%%%%%%%%%%%%%
Finished vnnlib processing in 0.002023 seconds
Model: BoundedModule(
  (/0): BoundInput(name=/0, inputs=[], perturbed=True)
  (/7): BoundParams(name=/7, inputs=[], perturbed=False)
  (/8): BoundParams(name=/8, inputs=[], perturbed=False)
  (/9): BoundParams(name=/9, inputs=[], perturbed=False)
  (/10): BoundParams(name=/10, inputs=[], perturbed=False)
  (/11): BoundParams(name=/11, inputs=[], perturbed=False)
  (/12): BoundParams(name=/12, inputs=[], perturbed=False)
  (/13): BoundFlatten(name=/13, inputs=[/0], perturbed=True)
  (/input): BoundLinear(name=/input, inputs=[/13, /7, /8], perturbed=True)
  (/15): BoundRelu(name=/15, inputs=[/input], perturbed=True)
  (/input-3): BoundLinear(name=/input-3, inputs=[/15, /9, /10], perturbed=True)
  (/17): BoundRelu(name=/17, inputs=[/input-3], perturbed=True)
  (/18): BoundLinear(name=/18, inputs=[/17, /11, /12], perturbed=True)
)
Original output in the first batch: tensor([[ -4.40887928,  -3.22519064,   5.24171495,   3.35432291,  -9.04655361,
          -8.37625027, -16.60267448,  11.82760620,   0.19701687,  -5.24124098]],
       device='cuda:0')
Split layers:
Nonlinear functions:
   BoundRelu(name=/15, inputs=[/input], perturbed=True)
   BoundRelu(name=/17, inputs=[/input-3], perturbed=True)
build batch [1/1]
layer /15 using sparse-features alpha with shape [144]; unstable size 144; total size 256 ([1, 256])
layer /15 start_node /input-3 using sparse-spec alpha [2, 80, 1, 144] with unstable size 79 total_size 128 output_shape torch.Size([128])
layer /15 start_node /18 using full alpha [2, 9, 1, 144] with unstable size None total_size 9 output_shape 9
layer /17 using sparse-features alpha with shape [79]; unstable size 79; total size 128 ([1, 128])
layer /17 start_node /18 using full alpha [2, 9, 1, 79] with unstable size None total_size 9 output_shape 9
Optimizable variables initialized.
initial CROWN bounds (first 10 items): [-0.9834585189819336, 0.8481464385986328, -9.535395622253418, -6.809277534484863, 5.433226585388184, 0.8503990173339844, 6.3515214920043945, -7.688074111938477, 0.2749300003051758]
prune_after_crown optimization in use
  original spec size = torch.Size([1, 9])
  pruned spec size = torch.Size([1, 4])
Using alpha-CROWN to initialize bounds.
best_l after optimization: -18.94367027282715
alpha/beta optimization time: 1.1709425449371338
initial alpha-crown bounds (first 10 items): [0.30519866943359375, -7.535177230834961, -5.736380100250244, -5.977311134338379]
Global lower bound: -7.535177230834961
torch.Size([1, 4])
6 / 9 OR specs are verified.
Verified OR indices (first 10 items): [0, 1, 4, 5, 6, 8]
Verified OR lbs (first 10 items): [[0.30519866943359375], [inf], [inf], [inf], [inf], [inf]]
Unverified OR indices (first 10 items): [2, 3, 7]
Unverified OR lbs (first 10 items): [[-7.535177230834961], [-5.736380100250244], [-5.977311134338379]]
###### Verifying property Instance 4 ######
Batch size: 3
First 10 spec matrices
C: tensor([[[ 0.,  0., -1.,  0.,  0.,  0.,  0.,  1.,  0.,  0.]],

        [[ 0.,  0.,  0., -1.,  0.,  0.,  0.,  1.,  0.,  0.]],

        [[ 0.,  0.,  0.,  0.,  0.,  0.,  0.,  1., -1.,  0.]]], device='cuda:0')
RHS: tensor([[0.],
        [0.],
        [0.]], device='cuda:0')
OR spec sizes: tensor([1, 1, 1], device='cuda:0', dtype=torch.int32)
Remaining timeout: 10.671810150146484
Model prediction is: tensor([ -4.40887928,  -3.22519064,   5.24171495,   3.35432291,  -9.04655361,
         -8.37625027, -16.60267448,  11.82760620,   0.19701687,  -5.24124098],
       device='cuda:0')
Activation BaB batch 1/1 
build_with_refined_bounds batch [1/1]
Optimizable variables initialized.
all alpha initialized
directly get lb and ub from refined bounds
c shape: torch.Size([3, 1, 10])
lA shapes: [torch.Size([3, 1, 256]), torch.Size([3, 1, 128])]
torch.Size([3, 1])
(alpha-)CROWN with fixed intermediate bounds: tensor([[-7.53517723],
        [-5.73638010],
        [-5.97731113]], device='cuda:0') tensor([[inf],
        [inf],
        [inf]], device='cuda:0')
Intermediate layers: /input,/input-3
Keeping alphas for these layers: ['/18']
Node /15 input 0: size torch.Size([256]) unstable 144
Node /17 input 0: size torch.Size([128]) unstable 75
-----------------
# of unstable neurons: 219
-----------------

BaB round 1
batch: 3
splitting decisions: 
split level 0: [/input-3, 103] [/input-3, 102] [/input-3, 27] 
best_l after optimization: -34.14301300048828
beta sum per layer: [0.0, 2.3394384384155273]
alpha/beta optimization time: 0.3319206237792969
pruning_in_iteration open status: False
ratio of positive domain = 0 / 6 = 0.0
pruning-in-iteration extra time: 8.58306884765625e-05
torch.Size([6, 1])
Time: prepare 0.0006    bound 0.3326    transfer 0.0002    finalize 0.0010    func 0.3345    
Accumulated time: func 0.3345    prepare 0.0018    bound 0.3326    transfer 0.0002    finalize 0.0010    
max lb tensor(-4.12682152) min lb tensor(-7.38529968)
Number of Verified Splits: 0 of 6
Current worst splitting domains lb-rhs (depth):
-7.38530 (1), -5.90870 (1), -5.69369 (1), -5.58485 (1), -5.44365 (1), -4.12682 (1), 
Length of domains: 6
Current (lb-rhs): -7.3852996826171875
6 domains visited
Time: pickout 0.0010    decision 0.0126    set_bounds 0.0005    solve 0.3352    add 0.0041    
Accumulated time: pickout 0.0010    decision 0.0126    set_bounds 0.0005    solve 0.3352    add 0.0041    
Cumulative time: 0.3741188049316406

BaB round 2
batch: 6
splitting decisions: 
split level 0: [/input-3, 40] [/input-3, 62] [/input-3, 11] [/input-3, 40] [/input-3, 62] [/input-3, 11] 
best_l after optimization: -61.50028991699219
beta sum per layer: [0.0, 11.873834609985352]
alpha/beta optimization time: 0.5581510066986084
pruning_in_iteration open status: False
ratio of positive domain = 0 / 12 = 0.0
pruning-in-iteration extra time: 0.00033664703369140625
torch.Size([12, 1])
Time: prepare 0.0015    bound 0.5592    transfer 0.0012    finalize 0.0038    func 0.5658    
Accumulated time: func 0.9003    prepare 0.0115    bound 0.8919    transfer 0.0014    finalize 0.0048    
max lb tensor(-3.16164303) min lb tensor(-7.20104170)
Number of Verified Splits: 0 of 12
Current worst splitting domains lb-rhs (depth):
-7.20104 (2), -6.54882 (2), -5.64174 (2), -5.42160 (2), -5.33036 (2), -5.17422 (2), -4.95926 (2), -4.82835 (2), -4.73555 (2), -4.71483 (2), -3.78289 (2), -3.16164 (2), 
Length of domains: 12
Current (lb-rhs): -7.2010416984558105
18 domains visited
Time: pickout 0.0065    decision 0.0511    set_bounds 0.0014    solve 0.5665    add 0.0018    
Accumulated time: pickout 0.0075    decision 0.0637    set_bounds 0.0018    solve 0.9017    add 0.0059    
Cumulative time: 1.0018551349639893

BaB round 3
batch: 12
splitting decisions: 
split level 0: [/input-3, 37] [/input-3, 0] [/input-3, 102] [/input-3, 37] [/input, 172] [/input-3, 40] [/input-3, 37] [/input-3, 0] [/input-3, 102] [/input-3, 37] 
best_l after optimization: -101.34207153320312
beta sum per layer: [2.699312686920166, 40.032596588134766]
alpha/beta optimization time: 0.5784041881561279
pruning_in_iteration open status: False
ratio of positive domain = 0 / 24 = 0.0
pruning-in-iteration extra time: 0.0008904933929443359
torch.Size([24, 1])
Time: prepare 0.0027    bound 0.5800    transfer 0.0021    finalize 0.0111    func 0.5961    
Accumulated time: func 1.4964    prepare 0.0194    bound 1.4718    transfer 0.0034    finalize 0.0159    
max lb tensor(-0.60278416) min lb tensor(-7.07984257)
Number of Verified Splits: 0 of 24
Current worst splitting domains lb-rhs (depth):
-7.07984 (3), -6.43369 (3), -5.40636 (3), -5.19796 (3), -5.15603 (3), -5.11158 (3), -5.00479 (3), -4.82059 (3), -4.81820 (3), -4.64181 (3), -4.58536 (3), -4.52205 (3), -4.44140 (3), -4.24530 (3), -3.99726 (3), -3.99505 (3), -3.89371 (3), -3.63577 (3), -3.53691 (3), -3.47531 (3), 
Length of domains: 24
Current (lb-rhs): -7.079842567443848
42 domains visited
Time: pickout 0.0080    decision 0.0432    set_bounds 0.0015    solve 0.5971    add 0.0021    
Accumulated time: pickout 0.0155    decision 0.1069    set_bounds 0.0034    solve 1.4988    add 0.0080    
Cumulative time: 1.6540837287902832

BaB round 4
batch: 24
splitting decisions: 
split level 0: [/input-3, 100] [/input, 242] [/input, 129] [/input-3, 100] [/input-3, 0] [/input-3, 102] [/input-3, 100] [/input-3, 6] [/input, 129] [/input-3, 100] 
best_l after optimization: -170.75196838378906
beta sum per layer: [13.074064254760742, 114.65676879882812]
alpha/beta optimization time: 0.5945422649383545
pruning_in_iteration open status: False
ratio of positive domain = 2 / 48 = 0.04166666666666663
pruning-in-iteration extra time: 0.00030541419982910156
torch.Size([48, 1])
Time: prepare 0.0030    bound 0.5955    transfer 0.0008    finalize 0.0068    func 0.6062    
Accumulated time: func 2.1025    prepare 0.0290    bound 2.0674    transfer 0.0042    finalize 0.0228    
max lb tensor(0.32048988) min lb tensor(-6.97845078)
Number of Verified Splits: 2 of 48
Current worst splitting domains lb-rhs (depth):
-6.97845 (4), -6.28487 (4), -5.49959 (4), -5.27858 (4), -5.25694 (4), -4.94557 (4), -4.87529 (4), -4.84733 (4), -4.73352 (4), -4.56811 (4), -4.52421 (4), -4.49679 (4), -4.47076 (4), -4.41125 (4), -4.34394 (4), -4.32891 (4), -4.29168 (4), -4.28600 (4), -4.28536 (4), -4.20862 (4), 
Length of domains: 46
Current (lb-rhs): -6.978450775146484
90 domains visited
Time: pickout 0.0159    decision 0.0644    set_bounds 0.0021    solve 0.6070    add 0.0038    
Accumulated time: pickout 0.0314    decision 0.1713    set_bounds 0.0055    solve 2.1058    add 0.0118    
Cumulative time: 2.3474020957946777

BaB round 5
batch: 46
splitting decisions: 
split level 0: [/input-3, 120] [/input-3, 40] [/input, 1] [/input, 1] [/input-3, 6] [/input, 129] [/input-3, 72] [/input-3, 114] [/input-3, 40] [/input-3, 72] 
best_l after optimization: -258.2956237792969
beta sum per layer: [41.209739685058594, 253.61590576171875]
alpha/beta optimization time: 0.607771635055542
pruning_in_iteration open status: False
ratio of positive domain = 5 / 92 = 0.05434782608695654
pruning-in-iteration extra time: 0.0002982616424560547
torch.Size([92, 1])
Time: prepare 0.0029    bound 0.6087    transfer 0.0007    finalize 0.0045    func 0.6169    
Accumulated time: func 2.7194    prepare 0.0373    bound 2.6761    transfer 0.0050    finalize 0.0272    
max lb tensor(0.26537514) min lb tensor(-6.88797903)
Number of Verified Splits: 5 of 92
Current worst splitting domains lb-rhs (depth):
-6.88798 (5), -6.17110 (5), -5.27860 (5), -5.12880 (5), -5.05525 (5), -4.73350 (5), -4.67598 (5), -4.62716 (5), -4.62215 (5), -4.57253 (5), -4.42731 (5), -4.39218 (5), -4.32609 (5), -4.31356 (5), -4.25659 (5), -4.23837 (5), -4.22429 (5), -4.20116 (5), -4.15796 (5), -4.13473 (5), 
Length of domains: 87
Current (lb-rhs): -6.887979030609131
182 domains visited
Time: pickout 0.0110    decision 0.0825    set_bounds 0.0035    solve 0.6177    add 0.0017    
Accumulated time: pickout 0.0424    decision 0.2539    set_bounds 0.0090    solve 2.7235    add 0.0134    
Cumulative time: 3.0640296936035156

BaB round 6
batch: 64
splitting decisions: 
split level 0: [/input-3, 97] [/input, 34] [/input-3, 17] [/input-3, 97] [/input-3, 114] [/input-3, 88] [/input-3, 97] [/input-3, 21] [/input-3, 40] [/input-3, 97] 
best_l after optimization: -249.04818725585938
beta sum per layer: [87.30284118652344, 423.6422119140625]
alpha/beta optimization time: 0.39083147048950195
pruning_in_iteration open status: False
ratio of positive domain = 19 / 128 = 0.1484375
pruning-in-iteration extra time: 0.00016450881958007812
torch.Size([128, 1])
Time: prepare 0.0037    bound 0.3917    transfer 0.0003    finalize 0.0019    func 0.3977    
Accumulated time: func 3.1172    prepare 0.0455    bound 3.0678    transfer 0.0053    finalize 0.0292    
max lb tensor(0.53720617) min lb tensor(-5.16055727)
Number of Verified Splits: 19 of 128
Current worst splitting domains lb-rhs (depth):
-6.88798 (5), -6.17110 (5), -5.16056 (6), -5.12880 (5), -4.97593 (6), -4.73350 (5), -4.67598 (5), -4.57253 (5), -4.53833 (6), -4.41709 (6), -4.39218 (5), -4.31356 (5), -4.22429 (5), -4.20116 (5), -4.14541 (6), -4.13473 (5), -4.02537 (6), -4.00645 (5), -3.97958 (6), -3.93944 (5), 
Length of domains: 132
Current (lb-rhs): -6.887979030609131
310 domains visited
Time: pickout 0.0122    decision 0.0884    set_bounds 0.0045    solve 0.3982    add 0.0015    
Accumulated time: pickout 0.0546    decision 0.3423    set_bounds 0.0135    solve 3.1217    add 0.0149    
Cumulative time: 3.5690393447875977

BaB round 7
batch: 64
splitting decisions: 
split level 0: [/input-3, 88] [/input-3, 17] [/input-3, 88] [/input-3, 6] [/input-3, 120] [/input-3, 6] [/input-3, 6] [/input-3, 104] [/input-3, 88] [/input-3, 88] 
best_l after optimization: -165.59481811523438
beta sum per layer: [117.841796875, 512.8583984375]
alpha/beta optimization time: 0.3548564910888672
pruning_in_iteration open status: False
ratio of positive domain = 23 / 128 = 0.1796875
pruning-in-iteration extra time: 0.00016045570373535156
torch.Size([128, 1])
Time: prepare 0.0031    bound 0.3557    transfer 0.0003    finalize 0.0033    func 0.3625    
Accumulated time: func 3.4797    prepare 0.0502    bound 3.4235    transfer 0.0056    finalize 0.0325    
max lb tensor(1.00697136) min lb tensor(-3.61337805)
Number of Verified Splits: 23 of 128
Current worst splitting domains lb-rhs (depth):
-6.88798 (5), -6.17110 (5), -5.16056 (6), -5.12880 (5), -4.97593 (6), -4.73350 (5), -4.67598 (5), -4.57253 (5), -4.53833 (6), -4.41709 (6), -4.39218 (5), -4.31356 (5), -4.22429 (5), -4.20116 (5), -4.14541 (6), -4.13473 (5), -4.02537 (6), -4.00645 (5), -3.97958 (6), -3.93944 (5), 
Length of domains: 173
Current (lb-rhs): -6.887979030609131
438 domains visited
Time: pickout 0.0076    decision 0.0280    set_bounds 0.0036    solve 0.3637    add 0.0012    
Accumulated time: pickout 0.0623    decision 0.3702    set_bounds 0.0170    solve 3.4853    add 0.0160    
Cumulative time: 3.9731974601745605

BaB round 8
batch: 64
splitting decisions: 
split level 0: [/input-3, 27] [/input-3, 6] [/input-3, 6] [/input-3, 88] [/input-3, 17] [/input-3, 27] [/input, 172] [/input-3, 17] [/input-3, 17] [/input-3, 27] 
best_l after optimization: -126.44538116455078
beta sum per layer: [149.1797332763672, 549.439208984375]
alpha/beta optimization time: 0.4136683940887451
pruning_in_iteration open status: True
ratio of positive domain = 36 / 128 = 0.28125
pruning-in-iteration extra time: 0.018234968185424805
torch.Size([128, 1])
Time: prepare 0.0034    bound 0.4147    transfer 0.0003    finalize 0.0024    func 0.4209    
Accumulated time: func 3.9006    prepare 0.0547    bound 3.8382    transfer 0.0060    finalize 0.0348    
max lb tensor(9.99999975e-05) min lb tensor(-3.36960220)
Number of Verified Splits: 36 of 128
Current worst splitting domains lb-rhs (depth):
-6.88798 (5), -6.17110 (5), -5.16056 (6), -5.12880 (5), -4.97593 (6), -4.73350 (5), -4.67598 (5), -4.57253 (5), -4.53833 (6), -4.41709 (6), -4.39218 (5), -4.31356 (5), -4.22429 (5), -4.20116 (5), -4.14541 (6), -4.13473 (5), -4.02537 (6), -4.00645 (5), -3.97958 (6), -3.93944 (5), 
Length of domains: 201
Current (lb-rhs): -6.887979030609131
566 domains visited
Time: pickout 0.0092    decision 0.0194    set_bounds 0.0030    solve 0.4215    add 0.0013    
Accumulated time: pickout 0.0714    decision 0.3896    set_bounds 0.0200    solve 3.9069    add 0.0174    
Cumulative time: 4.427765369415283

BaB round 9
batch: 64
splitting decisions: 
split level 0: [/input-3, 27] [/input, 207] [/input-3, 17] [/input-3, 40] [/input, 207] [/input-3, 17] [/input-3, 5] [/input, 207] [/input, 12] [/input, 207] 
best_l after optimization: -97.65553283691406
beta sum per layer: [182.00306701660156, 554.3504028320312]
alpha/beta optimization time: 0.4873924255371094
pruning_in_iteration open status: True
ratio of positive domain = 43 / 128 = 0.3359375
pruning-in-iteration extra time: 0.03239583969116211
torch.Size([128, 1])
Time: prepare 0.0032    bound 0.4884    transfer 0.0006    finalize 0.0025    func 0.4947    
Accumulated time: func 4.3953    prepare 0.0592    bound 4.3266    transfer 0.0066    finalize 0.0373    
max lb tensor(9.99999975e-05) min lb tensor(-2.75482750)
Number of Verified Splits: 43 of 128
Current worst splitting domains lb-rhs (depth):
-6.88798 (5), -6.17110 (5), -5.16056 (6), -5.12880 (5), -4.97593 (6), -4.73350 (5), -4.67598 (5), -4.57253 (5), -4.53833 (6), -4.41709 (6), -4.39218 (5), -4.31356 (5), -4.22429 (5), -4.20116 (5), -4.14541 (6), -4.13473 (5), -4.02537 (6), -4.00645 (5), -3.97958 (6), -3.93944 (5), 
Length of domains: 222
Current (lb-rhs): -6.887979030609131
694 domains visited
Time: pickout 0.0085    decision 0.0273    set_bounds 0.0035    solve 0.4957    add 0.0010    
Accumulated time: pickout 0.0799    decision 0.4170    set_bounds 0.0235    solve 4.4026    add 0.0184    
Cumulative time: 4.964116096496582

BaB round 10
batch: 64
splitting decisions: 
split level 0: [/input-3, 20] [/input-3, 37] [/input-3, 104] [/input-3, 120] [/input-3, 37] [/input, 207] [/input, 207] [/input-3, 104] [/input-3, 104] [/input-3, 37] 
best_l after optimization: -84.7180404663086
beta sum per layer: [183.4014129638672, 504.6161193847656]
alpha/beta optimization time: 0.8007218837738037
pruning_in_iteration open status: True
ratio of positive domain = 51 / 128 = 0.3984375
pruning-in-iteration extra time: 0.04608273506164551
torch.Size([128, 1])
Time: prepare 0.0033    bound 0.8022    transfer 0.0031    finalize 0.0115    func 0.8202    
Accumulated time: func 5.2155    prepare 0.0644    bound 5.1288    transfer 0.0097    finalize 0.0488    
max lb tensor(9.99999975e-05) min lb tensor(-2.61045361)
Number of Verified Splits: 51 of 128
Current worst splitting domains lb-rhs (depth):
-6.88798 (5), -6.17110 (5), -5.16056 (6), -5.12880 (5), -4.97593 (6), -4.73350 (5), -4.67598 (5), -4.57253 (5), -4.53833 (6), -4.41709 (6), -4.39218 (5), -4.31356 (5), -4.22429 (5), -4.20116 (5), -4.14541 (6), -4.13473 (5), -4.02537 (6), -4.00645 (5), -3.97958 (6), -3.93944 (5), 
Length of domains: 235
Current (lb-rhs): -6.887979030609131
822 domains visited
Time: pickout 0.0083    decision 0.0243    set_bounds 0.0038    solve 0.8212    add 0.0041    
Accumulated time: pickout 0.0882    decision 0.4413    set_bounds 0.0273    solve 5.2238    add 0.0225    
Cumulative time: 5.826075077056885

BaB round 11
batch: 64
splitting decisions: 
split level 0: [/input-3, 104] [/input-3, 0] [/input, 108] [/input-3, 20] [/input-3, 104] [/input-3, 104] [/input-3, 0] [/input-3, 0] [/input-3, 0] [/input-3, 0] 
best_l after optimization: -74.42036437988281
beta sum per layer: [217.98876953125, 493.470703125]
alpha/beta optimization time: 0.8361966609954834
pruning_in_iteration open status: True
ratio of positive domain = 41 / 128 = 0.3203125
pruning-in-iteration extra time: 0.05044269561767578
torch.Size([128, 1])
Time: prepare 0.0066    bound 0.8370    transfer 0.0003    finalize 0.0015    func 0.8455    
Accumulated time: func 6.0609    prepare 0.0767    bound 5.9657    transfer 0.0100    finalize 0.0503    
max lb tensor(9.99999975e-05) min lb tensor(-2.41670370)
Number of Verified Splits: 41 of 128
Current worst splitting domains lb-rhs (depth):
-6.88798 (5), -6.17110 (5), -5.16056 (6), -5.12880 (5), -4.97593 (6), -4.73350 (5), -4.67598 (5), -4.57253 (5), -4.53833 (6), -4.41709 (6), -4.39218 (5), -4.31356 (5), -4.22429 (5), -4.20116 (5), -4.14541 (6), -4.13473 (5), -4.02537 (6), -4.00645 (5), -3.97958 (6), -3.93944 (5), 
Length of domains: 258
Current (lb-rhs): -6.887979030609131
950 domains visited
Time: pickout 0.0151    decision 0.1040    set_bounds 0.0054    solve 0.8459    add 0.0015    
Accumulated time: pickout 0.1033    decision 0.5453    set_bounds 0.0327    solve 6.0697    add 0.0240    
Cumulative time: 6.798301458358765

BaB round 12
batch: 64
splitting decisions: 
split level 0: [/input-3, 0] [/input-3, 0] [/input-3, 0] [/input-3, 40] [/input-3, 20] [/input-3, 17] [/input-3, 0] [/input-3, 0] [/input-3, 62] [/input-3, 0] 
best_l after optimization: -50.054710388183594
beta sum per layer: [211.19119262695312, 518.4609375]
alpha/beta optimization time: 0.43990492820739746
pruning_in_iteration open status: True
ratio of positive domain = 55 / 128 = 0.4296875
pruning-in-iteration extra time: 0.0289154052734375
torch.Size([128, 1])
Time: prepare 0.0027    bound 0.4406    transfer 0.0003    finalize 0.0014    func 0.4451    
Accumulated time: func 6.5061    prepare 0.0807    bound 6.4064    transfer 0.0104    finalize 0.0517    
max lb tensor(9.99999975e-05) min lb tensor(-2.16770887)
Number of Verified Splits: 55 of 128
Current worst splitting domains lb-rhs (depth):
-6.88798 (5), -6.17110 (5), -5.16056 (6), -5.12880 (5), -4.97593 (6), -4.73350 (5), -4.67598 (5), -4.57253 (5), -4.53833 (6), -4.41709 (6), -4.39218 (5), -4.31356 (5), -4.22429 (5), -4.20116 (5), -4.14541 (6), -4.13473 (5), -4.02537 (6), -4.00645 (5), -3.97958 (6), -3.93944 (5), 
Length of domains: 267
Current (lb-rhs): -6.887979030609131
1078 domains visited
Time: pickout 0.0085    decision 0.0210    set_bounds 0.0027    solve 0.4456    add 0.0008    
Accumulated time: pickout 0.1118    decision 0.5664    set_bounds 0.0354    solve 6.5153    add 0.0248    
Cumulative time: 7.277287721633911

BaB round 13
batch: 64
splitting decisions: 
split level 0: [/input-3, 0] [/input-3, 17] [/input-3, 0] [/input-3, 17] [/input, 12] [/input-3, 37] [/input, 242] [/input-3, 37] [/input-3, 0] [/input-3, 82] 
best_l after optimization: -35.51548767089844
beta sum per layer: [240.34474182128906, 568.4176025390625]
alpha/beta optimization time: 0.33615994453430176
pruning_in_iteration open status: True
ratio of positive domain = 67 / 128 = 0.5234375
pruning-in-iteration extra time: 0.02049541473388672
torch.Size([128, 1])
Time: prepare 0.0028    bound 0.3368    transfer 0.0003    finalize 0.0020    func 0.3420    
Accumulated time: func 6.8481    prepare 0.0847    bound 6.7432    transfer 0.0107    finalize 0.0538    
max lb tensor(9.99999975e-05) min lb tensor(-1.96053743)
Number of Verified Splits: 67 of 128
Current worst splitting domains lb-rhs (depth):
-6.88798 (5), -6.17110 (5), -5.16056 (6), -5.12880 (5), -4.97593 (6), -4.73350 (5), -4.67598 (5), -4.57253 (5), -4.53833 (6), -4.41709 (6), -4.39218 (5), -4.31356 (5), -4.22429 (5), -4.20116 (5), -4.14541 (6), -4.13473 (5), -4.02537 (6), -4.00645 (5), -3.97958 (6), -3.93944 (5), 
Length of domains: 264
Current (lb-rhs): -6.887979030609131
1206 domains visited
Time: pickout 0.0072    decision 0.0186    set_bounds 0.0027    solve 0.3426    add 0.0014    
Accumulated time: pickout 0.1189    decision 0.5849    set_bounds 0.0381    solve 6.8579    add 0.0263    
Cumulative time: 7.65008544921875

BaB round 14
batch: 64
splitting decisions: 
split level 0: [/input-3, 82] [/input-3, 17] [/input, 12] [/input, 12] [/input, 207] [/input, 12] [/input-3, 82] [/input-3, 62] [/input, 108] [/input-3, 79] 
best_l after optimization: -37.246856689453125
beta sum per layer: [240.73362731933594, 572.220703125]
alpha/beta optimization time: 0.4257016181945801
pruning_in_iteration open status: True
ratio of positive domain = 54 / 128 = 0.421875
pruning-in-iteration extra time: 0.023337602615356445
torch.Size([128, 1])
Time: prepare 0.0036    bound 0.4267    transfer 0.0004    finalize 0.0017    func 0.4324    
Accumulated time: func 7.2805    prepare 0.0896    bound 7.1699    transfer 0.0111    finalize 0.0555    
max lb tensor(9.99999975e-05) min lb tensor(-1.81157398)
Number of Verified Splits: 54 of 128
Current worst splitting domains lb-rhs (depth):
-6.88798 (5), -6.17110 (5), -5.16056 (6), -5.12880 (5), -4.97593 (6), -4.73350 (5), -4.67598 (5), -4.57253 (5), -4.53833 (6), -4.41709 (6), -4.39218 (5), -4.31356 (5), -4.22429 (5), -4.20116 (5), -4.14541 (6), -4.13473 (5), -4.02537 (6), -4.00645 (5), -3.97958 (6), -3.93944 (5), 
Length of domains: 274
Current (lb-rhs): -6.887979030609131
1334 domains visited
Time: pickout 0.0079    decision 0.0221    set_bounds 0.0034    solve 0.4330    add 0.0010    
Accumulated time: pickout 0.1269    decision 0.6071    set_bounds 0.0415    solve 7.2909    add 0.0273    
Cumulative time: 8.117825269699097

BaB round 15
batch: 64
splitting decisions: 
split level 0: [/input-3, 125] [/input-3, 125] [/input-3, 125] [/input-3, 62] [/input, 172] [/input, 207] [/input-3, 82] [/input-3, 125] [/input-3, 37] [/input-3, 62] 
best_l after optimization: -24.058849334716797
beta sum per layer: [228.3940887451172, 572.5040893554688]
alpha/beta optimization time: 0.38027071952819824
pruning_in_iteration open status: True
ratio of positive domain = 69 / 128 = 0.5390625
pruning-in-iteration extra time: 0.02068948745727539
torch.Size([128, 1])
Time: prepare 0.0034    bound 0.3814    transfer 0.0006    finalize 0.0091    func 0.3946    
Accumulated time: func 7.6751    prepare 0.0944    bound 7.5512    transfer 0.0117    finalize 0.0646    
max lb tensor(0.00066757) min lb tensor(-1.72231340)
Number of Verified Splits: 69 of 128
Current worst splitting domains lb-rhs (depth):
-6.88798 (5), -6.17110 (5), -5.16056 (6), -5.12880 (5), -4.97593 (6), -4.73350 (5), -4.67598 (5), -4.57253 (5), -4.53833 (6), -4.41709 (6), -4.39218 (5), -4.31356 (5), -4.22429 (5), -4.20116 (5), -4.14541 (6), -4.13473 (5), -4.02537 (6), -4.00645 (5), -3.97958 (6), -3.93944 (5), 
Length of domains: 269
Current (lb-rhs): -6.887979030609131
1462 domains visited
Time: pickout 0.0075    decision 0.0215    set_bounds 0.0035    solve 0.3952    add 0.0010    
Accumulated time: pickout 0.1343    decision 0.6285    set_bounds 0.0450    solve 7.6861    add 0.0283    
Cumulative time: 8.546953201293945

BaB round 16
batch: 64
splitting decisions: 
split level 0: [/input-3, 62] [/input, 207] [/input-3, 125] [/input-3, 125] [/input-3, 125] [/input-3, 79] [/input, 207] [/input-3, 79] [/input-3, 125] [/input, 108] 
best_l after optimization: -22.59357261657715
beta sum per layer: [187.3914794921875, 529.7832641601562]
alpha/beta optimization time: 0.778038501739502
pruning_in_iteration open status: True
ratio of positive domain = 73 / 128 = 0.5703125
pruning-in-iteration extra time: 0.04441976547241211
torch.Size([128, 1])
Time: prepare 0.0029    bound 0.7793    transfer 0.0011    finalize 0.0075    func 0.7909    
Accumulated time: func 8.4660    prepare 0.0984    bound 8.3305    transfer 0.0128    finalize 0.0721    
max lb tensor(9.99999975e-05) min lb tensor(-1.59845304)
Number of Verified Splits: 73 of 128
Current worst splitting domains lb-rhs (depth):
-6.88798 (5), -6.17110 (5), -5.16056 (6), -5.12880 (5), -4.97593 (6), -4.73350 (5), -4.67598 (5), -4.57253 (5), -4.53833 (6), -4.41709 (6), -4.39218 (5), -4.31356 (5), -4.22429 (5), -4.20116 (5), -4.14541 (6), -4.13473 (5), -4.02537 (6), -4.00645 (5), -3.97958 (6), -3.93944 (5), 
Length of domains: 260
Current (lb-rhs): -6.887979030609131
1590 domains visited
Time: pickout 0.0080    decision 0.0195    set_bounds 0.0031    solve 0.7920    add 0.0015    
Accumulated time: pickout 0.1424    decision 0.6481    set_bounds 0.0481    solve 8.4781    add 0.0298    
Cumulative time: 9.371325731277466

BaB round 17
batch: 64
splitting decisions: 
split level 0: [/input-3, 17] [/input-3, 0] [/input-3, 82] [/input, 180] [/input-3, 125] [/input-3, 82] [/input-3, 0] [/input-3, 62] [/input-3, 82] [/input-3, 125] 
best_l after optimization: -26.396747589111328
beta sum per layer: [193.11724853515625, 463.6402587890625]
alpha/beta optimization time: 0.4781818389892578
pruning_in_iteration open status: True
ratio of positive domain = 69 / 128 = 0.5390625
pruning-in-iteration extra time: 0.029873132705688477
torch.Size([128, 1])
Time: prepare 0.0045    bound 0.4790    transfer 0.0003    finalize 0.0029    func 0.4868    
Accumulated time: func 8.9527    prepare 0.1079    bound 8.8096    transfer 0.0131    finalize 0.0749    
max lb tensor(9.99999975e-05) min lb tensor(-1.46531725)
Number of Verified Splits: 69 of 128
Current worst splitting domains lb-rhs (depth):
-6.88798 (5), -6.17110 (5), -5.16056 (6), -5.12880 (5), -4.97593 (6), -4.73350 (5), -4.67598 (5), -4.57253 (5), -4.53833 (6), -4.41709 (6), -4.39218 (5), -4.31356 (5), -4.22429 (5), -4.20116 (5), -4.14541 (6), -4.13473 (5), -4.02537 (6), -4.00645 (5), -3.97958 (6), -3.93944 (5), 
Length of domains: 255
Current (lb-rhs): -6.887979030609131
1718 domains visited
Time: pickout 0.0148    decision 0.0939    set_bounds 0.0036    solve 0.4872    add 0.0008    
Accumulated time: pickout 0.1572    decision 0.7419    set_bounds 0.0517    solve 8.9653    add 0.0306    
Cumulative time: 9.971900463104248

BaB round 18
batch: 64
splitting decisions: 
split level 0: [/input, 129] [/input-3, 0] [/input-3, 0] [/input-3, 62] [/input, 180] [/input-3, 82] [/input-3, 62] [/input-3, 125] [/input-3, 62] [/input-3, 79] 
best_l after optimization: -30.752357482910156
beta sum per layer: [202.19044494628906, 467.8453063964844]
alpha/beta optimization time: 0.41526341438293457
pruning_in_iteration open status: True
ratio of positive domain = 61 / 128 = 0.4765625
pruning-in-iteration extra time: 0.021392822265625
torch.Size([128, 1])
Time: prepare 0.0027    bound 0.4160    transfer 0.0003    finalize 0.0025    func 0.4216    
Accumulated time: func 9.3744    prepare 0.1119    bound 9.2256    transfer 0.0134    finalize 0.0774    
max lb tensor(9.99999975e-05) min lb tensor(-2.26352262)
Number of Verified Splits: 61 of 128
Current worst splitting domains lb-rhs (depth):
-6.88798 (5), -6.17110 (5), -5.16056 (6), -5.12880 (5), -4.97593 (6), -4.73350 (5), -4.67598 (5), -4.57253 (5), -4.53833 (6), -4.41709 (6), -4.39218 (5), -4.31356 (5), -4.22429 (5), -4.20116 (5), -4.14541 (6), -4.13473 (5), -4.02537 (6), -4.00645 (5), -3.97958 (6), -3.93944 (5), 
Length of domains: 258
Current (lb-rhs): -6.887979030609131
1846 domains visited
Time: pickout 0.0071    decision 0.0205    set_bounds 0.0028    solve 0.4222    add 0.0010    
Accumulated time: pickout 0.1643    decision 0.7624    set_bounds 0.0545    solve 9.3876    add 0.0316    
Cumulative time: 10.425792455673218

BaB round 19
batch: 64
splitting decisions: 
split level 0: [/input-3, 62] [/input-3, 125] [/input-3, 79] [/input-3, 24] [/input-3, 79] [/input, 24] [/input-3, 79] [/input-3, 127] [/input-3, 82] [/input-3, 24] 
best_l after optimization: -25.335491180419922
beta sum per layer: [197.80178833007812, 467.95965576171875]
alpha/beta optimization time: 0.36416172981262207
pruning_in_iteration open status: True
ratio of positive domain = 67 / 128 = 0.5234375
pruning-in-iteration extra time: 0.020937681198120117
torch.Size([128, 1])
Time: prepare 0.0033    bound 0.3651    transfer 0.0003    finalize 0.0015    func 0.3702    
Accumulated time: func 9.7446    prepare 0.1165    bound 9.5907    transfer 0.0137    finalize 0.0789    
max lb tensor(9.99999975e-05) min lb tensor(-1.28657627)
Number of Verified Splits: 67 of 128
Current worst splitting domains lb-rhs (depth):
-6.88798 (5), -6.17110 (5), -5.16056 (6), -5.12880 (5), -4.97593 (6), -4.73350 (5), -4.67598 (5), -4.57253 (5), -4.53833 (6), -4.41709 (6), -4.39218 (5), -4.31356 (5), -4.22429 (5), -4.20116 (5), -4.14541 (6), -4.13473 (5), -4.02537 (6), -4.00645 (5), -3.97958 (6), -3.93944 (5), 
Length of domains: 255
Current (lb-rhs): -6.887979030609131
1974 domains visited
Time: pickout 0.0081    decision 0.0229    set_bounds 0.0031    solve 0.3712    add 0.0012    
Accumulated time: pickout 0.1723    decision 0.7853    set_bounds 0.0576    solve 9.7588    add 0.0328    
Time out!!!!!!!!
Result: unknown in 12.1636 seconds

 %%%%%%%%%%%%%%%%%%%%%%%%%%%%%%%%%%% idx: 5, vnnlib ID: 35 %%%%%%%%%%%%%%%%%%%%%%%%%%%%%%%%%%%
Finished vnnlib processing in 0.003568 seconds
Model: BoundedModule(
  (/0): BoundInput(name=/0, inputs=[], perturbed=True)
  (/7): BoundParams(name=/7, inputs=[], perturbed=False)
  (/8): BoundParams(name=/8, inputs=[], perturbed=False)
  (/9): BoundParams(name=/9, inputs=[], perturbed=False)
  (/10): BoundParams(name=/10, inputs=[], perturbed=False)
  (/11): BoundParams(name=/11, inputs=[], perturbed=False)
  (/12): BoundParams(name=/12, inputs=[], perturbed=False)
  (/13): BoundFlatten(name=/13, inputs=[/0], perturbed=True)
  (/input): BoundLinear(name=/input, inputs=[/13, /7, /8], perturbed=True)
  (/15): BoundRelu(name=/15, inputs=[/input], perturbed=True)
  (/input-3): BoundLinear(name=/input-3, inputs=[/15, /9, /10], perturbed=True)
  (/17): BoundRelu(name=/17, inputs=[/input-3], perturbed=True)
  (/18): BoundLinear(name=/18, inputs=[/17, /11, /12], perturbed=True)
)
Original output in the first batch: tensor([[ -4.35675192,   2.21047044,   9.87336445,   0.34100029, -11.18870640,
          -1.70144093,  -9.58204079,  -0.06728010,   0.28037015,  -6.61663151]],
       device='cuda:0')
Split layers:
Nonlinear functions:
   BoundRelu(name=/15, inputs=[/input], perturbed=True)
   BoundRelu(name=/17, inputs=[/input-3], perturbed=True)
build batch [1/1]
layer /15 using sparse-features alpha with shape [134]; unstable size 134; total size 256 ([1, 256])
layer /15 start_node /input-3 using sparse-spec alpha [2, 72, 1, 134] with unstable size 71 total_size 128 output_shape torch.Size([128])
layer /15 start_node /18 using full alpha [2, 9, 1, 134] with unstable size None total_size 9 output_shape 9
layer /17 using sparse-features alpha with shape [71]; unstable size 71; total size 128 ([1, 128])
layer /17 start_node /18 using full alpha [2, 9, 1, 71] with unstable size None total_size 9 output_shape 9
Optimizable variables initialized.
initial CROWN bounds (first 10 items): [3.25848388671875, -2.3783273696899414, -1.4028372764587402, 6.978362083435059, -4.041085243225098, 5.539724349975586, -0.022437095642089844, -3.589433193206787, 2.4133644104003906]
prune_after_crown optimization in use
  original spec size = torch.Size([1, 9])
  pruned spec size = torch.Size([1, 5])
Using alpha-CROWN to initialize bounds.
best_l after optimization: -8.311559677124023
alpha/beta optimization time: 1.885401725769043
initial alpha-crown bounds (first 10 items): [-1.9072537422180176, -0.7594852447509766, -3.393937110900879, 0.5881843566894531, -2.8390684127807617]
Global lower bound: -3.393937110900879
torch.Size([1, 5])
5 / 9 OR specs are verified.
Verified OR indices (first 10 items): [0, 3, 5, 6, 8]
Verified OR lbs (first 10 items): [[inf], [inf], [inf], [0.5881843566894531], [inf]]
Unverified OR indices (first 10 items): [1, 2, 4, 7]
Unverified OR lbs (first 10 items): [[-1.9072537422180176], [-0.7594852447509766], [-3.393937110900879], [-2.8390684127807617]]
###### Verifying property Instance 5 ######
Batch size: 4
First 10 spec matrices
C: tensor([[[ 0., -1.,  1.,  0.,  0.,  0.,  0.,  0.,  0.,  0.]],

        [[ 0.,  0.,  1., -1.,  0.,  0.,  0.,  0.,  0.,  0.]],

        [[ 0.,  0.,  1.,  0.,  0., -1.,  0.,  0.,  0.,  0.]],

        [[ 0.,  0.,  1.,  0.,  0.,  0.,  0.,  0., -1.,  0.]]], device='cuda:0')
RHS: tensor([[0.],
        [0.],
        [0.],
        [0.]], device='cuda:0')
OR spec sizes: tensor([1, 1, 1, 1], device='cuda:0', dtype=torch.int32)
Remaining timeout: 9.92047381401062
Model prediction is: tensor([ -4.35675192,   2.21047044,   9.87336445,   0.34100029, -11.18870640,
         -1.70144093,  -9.58204079,  -0.06728010,   0.28037015,  -6.61663151],
       device='cuda:0')
Activation BaB batch 1/1 
build_with_refined_bounds batch [1/1]
Optimizable variables initialized.
all alpha initialized
directly get lb and ub from refined bounds
c shape: torch.Size([4, 1, 10])
lA shapes: [torch.Size([4, 1, 256]), torch.Size([4, 1, 128])]
torch.Size([4, 1])
(alpha-)CROWN with fixed intermediate bounds: tensor([[-1.90725374],
        [-0.75948524],
        [-3.39393711],
        [-2.83906841]], device='cuda:0') tensor([[inf],
        [inf],
        [inf],
        [inf]], device='cuda:0')
Intermediate layers: /input,/input-3
Keeping alphas for these layers: ['/18']
Node /15 input 0: size torch.Size([256]) unstable 134
Node /17 input 0: size torch.Size([128]) unstable 69
-----------------
# of unstable neurons: 203
-----------------

BaB round 1
batch: 4
splitting decisions: 
split level 0: [/input, 116] [/input-3, 62] [/input, 116] [/input-3, 6] 
best_l after optimization: -13.211328506469727
beta sum per layer: [0.8251932263374329, 1.1348986625671387]
alpha/beta optimization time: 0.8986680507659912
pruning_in_iteration open status: False
ratio of positive domain = 1 / 8 = 0.125
pruning-in-iteration extra time: 0.0011913776397705078
torch.Size([8, 1])
Time: prepare 0.0026    bound 0.9007    transfer 0.0013    finalize 0.0083    func 0.9130    
Accumulated time: func 0.9130    prepare 0.0071    bound 0.9007    transfer 0.0013    finalize 0.0083    
max lb tensor(0.25624895) min lb tensor(-3.04575348)
Number of Verified Splits: 1 of 8
Current worst splitting domains lb-rhs (depth):
-3.04575 (1), -2.60803 (1), -2.57067 (1), -2.09248 (1), -1.39921 (1), -1.17240 (1), -0.57904 (1), 
Length of domains: 7
Current (lb-rhs): -3.0457534790039062
8 domains visited
Time: pickout 0.0010    decision 0.0271    set_bounds 0.0013    solve 0.9135    add 0.0051    
Accumulated time: pickout 0.0010    decision 0.0271    set_bounds 0.0013    solve 0.9135    add 0.0051    
Cumulative time: 0.9722681045532227

BaB round 2
batch: 7
splitting decisions: 
split level 0: [/input, 4] [/input-3, 74] [/input, 4] [/input-3, 62] [/input, 4] [/input, 4] [/input-3, 62] 
best_l after optimization: -21.269710540771484
beta sum per layer: [3.1675705909729004, 2.8608286380767822]
alpha/beta optimization time: 0.5433497428894043
pruning_in_iteration open status: False
ratio of positive domain = 0 / 14 = 0.0
pruning-in-iteration extra time: 0.0003094673156738281
torch.Size([14, 1])
Time: prepare 0.0017    bound 0.5444    transfer 0.0011    finalize 0.0035    func 0.5508    
Accumulated time: func 1.4638    prepare 0.0121    bound 1.4451    transfer 0.0025    finalize 0.0119    
max lb tensor(-0.32083178) min lb tensor(-2.73065567)
Number of Verified Splits: 0 of 14
Current worst splitting domains lb-rhs (depth):
-2.73066 (2), -2.47882 (2), -2.40901 (2), -2.23258 (2), -2.05949 (2), -2.02148 (2), -1.78538 (2), -1.77961 (2), -0.93612 (2), -0.85205 (2), -0.68849 (2), -0.62624 (2), -0.34897 (2), -0.32083 (2), 
Length of domains: 14
Current (lb-rhs): -2.7306556701660156
22 domains visited
Time: pickout 0.0073    decision 0.0398    set_bounds 0.0020    solve 0.5513    add 0.0014    
Accumulated time: pickout 0.0083    decision 0.0670    set_bounds 0.0034    solve 1.4648    add 0.0065    
Cumulative time: 1.5745267868041992

BaB round 3
batch: 14
splitting decisions: 
split level 0: [/input-3, 6] [/input-3, 0] [/input-3, 71] [/input-3, 85] [/input-3, 6] [/input-3, 71] [/input-3, 85] [/input-3, 6] [/input-3, 0] [/input-3, 71] 
best_l after optimization: -24.76321029663086
beta sum per layer: [6.417662620544434, 8.674903869628906]
alpha/beta optimization time: 0.7403287887573242
pruning_in_iteration open status: True
ratio of positive domain = 10 / 28 = 0.3571428571428571
pruning-in-iteration extra time: 0.041055917739868164
torch.Size([28, 1])
Time: prepare 0.0031    bound 0.7415    transfer 0.0030    finalize 0.0053    func 0.7530    
Accumulated time: func 2.2168    prepare 0.0184    bound 2.1866    transfer 0.0055    finalize 0.0172    
max lb tensor(9.99999975e-05) min lb tensor(-2.48176432)
Number of Verified Splits: 10 of 28
Current worst splitting domains lb-rhs (depth):
-2.48176 (3), -2.23522 (3), -2.16870 (3), -2.14929 (3), -1.99545 (3), -1.82242 (3), -1.76549 (3), -1.68081 (3), -1.53961 (3), -1.53749 (3), -1.38993 (3), -1.38599 (3), -0.72413 (3), -0.64819 (3), -0.46760 (3), -0.40542 (3), -0.20234 (3), -0.16435 (3), 
Length of domains: 18
Current (lb-rhs): -2.481764316558838
50 domains visited
Time: pickout 0.0061    decision 0.0308    set_bounds 0.0011    solve 0.7536    add 0.0019    
Accumulated time: pickout 0.0145    decision 0.0978    set_bounds 0.0044    solve 2.2185    add 0.0084    
Cumulative time: 2.3682379722595215

BaB round 4
batch: 18
splitting decisions: 
split level 0: [/input-3, 71] [/input-3, 85] [/input-3, 117] [/input-3, 42] [/input-3, 71] [/input-3, 117] [/input-3, 42] [/input-3, 71] [/input-3, 85] [/input-3, 117] 
best_l after optimization: -25.76825714111328
beta sum per layer: [6.820897102355957, 21.141277313232422]
alpha/beta optimization time: 0.6825966835021973
pruning_in_iteration open status: True
ratio of positive domain = 16 / 36 = 0.4444444444444444
pruning-in-iteration extra time: 0.0394749641418457
torch.Size([36, 1])
Time: prepare 0.0041    bound 0.6838    transfer 0.0017    finalize 0.0100    func 0.6997    
Accumulated time: func 2.9166    prepare 0.0303    bound 2.8704    transfer 0.0072    finalize 0.0273    
max lb tensor(9.99999975e-05) min lb tensor(-2.25362110)
Number of Verified Splits: 16 of 36
Current worst splitting domains lb-rhs (depth):
-2.25362 (4), -2.04010 (4), -2.02441 (4), -2.00717 (4), -1.75039 (4), -1.60584 (4), -1.57806 (4), -1.52901 (4), -1.38215 (4), -1.37786 (4), -1.36469 (4), -1.23924 (4), -1.23675 (4), -1.05621 (4), -1.01824 (4), -0.77137 (4), -0.53969 (4), -0.47110 (4), -0.29085 (4), -0.23312 (4), 
Length of domains: 20
Current (lb-rhs): -2.2536211013793945
86 domains visited
Time: pickout 0.0107    decision 0.0445    set_bounds 0.0016    solve 0.7005    add 0.0032    
Accumulated time: pickout 0.0252    decision 0.1423    set_bounds 0.0061    solve 2.9189    add 0.0116    
Cumulative time: 3.128937005996704

BaB round 5
batch: 20
splitting decisions: 
split level 0: [/input-3, 62] [/input, 207] [/input-3, 62] [/input, 207] [/input-3, 62] [/input, 207] [/input-3, 62] [/input, 207] [/input-3, 62] [/input, 73] 
best_l after optimization: -35.87322998046875
beta sum per layer: [15.465951919555664, 39.02573013305664]
alpha/beta optimization time: 0.5449361801147461
pruning_in_iteration open status: False
ratio of positive domain = 7 / 40 = 0.17500000000000004
pruning-in-iteration extra time: 0.00028967857360839844
torch.Size([40, 1])
Time: prepare 0.0032    bound 0.5459    transfer 0.0017    finalize 0.0065    func 0.5574    
Accumulated time: func 3.4739    prepare 0.0419    bound 3.4163    transfer 0.0089    finalize 0.0338    
max lb tensor(0.28237915) min lb tensor(-1.97771692)
Number of Verified Splits: 7 of 40
Current worst splitting domains lb-rhs (depth):
-1.97772 (5), -1.95814 (5), -1.90461 (5), -1.83247 (5), -1.73794 (5), -1.69820 (5), -1.64249 (5), -1.58626 (5), -1.47548 (5), -1.44664 (5), -1.42522 (5), -1.39498 (5), -1.30027 (5), -1.28715 (5), -1.27987 (5), -1.26863 (5), -1.21844 (5), -1.09771 (5), -1.09752 (5), -1.08799 (5), 
Length of domains: 33
Current (lb-rhs): -1.9777169227600098
126 domains visited
Time: pickout 0.0111    decision 0.0548    set_bounds 0.0019    solve 0.5580    add 0.0024    
Accumulated time: pickout 0.0362    decision 0.1971    set_bounds 0.0080    solve 3.4769    add 0.0140    
Cumulative time: 3.757326364517212

BaB round 6
batch: 33
splitting decisions: 
split level 0: [/input-3, 117] [/input-3, 62] [/input-3, 96] [/input-3, 62] [/input-3, 117] [/input-3, 62] [/input-3, 96] [/input-3, 62] [/input-3, 27] [/input-3, 45] 
best_l after optimization: -43.57109832763672
beta sum per layer: [25.692562103271484, 77.17694091796875]
alpha/beta optimization time: 0.6783037185668945
pruning_in_iteration open status: True
ratio of positive domain = 18 / 66 = 0.2727272727272727
pruning-in-iteration extra time: 0.02926802635192871
torch.Size([66, 1])
Time: prepare 0.0028    bound 0.6795    transfer 0.0011    finalize 0.0076    func 0.6911    
Accumulated time: func 4.1650    prepare 0.0498    bound 4.0958    transfer 0.0100    finalize 0.0414    
max lb tensor(9.99999975e-05) min lb tensor(-1.76218891)
Number of Verified Splits: 18 of 66
Current worst splitting domains lb-rhs (depth):
-1.76219 (6), -1.74584 (6), -1.71560 (6), -1.68522 (6), -1.52675 (6), -1.49834 (6), -1.49104 (6), -1.46591 (6), -1.45130 (6), -1.42523 (6), -1.31045 (6), -1.29758 (6), -1.25687 (6), -1.22991 (6), -1.21413 (6), -1.15853 (6), -1.11151 (6), -1.10428 (6), -1.09466 (6), -1.08152 (6), 
Length of domains: 48
Current (lb-rhs): -1.7621889114379883
192 domains visited
Time: pickout 0.0118    decision 0.0567    set_bounds 0.0025    solve 0.6917    add 0.0024    
Accumulated time: pickout 0.0481    decision 0.2537    set_bounds 0.0105    solve 4.1686    add 0.0164    
Cumulative time: 4.52255916595459

BaB round 7
batch: 48
splitting decisions: 
split level 0: [/input-3, 27] [/input-3, 117] [/input-3, 27] [/input-3, 27] [/input-3, 117] [/input-3, 27] [/input-3, 6] [/input-3, 27] [/input-3, 6] [/input-3, 94] 
best_l after optimization: -53.942718505859375
beta sum per layer: [31.181297302246094, 151.439697265625]
alpha/beta optimization time: 0.513765811920166
pruning_in_iteration open status: False
ratio of positive domain = 13 / 96 = 0.13541666666666663
pruning-in-iteration extra time: 0.00031638145446777344
torch.Size([96, 1])
Time: prepare 0.0030    bound 0.5148    transfer 0.0015    finalize 0.0068    func 0.5261    
Accumulated time: func 4.6911    prepare 0.0571    bound 4.6106    transfer 0.0115    finalize 0.0482    
max lb tensor(0.33749676) min lb tensor(-1.56486464)
Number of Verified Splits: 13 of 96
Current worst splitting domains lb-rhs (depth):
-1.56486 (7), -1.56448 (7), -1.54980 (7), -1.53440 (7), -1.43319 (7), -1.34634 (7), -1.32564 (7), -1.31194 (7), -1.30833 (7), -1.29076 (7), -1.26215 (7), -1.21810 (7), -1.20324 (7), -1.18380 (7), -1.17988 (7), -1.14502 (7), -1.14245 (7), -1.06591 (7), -1.05842 (7), -1.04332 (7), 
Length of domains: 83
Current (lb-rhs): -1.5648646354675293
288 domains visited
Time: pickout 0.0161    decision 0.0769    set_bounds 0.0035    solve 0.5268    add 0.0022    
Accumulated time: pickout 0.0642    decision 0.3307    set_bounds 0.0140    solve 4.6954    add 0.0186    
Cumulative time: 5.148473739624023

BaB round 8
batch: 64
splitting decisions: 
split level 0: [/input-3, 6] [/input-3, 6] [/input-3, 6] [/input-3, 94] [/input-3, 51] [/input-3, 51] [/input-3, 51] [/input-3, 51] [/input-3, 51] [/input-3, 94] 
best_l after optimization: -42.709510803222656
beta sum per layer: [33.37580108642578, 231.78585815429688]
alpha/beta optimization time: 0.7178490161895752
pruning_in_iteration open status: True
ratio of positive domain = 35 / 128 = 0.2734375
pruning-in-iteration extra time: 0.04133892059326172
torch.Size([128, 1])
Time: prepare 0.0042    bound 0.7190    transfer 0.0017    finalize 0.0104    func 0.7354    
Accumulated time: func 5.4265    prepare 0.0681    bound 5.3295    transfer 0.0132    finalize 0.0586    
max lb tensor(9.99999975e-05) min lb tensor(-1.43574286)
Number of Verified Splits: 35 of 128
Current worst splitting domains lb-rhs (depth):
-1.56448 (7), -1.43574 (8), -1.40411 (8), -1.37931 (8), -1.34634 (7), -1.32564 (7), -1.31194 (7), -1.30946 (8), -1.18520 (8), -1.14245 (7), -1.12976 (8), -1.11505 (8), -1.10189 (8), -1.07457 (8), -1.06751 (8), -1.06591 (7), -1.05842 (7), -1.05565 (8), -1.00068 (8), -1.00006 (8), 
Length of domains: 112
Current (lb-rhs): -1.5644779205322266
416 domains visited
Time: pickout 0.0152    decision 0.0949    set_bounds 0.0041    solve 0.7367    add 0.0018    
Accumulated time: pickout 0.0795    decision 0.4255    set_bounds 0.0181    solve 5.4322    add 0.0205    
Cumulative time: 6.001694440841675

BaB round 9
batch: 64
splitting decisions: 
split level 0: [/input-3, 117] [/input-3, 94] [/input-3, 117] [/input-3, 0] [/input-3, 0] [/input-3, 0] [/input-3, 0] [/input, 207] [/input-3, 117] [/input-3, 117] 
best_l after optimization: -21.65367317199707
beta sum per layer: [20.23653221130371, 267.90484619140625]
alpha/beta optimization time: 0.4974982738494873
pruning_in_iteration open status: True
ratio of positive domain = 56 / 128 = 0.4375
pruning-in-iteration extra time: 0.03015613555908203
torch.Size([128, 1])
Time: prepare 0.0050    bound 0.4983    transfer 0.0004    finalize 0.0016    func 0.5053    
Accumulated time: func 5.9318    prepare 0.0783    bound 5.8278    transfer 0.0137    finalize 0.0602    
max lb tensor(9.99999975e-05) min lb tensor(-1.17094612)
Number of Verified Splits: 56 of 128
Current worst splitting domains lb-rhs (depth):
-1.56448 (7), -1.43574 (8), -1.40411 (8), -1.37931 (8), -1.34634 (7), -1.32564 (7), -1.31194 (7), -1.17095 (9), -1.14245 (7), -1.12976 (8), -1.11505 (8), -1.10189 (8), -1.06751 (8), -1.06591 (7), -1.05842 (7), -1.00006 (8), -0.99282 (7), -0.99083 (9), -0.98611 (7), -0.98130 (8), 
Length of domains: 120
Current (lb-rhs): -1.5644779205322266
544 domains visited
Time: pickout 0.0144    decision 0.0919    set_bounds 0.0049    solve 0.5058    add 0.0009    
Accumulated time: pickout 0.0938    decision 0.5175    set_bounds 0.0230    solve 5.9379    add 0.0213    
Cumulative time: 6.61992883682251

BaB round 10
batch: 64
splitting decisions: 
split level 0: [/input-3, 74] [/input-3, 74] [/input-3, 74] [/input-3, 74] [/input-3, 74] [/input-3, 51] [/input-3, 51] [/input-3, 51] [/input-3, 117] [/input-3, 74] 
best_l after optimization: -19.543895721435547
beta sum per layer: [15.297225952148438, 253.80752563476562]
alpha/beta optimization time: 0.3446383476257324
pruning_in_iteration open status: True
ratio of positive domain = 80 / 128 = 0.625
pruning-in-iteration extra time: 0.01990795135498047
torch.Size([128, 1])
Time: prepare 0.0026    bound 0.3454    transfer 0.0004    finalize 0.0015    func 0.3499    
Accumulated time: func 6.2817    prepare 0.0820    bound 6.1732    transfer 0.0140    finalize 0.0616    
max lb tensor(9.99999975e-05) min lb tensor(-0.99150276)
Number of Verified Splits: 80 of 128
Current worst splitting domains lb-rhs (depth):
-1.56448 (7), -1.43574 (8), -1.40411 (8), -1.37931 (8), -1.34634 (7), -1.32564 (7), -1.31194 (7), -1.14245 (7), -1.12976 (8), -1.11505 (8), -1.10189 (8), -1.06751 (8), -1.06591 (7), -1.05842 (7), -1.00006 (8), -0.99282 (7), -0.99150 (10), -0.98611 (7), -0.98130 (8), -0.94963 (10), 
Length of domains: 104
Current (lb-rhs): -1.5644779205322266
672 domains visited
Time: pickout 0.0073    decision 0.0182    set_bounds 0.0029    solve 0.3504    add 0.0007    
Accumulated time: pickout 0.1011    decision 0.5357    set_bounds 0.0259    solve 6.2883    add 0.0220    
Cumulative time: 6.99962043762207

BaB round 11
batch: 64
splitting decisions: 
split level 0: [/input-3, 0] [/input-3, 0] [/input-3, 0] [/input-3, 0] [/input-3, 117] [/input-3, 94] [/input-3, 117] [/input-3, 94] [/input-3, 74] [/input-3, 51] 
best_l after optimization: -26.310998916625977
beta sum per layer: [27.575490951538086, 203.01829528808594]
alpha/beta optimization time: 0.3508014678955078
pruning_in_iteration open status: True
ratio of positive domain = 54 / 128 = 0.421875
pruning-in-iteration extra time: 0.019559860229492188
torch.Size([128, 1])
Time: prepare 0.0029    bound 0.3515    transfer 0.0003    finalize 0.0019    func 0.3567    
Accumulated time: func 6.6383    prepare 0.0861    bound 6.5247    transfer 0.0143    finalize 0.0635    
max lb tensor(9.99999975e-05) min lb tensor(-0.93515682)
Number of Verified Splits: 54 of 128
Current worst splitting domains lb-rhs (depth):
-1.56448 (7), -1.43574 (8), -1.40411 (8), -1.37931 (8), -1.34634 (7), -1.32564 (7), -1.31194 (7), -1.14245 (7), -1.12976 (8), -1.11505 (8), -1.06751 (8), -1.06591 (7), -1.05842 (7), -0.99282 (7), -0.98611 (7), -0.98130 (8), -0.93516 (9), -0.89666 (7), -0.87793 (7), -0.87775 (8), 
Length of domains: 114
Current (lb-rhs): -1.5644779205322266
800 domains visited
Time: pickout 0.0071    decision 0.0187    set_bounds 0.0028    solve 0.3571    add 0.0008    
Accumulated time: pickout 0.1082    decision 0.5543    set_bounds 0.0287    solve 6.6454    add 0.0228    
Cumulative time: 7.386423826217651

BaB round 12
batch: 64
splitting decisions: 
split level 0: [/input-3, 71] [/input-3, 74] [/input-3, 71] [/input-3, 71] [/input-3, 71] [/input-3, 71] [/input-3, 71] [/input-3, 117] [/input-3, 71] [/input-3, 74] 
best_l after optimization: -18.821517944335938
beta sum per layer: [26.086090087890625, 176.32855224609375]
alpha/beta optimization time: 0.35574889183044434
pruning_in_iteration open status: True
ratio of positive domain = 66 / 128 = 0.515625
pruning-in-iteration extra time: 0.020865201950073242
torch.Size([128, 1])
Time: prepare 0.0030    bound 0.3568    transfer 0.0004    finalize 0.0018    func 0.3620    
Accumulated time: func 7.0004    prepare 0.0901    bound 6.8815    transfer 0.0147    finalize 0.0653    
max lb tensor(9.99999975e-05) min lb tensor(-0.66302347)
Number of Verified Splits: 66 of 128
Current worst splitting domains lb-rhs (depth):
-1.56448 (7), -1.43574 (8), -1.40411 (8), -1.37931 (8), -1.34634 (7), -1.32564 (7), -1.31194 (7), -1.14245 (7), -1.12976 (8), -1.11505 (8), -1.06751 (8), -1.06591 (7), -1.05842 (7), -0.99282 (7), -0.98611 (7), -0.98130 (8), -0.93516 (9), -0.89666 (7), -0.87793 (7), -0.87775 (8), 
Length of domains: 112
Current (lb-rhs): -1.5644779205322266
928 domains visited
Time: pickout 0.0075    decision 0.0189    set_bounds 0.0028    solve 0.3626    add 0.0008    
Accumulated time: pickout 0.1157    decision 0.5733    set_bounds 0.0315    solve 7.0080    add 0.0236    
Cumulative time: 7.779375314712524

BaB round 13
batch: 64
splitting decisions: 
split level 0: [/input-3, 117] [/input-3, 71] [/input-3, 17] [/input-3, 71] [/input-3, 17] [/input-3, 17] [/input-3, 17] [/input-3, 17] [/input-3, 17] [/input-3, 67] 
best_l after optimization: -12.687956809997559
beta sum per layer: [33.615604400634766, 162.72256469726562]
alpha/beta optimization time: 0.3932175636291504
pruning_in_iteration open status: True
ratio of positive domain = 70 / 128 = 0.546875
pruning-in-iteration extra time: 0.021721363067626953
torch.Size([128, 1])
Time: prepare 0.0030    bound 0.3941    transfer 0.0003    finalize 0.0017    func 0.3992    
Accumulated time: func 7.3996    prepare 0.0945    bound 7.2756    transfer 0.0151    finalize 0.0670    
max lb tensor(9.99999975e-05) min lb tensor(-0.49149418)
Number of Verified Splits: 70 of 128
Current worst splitting domains lb-rhs (depth):
-1.56448 (7), -1.43574 (8), -1.40411 (8), -1.37931 (8), -1.34634 (7), -1.32564 (7), -1.31194 (7), -1.14245 (7), -1.12976 (8), -1.11505 (8), -1.06751 (8), -1.06591 (7), -1.05842 (7), -0.99282 (7), -0.98611 (7), -0.98130 (8), -0.93516 (9), -0.89666 (7), -0.87793 (7), -0.87775 (8), 
Length of domains: 106
Current (lb-rhs): -1.5644779205322266
1056 domains visited
Time: pickout 0.0103    decision 0.0218    set_bounds 0.0030    solve 0.3996    add 0.0010    
Accumulated time: pickout 0.1259    decision 0.5950    set_bounds 0.0345    solve 7.4076    add 0.0246    
Cumulative time: 8.215367794036865

BaB round 14
batch: 64
splitting decisions: 
split level 0: [/input, 228] [/input, 228] [/input-3, 74] [/input-3, 74] [/input-3, 51] [/input-3, 71] [/input-3, 74] [/input-3, 67] [/input-3, 17] [/input, 15] 
best_l after optimization: -9.484310150146484
beta sum per layer: [39.62242126464844, 146.15213012695312]
alpha/beta optimization time: 0.72096848487854
pruning_in_iteration open status: True
ratio of positive domain = 59 / 128 = 0.4609375
pruning-in-iteration extra time: 0.042543649673461914
torch.Size([128, 1])
Time: prepare 0.0034    bound 0.7221    transfer 0.0014    finalize 0.0090    func 0.7360    
Accumulated time: func 8.1355    prepare 0.0991    bound 7.9978    transfer 0.0164    finalize 0.0760    
max lb tensor(9.99999975e-05) min lb tensor(-0.73437357)
Number of Verified Splits: 59 of 128
Current worst splitting domains lb-rhs (depth):
-1.56448 (7), -1.43574 (8), -1.40411 (8), -1.37931 (8), -1.34634 (7), -1.32564 (7), -1.31194 (7), -1.14245 (7), -1.12976 (8), -1.11505 (8), -1.06751 (8), -1.06591 (7), -1.05842 (7), -0.99282 (7), -0.98611 (7), -0.98130 (8), -0.89666 (7), -0.87793 (7), -0.87775 (8), -0.87092 (8), 
Length of domains: 111
Current (lb-rhs): -1.5644779205322266
1184 domains visited
Time: pickout 0.0092    decision 0.0251    set_bounds 0.0034    solve 0.7369    add 0.0016    
Accumulated time: pickout 0.1351    decision 0.6202    set_bounds 0.0379    solve 8.1446    add 0.0262    
Cumulative time: 8.991947650909424

BaB round 15
batch: 64
splitting decisions: 
split level 0: [/input, 207] [/input-3, 67] [/input, 228] [/input, 207] [/input, 249] [/input-3, 67] [/input-3, 67] [/input-3, 67] [/input-3, 67] [/input-3, 67] 
best_l after optimization: -3.324439525604248
beta sum per layer: [46.15257263183594, 136.81626892089844]
alpha/beta optimization time: 0.7036662101745605
pruning_in_iteration open status: True
ratio of positive domain = 100 / 128 = 0.78125
pruning-in-iteration extra time: 0.04488945007324219
torch.Size([128, 1])
Time: prepare 0.0047    bound 0.7049    transfer 0.0021    finalize 0.0090    func 0.7209    
Accumulated time: func 8.8564    prepare 0.1089    bound 8.7027    transfer 0.0186    finalize 0.0850    
max lb tensor(9.99999975e-05) min lb tensor(-0.56425095)
Number of Verified Splits: 100 of 128
Current worst splitting domains lb-rhs (depth):
-1.56448 (7), -1.43574 (8), -1.40411 (8), -1.37931 (8), -1.34634 (7), -1.32564 (7), -1.31194 (7), -1.14245 (7), -1.12976 (8), -1.11505 (8), -1.06751 (8), -1.06591 (7), -1.05842 (7), -0.99282 (7), -0.98611 (7), -0.98130 (8), -0.89666 (7), -0.87793 (7), -0.87775 (8), -0.87092 (8), 
Length of domains: 75
Current (lb-rhs): -1.5644779205322266
1312 domains visited
Time: pickout 0.0149    decision 0.1032    set_bounds 0.0037    solve 0.7217    add 0.0025    
Accumulated time: pickout 0.1500    decision 0.7234    set_bounds 0.0416    solve 8.8663    add 0.0287    
Cumulative time: 9.83819842338562

BaB round 16
batch: 64
splitting decisions: 
split level 0: [/input-3, 94] [/input-3, 0] [/input-3, 51] [/input-3, 27] [/input-3, 51] [/input-3, 94] [/input-3, 51] [/input-3, 6] [/input, 73] [/input, 73] 
best_l after optimization: -33.46394348144531
beta sum per layer: [50.671478271484375, 144.7256317138672]
alpha/beta optimization time: 0.4986081123352051
pruning_in_iteration open status: True
ratio of positive domain = 57 / 128 = 0.4453125
pruning-in-iteration extra time: 0.030998706817626953
torch.Size([128, 1])
Time: prepare 0.0047    bound 0.4995    transfer 0.0004    finalize 0.0018    func 0.5065    
Accumulated time: func 9.3629    prepare 0.1178    bound 9.2022    transfer 0.0190    finalize 0.0869    
max lb tensor(9.99999975e-05) min lb tensor(-1.27820253)
Number of Verified Splits: 57 of 128
Current worst splitting domains lb-rhs (depth):
-1.56448 (7), -1.34634 (7), -1.32564 (7), -1.27820 (9), -1.25182 (9), -1.18553 (8), -1.15456 (9), -1.13139 (9), -1.12960 (9), -1.06591 (7), -1.04857 (8), -1.01845 (9), -0.92922 (9), -0.92057 (8), -0.90725 (9), -0.90191 (9), -0.89666 (7), -0.88199 (9), -0.87097 (9), -0.86339 (8), 
Length of domains: 82
Current (lb-rhs): -1.5644779205322266
1440 domains visited
Time: pickout 0.0143    decision 0.0889    set_bounds 0.0036    solve 0.5070    add 0.0010    
Accumulated time: pickout 0.1642    decision 0.8122    set_bounds 0.0451    solve 9.3732    add 0.0298    
Time out!!!!!!!!
Result: unknown in 12.5389 seconds

 %%%%%%%%%%%%%%%%%%%%%%%%%%%%%%%%%%% idx: 6, vnnlib ID: 36 %%%%%%%%%%%%%%%%%%%%%%%%%%%%%%%%%%%
Finished vnnlib processing in 0.002156 seconds
Model: BoundedModule(
  (/0): BoundInput(name=/0, inputs=[], perturbed=True)
  (/7): BoundParams(name=/7, inputs=[], perturbed=False)
  (/8): BoundParams(name=/8, inputs=[], perturbed=False)
  (/9): BoundParams(name=/9, inputs=[], perturbed=False)
  (/10): BoundParams(name=/10, inputs=[], perturbed=False)
  (/11): BoundParams(name=/11, inputs=[], perturbed=False)
  (/12): BoundParams(name=/12, inputs=[], perturbed=False)
  (/13): BoundFlatten(name=/13, inputs=[/0], perturbed=True)
  (/input): BoundLinear(name=/input, inputs=[/13, /7, /8], perturbed=True)
  (/15): BoundRelu(name=/15, inputs=[/input], perturbed=True)
  (/input-3): BoundLinear(name=/input-3, inputs=[/15, /9, /10], perturbed=True)
  (/17): BoundRelu(name=/17, inputs=[/input-3], perturbed=True)
  (/18): BoundLinear(name=/18, inputs=[/17, /11, /12], perturbed=True)
)
Original output in the first batch: tensor([[ -3.15769482,  -2.61087847,   6.56992912,   1.93310201, -11.23005581,
          -7.10100317, -15.41036701,  11.72365475,  -1.90874600,  -3.11545277]],
       device='cuda:0')
Split layers:
Nonlinear functions:
   BoundRelu(name=/15, inputs=[/input], perturbed=True)
   BoundRelu(name=/17, inputs=[/input-3], perturbed=True)
build batch [1/1]
layer /15 using sparse-features alpha with shape [128]; unstable size 128; total size 256 ([1, 256])
layer /15 start_node /input-3 using sparse-spec alpha [2, 80, 1, 128] with unstable size 79 total_size 128 output_shape torch.Size([128])
layer /15 start_node /18 using full alpha [2, 9, 1, 128] with unstable size None total_size 9 output_shape 9
layer /17 using sparse-features alpha with shape [79]; unstable size 79; total size 128 ([1, 128])
layer /17 start_node /18 using full alpha [2, 9, 1, 79] with unstable size None total_size 9 output_shape 9
Optimizable variables initialized.
initial CROWN bounds (first 10 items): [-2.761150360107422, 0.516047477722168, -9.42575454711914, -6.003692626953125, 8.036548614501953, -0.05039024353027344, 4.770464897155762, -4.963650703430176, -0.7362556457519531]
prune_after_crown optimization in use
  original spec size = torch.Size([1, 9])
  pruned spec size = torch.Size([1, 6])
Using alpha-CROWN to initialize bounds.
best_l after optimization: -14.76778793334961
alpha/beta optimization time: 1.0679666996002197
initial alpha-crown bounds (first 10 items): [-1.187727928161621, -7.359447956085205, -4.46074104309082, 1.8625659942626953, -3.4417057037353516, -0.18073081970214844]
Global lower bound: -7.359447956085205
torch.Size([1, 6])
4 / 9 OR specs are verified.
Verified OR indices (first 10 items): [1, 4, 5, 6]
Verified OR lbs (first 10 items): [[inf], [inf], [1.8625659942626953], [inf]]
Unverified OR indices (first 10 items): [0, 2, 3, 7, 8]
Unverified OR lbs (first 10 items): [[-1.187727928161621], [-7.359447956085205], [-4.46074104309082], [-3.4417057037353516], [-0.18073081970214844]]
###### Verifying property Instance 6 ######
Batch size: 5
First 10 spec matrices
C: tensor([[[-1.,  0.,  0.,  0.,  0.,  0.,  0.,  1.,  0.,  0.]],

        [[ 0.,  0., -1.,  0.,  0.,  0.,  0.,  1.,  0.,  0.]],

        [[ 0.,  0.,  0., -1.,  0.,  0.,  0.,  1.,  0.,  0.]],

        [[ 0.,  0.,  0.,  0.,  0.,  0.,  0.,  1., -1.,  0.]],

        [[ 0.,  0.,  0.,  0.,  0.,  0.,  0.,  1.,  0., -1.]]], device='cuda:0')
RHS: tensor([[0.],
        [0.],
        [0.],
        [0.],
        [0.]], device='cuda:0')
OR spec sizes: tensor([1, 1, 1, 1, 1], device='cuda:0', dtype=torch.int32)
Remaining timeout: 10.754124879837036
Model prediction is: tensor([ -3.15769482,  -2.61087847,   6.56992912,   1.93310201, -11.23005581,
         -7.10100317, -15.41036701,  11.72365475,  -1.90874600,  -3.11545277],
       device='cuda:0')
Activation BaB batch 1/1 
build_with_refined_bounds batch [1/1]
Optimizable variables initialized.
all alpha initialized
directly get lb and ub from refined bounds
c shape: torch.Size([5, 1, 10])
lA shapes: [torch.Size([5, 1, 256]), torch.Size([5, 1, 128])]
torch.Size([5, 1])
(alpha-)CROWN with fixed intermediate bounds: tensor([[-1.18772793],
        [-7.35944796],
        [-4.46074104],
        [-3.44170570],
        [-0.18073082]], device='cuda:0') tensor([[inf],
        [inf],
        [inf],
        [inf],
        [inf]], device='cuda:0')
Intermediate layers: /input,/input-3
Keeping alphas for these layers: ['/18']
Node /15 input 0: size torch.Size([256]) unstable 128
Node /17 input 0: size torch.Size([128]) unstable 77
-----------------
# of unstable neurons: 205
-----------------

BaB round 1
batch: 5
splitting decisions: 
split level 0: [/input-3, 102] [/input-3, 72] [/input-3, 102] [/input-3, 102] [/input-3, 102] 
best_l after optimization: -27.13262176513672
beta sum per layer: [0.0, 1.6702227592468262]
alpha/beta optimization time: 0.35897350311279297
pruning_in_iteration open status: True
ratio of positive domain = 3 / 10 = 0.30000000000000004
pruning-in-iteration extra time: 0.021268367767333984
torch.Size([10, 1])
Time: prepare 0.0006    bound 0.3602    transfer 0.0018    finalize 0.0085    func 0.3711    
Accumulated time: func 0.3711    prepare 0.0019    bound 0.3602    transfer 0.0018    finalize 0.0085    
max lb tensor(9.99999975e-05) min lb tensor(-7.19139719)
Number of Verified Splits: 3 of 10
Current worst splitting domains lb-rhs (depth):
-7.19140 (1), -5.47756 (1), -3.87422 (1), -3.87086 (1), -3.12350 (1), -2.88847 (1), -0.70693 (1), 
Length of domains: 7
Current (lb-rhs): -7.191397190093994
10 domains visited
Time: pickout 0.0012    decision 0.0132    set_bounds 0.0006    solve 0.3722    add 0.0062    
Accumulated time: pickout 0.0012    decision 0.0132    set_bounds 0.0006    solve 0.3722    add 0.0062    
Cumulative time: 0.41374754905700684

BaB round 2
batch: 7
splitting decisions: 
split level 0: [/input-3, 40] [/input-3, 103] [/input-3, 0] [/input-3, 11] [/input-3, 103] [/input-3, 0] [/input-3, 11] 
best_l after optimization: -42.51920700073242
beta sum per layer: [0.0, 9.809473037719727]
alpha/beta optimization time: 0.6015596389770508
pruning_in_iteration open status: False
ratio of positive domain = 0 / 14 = 0.0
pruning-in-iteration extra time: 0.00033164024353027344
torch.Size([14, 1])
Time: prepare 0.0023    bound 0.6025    transfer 0.0008    finalize 0.0088    func 0.6144    
Accumulated time: func 0.9855    prepare 0.0101    bound 0.9627    transfer 0.0025    finalize 0.0173    
max lb tensor(-0.33531380) min lb tensor(-7.08231211)
Number of Verified Splits: 0 of 14
Current worst splitting domains lb-rhs (depth):
-7.08231 (2), -5.26031 (2), -4.68593 (2), -3.67066 (2), -3.65290 (2), -2.81654 (2), -2.64171 (2), -2.60174 (2), -2.59018 (2), -2.54992 (2), -2.47043 (2), -1.81304 (2), -0.34825 (2), -0.33531 (2), 
Length of domains: 14
Current (lb-rhs): -7.082312107086182
24 domains visited
Time: pickout 0.0098    decision 0.0350    set_bounds 0.0012    solve 0.6150    add 0.0018    
Accumulated time: pickout 0.0110    decision 0.0482    set_bounds 0.0018    solve 0.9873    add 0.0080    
Cumulative time: 1.076709270477295

BaB round 3
batch: 14
splitting decisions: 
split level 0: [/input-3, 0] [/input-3, 40] [/input-3, 6] [/input-3, 27] [/input-3, 40] [/input-3, 6] [/input-3, 27] [/input-3, 0] [/input-3, 40] [/input-3, 40] 
best_l after optimization: -70.5155029296875
beta sum per layer: [0.0, 31.766925811767578]
alpha/beta optimization time: 0.6721475124359131
pruning_in_iteration open status: False
ratio of positive domain = 3 / 28 = 0.1071428571428571
pruning-in-iteration extra time: 0.0004181861877441406
torch.Size([28, 1])
Time: prepare 0.0042    bound 0.6733    transfer 0.0014    finalize 0.0077    func 0.6865    
Accumulated time: func 1.6721    prepare 0.0212    bound 1.6360    transfer 0.0039    finalize 0.0250    
max lb tensor(0.15560913) min lb tensor(-6.82813120)
Number of Verified Splits: 3 of 28
Current worst splitting domains lb-rhs (depth):
-6.82813 (3), -6.82284 (3), -5.01409 (3), -4.40114 (3), -3.99221 (3), -3.97682 (3), -3.48195 (3), -3.44849 (3), -2.81843 (3), -2.69570 (3), -2.55125 (3), -2.40049 (3), -2.32639 (3), -2.26408 (3), -2.20266 (3), -2.19816 (3), -2.18669 (3), -2.17636 (3), -2.13820 (3), -2.05564 (3), 
Length of domains: 25
Current (lb-rhs): -6.828131198883057
52 domains visited
Time: pickout 0.0093    decision 0.0450    set_bounds 0.0014    solve 0.6874    add 0.0032    
Accumulated time: pickout 0.0203    decision 0.0932    set_bounds 0.0032    solve 1.6746    add 0.0113    
Cumulative time: 1.8232088088989258

BaB round 4
batch: 25
splitting decisions: 
split level 0: [/input-3, 11] [/input, 163] [/input-3, 40] [/input-3, 6] [/input-3, 120] [/input, 172] [/input-3, 6] [/input, 1] [/input-3, 6] [/input-3, 6] 
best_l after optimization: -117.16189575195312
beta sum per layer: [2.8979015350341797, 73.11409759521484]
alpha/beta optimization time: 0.5764162540435791
pruning_in_iteration open status: False
ratio of positive domain = 5 / 50 = 0.09999999999999998
pruning-in-iteration extra time: 0.0003142356872558594
torch.Size([50, 1])
Time: prepare 0.0065    bound 0.5775    transfer 0.0008    finalize 0.0046    func 0.5894    
Accumulated time: func 2.2615    prepare 0.0321    bound 2.2135    transfer 0.0047    finalize 0.0296    
max lb tensor(0.76919842) min lb tensor(-6.71258116)
Number of Verified Splits: 5 of 50
Current worst splitting domains lb-rhs (depth):
-6.71258 (4), -6.71007 (4), -5.93132 (4), -5.86786 (4), -4.84900 (4), -4.21862 (4), -4.06772 (4), -3.63720 (4), -3.61662 (4), -3.58656 (4), -3.57216 (4), -3.26103 (4), -3.19954 (4), -2.99251 (4), -2.56386 (4), -2.44877 (4), -2.24409 (4), -2.21616 (4), -2.16990 (4), -2.10525 (4), 
Length of domains: 45
Current (lb-rhs): -6.712581157684326
102 domains visited
Time: pickout 0.0100    decision 0.0488    set_bounds 0.0021    solve 0.5900    add 0.0022    
Accumulated time: pickout 0.0303    decision 0.1419    set_bounds 0.0053    solve 2.2646    add 0.0134    
Cumulative time: 2.4764363765716553

BaB round 5
batch: 45
splitting decisions: 
split level 0: [/input-3, 100] [/input, 172] [/input-3, 40] [/input-3, 100] [/input-3, 40] [/input, 1] [/input-3, 120] [/input-3, 17] [/input-3, 40] [/input-3, 114] 
best_l after optimization: -180.98318481445312
beta sum per layer: [7.506824493408203, 147.61068725585938]
alpha/beta optimization time: 0.5424706935882568
pruning_in_iteration open status: False
ratio of positive domain = 2 / 90 = 0.022222222222222254
pruning-in-iteration extra time: 0.00030541419982910156
torch.Size([90, 1])
Time: prepare 0.0031    bound 0.5436    transfer 0.0008    finalize 0.0061    func 0.5536    
Accumulated time: func 2.8151    prepare 0.0391    bound 2.7571    transfer 0.0055    finalize 0.0358    
max lb tensor(0.12182188) min lb tensor(-6.60764456)
Number of Verified Splits: 2 of 90
Current worst splitting domains lb-rhs (depth):
-6.60764 (5), -6.60025 (5), -5.76991 (5), -5.70632 (5), -5.11867 (5), -4.82521 (5), -4.75917 (5), -4.41633 (5), -4.07815 (5), -3.95815 (5), -3.89664 (5), -3.41423 (5), -3.38869 (5), -3.36579 (5), -3.33216 (5), -3.02274 (5), -2.98220 (5), -2.85688 (5), -2.78051 (5), -2.77271 (5), 
Length of domains: 88
Current (lb-rhs): -6.607644557952881
192 domains visited
Time: pickout 0.0162    decision 0.0700    set_bounds 0.0073    solve 0.5542    add 0.0015    
Accumulated time: pickout 0.0466    decision 0.2119    set_bounds 0.0126    solve 2.8188    add 0.0149    
Cumulative time: 3.125814437866211

BaB round 6
batch: 64
splitting decisions: 
split level 0: [/input-3, 17] [/input-3, 37] [/input-3, 17] [/input-3, 40] [/input, 129] [/input-3, 114] [/input, 1] [/input-3, 17] [/input-3, 40] [/input-3, 120] 
best_l after optimization: -137.57806396484375
beta sum per layer: [13.485696792602539, 296.4681091308594]
alpha/beta optimization time: 0.5952663421630859
pruning_in_iteration open status: True
ratio of positive domain = 27 / 128 = 0.2109375
pruning-in-iteration extra time: 0.004446983337402344
torch.Size([128, 1])
Time: prepare 0.0037    bound 0.5963    transfer 0.0011    finalize 0.0052    func 0.6064    
Accumulated time: func 3.4216    prepare 0.0474    bound 3.3534    transfer 0.0065    finalize 0.0410    
max lb tensor(9.99999975e-05) min lb tensor(-5.63246155)
Number of Verified Splits: 27 of 128
Current worst splitting domains lb-rhs (depth):
-6.60764 (5), -6.60025 (5), -5.70632 (5), -5.63246 (6), -4.89727 (6), -4.75917 (5), -4.22087 (6), -4.15903 (6), -4.07815 (5), -3.83162 (6), -3.41423 (5), -3.40538 (6), -3.38869 (5), -3.18065 (6), -3.16421 (6), -3.16338 (6), -3.02274 (5), -2.98220 (5), -2.95185 (6), -2.68029 (6), 
Length of domains: 125
Current (lb-rhs): -6.607644557952881
320 domains visited
Time: pickout 0.0203    decision 0.1005    set_bounds 0.0036    solve 0.6071    add 0.0019    
Accumulated time: pickout 0.0669    decision 0.3124    set_bounds 0.0163    solve 3.4259    add 0.0168    
Cumulative time: 3.859567165374756

BaB round 7
batch: 64
splitting decisions: 
split level 0: [/input-3, 31] [/input-3, 62] [/input-3, 31] [/input, 56] [/input-3, 62] [/input-3, 31] [/input-3, 97] [/input-3, 114] [/input-3, 17] [/input-3, 100] 
best_l after optimization: -68.22333526611328
beta sum per layer: [24.68691062927246, 352.19024658203125]
alpha/beta optimization time: 0.42119574546813965
pruning_in_iteration open status: True
ratio of positive domain = 48 / 128 = 0.375
pruning-in-iteration extra time: 0.023700237274169922
torch.Size([128, 1])
Time: prepare 0.0042    bound 0.4220    transfer 0.0002    finalize 0.0015    func 0.4280    
Accumulated time: func 3.8496    prepare 0.0554    bound 3.7754    transfer 0.0068    finalize 0.0425    
max lb tensor(9.99999975e-05) min lb tensor(-4.13548613)
Number of Verified Splits: 48 of 128
Current worst splitting domains lb-rhs (depth):
-6.60764 (5), -6.60025 (5), -5.70632 (5), -5.63246 (6), -4.89727 (6), -4.75917 (5), -4.15903 (6), -4.13549 (7), -4.07815 (5), -3.83162 (6), -3.41423 (5), -3.38869 (5), -3.18065 (6), -3.16338 (6), -3.02274 (5), -2.98220 (5), -2.84195 (7), -2.78056 (7), -2.77396 (7), -2.68029 (6), 
Length of domains: 141
Current (lb-rhs): -6.607644557952881
448 domains visited
Time: pickout 0.0151    decision 0.0768    set_bounds 0.0032    solve 0.4285    add 0.0015    
Accumulated time: pickout 0.0820    decision 0.3893    set_bounds 0.0195    solve 3.8544    add 0.0182    
Cumulative time: 4.384891510009766

BaB round 8
batch: 64
splitting decisions: 
split level 0: [/input-3, 31] [/input, 1] [/input-3, 62] [/input-3, 31] [/input-3, 100] [/input, 129] [/input-3, 31] [/input-3, 8] [/input, 1] [/input-3, 62] 
best_l after optimization: -41.10349655151367
beta sum per layer: [34.71975326538086, 366.96124267578125]
alpha/beta optimization time: 0.3697052001953125
pruning_in_iteration open status: True
ratio of positive domain = 77 / 128 = 0.6015625
pruning-in-iteration extra time: 0.02017068862915039
torch.Size([128, 1])
Time: prepare 0.0028    bound 0.3705    transfer 0.0003    finalize 0.0016    func 0.3754    
Accumulated time: func 4.2249    prepare 0.0592    bound 4.1459    transfer 0.0071    finalize 0.0441    
max lb tensor(9.99999975e-05) min lb tensor(-2.72420931)
Number of Verified Splits: 77 of 128
Current worst splitting domains lb-rhs (depth):
-6.60764 (5), -6.60025 (5), -5.70632 (5), -5.63246 (6), -4.89727 (6), -4.75917 (5), -4.15903 (6), -4.13549 (7), -4.07815 (5), -3.83162 (6), -3.41423 (5), -3.38869 (5), -3.18065 (6), -3.16338 (6), -3.02274 (5), -2.98220 (5), -2.77396 (7), -2.72421 (8), -2.68029 (6), -2.62541 (6), 
Length of domains: 128
Current (lb-rhs): -6.607644557952881
576 domains visited
Time: pickout 0.0090    decision 0.0185    set_bounds 0.0029    solve 0.3759    add 0.0012    
Accumulated time: pickout 0.0909    decision 0.4078    set_bounds 0.0223    solve 4.2303    add 0.0194    
Cumulative time: 4.79257607460022

BaB round 9
batch: 64
splitting decisions: 
split level 0: [/input, 1] [/input-3, 8] [/input-3, 62] [/input-3, 31] [/input, 172] [/input, 1] [/input, 129] [/input-3, 8] [/input, 1] [/input-3, 8] 
best_l after optimization: -67.1812744140625
beta sum per layer: [58.13416290283203, 368.58380126953125]
alpha/beta optimization time: 0.35982656478881836
pruning_in_iteration open status: True
ratio of positive domain = 35 / 128 = 0.2734375
pruning-in-iteration extra time: 0.017966032028198242
torch.Size([128, 1])
Time: prepare 0.0032    bound 0.3607    transfer 0.0003    finalize 0.0015    func 0.3659    
Accumulated time: func 4.5908    prepare 0.0637    bound 4.5066    transfer 0.0074    finalize 0.0456    
max lb tensor(9.99999975e-05) min lb tensor(-4.02443695)
Number of Verified Splits: 35 of 128
Current worst splitting domains lb-rhs (depth):
-6.60764 (5), -6.60025 (5), -5.70632 (5), -5.63246 (6), -4.89727 (6), -4.75917 (5), -4.15903 (6), -4.07815 (5), -4.02444 (8), -3.83162 (6), -3.41423 (5), -3.38869 (5), -3.18065 (6), -3.16338 (6), -3.02274 (5), -2.98220 (5), -2.77396 (7), -2.68029 (6), -2.62541 (6), -2.58658 (9), 
Length of domains: 157
Current (lb-rhs): -6.607644557952881
704 domains visited
Time: pickout 0.0109    decision 0.0225    set_bounds 0.0033    solve 0.3669    add 0.0011    
Accumulated time: pickout 0.1018    decision 0.4302    set_bounds 0.0257    solve 4.5972    add 0.0206    
Cumulative time: 5.197795391082764

BaB round 10
batch: 64
splitting decisions: 
split level 0: [/input-3, 88] [/input-3, 88] [/input-3, 90] [/input-3, 0] [/input-3, 37] [/input-3, 88] [/input, 4] [/input-3, 88] [/input-3, 97] [/input-3, 0] 
best_l after optimization: -33.46835708618164
beta sum per layer: [82.42134857177734, 344.62896728515625]
alpha/beta optimization time: 0.3688225746154785
pruning_in_iteration open status: True
ratio of positive domain = 57 / 128 = 0.4453125
pruning-in-iteration extra time: 0.0217287540435791
torch.Size([128, 1])
Time: prepare 0.0029    bound 0.3696    transfer 0.0003    finalize 0.0015    func 0.3745    
Accumulated time: func 4.9653    prepare 0.0676    bound 4.8762    transfer 0.0077    finalize 0.0472    
max lb tensor(9.99999975e-05) min lb tensor(-2.06668186)
Number of Verified Splits: 57 of 128
Current worst splitting domains lb-rhs (depth):
-6.60764 (5), -6.60025 (5), -5.70632 (5), -5.63246 (6), -4.89727 (6), -4.75917 (5), -4.15903 (6), -4.07815 (5), -4.02444 (8), -3.83162 (6), -3.41423 (5), -3.38869 (5), -3.18065 (6), -3.16338 (6), -3.02274 (5), -2.98220 (5), -2.77396 (7), -2.68029 (6), -2.62541 (6), -2.58658 (9), 
Length of domains: 164
Current (lb-rhs): -6.607644557952881
832 domains visited
Time: pickout 0.0088    decision 0.0192    set_bounds 0.0030    solve 0.3749    add 0.0019    
Accumulated time: pickout 0.1106    decision 0.4494    set_bounds 0.0286    solve 4.9721    add 0.0225    
Cumulative time: 5.6058783531188965

BaB round 11
batch: 64
splitting decisions: 
split level 0: [/input-3, 88] [/input-3, 88] [/input, 146] [/input, 21] [/input-3, 97] [/input-3, 0] [/input-3, 58] [/input-3, 58] [/input-3, 88] [/input, 4] 
best_l after optimization: -26.849273681640625
beta sum per layer: [104.91119384765625, 333.36297607421875]
alpha/beta optimization time: 0.47817134857177734
pruning_in_iteration open status: True
ratio of positive domain = 74 / 128 = 0.578125
pruning-in-iteration extra time: 0.024447917938232422
torch.Size([128, 1])
Time: prepare 0.0033    bound 0.4793    transfer 0.0023    finalize 0.0091    func 0.4942    
Accumulated time: func 5.4594    prepare 0.0727    bound 5.3556    transfer 0.0100    finalize 0.0563    
max lb tensor(9.99999975e-05) min lb tensor(-1.83211231)
Number of Verified Splits: 74 of 128
Current worst splitting domains lb-rhs (depth):
-6.60764 (5), -6.60025 (5), -5.70632 (5), -5.63246 (6), -4.89727 (6), -4.75917 (5), -4.15903 (6), -4.07815 (5), -4.02444 (8), -3.83162 (6), -3.41423 (5), -3.38869 (5), -3.18065 (6), -3.16338 (6), -3.02274 (5), -2.98220 (5), -2.77396 (7), -2.68029 (6), -2.62541 (6), -2.58658 (9), 
Length of domains: 154
Current (lb-rhs): -6.607644557952881
960 domains visited
Time: pickout 0.0077    decision 0.0221    set_bounds 0.0034    solve 0.4949    add 0.0027    
Accumulated time: pickout 0.1183    decision 0.4715    set_bounds 0.0320    solve 5.4670    add 0.0252    
Cumulative time: 6.136940002441406

BaB round 12
batch: 64
splitting decisions: 
split level 0: [/input-3, 88] [/input-3, 8] [/input-3, 90] [/input-3, 114] [/input, 172] [/input-3, 88] [/input, 140] [/input-3, 8] [/input, 129] [/input-3, 90] 
best_l after optimization: -35.24162673950195
beta sum per layer: [140.04733276367188, 395.18072509765625]
alpha/beta optimization time: 0.7110140323638916
pruning_in_iteration open status: True
ratio of positive domain = 59 / 128 = 0.4609375
pruning-in-iteration extra time: 0.0424044132232666
torch.Size([128, 1])
Time: prepare 0.0037    bound 0.7119    transfer 0.0003    finalize 0.0014    func 0.7174    
Accumulated time: func 6.1768    prepare 0.0841    bound 6.0675    transfer 0.0103    finalize 0.0577    
max lb tensor(9.99999975e-05) min lb tensor(-1.61726522)
Number of Verified Splits: 59 of 128
Current worst splitting domains lb-rhs (depth):
-6.60764 (5), -6.60025 (5), -5.70632 (5), -5.63246 (6), -4.89727 (6), -4.75917 (5), -4.15903 (6), -4.07815 (5), -4.02444 (8), -3.83162 (6), -3.41423 (5), -3.38869 (5), -3.18065 (6), -3.16338 (6), -3.02274 (5), -2.98220 (5), -2.77396 (7), -2.68029 (6), -2.62541 (6), -2.58658 (9), 
Length of domains: 159
Current (lb-rhs): -6.607644557952881
1088 domains visited
Time: pickout 0.0111    decision 0.0885    set_bounds 0.0036    solve 0.7179    add 0.0010    
Accumulated time: pickout 0.1294    decision 0.5600    set_bounds 0.0356    solve 6.1849    add 0.0262    
Cumulative time: 6.959357500076294

BaB round 13
batch: 64
splitting decisions: 
split level 0: [/input-3, 114] [/input-3, 34] [/input, 140] [/input-3, 72] [/input-3, 58] [/input-3, 90] [/input-3, 90] [/input, 200] [/input-3, 72] [/input-3, 31] 
best_l after optimization: -38.1646728515625
beta sum per layer: [243.15122985839844, 542.5515747070312]
alpha/beta optimization time: 0.36747193336486816
pruning_in_iteration open status: True
ratio of positive domain = 54 / 128 = 0.421875
pruning-in-iteration extra time: 0.019669055938720703
torch.Size([128, 1])
Time: prepare 0.0027    bound 0.3682    transfer 0.0003    finalize 0.0014    func 0.3727    
Accumulated time: func 6.5495    prepare 0.0879    bound 6.4357    transfer 0.0106    finalize 0.0591    
max lb tensor(9.99999975e-05) min lb tensor(-1.43777990)
Number of Verified Splits: 54 of 128
Current worst splitting domains lb-rhs (depth):
-6.60764 (5), -6.60025 (5), -5.70632 (5), -5.63246 (6), -4.89727 (6), -4.75917 (5), -4.15903 (6), -4.07815 (5), -4.02444 (8), -3.83162 (6), -3.41423 (5), -3.38869 (5), -3.18065 (6), -3.16338 (6), -3.02274 (5), -2.98220 (5), -2.77396 (7), -2.68029 (6), -2.62541 (6), -2.58658 (9), 
Length of domains: 169
Current (lb-rhs): -6.607644557952881
1216 domains visited
Time: pickout 0.0072    decision 0.0200    set_bounds 0.0029    solve 0.3731    add 0.0011    
Accumulated time: pickout 0.1366    decision 0.5800    set_bounds 0.0384    solve 6.5580    add 0.0273    
Cumulative time: 7.363951206207275

BaB round 14
batch: 64
splitting decisions: 
split level 0: [/input, 24] [/input-3, 37] [/input-3, 109] [/input, 24] [/input-3, 37] [/input-3, 37] [/input-3, 72] [/input-3, 72] [/input, 15] [/input-3, 114] 
best_l after optimization: -38.60332489013672
beta sum per layer: [391.0019836425781, 756.40673828125]
alpha/beta optimization time: 0.37171220779418945
pruning_in_iteration open status: True
ratio of positive domain = 53 / 128 = 0.4140625
pruning-in-iteration extra time: 0.020652294158935547
torch.Size([128, 1])
Time: prepare 0.0033    bound 0.3726    transfer 0.0003    finalize 0.0018    func 0.3781    
Accumulated time: func 6.9276    prepare 0.0926    bound 6.8083    transfer 0.0109    finalize 0.0609    
max lb tensor(9.99999975e-05) min lb tensor(-1.32354641)
Number of Verified Splits: 53 of 128
Current worst splitting domains lb-rhs (depth):
-6.60764 (5), -6.60025 (5), -5.70632 (5), -5.63246 (6), -4.89727 (6), -4.75917 (5), -4.15903 (6), -4.07815 (5), -4.02444 (8), -3.83162 (6), -3.41423 (5), -3.38869 (5), -3.18065 (6), -3.16338 (6), -3.02274 (5), -2.98220 (5), -2.77396 (7), -2.68029 (6), -2.62541 (6), -2.58658 (9), 
Length of domains: 180
Current (lb-rhs): -6.607644557952881
1344 domains visited
Time: pickout 0.0081    decision 0.0211    set_bounds 0.0034    solve 0.3786    add 0.0011    
Accumulated time: pickout 0.1448    decision 0.6011    set_bounds 0.0419    solve 6.9366    add 0.0284    
Cumulative time: 7.77663254737854

BaB round 15
batch: 64
splitting decisions: 
split level 0: [/input, 19] [/input-3, 37] [/input-3, 20] [/input-3, 37] [/input, 24] [/input, 21] [/input-3, 37] [/input-3, 37] [/input-3, 37] [/input-3, 20] 
best_l after optimization: -26.338577270507812
beta sum per layer: [535.6558227539062, 960.4351806640625]
alpha/beta optimization time: 0.34516453742980957
pruning_in_iteration open status: True
ratio of positive domain = 74 / 128 = 0.578125
pruning-in-iteration extra time: 0.019811153411865234
torch.Size([128, 1])
Time: prepare 0.0032    bound 0.3460    transfer 0.0004    finalize 0.0014    func 0.3510    
Accumulated time: func 7.2786    prepare 0.0970    bound 7.1543    transfer 0.0113    finalize 0.0623    
max lb tensor(9.99999975e-05) min lb tensor(-0.96894264)
Number of Verified Splits: 74 of 128
Current worst splitting domains lb-rhs (depth):
-6.60764 (5), -6.60025 (5), -5.70632 (5), -5.63246 (6), -4.89727 (6), -4.75917 (5), -4.15903 (6), -4.07815 (5), -4.02444 (8), -3.83162 (6), -3.41423 (5), -3.38869 (5), -3.18065 (6), -3.16338 (6), -3.02274 (5), -2.98220 (5), -2.77396 (7), -2.68029 (6), -2.62541 (6), -2.58658 (9), 
Length of domains: 170
Current (lb-rhs): -6.607644557952881
1472 domains visited
Time: pickout 0.0074    decision 0.0195    set_bounds 0.0032    solve 0.3515    add 0.0011    
Accumulated time: pickout 0.1521    decision 0.6206    set_bounds 0.0450    solve 7.2881    add 0.0295    
Cumulative time: 8.159565687179565

BaB round 16
batch: 64
splitting decisions: 
split level 0: [/input, 24] [/input, 21] [/input-3, 37] [/input, 24] [/input, 24] [/input-3, 58] [/input, 21] [/input, 24] [/input, 4] [/input, 21] 
best_l after optimization: -32.08644485473633
beta sum per layer: [438.81854248046875, 958.9788818359375]
alpha/beta optimization time: 0.38985776901245117
pruning_in_iteration open status: True
ratio of positive domain = 63 / 128 = 0.4921875
pruning-in-iteration extra time: 0.021253347396850586
torch.Size([128, 1])
Time: prepare 0.0029    bound 0.3907    transfer 0.0003    finalize 0.0016    func 0.3955    
Accumulated time: func 7.6741    prepare 0.1011    bound 7.5450    transfer 0.0116    finalize 0.0640    
max lb tensor(9.99999975e-05) min lb tensor(-1.11773109)
Number of Verified Splits: 63 of 128
Current worst splitting domains lb-rhs (depth):
-6.60764 (5), -6.60025 (5), -5.70632 (5), -5.63246 (6), -4.89727 (6), -4.75917 (5), -4.15903 (6), -4.07815 (5), -4.02444 (8), -3.83162 (6), -3.41423 (5), -3.38869 (5), -3.18065 (6), -3.16338 (6), -3.02274 (5), -2.98220 (5), -2.77396 (7), -2.68029 (6), -2.62541 (6), -2.58658 (9), 
Length of domains: 171
Current (lb-rhs): -6.607644557952881
1600 domains visited
Time: pickout 0.0087    decision 0.0216    set_bounds 0.0030    solve 0.3962    add 0.0013    
Accumulated time: pickout 0.1608    decision 0.6422    set_bounds 0.0481    solve 7.6843    add 0.0308    
Cumulative time: 8.59075403213501

BaB round 17
batch: 64
splitting decisions: 
split level 0: [/input, 63] [/input-3, 97] [/input-3, 97] [/input-3, 34] [/input-3, 97] [/input, 63] [/input, 63] [/input, 63] [/input, 63] [/input, 63] 
best_l after optimization: -23.446834564208984
beta sum per layer: [435.2857666015625, 1033.2667236328125]
alpha/beta optimization time: 0.6228399276733398
pruning_in_iteration open status: True
ratio of positive domain = 70 / 128 = 0.546875
pruning-in-iteration extra time: 0.03532218933105469
torch.Size([128, 1])
Time: prepare 0.0033    bound 0.6241    transfer 0.0020    finalize 0.0063    func 0.6358    
Accumulated time: func 8.3099    prepare 0.1056    bound 8.1691    transfer 0.0136    finalize 0.0703    
max lb tensor(0.00102711) min lb tensor(-0.98864555)
Number of Verified Splits: 70 of 128
Current worst splitting domains lb-rhs (depth):
-6.60764 (5), -6.60025 (5), -5.70632 (5), -5.63246 (6), -4.89727 (6), -4.75917 (5), -4.15903 (6), -4.07815 (5), -4.02444 (8), -3.83162 (6), -3.41423 (5), -3.38869 (5), -3.18065 (6), -3.16338 (6), -3.02274 (5), -2.98220 (5), -2.77396 (7), -2.68029 (6), -2.62541 (6), -2.58658 (9), 
Length of domains: 165
Current (lb-rhs): -6.607644557952881
1728 domains visited
Time: pickout 0.0093    decision 0.0241    set_bounds 0.0034    solve 0.6365    add 0.0021    
Accumulated time: pickout 0.1701    decision 0.6662    set_bounds 0.0515    solve 8.3209    add 0.0329    
Cumulative time: 9.266531705856323

BaB round 18
batch: 64
splitting decisions: 
split level 0: [/input-3, 72] [/input, 135] [/input-3, 114] [/input-3, 72] [/input-3, 37] [/input-3, 97] [/input, 63] [/input, 63] [/input, 63] [/input-3, 127] 
best_l after optimization: -19.20388412475586
beta sum per layer: [399.869873046875, 1017.244873046875]
alpha/beta optimization time: 0.7344465255737305
pruning_in_iteration open status: True
ratio of positive domain = 65 / 128 = 0.5078125
pruning-in-iteration extra time: 0.04365682601928711
torch.Size([128, 1])
Time: prepare 0.0055    bound 0.7359    transfer 0.0018    finalize 0.0075    func 0.7506    
Accumulated time: func 9.0605    prepare 0.1159    bound 8.9049    transfer 0.0154    finalize 0.0777    
max lb tensor(9.99999975e-05) min lb tensor(-1.13307953)
Number of Verified Splits: 65 of 128
Current worst splitting domains lb-rhs (depth):
-6.60764 (5), -6.60025 (5), -5.70632 (5), -5.63246 (6), -4.89727 (6), -4.75917 (5), -4.15903 (6), -4.07815 (5), -4.02444 (8), -3.83162 (6), -3.41423 (5), -3.38869 (5), -3.18065 (6), -3.16338 (6), -3.02274 (5), -2.98220 (5), -2.77396 (7), -2.68029 (6), -2.62541 (6), -2.58658 (9), 
Length of domains: 164
Current (lb-rhs): -6.607644557952881
1856 domains visited
Time: pickout 0.0149    decision 0.0959    set_bounds 0.0047    solve 0.7512    add 0.0019    
Accumulated time: pickout 0.1850    decision 0.7622    set_bounds 0.0562    solve 9.0720    add 0.0348    
Cumulative time: 10.135446548461914

BaB round 19
batch: 64
splitting decisions: 
split level 0: [/input-3, 114] [/input, 19] [/input, 63] [/input, 63] [/input-3, 2] [/input-3, 104] [/input-3, 11] [/input-3, 11] [/input-3, 11] [/input-3, 104] 
best_l after optimization: -16.177522659301758
beta sum per layer: [421.62445068359375, 1077.569091796875]
alpha/beta optimization time: 0.4860110282897949
pruning_in_iteration open status: True
ratio of positive domain = 67 / 128 = 0.5234375
pruning-in-iteration extra time: 0.03217458724975586
torch.Size([128, 1])
Time: prepare 0.0045    bound 0.4868    transfer 0.0004    finalize 0.0018    func 0.4935    
Accumulated time: func 9.5540    prepare 0.1252    bound 9.3917    transfer 0.0158    finalize 0.0796    
max lb tensor(9.99999975e-05) min lb tensor(-0.99705696)
Number of Verified Splits: 67 of 128
Current worst splitting domains lb-rhs (depth):
-6.60764 (5), -6.60025 (5), -5.70632 (5), -5.63246 (6), -4.89727 (6), -4.75917 (5), -4.15903 (6), -4.07815 (5), -4.02444 (8), -3.83162 (6), -3.41423 (5), -3.38869 (5), -3.18065 (6), -3.16338 (6), -3.02274 (5), -2.98220 (5), -2.77396 (7), -2.68029 (6), -2.62541 (6), -2.58658 (9), 
Length of domains: 161
Current (lb-rhs): -6.607644557952881
1984 domains visited
Time: pickout 0.0143    decision 0.1169    set_bounds 0.0039    solve 0.4940    add 0.0010    
Accumulated time: pickout 0.1993    decision 0.8790    set_bounds 0.0600    solve 9.5660    add 0.0359    
Time out!!!!!!!!
Result: unknown in 12.0141 seconds

 %%%%%%%%%%%%%%%%%%%%%%%%%%%%%%%%%%% idx: 7, vnnlib ID: 37 %%%%%%%%%%%%%%%%%%%%%%%%%%%%%%%%%%%
Finished vnnlib processing in 0.006704 seconds
Model: BoundedModule(
  (/0): BoundInput(name=/0, inputs=[], perturbed=True)
  (/7): BoundParams(name=/7, inputs=[], perturbed=False)
  (/8): BoundParams(name=/8, inputs=[], perturbed=False)
  (/9): BoundParams(name=/9, inputs=[], perturbed=False)
  (/10): BoundParams(name=/10, inputs=[], perturbed=False)
  (/11): BoundParams(name=/11, inputs=[], perturbed=False)
  (/12): BoundParams(name=/12, inputs=[], perturbed=False)
  (/13): BoundFlatten(name=/13, inputs=[/0], perturbed=True)
  (/input): BoundLinear(name=/input, inputs=[/13, /7, /8], perturbed=True)
  (/15): BoundRelu(name=/15, inputs=[/input], perturbed=True)
  (/input-3): BoundLinear(name=/input-3, inputs=[/15, /9, /10], perturbed=True)
  (/17): BoundRelu(name=/17, inputs=[/input-3], perturbed=True)
  (/18): BoundLinear(name=/18, inputs=[/17, /11, /12], perturbed=True)
)
Original output in the first batch: tensor([[-8.20110512,  6.72890472, -2.85314655, -0.50641757, -2.77623200,
         -5.07252026, -6.77379894,  0.20286198,  0.86953735, -4.04782248]],
       device='cuda:0')
Split layers:
Nonlinear functions:
   BoundRelu(name=/15, inputs=[/input], perturbed=True)
   BoundRelu(name=/17, inputs=[/input-3], perturbed=True)
build batch [1/1]
layer /15 using sparse-features alpha with shape [179]; unstable size 179; total size 256 ([1, 256])
layer /15 start_node /input-3 using full alpha [2, 128, 1, 179] with unstable size 116 total_size 128 output_shape torch.Size([128])
layer /15 start_node /18 using full alpha [2, 9, 1, 179] with unstable size None total_size 9 output_shape 9
layer /17 using full alpha with shape torch.Size([128]); unstable size 116; total size 128 ([1, 128])
layer /17 start_node /18 using full alpha [2, 9, 1, 128] with unstable size None total_size 9 output_shape 9
Optimizable variables initialized.
initial CROWN bounds (first 10 items): [-7.0094451904296875, -11.192774772644043, -17.527999877929688, -9.809783935546875, -14.502483367919922, -8.544733047485352, -14.18575668334961, -14.967070579528809, -12.883031845092773]
prune_after_crown optimization in use
  original spec size = torch.Size([1, 9])
  pruned spec size = torch.Size([1, 9])
Using alpha-CROWN to initialize bounds.
best_l after optimization: -94.50232696533203
alpha/beta optimization time: 1.0797152519226074
initial alpha-crown bounds (first 10 items): [-5.656279563903809, -10.049651145935059, -15.636975288391113, -7.891640663146973, -12.333662033081055, -7.088092803955078, -11.779573440551758, -13.427450180053711, -10.63900375366211]
Global lower bound: -15.636975288391113
torch.Size([1, 9])
0 / 9 OR specs are verified.
Verified OR indices (first 10 items): []
Verified OR lbs (first 10 items): []
Unverified OR indices (first 10 items): [0, 1, 2, 3, 4, 5, 6, 7, 8]
Unverified OR lbs (first 10 items): [[-5.656279563903809], [-10.049651145935059], [-15.636975288391113], [-7.891640663146973], [-12.333662033081055], [-7.088092803955078], [-11.779573440551758], [-13.427450180053711], [-10.63900375366211]]
###### Verifying property Instance 7 ######
Batch size: 9
First 10 spec matrices
C: tensor([[[-1.,  1.,  0.,  0.,  0.,  0.,  0.,  0.,  0.,  0.]],

        [[ 0.,  1., -1.,  0.,  0.,  0.,  0.,  0.,  0.,  0.]],

        [[ 0.,  1.,  0., -1.,  0.,  0.,  0.,  0.,  0.,  0.]],

        [[ 0.,  1.,  0.,  0., -1.,  0.,  0.,  0.,  0.,  0.]],

        [[ 0.,  1.,  0.,  0.,  0., -1.,  0.,  0.,  0.,  0.]],

        [[ 0.,  1.,  0.,  0.,  0.,  0., -1.,  0.,  0.,  0.]],

        [[ 0.,  1.,  0.,  0.,  0.,  0.,  0., -1.,  0.,  0.]],

        [[ 0.,  1.,  0.,  0.,  0.,  0.,  0.,  0., -1.,  0.]],

        [[ 0.,  1.,  0.,  0.,  0.,  0.,  0.,  0.,  0., -1.]]], device='cuda:0')
RHS: tensor([[0.],
        [0.],
        [0.],
        [0.],
        [0.],
        [0.],
        [0.],
        [0.],
        [0.]], device='cuda:0')
OR spec sizes: tensor([1, 1, 1, 1, 1, 1, 1, 1, 1], device='cuda:0', dtype=torch.int32)
Remaining timeout: 10.739931583404541
Model prediction is: tensor([-8.20110512,  6.72890472, -2.85314655, -0.50641757, -2.77623200,
        -5.07252026, -6.77379894,  0.20286198,  0.86953735, -4.04782248],
       device='cuda:0')
Activation BaB batch 1/1 
build_with_refined_bounds batch [1/1]
Optimizable variables initialized.
all alpha initialized
directly get lb and ub from refined bounds
c shape: torch.Size([9, 1, 10])
lA shapes: [torch.Size([9, 1, 256]), torch.Size([9, 1, 128])]
torch.Size([9, 1])
(alpha-)CROWN with fixed intermediate bounds: tensor([[ -5.65627956],
        [-10.04965115],
        [-15.63697529],
        [ -7.89164066],
        [-12.33366203],
        [ -7.08809280],
        [-11.77957344],
        [-13.42745018],
        [-10.63900375]], device='cuda:0') tensor([[inf],
        [inf],
        [inf],
        [inf],
        [inf],
        [inf],
        [inf],
        [inf],
        [inf]], device='cuda:0')
Intermediate layers: /input,/input-3
Keeping alphas for these layers: ['/18']
Node /15 input 0: size torch.Size([256]) unstable 179
Node /17 input 0: size torch.Size([128]) unstable 114
-----------------
# of unstable neurons: 293
-----------------

BaB round 1
batch: 9
splitting decisions: 
split level 0: [/input-3, 102] [/input, 71] [/input, 160] [/input-3, 36] [/input-3, 36] [/input-3, 102] [/input-3, 35] [/input-3, 35] [/input-3, 102] 
best_l after optimization: -174.91412353515625
beta sum per layer: [2.0816147327423096, 3.5626320838928223]
alpha/beta optimization time: 0.3130786418914795
pruning_in_iteration open status: False
ratio of positive domain = 0 / 18 = 0.0
pruning-in-iteration extra time: 0.0004229545593261719
torch.Size([18, 1])
Time: prepare 0.0009    bound 0.3145    transfer 0.0012    finalize 0.0058    func 0.3224    
Accumulated time: func 0.3224    prepare 0.0021    bound 0.3145    transfer 0.0012    finalize 0.0058    
max lb tensor(-4.76080608) min lb tensor(-15.15617847)
Number of Verified Splits: 0 of 18
Current worst splitting domains lb-rhs (depth):
-15.15618 (1), -14.61269 (1), -13.13899 (1), -11.95106 (1), -11.80358 (1), -11.64358 (1), -11.28744 (1), -10.52813 (1), -10.29694 (1), -9.75129 (1), -9.60674 (1), -9.12765 (1), -7.48936 (1), -7.19696 (1), -6.43784 (1), -5.13229 (1), -4.99260 (1), -4.76081 (1), 
Length of domains: 18
Current (lb-rhs): -15.15617847442627
18 domains visited
Time: pickout 0.0015    decision 0.0137    set_bounds 0.0008    solve 0.3231    add 0.0057    
Accumulated time: pickout 0.0015    decision 0.0137    set_bounds 0.0008    solve 0.3231    add 0.0057    
Cumulative time: 0.36743903160095215

BaB round 2
batch: 18
splitting decisions: 
split level 0: [/input-3, 0] [/input-3, 73] [/input-3, 102] [/input-3, 73] [/input-3, 35] [/input, 173] [/input-3, 118] [/input-3, 80] [/input-3, 36] [/input-3, 0] 
best_l after optimization: -316.3256530761719
beta sum per layer: [4.897614002227783, 23.820232391357422]
alpha/beta optimization time: 0.5723652839660645
pruning_in_iteration open status: False
ratio of positive domain = 0 / 36 = 0.0
pruning-in-iteration extra time: 0.0006515979766845703
torch.Size([36, 1])
Time: prepare 0.0048    bound 0.5737    transfer 0.0010    finalize 0.0047    func 0.5842    
Accumulated time: func 0.9066    prepare 0.0131    bound 0.8881    transfer 0.0022    finalize 0.0106    
max lb tensor(-2.93079281) min lb tensor(-14.81172180)
Number of Verified Splits: 0 of 36
Current worst splitting domains lb-rhs (depth):
-14.81172 (2), -14.22092 (2), -13.73134 (2), -13.24317 (2), -12.96159 (2), -11.76746 (2), -11.32850 (2), -11.16659 (2), -10.92980 (2), -10.80493 (2), -10.65858 (2), -10.55897 (2), -10.13006 (2), -10.06012 (2), -9.99876 (2), -9.92658 (2), -9.46342 (2), -9.27947 (2), -9.15777 (2), -8.88815 (2), 
Length of domains: 36
Current (lb-rhs): -14.811721801757812
54 domains visited
Time: pickout 0.0108    decision 0.0473    set_bounds 0.0021    solve 0.5848    add 0.0020    
Accumulated time: pickout 0.0123    decision 0.0610    set_bounds 0.0029    solve 0.9079    add 0.0077    
Cumulative time: 1.0145580768585205

BaB round 3
batch: 36
splitting decisions: 
split level 0: [/input-3, 81] [/input-3, 36] [/input-3, 0] [/input-3, 118] [/input, 135] [/input-3, 105] [/input-3, 12] [/input-3, 74] [/input-3, 27] [/input-3, 81] 
best_l after optimization: -566.4057006835938
beta sum per layer: [18.264816284179688, 80.96846008300781]
alpha/beta optimization time: 0.5780878067016602
pruning_in_iteration open status: False
ratio of positive domain = 0 / 72 = 0.0
pruning-in-iteration extra time: 0.0003457069396972656
torch.Size([72, 1])
Time: prepare 0.0025    bound 0.5793    transfer 0.0014    finalize 0.0072    func 0.5905    
Accumulated time: func 1.4971    prepare 0.0271    bound 1.4674    transfer 0.0036    finalize 0.0178    
max lb tensor(-2.46487427) min lb tensor(-14.52496910)
Number of Verified Splits: 0 of 72
Current worst splitting domains lb-rhs (depth):
-14.52497 (3), -14.06767 (3), -13.98824 (3), -13.45027 (3), -12.96005 (3), -12.75454 (3), -11.47458 (3), -11.18819 (3), -11.07177 (3), -10.98074 (3), -10.78043 (3), -10.73347 (3), -10.71911 (3), -10.58143 (3), -10.39538 (3), -10.35952 (3), -10.15907 (3), -10.09385 (3), -9.87891 (3), -9.80067 (3), 
Length of domains: 72
Current (lb-rhs): -14.524969100952148
126 domains visited
Time: pickout 0.0147    decision 0.0976    set_bounds 0.0021    solve 0.5911    add 0.0019    
Accumulated time: pickout 0.0271    decision 0.1585    set_bounds 0.0050    solve 1.4990    add 0.0096    
Cumulative time: 1.722188949584961

BaB round 4
batch: 64
splitting decisions: 
split level 0: [/input, 243] [/input-3, 74] [/input-3, 25] [/input-3, 65] [/input-3, 80] [/input, 172] [/input-3, 118] [/input-3, 74] [/input-3, 27] [/input-3, 27] 
best_l after optimization: -866.830810546875
beta sum per layer: [55.96021270751953, 215.5236053466797]
alpha/beta optimization time: 0.5705106258392334
pruning_in_iteration open status: False
ratio of positive domain = 0 / 128 = 0.0
pruning-in-iteration extra time: 0.0007460117340087891
torch.Size([128, 1])
Time: prepare 0.0040    bound 0.5719    transfer 0.0012    finalize 0.0089    func 0.5862    
Accumulated time: func 2.0833    prepare 0.0380    bound 2.0393    transfer 0.0047    finalize 0.0267    
max lb tensor(-0.92749596) min lb tensor(-14.31544495)
Number of Verified Splits: 0 of 128
Current worst splitting domains lb-rhs (depth):
-14.31544 (4), -13.82780 (4), -13.66909 (4), -13.45027 (3), -13.32406 (4), -12.72248 (4), -12.49864 (4), -12.04989 (4), -11.48074 (4), -11.47458 (3), -11.24273 (4), -10.73371 (4), -10.66127 (4), -10.58703 (4), -10.51082 (4), -10.50063 (4), -10.40051 (4), -10.35745 (4), -10.13683 (4), -10.11313 (4), 
Length of domains: 136
Current (lb-rhs): -14.315444946289062
254 domains visited
Time: pickout 0.0143    decision 0.0874    set_bounds 0.0038    solve 0.5869    add 0.0017    
Accumulated time: pickout 0.0414    decision 0.2460    set_bounds 0.0088    solve 2.0859    add 0.0112    
Cumulative time: 2.4166064262390137

BaB round 5
batch: 64
splitting decisions: 
split level 0: [/input-3, 65] [/input-3, 66] [/input-3, 36] [/input-3, 40] [/input-3, 12] [/input-3, 27] [/input-3, 46] [/input, 104] [/input-3, 16] [/input-3, 65] 
best_l after optimization: -639.1146240234375
beta sum per layer: [70.75501251220703, 355.54730224609375]
alpha/beta optimization time: 0.5179083347320557
pruning_in_iteration open status: False
ratio of positive domain = 7 / 128 = 0.0546875
pruning-in-iteration extra time: 0.00045228004455566406
torch.Size([128, 1])
Time: prepare 0.0039    bound 0.5190    transfer 0.0012    finalize 0.0088    func 0.5330    
Accumulated time: func 2.6163    prepare 0.0498    bound 2.5584    transfer 0.0059    finalize 0.0355    
max lb tensor(0.48726463) min lb tensor(-13.10877800)
Number of Verified Splits: 7 of 128
Current worst splitting domains lb-rhs (depth):
-14.31544 (4), -13.82780 (4), -13.66909 (4), -13.45027 (3), -13.10878 (5), -12.72248 (4), -12.49864 (4), -11.90648 (5), -11.47458 (3), -10.95826 (5), -10.74964 (5), -10.73371 (4), -10.66127 (4), -10.58703 (4), -10.51082 (4), -10.40051 (4), -10.35745 (4), -10.25211 (5), -10.13683 (4), -10.09284 (4), 
Length of domains: 193
Current (lb-rhs): -14.315444946289062
382 domains visited
Time: pickout 0.0150    decision 0.1128    set_bounds 0.0041    solve 0.5338    add 0.0018    
Accumulated time: pickout 0.0565    decision 0.3588    set_bounds 0.0130    solve 2.6197    add 0.0131    
Cumulative time: 3.0844197273254395

BaB round 6
batch: 64
splitting decisions: 
split level 0: [/input-3, 74] [/input-3, 70] [/input-3, 105] [/input-3, 80] [/input-3, 25] [/input-3, 16] [/input-3, 12] [/input-3, 50] [/input-3, 80] [/input, 145] 
best_l after optimization: -535.2535400390625
beta sum per layer: [74.16571044921875, 455.4071044921875]
alpha/beta optimization time: 0.5864670276641846
pruning_in_iteration open status: False
ratio of positive domain = 9 / 128 = 0.0703125
pruning-in-iteration extra time: 0.0006451606750488281
torch.Size([128, 1])
Time: prepare 0.0039    bound 0.5878    transfer 0.0012    finalize 0.0074    func 0.6004    
Accumulated time: func 3.2167    prepare 0.0618    bound 3.1462    transfer 0.0071    finalize 0.0428    
max lb tensor(0.52357864) min lb tensor(-9.17334080)
Number of Verified Splits: 9 of 128
Current worst splitting domains lb-rhs (depth):
-14.31544 (4), -13.82780 (4), -13.66909 (4), -13.45027 (3), -13.10878 (5), -12.72248 (4), -12.49864 (4), -11.90648 (5), -11.47458 (3), -10.95826 (5), -10.74964 (5), -10.73371 (4), -10.66127 (4), -10.58703 (4), -10.51082 (4), -10.40051 (4), -10.35745 (4), -10.25211 (5), -10.13683 (4), -10.09284 (4), 
Length of domains: 248
Current (lb-rhs): -14.315444946289062
510 domains visited
Time: pickout 0.0125    decision 0.0999    set_bounds 0.0041    solve 0.6012    add 0.0019    
Accumulated time: pickout 0.0690    decision 0.4587    set_bounds 0.0170    solve 3.2209    add 0.0149    
Cumulative time: 3.8041908740997314

BaB round 7
batch: 64
splitting decisions: 
split level 0: [/input-3, 36] [/input-3, 125] [/input-3, 0] [/input-3, 105] [/input-3, 8] [/input-3, 28] [/input-3, 36] [/input-3, 125] [/input-3, 0] [/input-3, 105] 
best_l after optimization: -443.2630920410156
beta sum per layer: [80.44502258300781, 535.209716796875]
alpha/beta optimization time: 0.5524454116821289
pruning_in_iteration open status: False
ratio of positive domain = 11 / 128 = 0.0859375
pruning-in-iteration extra time: 0.0019462108612060547
torch.Size([128, 1])
Time: prepare 0.0048    bound 0.5550    transfer 0.0021    finalize 0.0090    func 0.5710    
Accumulated time: func 3.7877    prepare 0.0721    bound 3.7013    transfer 0.0092    finalize 0.0518    
max lb tensor(0.44146061) min lb tensor(-7.75964260)
Number of Verified Splits: 11 of 128
Current worst splitting domains lb-rhs (depth):
-14.31544 (4), -13.82780 (4), -13.66909 (4), -13.45027 (3), -13.10878 (5), -12.72248 (4), -12.49864 (4), -11.90648 (5), -11.47458 (3), -10.95826 (5), -10.74964 (5), -10.73371 (4), -10.66127 (4), -10.58703 (4), -10.51082 (4), -10.40051 (4), -10.35745 (4), -10.25211 (5), -10.13683 (4), -10.09284 (4), 
Length of domains: 301
Current (lb-rhs): -14.315444946289062
638 domains visited
Time: pickout 0.0135    decision 0.0986    set_bounds 0.0045    solve 0.5719    add 0.0019    
Accumulated time: pickout 0.0825    decision 0.5573    set_bounds 0.0215    solve 3.7928    add 0.0168    
Cumulative time: 4.49472451210022

BaB round 8
batch: 64
splitting decisions: 
split level 0: [/input-3, 74] [/input-3, 28] [/input-3, 16] [/input-3, 64] [/input-3, 125] [/input-3, 46] [/input-3, 46] [/input-3, 74] [/input-3, 16] [/input-3, 64] 
best_l after optimization: -376.74029541015625
beta sum per layer: [73.48149108886719, 587.9124145507812]
alpha/beta optimization time: 0.5858638286590576
pruning_in_iteration open status: False
ratio of positive domain = 10 / 128 = 0.078125
pruning-in-iteration extra time: 0.0002589225769042969
torch.Size([128, 1])
Time: prepare 0.0048    bound 0.5868    transfer 0.0003    finalize 0.0108    func 0.6027    
Accumulated time: func 4.3904    prepare 0.0847    bound 4.2880    transfer 0.0094    finalize 0.0626    
max lb tensor(0.57705593) min lb tensor(-6.08153915)
Number of Verified Splits: 10 of 128
Current worst splitting domains lb-rhs (depth):
-14.31544 (4), -13.82780 (4), -13.66909 (4), -13.45027 (3), -13.10878 (5), -12.72248 (4), -12.49864 (4), -11.90648 (5), -11.47458 (3), -10.95826 (5), -10.74964 (5), -10.73371 (4), -10.66127 (4), -10.58703 (4), -10.51082 (4), -10.40051 (4), -10.35745 (4), -10.25211 (5), -10.13683 (4), -10.09284 (4), 
Length of domains: 355
Current (lb-rhs): -14.315444946289062
766 domains visited
Time: pickout 0.0137    decision 0.1018    set_bounds 0.0031    solve 0.6036    add 0.0018    
Accumulated time: pickout 0.0962    decision 0.6591    set_bounds 0.0246    solve 4.3964    add 0.0186    
Cumulative time: 5.218963146209717

BaB round 9
batch: 64
splitting decisions: 
split level 0: [/input-3, 60] [/input-3, 31] [/input-3, 66] [/input-3, 73] [/input-3, 25] [/input-3, 66] [/input-3, 73] [/input-3, 60] [/input, 172] [/input-3, 66] 
best_l after optimization: -316.01947021484375
beta sum per layer: [65.4125747680664, 591.3762817382812]
alpha/beta optimization time: 0.4391028881072998
pruning_in_iteration open status: False
ratio of positive domain = 10 / 128 = 0.078125
pruning-in-iteration extra time: 0.0001277923583984375
torch.Size([128, 1])
Time: prepare 0.0038    bound 0.4399    transfer 0.0002    finalize 0.0016    func 0.4455    
Accumulated time: func 4.8359    prepare 0.0952    bound 4.7279    transfer 0.0096    finalize 0.0642    
max lb tensor(0.24021912) min lb tensor(-5.50703716)
Number of Verified Splits: 10 of 128
Current worst splitting domains lb-rhs (depth):
-14.31544 (4), -13.82780 (4), -13.66909 (4), -13.45027 (3), -13.10878 (5), -12.72248 (4), -12.49864 (4), -11.90648 (5), -11.47458 (3), -10.95826 (5), -10.74964 (5), -10.73371 (4), -10.66127 (4), -10.58703 (4), -10.51082 (4), -10.40051 (4), -10.35745 (4), -10.25211 (5), -10.13683 (4), -10.09284 (4), 
Length of domains: 409
Current (lb-rhs): -14.315444946289062
894 domains visited
Time: pickout 0.0132    decision 0.1148    set_bounds 0.0034    solve 0.4460    add 0.0011    
Accumulated time: pickout 0.1094    decision 0.7739    set_bounds 0.0280    solve 4.8423    add 0.0197    
Cumulative time: 5.797621250152588

BaB round 10
batch: 64
splitting decisions: 
split level 0: [/input-3, 2] [/input-3, 60] [/input-3, 122] [/input-3, 125] [/input-3, 81] [/input-3, 125] [/input-3, 2] [/input-3, 60] [/input-3, 125] [/input-3, 81] 
best_l after optimization: -216.80615234375
beta sum per layer: [62.78501510620117, 673.051025390625]
alpha/beta optimization time: 0.2817056179046631
pruning_in_iteration open status: False
ratio of positive domain = 20 / 128 = 0.15625
pruning-in-iteration extra time: 0.00012826919555664062
torch.Size([128, 1])
Time: prepare 0.0026    bound 0.2824    transfer 0.0002    finalize 0.0018    func 0.2871    
Accumulated time: func 5.1229    prepare 0.0989    bound 5.0103    transfer 0.0098    finalize 0.0660    
max lb tensor(0.44555187) min lb tensor(-5.13763905)
Number of Verified Splits: 20 of 128
Current worst splitting domains lb-rhs (depth):
-14.31544 (4), -13.82780 (4), -13.66909 (4), -13.45027 (3), -13.10878 (5), -12.72248 (4), -12.49864 (4), -11.90648 (5), -11.47458 (3), -10.95826 (5), -10.74964 (5), -10.73371 (4), -10.66127 (4), -10.58703 (4), -10.51082 (4), -10.40051 (4), -10.35745 (4), -10.25211 (5), -10.13683 (4), -10.09284 (4), 
Length of domains: 453
Current (lb-rhs): -14.315444946289062
1022 domains visited
Time: pickout 0.0089    decision 0.0190    set_bounds 0.0027    solve 0.2876    add 0.0008    
Accumulated time: pickout 0.1182    decision 0.7929    set_bounds 0.0307    solve 5.1299    add 0.0205    
Cumulative time: 6.116734981536865

BaB round 11
batch: 64
splitting decisions: 
split level 0: [/input-3, 111] [/input-3, 25] [/input-3, 73] [/input-3, 122] [/input-3, 95] [/input-3, 60] [/input-3, 73] [/input-3, 122] [/input-3, 102] [/input-3, 25] 
best_l after optimization: -181.13392639160156
beta sum per layer: [68.02590942382812, 748.8426513671875]
alpha/beta optimization time: 0.27505016326904297
pruning_in_iteration open status: False
ratio of positive domain = 15 / 128 = 0.1171875
pruning-in-iteration extra time: 0.00011944770812988281
torch.Size([128, 1])
Time: prepare 0.0028    bound 0.2758    transfer 0.0002    finalize 0.0015    func 0.2805    
Accumulated time: func 5.4034    prepare 0.1029    bound 5.2862    transfer 0.0100    finalize 0.0675    
max lb tensor(0.46050835) min lb tensor(-3.65757132)
Number of Verified Splits: 15 of 128
Current worst splitting domains lb-rhs (depth):
-14.31544 (4), -13.82780 (4), -13.66909 (4), -13.45027 (3), -13.10878 (5), -12.72248 (4), -12.49864 (4), -11.90648 (5), -11.47458 (3), -10.95826 (5), -10.74964 (5), -10.73371 (4), -10.66127 (4), -10.58703 (4), -10.51082 (4), -10.40051 (4), -10.35745 (4), -10.25211 (5), -10.13683 (4), -10.09284 (4), 
Length of domains: 502
Current (lb-rhs): -14.315444946289062
1150 domains visited
Time: pickout 0.0086    decision 0.0194    set_bounds 0.0032    solve 0.2810    add 0.0012    
Accumulated time: pickout 0.1268    decision 0.8123    set_bounds 0.0338    solve 5.4109    add 0.0217    
Cumulative time: 6.430243253707886

BaB round 12
batch: 64
splitting decisions: 
split level 0: [/input-3, 66] [/input-3, 122] [/input-3, 25] [/input-3, 81] [/input-3, 95] [/input-3, 27] [/input-3, 70] [/input-3, 66] [/input-3, 31] [/input-3, 2] 
best_l after optimization: -137.34976196289062
beta sum per layer: [52.21438217163086, 803.5477294921875]
alpha/beta optimization time: 0.3056635856628418
pruning_in_iteration open status: False
ratio of positive domain = 15 / 128 = 0.1171875
pruning-in-iteration extra time: 0.0001544952392578125
torch.Size([128, 1])
Time: prepare 0.0028    bound 0.3066    transfer 0.0002    finalize 0.0019    func 0.3115    
Accumulated time: func 5.7149    prepare 0.1067    bound 5.5927    transfer 0.0102    finalize 0.0693    
max lb tensor(0.27337599) min lb tensor(-3.48934364)
Number of Verified Splits: 15 of 128
Current worst splitting domains lb-rhs (depth):
-14.31544 (4), -13.82780 (4), -13.66909 (4), -13.45027 (3), -13.10878 (5), -12.72248 (4), -12.49864 (4), -11.90648 (5), -11.47458 (3), -10.95826 (5), -10.74964 (5), -10.73371 (4), -10.66127 (4), -10.58703 (4), -10.51082 (4), -10.40051 (4), -10.35745 (4), -10.25211 (5), -10.13683 (4), -10.09284 (4), 
Length of domains: 551
Current (lb-rhs): -14.315444946289062
1278 domains visited
Time: pickout 0.0072    decision 0.0203    set_bounds 0.0030    solve 0.3120    add 0.0012    
Accumulated time: pickout 0.1340    decision 0.8327    set_bounds 0.0368    solve 5.7229    add 0.0229    
Cumulative time: 6.774205923080444

BaB round 13
batch: 64
splitting decisions: 
split level 0: [/input-3, 122] [/input-3, 25] [/input-3, 80] [/input-3, 2] [/input-3, 27] [/input-3, 122] [/input, 172] [/input-3, 80] [/input-3, 122] [/input-3, 80] 
best_l after optimization: -97.47776794433594
beta sum per layer: [46.71427917480469, 834.1959228515625]
alpha/beta optimization time: 0.3001251220703125
pruning_in_iteration open status: True
ratio of positive domain = 26 / 128 = 0.203125
pruning-in-iteration extra time: 0.0014150142669677734
torch.Size([128, 1])
Time: prepare 0.0029    bound 0.3012    transfer 0.0003    finalize 0.0033    func 0.3078    
Accumulated time: func 6.0227    prepare 0.1108    bound 5.8939    transfer 0.0106    finalize 0.0727    
max lb tensor(9.99999975e-05) min lb tensor(-3.07028913)
Number of Verified Splits: 26 of 128
Current worst splitting domains lb-rhs (depth):
-14.31544 (4), -13.82780 (4), -13.66909 (4), -13.45027 (3), -13.10878 (5), -12.72248 (4), -12.49864 (4), -11.90648 (5), -11.47458 (3), -10.95826 (5), -10.74964 (5), -10.73371 (4), -10.66127 (4), -10.58703 (4), -10.51082 (4), -10.40051 (4), -10.35745 (4), -10.25211 (5), -10.13683 (4), -10.09284 (4), 
Length of domains: 589
Current (lb-rhs): -14.315444946289062
1406 domains visited
Time: pickout 0.0073    decision 0.0200    set_bounds 0.0033    solve 0.3083    add 0.0011    
Accumulated time: pickout 0.1413    decision 0.8527    set_bounds 0.0401    solve 6.0312    add 0.0240    
Cumulative time: 7.114483118057251

BaB round 14
batch: 64
splitting decisions: 
split level 0: [/input-3, 12] [/input-3, 60] [/input-3, 80] [/input-3, 12] [/input-3, 12] [/input-3, 60] [/input-3, 62] [/input-3, 28] [/input-3, 70] [/input-3, 60] 
best_l after optimization: -66.10855102539062
beta sum per layer: [37.547996520996094, 806.8902587890625]
alpha/beta optimization time: 0.3672482967376709
pruning_in_iteration open status: True
ratio of positive domain = 42 / 128 = 0.328125
pruning-in-iteration extra time: 0.020778179168701172
torch.Size([128, 1])
Time: prepare 0.0027    bound 0.3680    transfer 0.0004    finalize 0.0031    func 0.3742    
Accumulated time: func 6.3969    prepare 0.1148    bound 6.2619    transfer 0.0109    finalize 0.0757    
max lb tensor(9.99999975e-05) min lb tensor(-2.88952112)
Number of Verified Splits: 42 of 128
Current worst splitting domains lb-rhs (depth):
-14.31544 (4), -13.82780 (4), -13.66909 (4), -13.45027 (3), -13.10878 (5), -12.72248 (4), -12.49864 (4), -11.90648 (5), -11.47458 (3), -10.95826 (5), -10.74964 (5), -10.73371 (4), -10.66127 (4), -10.58703 (4), -10.51082 (4), -10.40051 (4), -10.35745 (4), -10.25211 (5), -10.13683 (4), -10.09284 (4), 
Length of domains: 611
Current (lb-rhs): -14.315444946289062
1534 domains visited
Time: pickout 0.0081    decision 0.0195    set_bounds 0.0031    solve 0.3748    add 0.0015    
Accumulated time: pickout 0.1494    decision 0.8722    set_bounds 0.0432    solve 6.4060    add 0.0255    
Cumulative time: 7.521807909011841

BaB round 15
batch: 64
splitting decisions: 
split level 0: [/input-3, 125] [/input-3, 27] [/input-3, 28] [/input-3, 2] [/input-3, 62] [/input-3, 81] [/input-3, 2] [/input-3, 125] [/input, 54] [/input-3, 2] 
best_l after optimization: -46.20008850097656
beta sum per layer: [27.196020126342773, 800.6893310546875]
alpha/beta optimization time: 0.7252647876739502
pruning_in_iteration open status: True
ratio of positive domain = 65 / 128 = 0.5078125
pruning-in-iteration extra time: 0.04081583023071289
torch.Size([128, 1])
Time: prepare 0.0054    bound 0.7269    transfer 0.0020    finalize 0.0098    func 0.7442    
Accumulated time: func 7.1412    prepare 0.1265    bound 6.9888    transfer 0.0129    finalize 0.0856    
max lb tensor(9.99999975e-05) min lb tensor(-2.03258801)
Number of Verified Splits: 65 of 128
Current worst splitting domains lb-rhs (depth):
-14.31544 (4), -13.82780 (4), -13.66909 (4), -13.45027 (3), -13.10878 (5), -12.72248 (4), -12.49864 (4), -11.90648 (5), -11.47458 (3), -10.95826 (5), -10.74964 (5), -10.73371 (4), -10.66127 (4), -10.58703 (4), -10.51082 (4), -10.40051 (4), -10.35745 (4), -10.25211 (5), -10.13683 (4), -10.09284 (4), 
Length of domains: 610
Current (lb-rhs): -14.315444946289062
1662 domains visited
Time: pickout 0.0114    decision 0.0916    set_bounds 0.0039    solve 0.7449    add 0.0024    
Accumulated time: pickout 0.1607    decision 0.9638    set_bounds 0.0471    solve 7.1509    add 0.0279    
Cumulative time: 8.376320123672485

BaB round 16
batch: 64
splitting decisions: 
split level 0: [/input-3, 81] [/input-3, 127] [/input-3, 16] [/input-3, 45] [/input, 172] [/input-3, 45] [/input-3, 127] [/input-3, 60] [/input-3, 45] [/input-3, 55] 
best_l after optimization: -47.624847412109375
beta sum per layer: [21.915802001953125, 783.9894409179688]
alpha/beta optimization time: 0.5539913177490234
pruning_in_iteration open status: True
ratio of positive domain = 63 / 128 = 0.4921875
pruning-in-iteration extra time: 0.03365516662597656
torch.Size([128, 1])
Time: prepare 0.0048    bound 0.5548    transfer 0.0003    finalize 0.0047    func 0.5647    
Accumulated time: func 7.7059    prepare 0.1364    bound 7.5436    transfer 0.0132    finalize 0.0903    
max lb tensor(9.99999975e-05) min lb tensor(-1.76331377)
Number of Verified Splits: 63 of 128
Current worst splitting domains lb-rhs (depth):
-14.31544 (4), -13.82780 (4), -13.66909 (4), -13.45027 (3), -13.10878 (5), -12.72248 (4), -12.49864 (4), -11.90648 (5), -11.47458 (3), -10.95826 (5), -10.74964 (5), -10.73371 (4), -10.66127 (4), -10.58703 (4), -10.51082 (4), -10.40051 (4), -10.35745 (4), -10.25211 (5), -10.13683 (4), -10.09284 (4), 
Length of domains: 611
Current (lb-rhs): -14.315444946289062
1790 domains visited
Time: pickout 0.0141    decision 0.0921    set_bounds 0.0039    solve 0.5653    add 0.0009    
Accumulated time: pickout 0.1748    decision 1.0559    set_bounds 0.0509    solve 7.7162    add 0.0288    
Cumulative time: 9.052792072296143

BaB round 17
batch: 64
splitting decisions: 
split level 0: [/input-3, 55] [/input-3, 28] [/input-3, 125] [/input-3, 28] [/input-3, 28] [/input-3, 16] [/input, 48] [/input-3, 16] [/input-3, 28] [/input-3, 16] 
best_l after optimization: -53.28760528564453
beta sum per layer: [18.173654556274414, 800.4561767578125]
alpha/beta optimization time: 0.35135722160339355
pruning_in_iteration open status: True
ratio of positive domain = 51 / 128 = 0.3984375
pruning-in-iteration extra time: 0.02008223533630371
torch.Size([128, 1])
Time: prepare 0.0030    bound 0.3522    transfer 0.0003    finalize 0.0024    func 0.3579    
Accumulated time: func 8.0638    prepare 0.1407    bound 7.8958    transfer 0.0135    finalize 0.0927    
max lb tensor(9.99999975e-05) min lb tensor(-1.55433273)
Number of Verified Splits: 51 of 128
Current worst splitting domains lb-rhs (depth):
-14.31544 (4), -13.82780 (4), -13.66909 (4), -13.45027 (3), -13.10878 (5), -12.72248 (4), -12.49864 (4), -11.90648 (5), -11.47458 (3), -10.95826 (5), -10.74964 (5), -10.73371 (4), -10.66127 (4), -10.58703 (4), -10.51082 (4), -10.40051 (4), -10.35745 (4), -10.25211 (5), -10.13683 (4), -10.09284 (4), 
Length of domains: 624
Current (lb-rhs): -14.315444946289062
1918 domains visited
Time: pickout 0.0085    decision 0.0214    set_bounds 0.0046    solve 0.3585    add 0.0010    
Accumulated time: pickout 0.1833    decision 1.0773    set_bounds 0.0555    solve 8.0747    add 0.0298    
Cumulative time: 9.44705080986023

BaB round 18
batch: 64
splitting decisions: 
split level 0: [/input-3, 95] [/input, 160] [/input-3, 62] [/input-3, 55] [/input-3, 55] [/input-3, 55] [/input-3, 55] [/input-3, 55] [/input-3, 16] [/input-3, 16] 
best_l after optimization: -42.62083435058594
beta sum per layer: [17.40668296813965, 780.8661499023438]
alpha/beta optimization time: 0.3913605213165283
pruning_in_iteration open status: True
ratio of positive domain = 47 / 128 = 0.3671875
pruning-in-iteration extra time: 0.02240920066833496
torch.Size([128, 1])
Time: prepare 0.0029    bound 0.3923    transfer 0.0003    finalize 0.0017    func 0.3972    
Accumulated time: func 8.4610    prepare 0.1448    bound 8.2880    transfer 0.0138    finalize 0.0944    
max lb tensor(9.99999975e-05) min lb tensor(-1.37615013)
Number of Verified Splits: 47 of 128
Current worst splitting domains lb-rhs (depth):
-14.31544 (4), -13.82780 (4), -13.66909 (4), -13.45027 (3), -13.10878 (5), -12.72248 (4), -12.49864 (4), -11.90648 (5), -11.47458 (3), -10.95826 (5), -10.74964 (5), -10.73371 (4), -10.66127 (4), -10.58703 (4), -10.51082 (4), -10.40051 (4), -10.35745 (4), -10.25211 (5), -10.13683 (4), -10.09284 (4), 
Length of domains: 641
Current (lb-rhs): -14.315444946289062
2046 domains visited
Time: pickout 0.0072    decision 0.0202    set_bounds 0.0030    solve 0.3977    add 0.0011    
Accumulated time: pickout 0.1905    decision 1.0975    set_bounds 0.0585    solve 8.4724    add 0.0309    
Cumulative time: 9.876479625701904

BaB round 19
batch: 64
splitting decisions: 
split level 0: [/input-3, 10] [/input-3, 55] [/input-3, 63] [/input-3, 77] [/input-3, 111] [/input-3, 55] [/input-3, 63] [/input-3, 50] [/input-3, 16] [/input-3, 63] 
best_l after optimization: -32.928306579589844
beta sum per layer: [12.646438598632812, 725.3944091796875]
alpha/beta optimization time: 0.34659862518310547
pruning_in_iteration open status: True
ratio of positive domain = 60 / 128 = 0.46875
pruning-in-iteration extra time: 0.019830942153930664
torch.Size([128, 1])
Time: prepare 0.0030    bound 0.3474    transfer 0.0003    finalize 0.0025    func 0.3533    
Accumulated time: func 8.8143    prepare 0.1492    bound 8.6354    transfer 0.0141    finalize 0.0968    
max lb tensor(9.99999975e-05) min lb tensor(-1.19869423)
Number of Verified Splits: 60 of 128
Current worst splitting domains lb-rhs (depth):
-14.31544 (4), -13.82780 (4), -13.66909 (4), -13.45027 (3), -13.10878 (5), -12.72248 (4), -12.49864 (4), -11.90648 (5), -11.47458 (3), -10.95826 (5), -10.74964 (5), -10.73371 (4), -10.66127 (4), -10.58703 (4), -10.51082 (4), -10.40051 (4), -10.35745 (4), -10.25211 (5), -10.13683 (4), -10.09284 (4), 
Length of domains: 645
Current (lb-rhs): -14.315444946289062
2174 domains visited
Time: pickout 0.0098    decision 0.0216    set_bounds 0.0032    solve 0.3538    add 0.0009    
Accumulated time: pickout 0.2003    decision 1.1191    set_bounds 0.0617    solve 8.8261    add 0.0317    
Cumulative time: 10.266057968139648

BaB round 20
batch: 64
splitting decisions: 
split level 0: [/input-3, 73] [/input-3, 63] [/input-3, 73] [/input-3, 77] [/input-3, 111] [/input, 120] [/input-3, 77] [/input-3, 63] [/input-3, 55] [/input-3, 111] 
best_l after optimization: -21.97180938720703
beta sum per layer: [10.685997009277344, 740.42431640625]
alpha/beta optimization time: 0.34498023986816406
pruning_in_iteration open status: True
ratio of positive domain = 75 / 128 = 0.5859375
pruning-in-iteration extra time: 0.019498109817504883
torch.Size([128, 1])
Time: prepare 0.0029    bound 0.3460    transfer 0.0003    finalize 0.0017    func 0.3510    
Accumulated time: func 9.1653    prepare 0.1530    bound 8.9814    transfer 0.0144    finalize 0.0986    
max lb tensor(9.99999975e-05) min lb tensor(-1.08635950)
Number of Verified Splits: 75 of 128
Current worst splitting domains lb-rhs (depth):
-14.31544 (4), -13.82780 (4), -13.66909 (4), -13.45027 (3), -13.10878 (5), -12.72248 (4), -12.49864 (4), -11.90648 (5), -11.47458 (3), -10.95826 (5), -10.74964 (5), -10.73371 (4), -10.66127 (4), -10.58703 (4), -10.51082 (4), -10.40051 (4), -10.35745 (4), -10.25211 (5), -10.13683 (4), -10.09284 (4), 
Length of domains: 634
Current (lb-rhs): -14.315444946289062
2302 domains visited
Time: pickout 0.0073    decision 0.0186    set_bounds 0.0031    solve 0.3515    add 0.0011    
Accumulated time: pickout 0.2076    decision 1.1377    set_bounds 0.0648    solve 9.1776    add 0.0328    
Cumulative time: 10.647960424423218

BaB round 21
batch: 64
splitting decisions: 
split level 0: [/input, 120] [/input-3, 82] [/input-3, 50] [/input-3, 88] [/input-3, 10] [/input-3, 10] [/input, 132] [/input, 120] [/input-3, 111] [/input-3, 77] 
best_l after optimization: -22.111217498779297
beta sum per layer: [14.715579986572266, 754.1782836914062]
alpha/beta optimization time: 0.6855294704437256
pruning_in_iteration open status: True
ratio of positive domain = 75 / 128 = 0.5859375
pruning-in-iteration extra time: 0.04175162315368652
torch.Size([128, 1])
Time: prepare 0.0029    bound 0.6867    transfer 0.0019    finalize 0.0106    func 0.7022    
Accumulated time: func 9.8675    prepare 0.1570    bound 9.6681    transfer 0.0164    finalize 0.1092    
max lb tensor(9.99999975e-05) min lb tensor(-1.02076960)
Number of Verified Splits: 75 of 128
Current worst splitting domains lb-rhs (depth):
-14.31544 (4), -13.82780 (4), -13.66909 (4), -13.45027 (3), -13.10878 (5), -12.72248 (4), -12.49864 (4), -11.90648 (5), -11.47458 (3), -10.95826 (5), -10.74964 (5), -10.73371 (4), -10.66127 (4), -10.58703 (4), -10.51082 (4), -10.40051 (4), -10.35745 (4), -10.25211 (5), -10.13683 (4), -10.09284 (4), 
Length of domains: 623
Current (lb-rhs): -14.315444946289062
2430 domains visited
Time: pickout 0.0074    decision 0.0194    set_bounds 0.0033    solve 0.7030    add 0.0020    
Accumulated time: pickout 0.2151    decision 1.1570    set_bounds 0.0681    solve 9.8806    add 0.0348    
Time out!!!!!!!!
Result: unknown in 12.6470 seconds

 %%%%%%%%%%%%%%%%%%%%%%%%%%%%%%%%%%% idx: 8, vnnlib ID: 38 %%%%%%%%%%%%%%%%%%%%%%%%%%%%%%%%%%%
Finished vnnlib processing in 0.010631 seconds
Model: BoundedModule(
  (/0): BoundInput(name=/0, inputs=[], perturbed=True)
  (/7): BoundParams(name=/7, inputs=[], perturbed=False)
  (/8): BoundParams(name=/8, inputs=[], perturbed=False)
  (/9): BoundParams(name=/9, inputs=[], perturbed=False)
  (/10): BoundParams(name=/10, inputs=[], perturbed=False)
  (/11): BoundParams(name=/11, inputs=[], perturbed=False)
  (/12): BoundParams(name=/12, inputs=[], perturbed=False)
  (/13): BoundFlatten(name=/13, inputs=[/0], perturbed=True)
  (/input): BoundLinear(name=/input, inputs=[/13, /7, /8], perturbed=True)
  (/15): BoundRelu(name=/15, inputs=[/input], perturbed=True)
  (/input-3): BoundLinear(name=/input-3, inputs=[/15, /9, /10], perturbed=True)
  (/17): BoundRelu(name=/17, inputs=[/input-3], perturbed=True)
  (/18): BoundLinear(name=/18, inputs=[/17, /11, /12], perturbed=True)
)
Original output in the first batch: tensor([[ -0.45768854,  -1.09846389,   5.66242027,   3.88414216, -10.38816738,
          -1.34743130,  -5.21835852,  -4.13460064,   0.27716210,  -6.83354187]],
       device='cuda:0')
Split layers:
Nonlinear functions:
   BoundRelu(name=/15, inputs=[/input], perturbed=True)
   BoundRelu(name=/17, inputs=[/input-3], perturbed=True)
build batch [1/1]
layer /15 using sparse-features alpha with shape [160]; unstable size 160; total size 256 ([1, 256])
layer /15 start_node /input-3 using sparse-spec alpha [2, 105, 1, 160] with unstable size 104 total_size 128 output_shape torch.Size([128])
layer /15 start_node /18 using full alpha [2, 9, 1, 160] with unstable size None total_size 9 output_shape 9
layer /17 using sparse-features alpha with shape [104]; unstable size 104; total size 128 ([1, 128])
layer /17 start_node /18 using full alpha [2, 9, 1, 104] with unstable size None total_size 9 output_shape 9
Optimizable variables initialized.
initial CROWN bounds (first 10 items): [-11.784924507141113, -9.210981369018555, -17.35198974609375, -4.510400772094727, -18.220481872558594, -10.229697227478027, -5.585783004760742, -13.991616249084473, -11.875225067138672]
prune_after_crown optimization in use
  original spec size = torch.Size([1, 9])
  pruned spec size = torch.Size([1, 9])
Using alpha-CROWN to initialize bounds.
best_l after optimization: -88.52095031738281
alpha/beta optimization time: 2.349569082260132
initial alpha-crown bounds (first 10 items): [-9.978079795837402, -8.352046966552734, -16.251056671142578, -3.0538625717163086, -16.398361206054688, -8.249451637268066, -4.410469055175781, -12.207481384277344, -9.620138168334961]
Global lower bound: -16.398361206054688
torch.Size([1, 9])
0 / 9 OR specs are verified.
Verified OR indices (first 10 items): []
Verified OR lbs (first 10 items): []
Unverified OR indices (first 10 items): [0, 1, 2, 3, 4, 5, 6, 7, 8]
Unverified OR lbs (first 10 items): [[-9.978079795837402], [-8.352046966552734], [-16.251056671142578], [-3.0538625717163086], [-16.398361206054688], [-8.249451637268066], [-4.410469055175781], [-12.207481384277344], [-9.620138168334961]]
###### Verifying property Instance 8 ######
Batch size: 9
First 10 spec matrices
C: tensor([[[-1.,  0.,  1.,  0.,  0.,  0.,  0.,  0.,  0.,  0.]],

        [[ 0., -1.,  1.,  0.,  0.,  0.,  0.,  0.,  0.,  0.]],

        [[ 0.,  0.,  1., -1.,  0.,  0.,  0.,  0.,  0.,  0.]],

        [[ 0.,  0.,  1.,  0., -1.,  0.,  0.,  0.,  0.,  0.]],

        [[ 0.,  0.,  1.,  0.,  0., -1.,  0.,  0.,  0.,  0.]],

        [[ 0.,  0.,  1.,  0.,  0.,  0., -1.,  0.,  0.,  0.]],

        [[ 0.,  0.,  1.,  0.,  0.,  0.,  0., -1.,  0.,  0.]],

        [[ 0.,  0.,  1.,  0.,  0.,  0.,  0.,  0., -1.,  0.]],

        [[ 0.,  0.,  1.,  0.,  0.,  0.,  0.,  0.,  0., -1.]]], device='cuda:0')
RHS: tensor([[0.],
        [0.],
        [0.],
        [0.],
        [0.],
        [0.],
        [0.],
        [0.],
        [0.]], device='cuda:0')
OR spec sizes: tensor([1, 1, 1, 1, 1, 1, 1, 1, 1], device='cuda:0', dtype=torch.int32)
Remaining timeout: 9.219094276428223
Model prediction is: tensor([ -0.45768854,  -1.09846389,   5.66242027,   3.88414216, -10.38816738,
         -1.34743130,  -5.21835852,  -4.13460064,   0.27716210,  -6.83354187],
       device='cuda:0')
Activation BaB batch 1/1 
build_with_refined_bounds batch [1/1]
Optimizable variables initialized.
all alpha initialized
directly get lb and ub from refined bounds
c shape: torch.Size([9, 1, 10])
lA shapes: [torch.Size([9, 1, 256]), torch.Size([9, 1, 128])]
torch.Size([9, 1])
(alpha-)CROWN with fixed intermediate bounds: tensor([[ -9.97807980],
        [ -8.35204697],
        [-16.25105667],
        [ -3.05386257],
        [-16.39836121],
        [ -8.24945164],
        [ -4.41046906],
        [-12.20748138],
        [ -9.62013817]], device='cuda:0') tensor([[inf],
        [inf],
        [inf],
        [inf],
        [inf],
        [inf],
        [inf],
        [inf],
        [inf]], device='cuda:0')
Intermediate layers: /input,/input-3
Keeping alphas for these layers: ['/18']
Node /15 input 0: size torch.Size([256]) unstable 160
Node /17 input 0: size torch.Size([128]) unstable 100
-----------------
# of unstable neurons: 260
-----------------

BaB round 1
batch: 9
splitting decisions: 
split level 0: [/input-3, 102] [/input-3, 21] [/input-3, 102] [/input, 190] [/input, 190] [/input-3, 102] [/input-3, 42] [/input, 190] [/input-3, 71] 
best_l after optimization: -161.34283447265625
beta sum per layer: [0.8320773839950562, 3.257429361343384]
alpha/beta optimization time: 0.5814552307128906
pruning_in_iteration open status: False
ratio of positive domain = 0 / 18 = 0.0
pruning-in-iteration extra time: 0.0007576942443847656
torch.Size([18, 1])
Time: prepare 0.0021    bound 0.5828    transfer 0.0012    finalize 0.0049    func 0.5909    
Accumulated time: func 0.5909    prepare 0.0068    bound 0.5828    transfer 0.0012    finalize 0.0049    
max lb tensor(-2.55447578) min lb tensor(-16.00263214)
Number of Verified Splits: 0 of 18
Current worst splitting domains lb-rhs (depth):
-16.00263 (1), -15.73247 (1), -15.24845 (1), -12.88745 (1), -11.76797 (1), -11.66185 (1), -9.31518 (1), -9.12697 (1), -9.06374 (1), -8.51544 (1), -8.02186 (1), -7.50295 (1), -7.29080 (1), -7.27824 (1), -3.95010 (1), -2.74971 (1), -2.67253 (1), -2.55448 (1), 
Length of domains: 18
Current (lb-rhs): -16.00263214111328
18 domains visited
Time: pickout 0.0014    decision 0.0253    set_bounds 0.0013    solve 0.5918    add 0.0069    
Accumulated time: pickout 0.0014    decision 0.0253    set_bounds 0.0013    solve 0.5918    add 0.0069    
Cumulative time: 0.6647531986236572

BaB round 2
batch: 18
splitting decisions: 
split level 0: [/input-3, 42] [/input-3, 71] [/input, 48] [/input-3, 118] [/input-3, 71] [/input, 190] [/input-3, 118] [/input-3, 85] [/input, 190] [/input-3, 42] 
best_l after optimization: -286.6644592285156
beta sum per layer: [5.136270999908447, 21.843265533447266]
alpha/beta optimization time: 0.5325820446014404
pruning_in_iteration open status: False
ratio of positive domain = 0 / 36 = 0.0
pruning-in-iteration extra time: 0.0004189014434814453
torch.Size([36, 1])
Time: prepare 0.0024    bound 0.5336    transfer 0.0012    finalize 0.0063    func 0.5436    
Accumulated time: func 1.1345    prepare 0.0149    bound 1.1164    transfer 0.0024    finalize 0.0112    
max lb tensor(-1.41914654) min lb tensor(-15.79894924)
Number of Verified Splits: 0 of 36
Current worst splitting domains lb-rhs (depth):
-15.79895 (2), -15.33232 (2), -14.83503 (2), -13.53109 (2), -12.30405 (2), -12.05423 (2), -12.03356 (2), -11.96382 (2), -11.52453 (2), -11.41022 (2), -9.65748 (2), -9.48425 (2), -8.77095 (2), -8.73365 (2), -8.70475 (2), -8.47851 (2), -8.47732 (2), -8.19912 (2), -8.19441 (2), -7.74193 (2), 
Length of domains: 36
Current (lb-rhs): -15.798949241638184
54 domains visited
Time: pickout 0.0114    decision 0.0412    set_bounds 0.0021    solve 0.5441    add 0.0020    
Accumulated time: pickout 0.0128    decision 0.0665    set_bounds 0.0034    solve 1.1359    add 0.0089    
Cumulative time: 1.2657890319824219

BaB round 3
batch: 36
splitting decisions: 
split level 0: [/input, 48] [/input, 190] [/input-3, 21] [/input-3, 85] [/input, 48] [/input-3, 71] [/input-3, 46] [/input-3, 42] [/input-3, 21] [/input, 190] 
best_l after optimization: -509.4283447265625
beta sum per layer: [15.823331832885742, 76.7576904296875]
alpha/beta optimization time: 0.5673527717590332
pruning_in_iteration open status: False
ratio of positive domain = 0 / 72 = 0.0
pruning-in-iteration extra time: 0.0007121562957763672
torch.Size([72, 1])
Time: prepare 0.0027    bound 0.5687    transfer 0.0014    finalize 0.0061    func 0.5789    
Accumulated time: func 1.7134    prepare 0.0229    bound 1.6851    transfer 0.0037    finalize 0.0173    
max lb tensor(-0.49274731) min lb tensor(-15.60814953)
Number of Verified Splits: 0 of 72
Current worst splitting domains lb-rhs (depth):
-15.60815 (3), -14.95995 (3), -14.83464 (3), -14.44284 (3), -14.40278 (3), -13.00190 (3), -12.94973 (3), -12.40938 (3), -11.44962 (3), -11.44502 (3), -11.42095 (3), -11.29607 (3), -11.29603 (3), -11.18320 (3), -11.17594 (3), -11.05939 (3), -10.72459 (3), -10.64704 (3), -9.10540 (3), -8.92475 (3), 
Length of domains: 72
Current (lb-rhs): -15.608149528503418
126 domains visited
Time: pickout 0.0121    decision 0.0534    set_bounds 0.0021    solve 0.5796    add 0.0024    
Accumulated time: pickout 0.0250    decision 0.1198    set_bounds 0.0055    solve 1.7155    add 0.0113    
Cumulative time: 1.9155375957489014

BaB round 4
batch: 64
splitting decisions: 
split level 0: [/input-3, 102] [/input, 48] [/input, 4] [/input, 160] [/input-3, 94] [/input, 135] [/input, 116] [/input, 190] [/input-3, 6] [/input-3, 42] 
best_l after optimization: -789.06396484375
beta sum per layer: [51.32534408569336, 188.2362823486328]
alpha/beta optimization time: 0.5351839065551758
pruning_in_iteration open status: False
ratio of positive domain = 4 / 128 = 0.03125
pruning-in-iteration extra time: 0.0004069805145263672
torch.Size([128, 1])
Time: prepare 0.0042    bound 0.5363    transfer 0.0012    finalize 0.0085    func 0.5504    
Accumulated time: func 2.2638    prepare 0.0356    bound 2.2214    transfer 0.0049    finalize 0.0258    
max lb tensor(0.53470516) min lb tensor(-15.41171265)
Number of Verified Splits: 4 of 128
Current worst splitting domains lb-rhs (depth):
-15.41171 (4), -14.66937 (4), -14.54295 (4), -14.40278 (3), -14.11989 (4), -13.06917 (4), -12.95057 (4), -12.91829 (4), -12.84884 (4), -12.79447 (4), -12.46708 (4), -12.03118 (4), -11.42095 (3), -11.14791 (4), -11.10415 (4), -11.08124 (4), -11.02806 (4), -11.00826 (4), -10.90628 (4), -10.83729 (4), 
Length of domains: 132
Current (lb-rhs): -15.411712646484375
254 domains visited
Time: pickout 0.0151    decision 0.0902    set_bounds 0.0040    solve 0.5510    add 0.0015    
Accumulated time: pickout 0.0400    decision 0.2100    set_bounds 0.0094    solve 2.2665    add 0.0128    
Cumulative time: 2.57757830619812

BaB round 5
batch: 64
splitting decisions: 
split level 0: [/input, 48] [/input-3, 117] [/input-3, 102] [/input-3, 85] [/input-3, 42] [/input-3, 21] [/input-3, 98] [/input, 122] [/input-3, 117] [/input-3, 117] 
best_l after optimization: -684.7161865234375
beta sum per layer: [88.20915985107422, 257.3692626953125]
alpha/beta optimization time: 0.526411771774292
pruning_in_iteration open status: False
ratio of positive domain = 7 / 128 = 0.0546875
pruning-in-iteration extra time: 0.00047779083251953125
torch.Size([128, 1])
Time: prepare 0.0049    bound 0.5277    transfer 0.0012    finalize 0.0090    func 0.5429    
Accumulated time: func 2.8067    prepare 0.0468    bound 2.7491    transfer 0.0061    finalize 0.0348    
max lb tensor(0.52493477) min lb tensor(-14.42678642)
Number of Verified Splits: 7 of 128
Current worst splitting domains lb-rhs (depth):
-15.41171 (4), -14.42679 (5), -14.40278 (3), -14.29787 (5), -13.87291 (5), -13.24431 (5), -13.14280 (5), -13.06917 (4), -12.91829 (4), -12.84884 (4), -12.79447 (4), -12.64135 (5), -12.46708 (4), -12.26117 (5), -12.07589 (5), -12.03118 (4), -11.42095 (3), -11.14791 (4), -11.10415 (4), -11.08124 (4), 
Length of domains: 189
Current (lb-rhs): -15.411712646484375
382 domains visited
Time: pickout 0.0137    decision 0.0917    set_bounds 0.0037    solve 0.5436    add 0.0015    
Accumulated time: pickout 0.0537    decision 0.3017    set_bounds 0.0131    solve 2.8101    add 0.0144    
Cumulative time: 3.2319371700286865

BaB round 6
batch: 64
splitting decisions: 
split level 0: [/input-3, 11] [/input-3, 98] [/input-3, 46] [/input, 10] [/input-3, 94] [/input-3, 98] [/input-3, 46] [/input, 10] [/input-3, 85] [/input-3, 11] 
best_l after optimization: -568.8943481445312
beta sum per layer: [100.91504669189453, 345.24493408203125]
alpha/beta optimization time: 0.48566246032714844
pruning_in_iteration open status: False
ratio of positive domain = 13 / 128 = 0.1015625
pruning-in-iteration extra time: 0.0004169940948486328
torch.Size([128, 1])
Time: prepare 0.0042    bound 0.4867    transfer 0.0014    finalize 0.0088    func 0.5013    
Accumulated time: func 3.3079    prepare 0.0566    bound 3.2358    transfer 0.0076    finalize 0.0436    
max lb tensor(2.14210701) min lb tensor(-12.84379959)
Number of Verified Splits: 13 of 128
Current worst splitting domains lb-rhs (depth):
-15.41171 (4), -14.42679 (5), -14.40278 (3), -14.29787 (5), -13.87291 (5), -13.06917 (4), -12.91829 (4), -12.84884 (4), -12.84380 (6), -12.79447 (4), -12.77143 (6), -12.46708 (4), -12.26117 (5), -12.25290 (6), -12.03118 (4), -11.64539 (6), -11.42095 (3), -11.25107 (6), -11.14791 (4), -11.10415 (4), 
Length of domains: 240
Current (lb-rhs): -15.411712646484375
510 domains visited
Time: pickout 0.0120    decision 0.0855    set_bounds 0.0046    solve 0.5024    add 0.0028    
Accumulated time: pickout 0.0656    decision 0.3872    set_bounds 0.0177    solve 3.3125    add 0.0171    
Cumulative time: 3.8393373489379883

BaB round 7
batch: 64
splitting decisions: 
split level 0: [/input-3, 11] [/input, 190] [/input-3, 6] [/input, 10] [/input-3, 11] [/input, 4] [/input-3, 6] [/input, 48] [/input, 222] [/input-3, 6] 
best_l after optimization: -468.7706604003906
beta sum per layer: [101.6080322265625, 443.63201904296875]
alpha/beta optimization time: 0.5515992641448975
pruning_in_iteration open status: False
ratio of positive domain = 4 / 128 = 0.03125
pruning-in-iteration extra time: 0.0003695487976074219
torch.Size([128, 1])
Time: prepare 0.0044    bound 0.5529    transfer 0.0014    finalize 0.0086    func 0.5674    
Accumulated time: func 3.8753    prepare 0.0673    bound 3.7887    transfer 0.0090    finalize 0.0522    
max lb tensor(0.73693371) min lb tensor(-10.84414864)
Number of Verified Splits: 4 of 128
Current worst splitting domains lb-rhs (depth):
-15.41171 (4), -14.42679 (5), -14.40278 (3), -14.29787 (5), -13.87291 (5), -13.06917 (4), -12.91829 (4), -12.84884 (4), -12.84380 (6), -12.79447 (4), -12.77143 (6), -12.46708 (4), -12.26117 (5), -12.25290 (6), -12.03118 (4), -11.64539 (6), -11.42095 (3), -11.14791 (4), -11.10415 (4), -11.08124 (4), 
Length of domains: 300
Current (lb-rhs): -15.411712646484375
638 domains visited
Time: pickout 0.0172    decision 0.1014    set_bounds 0.0037    solve 0.5682    add 0.0017    
Accumulated time: pickout 0.0828    decision 0.4886    set_bounds 0.0214    solve 3.8808    add 0.0189    
Cumulative time: 4.531759262084961

BaB round 8
batch: 64
splitting decisions: 
split level 0: [/input-3, 85] [/input-3, 96] [/input-3, 27] [/input-3, 59] [/input-3, 96] [/input-3, 122] [/input-3, 76] [/input-3, 96] [/input-3, 117] [/input-3, 83] 
best_l after optimization: -323.7497253417969
beta sum per layer: [131.19688415527344, 519.7958984375]
alpha/beta optimization time: 0.5070168972015381
pruning_in_iteration open status: False
ratio of positive domain = 12 / 128 = 0.09375
pruning-in-iteration extra time: 0.0006411075592041016
torch.Size([128, 1])
Time: prepare 0.0044    bound 0.5084    transfer 0.0014    finalize 0.0085    func 0.5227    
Accumulated time: func 4.3979    prepare 0.0773    bound 4.2971    transfer 0.0103    finalize 0.0606    
max lb tensor(0.53444862) min lb tensor(-10.54227829)
Number of Verified Splits: 12 of 128
Current worst splitting domains lb-rhs (depth):
-15.41171 (4), -14.42679 (5), -14.40278 (3), -14.29787 (5), -13.87291 (5), -13.06917 (4), -12.91829 (4), -12.84884 (4), -12.84380 (6), -12.79447 (4), -12.77143 (6), -12.46708 (4), -12.26117 (5), -12.25290 (6), -12.03118 (4), -11.64539 (6), -11.42095 (3), -11.14791 (4), -11.10415 (4), -11.08124 (4), 
Length of domains: 352
Current (lb-rhs): -15.411712646484375
766 domains visited
Time: pickout 0.0146    decision 0.0864    set_bounds 0.0038    solve 0.5235    add 0.0020    
Accumulated time: pickout 0.0974    decision 0.5749    set_bounds 0.0252    solve 4.4043    add 0.0208    
Cumulative time: 5.162293195724487

BaB round 9
batch: 64
splitting decisions: 
split level 0: [/input-3, 71] [/input-3, 27] [/input-3, 98] [/input-3, 69] [/input-3, 3] [/input-3, 96] [/input-3, 69] [/input-3, 71] [/input-3, 94] [/input-3, 59] 
best_l after optimization: -257.461669921875
beta sum per layer: [122.97186279296875, 562.1064453125]
alpha/beta optimization time: 0.4752323627471924
pruning_in_iteration open status: False
ratio of positive domain = 18 / 128 = 0.140625
pruning-in-iteration extra time: 0.00010609626770019531
torch.Size([128, 1])
Time: prepare 0.0042    bound 0.4760    transfer 0.0002    finalize 0.0015    func 0.4819    
Accumulated time: func 4.8799    prepare 0.0870    bound 4.7732    transfer 0.0105    finalize 0.0621    
max lb tensor(0.83610249) min lb tensor(-10.27723503)
Number of Verified Splits: 18 of 128
Current worst splitting domains lb-rhs (depth):
-15.41171 (4), -14.42679 (5), -14.40278 (3), -14.29787 (5), -13.87291 (5), -13.06917 (4), -12.91829 (4), -12.84884 (4), -12.84380 (6), -12.79447 (4), -12.77143 (6), -12.46708 (4), -12.26117 (5), -12.25290 (6), -12.03118 (4), -11.64539 (6), -11.42095 (3), -11.14791 (4), -11.10415 (4), -11.08124 (4), 
Length of domains: 398
Current (lb-rhs): -15.411712646484375
894 domains visited
Time: pickout 0.0138    decision 0.0976    set_bounds 0.0037    solve 0.4825    add 0.0008    
Accumulated time: pickout 0.1113    decision 0.6725    set_bounds 0.0289    solve 4.8868    add 0.0217    
Cumulative time: 5.760979652404785

BaB round 10
batch: 64
splitting decisions: 
split level 0: [/input-3, 51] [/input-3, 62] [/input-3, 81] [/input, 116] [/input-3, 27] [/input-3, 96] [/input-3, 51] [/input-3, 27] [/input-3, 6] [/input-3, 69] 
best_l after optimization: -221.2655029296875
beta sum per layer: [95.8975601196289, 672.09326171875]
alpha/beta optimization time: 0.27974629402160645
pruning_in_iteration open status: True
ratio of positive domain = 26 / 128 = 0.203125
pruning-in-iteration extra time: 0.003615140914916992
torch.Size([128, 1])
Time: prepare 0.0027    bound 0.2805    transfer 0.0003    finalize 0.0018    func 0.2854    
Accumulated time: func 5.1653    prepare 0.0910    bound 5.0537    transfer 0.0108    finalize 0.0639    
max lb tensor(9.99999975e-05) min lb tensor(-9.59750652)
Number of Verified Splits: 26 of 128
Current worst splitting domains lb-rhs (depth):
-15.41171 (4), -14.42679 (5), -14.40278 (3), -14.29787 (5), -13.87291 (5), -13.06917 (4), -12.91829 (4), -12.84884 (4), -12.84380 (6), -12.79447 (4), -12.77143 (6), -12.46708 (4), -12.26117 (5), -12.25290 (6), -12.03118 (4), -11.64539 (6), -11.42095 (3), -11.14791 (4), -11.10415 (4), -11.08124 (4), 
Length of domains: 436
Current (lb-rhs): -15.411712646484375
1022 domains visited
Time: pickout 0.0080    decision 0.0209    set_bounds 0.0036    solve 0.2859    add 0.0008    
Accumulated time: pickout 0.1193    decision 0.6935    set_bounds 0.0325    solve 5.1727    add 0.0225    
Cumulative time: 6.080433130264282

BaB round 11
batch: 64
splitting decisions: 
split level 0: [/input-3, 94] [/input-3, 71] [/input-3, 11] [/input, 116] [/input-3, 6] [/input-3, 11] [/input-3, 98] [/input, 116] [/input-3, 6] [/input-3, 71] 
best_l after optimization: -172.18203735351562
beta sum per layer: [83.09253692626953, 719.6907958984375]
alpha/beta optimization time: 0.289292573928833
pruning_in_iteration open status: False
ratio of positive domain = 23 / 128 = 0.1796875
pruning-in-iteration extra time: 9.512901306152344e-05
torch.Size([128, 1])
Time: prepare 0.0030    bound 0.2902    transfer 0.0002    finalize 0.0043    func 0.2977    
Accumulated time: func 5.4630    prepare 0.0954    bound 5.3439    transfer 0.0110    finalize 0.0682    
max lb tensor(0.76493168) min lb tensor(-3.91710472)
Number of Verified Splits: 23 of 128
Current worst splitting domains lb-rhs (depth):
-15.41171 (4), -14.42679 (5), -14.40278 (3), -14.29787 (5), -13.87291 (5), -13.06917 (4), -12.91829 (4), -12.84884 (4), -12.84380 (6), -12.79447 (4), -12.77143 (6), -12.46708 (4), -12.26117 (5), -12.25290 (6), -12.03118 (4), -11.64539 (6), -11.42095 (3), -11.14791 (4), -11.10415 (4), -11.08124 (4), 
Length of domains: 477
Current (lb-rhs): -15.411712646484375
1150 domains visited
Time: pickout 0.0077    decision 0.0202    set_bounds 0.0028    solve 0.2989    add 0.0010    
Accumulated time: pickout 0.1270    decision 0.7137    set_bounds 0.0353    solve 5.4716    add 0.0235    
Cumulative time: 6.411316633224487

BaB round 12
batch: 64
splitting decisions: 
split level 0: [/input-3, 94] [/input-3, 94] [/input-3, 98] [/input-3, 27] [/input-3, 94] [/input-3, 76] [/input-3, 94] [/input-3, 45] [/input-3, 76] [/input-3, 94] 
best_l after optimization: -102.74856567382812
beta sum per layer: [103.94917297363281, 753.7059326171875]
alpha/beta optimization time: 0.32761192321777344
pruning_in_iteration open status: True
ratio of positive domain = 56 / 128 = 0.4375
pruning-in-iteration extra time: 0.018685579299926758
torch.Size([128, 1])
Time: prepare 0.0029    bound 0.3284    transfer 0.0003    finalize 0.0024    func 0.3341    
Accumulated time: func 5.7971    prepare 0.0994    bound 5.6722    transfer 0.0113    finalize 0.0707    
max lb tensor(9.99999975e-05) min lb tensor(-3.71174192)
Number of Verified Splits: 56 of 128
Current worst splitting domains lb-rhs (depth):
-15.41171 (4), -14.42679 (5), -14.40278 (3), -14.29787 (5), -13.87291 (5), -13.06917 (4), -12.91829 (4), -12.84884 (4), -12.84380 (6), -12.79447 (4), -12.77143 (6), -12.46708 (4), -12.26117 (5), -12.25290 (6), -12.03118 (4), -11.64539 (6), -11.42095 (3), -11.14791 (4), -11.10415 (4), -11.08124 (4), 
Length of domains: 485
Current (lb-rhs): -15.411712646484375
1278 domains visited
Time: pickout 0.0075    decision 0.0185    set_bounds 0.0028    solve 0.3346    add 0.0010    
Accumulated time: pickout 0.1345    decision 0.7322    set_bounds 0.0381    solve 5.8062    add 0.0245    
Cumulative time: 6.7760467529296875

BaB round 13
batch: 64
splitting decisions: 
split level 0: [/input-3, 62] [/input-3, 117] [/input-3, 62] [/input-3, 117] [/input, 135] [/input-3, 117] [/input-3, 68] [/input, 132] [/input, 135] [/input-3, 6] 
best_l after optimization: -107.50142669677734
beta sum per layer: [108.39749908447266, 752.5537719726562]
alpha/beta optimization time: 0.35583925247192383
pruning_in_iteration open status: True
ratio of positive domain = 59 / 128 = 0.4609375
pruning-in-iteration extra time: 0.020548343658447266
torch.Size([128, 1])
Time: prepare 0.0030    bound 0.3566    transfer 0.0003    finalize 0.0023    func 0.3623    
Accumulated time: func 6.1594    prepare 0.1036    bound 6.0288    transfer 0.0116    finalize 0.0730    
max lb tensor(9.99999975e-05) min lb tensor(-3.56598139)
Number of Verified Splits: 59 of 128
Current worst splitting domains lb-rhs (depth):
-15.41171 (4), -14.42679 (5), -14.40278 (3), -14.29787 (5), -13.87291 (5), -13.06917 (4), -12.91829 (4), -12.84884 (4), -12.84380 (6), -12.79447 (4), -12.77143 (6), -12.46708 (4), -12.26117 (5), -12.25290 (6), -12.03118 (4), -11.64539 (6), -11.42095 (3), -11.14791 (4), -11.10415 (4), -11.08124 (4), 
Length of domains: 490
Current (lb-rhs): -15.411712646484375
1406 domains visited
Time: pickout 0.0072    decision 0.0195    set_bounds 0.0030    solve 0.3629    add 0.0008    
Accumulated time: pickout 0.1417    decision 0.7518    set_bounds 0.0411    solve 6.1690    add 0.0253    
Cumulative time: 7.1700921058654785

BaB round 14
batch: 64
splitting decisions: 
split level 0: [/input-3, 64] [/input-3, 21] [/input, 135] [/input-3, 64] [/input-3, 21] [/input-3, 21] [/input-3, 21] [/input-3, 21] [/input-3, 21] [/input-3, 21] 
best_l after optimization: -148.18881225585938
beta sum per layer: [81.83654022216797, 850.319580078125]
alpha/beta optimization time: 0.4532349109649658
pruning_in_iteration open status: True
ratio of positive domain = 29 / 128 = 0.2265625
pruning-in-iteration extra time: 0.02098870277404785
torch.Size([128, 1])
Time: prepare 0.0036    bound 0.4547    transfer 0.0022    finalize 0.0073    func 0.4678    
Accumulated time: func 6.6272    prepare 0.1083    bound 6.4835    transfer 0.0138    finalize 0.0803    
max lb tensor(9.99999975e-05) min lb tensor(-3.32919264)
Number of Verified Splits: 29 of 128
Current worst splitting domains lb-rhs (depth):
-15.41171 (4), -14.42679 (5), -14.40278 (3), -14.29787 (5), -13.87291 (5), -13.06917 (4), -12.91829 (4), -12.84884 (4), -12.84380 (6), -12.79447 (4), -12.77143 (6), -12.46708 (4), -12.26117 (5), -12.25290 (6), -12.03118 (4), -11.64539 (6), -11.42095 (3), -11.14791 (4), -11.10415 (4), -11.08124 (4), 
Length of domains: 525
Current (lb-rhs): -15.411712646484375
1534 domains visited
Time: pickout 0.0085    decision 0.0196    set_bounds 0.0032    solve 0.4691    add 0.0023    
Accumulated time: pickout 0.1502    decision 0.7713    set_bounds 0.0443    solve 6.6381    add 0.0277    
Cumulative time: 7.673059940338135

BaB round 15
batch: 64
splitting decisions: 
split level 0: [/input-3, 59] [/input-3, 21] [/input-3, 21] [/input-3, 59] [/input-3, 80] [/input-3, 59] [/input-3, 67] [/input-3, 59] [/input-3, 64] [/input-3, 59] 
best_l after optimization: -125.62648010253906
beta sum per layer: [72.00161743164062, 970.7386474609375]
alpha/beta optimization time: 0.5635168552398682
pruning_in_iteration open status: False
ratio of positive domain = 17 / 128 = 0.1328125
pruning-in-iteration extra time: 0.00033926963806152344
torch.Size([128, 1])
Time: prepare 0.0045    bound 0.5646    transfer 0.0019    finalize 0.0086    func 0.5795    
Accumulated time: func 7.2067    prepare 0.1188    bound 7.0481    transfer 0.0156    finalize 0.0889    
max lb tensor(0.60274649) min lb tensor(-3.11210108)
Number of Verified Splits: 17 of 128
Current worst splitting domains lb-rhs (depth):
-15.41171 (4), -14.42679 (5), -14.40278 (3), -14.29787 (5), -13.87291 (5), -13.06917 (4), -12.91829 (4), -12.84884 (4), -12.84380 (6), -12.79447 (4), -12.77143 (6), -12.46708 (4), -12.26117 (5), -12.25290 (6), -12.03118 (4), -11.64539 (6), -11.42095 (3), -11.14791 (4), -11.10415 (4), -11.08124 (4), 
Length of domains: 572
Current (lb-rhs): -15.411712646484375
1662 domains visited
Time: pickout 0.0146    decision 0.0874    set_bounds 0.0044    solve 0.5804    add 0.0021    
Accumulated time: pickout 0.1648    decision 0.8587    set_bounds 0.0487    solve 7.2185    add 0.0297    
Cumulative time: 8.362262964248657

BaB round 16
batch: 64
splitting decisions: 
split level 0: [/input-3, 27] [/input-3, 27] [/input-3, 27] [/input-3, 27] [/input-3, 27] [/input-3, 27] [/input-3, 27] [/input-3, 27] [/input-3, 27] [/input-3, 27] 
best_l after optimization: -87.93141174316406
beta sum per layer: [67.66069793701172, 1086.9598388671875]
alpha/beta optimization time: 0.4656076431274414
pruning_in_iteration open status: True
ratio of positive domain = 40 / 128 = 0.3125
pruning-in-iteration extra time: 0.027551651000976562
torch.Size([128, 1])
Time: prepare 0.0039    bound 0.4664    transfer 0.0003    finalize 0.0021    func 0.4727    
Accumulated time: func 7.6795    prepare 0.1298    bound 7.5145    transfer 0.0160    finalize 0.0910    
max lb tensor(9.99999975e-05) min lb tensor(-2.81316280)
Number of Verified Splits: 40 of 128
Current worst splitting domains lb-rhs (depth):
-15.41171 (4), -14.42679 (5), -14.40278 (3), -14.29787 (5), -13.87291 (5), -13.06917 (4), -12.91829 (4), -12.84884 (4), -12.84380 (6), -12.79447 (4), -12.77143 (6), -12.46708 (4), -12.26117 (5), -12.25290 (6), -12.03118 (4), -11.64539 (6), -11.42095 (3), -11.14791 (4), -11.10415 (4), -11.08124 (4), 
Length of domains: 596
Current (lb-rhs): -15.411712646484375
1790 domains visited
Time: pickout 0.0161    decision 0.0880    set_bounds 0.0041    solve 0.4732    add 0.0008    
Accumulated time: pickout 0.1809    decision 0.9467    set_bounds 0.0528    solve 7.6918    add 0.0306    
Cumulative time: 8.944749355316162

BaB round 17
batch: 64
splitting decisions: 
split level 0: [/input, 122] [/input, 48] [/input-3, 46] [/input-3, 101] [/input-3, 3] [/input-3, 27] [/input, 6] [/input-3, 27] [/input-3, 46] [/input, 132] 
best_l after optimization: -75.36666107177734
beta sum per layer: [71.65567779541016, 1081.629150390625]
alpha/beta optimization time: 0.6312057971954346
pruning_in_iteration open status: True
ratio of positive domain = 53 / 128 = 0.4140625
pruning-in-iteration extra time: 0.0318903923034668
torch.Size([128, 1])
Time: prepare 0.0029    bound 0.6320    transfer 0.0004    finalize 0.0019    func 0.6373    
Accumulated time: func 8.3168    prepare 0.1342    bound 8.1465    transfer 0.0164    finalize 0.0929    
max lb tensor(9.99999975e-05) min lb tensor(-2.60561466)
Number of Verified Splits: 53 of 128
Current worst splitting domains lb-rhs (depth):
-15.41171 (4), -14.42679 (5), -14.40278 (3), -14.29787 (5), -13.87291 (5), -13.06917 (4), -12.91829 (4), -12.84884 (4), -12.84380 (6), -12.79447 (4), -12.77143 (6), -12.46708 (4), -12.26117 (5), -12.25290 (6), -12.03118 (4), -11.64539 (6), -11.42095 (3), -11.14791 (4), -11.10415 (4), -11.08124 (4), 
Length of domains: 607
Current (lb-rhs): -15.411712646484375
1918 domains visited
Time: pickout 0.0076    decision 0.0208    set_bounds 0.0030    solve 0.6379    add 0.0011    
Accumulated time: pickout 0.1885    decision 0.9674    set_bounds 0.0558    solve 8.3297    add 0.0316    
Time out!!!!!!!!
Result: unknown in 12.4069 seconds

 %%%%%%%%%%%%%%%%%%%%%%%%%%%%%%%%%%% idx: 9, vnnlib ID: 39 %%%%%%%%%%%%%%%%%%%%%%%%%%%%%%%%%%%
Finished vnnlib processing in 0.003609 seconds
Model: BoundedModule(
  (/0): BoundInput(name=/0, inputs=[], perturbed=True)
  (/7): BoundParams(name=/7, inputs=[], perturbed=False)
  (/8): BoundParams(name=/8, inputs=[], perturbed=False)
  (/9): BoundParams(name=/9, inputs=[], perturbed=False)
  (/10): BoundParams(name=/10, inputs=[], perturbed=False)
  (/11): BoundParams(name=/11, inputs=[], perturbed=False)
  (/12): BoundParams(name=/12, inputs=[], perturbed=False)
  (/13): BoundFlatten(name=/13, inputs=[/0], perturbed=True)
  (/input): BoundLinear(name=/input, inputs=[/13, /7, /8], perturbed=True)
  (/15): BoundRelu(name=/15, inputs=[/input], perturbed=True)
  (/input-3): BoundLinear(name=/input-3, inputs=[/15, /9, /10], perturbed=True)
  (/17): BoundRelu(name=/17, inputs=[/input-3], perturbed=True)
  (/18): BoundLinear(name=/18, inputs=[/17, /11, /12], perturbed=True)
)
Original output in the first batch: tensor([[-5.69793558,  7.93229151, -3.12515235, -1.17311060, -1.97339702,
         -7.86727715, -8.23106384, -0.20369469, -1.32850707, -3.82146764]],
       device='cuda:0')
Split layers:
Nonlinear functions:
   BoundRelu(name=/15, inputs=[/input], perturbed=True)
   BoundRelu(name=/17, inputs=[/input-3], perturbed=True)
build batch [1/1]
layer /15 using sparse-features alpha with shape [165]; unstable size 165; total size 256 ([1, 256])
layer /15 start_node /input-3 using sparse-spec alpha [2, 107, 1, 165] with unstable size 106 total_size 128 output_shape torch.Size([128])
layer /15 start_node /18 using full alpha [2, 9, 1, 165] with unstable size None total_size 9 output_shape 9
layer /17 using sparse-features alpha with shape [106]; unstable size 106; total size 128 ([1, 128])
layer /17 start_node /18 using full alpha [2, 9, 1, 106] with unstable size None total_size 9 output_shape 9
Optimizable variables initialized.
initial CROWN bounds (first 10 items): [-6.988765716552734, -10.732893943786621, -15.943347930908203, -8.247560501098633, -10.489432334899902, -4.735642433166504, -11.405860900878906, -12.447184562683105, -11.514811515808105]
prune_after_crown optimization in use
  original spec size = torch.Size([1, 9])
  pruned spec size = torch.Size([1, 9])
Using alpha-CROWN to initialize bounds.
best_l after optimization: -75.25038146972656
alpha/beta optimization time: 2.0192229747772217
initial alpha-crown bounds (first 10 items): [-5.3186492919921875, -8.209287643432617, -13.615934371948242, -6.5648088455200195, -8.887158393859863, -3.644458770751953, -9.655515670776367, -10.405723571777344, -8.94884204864502]
Global lower bound: -13.615934371948242
torch.Size([1, 9])
0 / 9 OR specs are verified.
Verified OR indices (first 10 items): []
Verified OR lbs (first 10 items): []
Unverified OR indices (first 10 items): [0, 1, 2, 3, 4, 5, 6, 7, 8]
Unverified OR lbs (first 10 items): [[-5.3186492919921875], [-8.209287643432617], [-13.615934371948242], [-6.5648088455200195], [-8.887158393859863], [-3.644458770751953], [-9.655515670776367], [-10.405723571777344], [-8.94884204864502]]
###### Verifying property Instance 9 ######
Batch size: 9
First 10 spec matrices
C: tensor([[[-1.,  1.,  0.,  0.,  0.,  0.,  0.,  0.,  0.,  0.]],

        [[ 0.,  1., -1.,  0.,  0.,  0.,  0.,  0.,  0.,  0.]],

        [[ 0.,  1.,  0., -1.,  0.,  0.,  0.,  0.,  0.,  0.]],

        [[ 0.,  1.,  0.,  0., -1.,  0.,  0.,  0.,  0.,  0.]],

        [[ 0.,  1.,  0.,  0.,  0., -1.,  0.,  0.,  0.,  0.]],

        [[ 0.,  1.,  0.,  0.,  0.,  0., -1.,  0.,  0.,  0.]],

        [[ 0.,  1.,  0.,  0.,  0.,  0.,  0., -1.,  0.,  0.]],

        [[ 0.,  1.,  0.,  0.,  0.,  0.,  0.,  0., -1.,  0.]],

        [[ 0.,  1.,  0.,  0.,  0.,  0.,  0.,  0.,  0., -1.]]], device='cuda:0')
RHS: tensor([[0.],
        [0.],
        [0.],
        [0.],
        [0.],
        [0.],
        [0.],
        [0.],
        [0.]], device='cuda:0')
OR spec sizes: tensor([1, 1, 1, 1, 1, 1, 1, 1, 1], device='cuda:0', dtype=torch.int32)
Remaining timeout: 9.75923228263855
Model prediction is: tensor([-5.69793558,  7.93229151, -3.12515235, -1.17311060, -1.97339702,
        -7.86727715, -8.23106384, -0.20369469, -1.32850707, -3.82146764],
       device='cuda:0')
Activation BaB batch 1/1 
build_with_refined_bounds batch [1/1]
Optimizable variables initialized.
all alpha initialized
directly get lb and ub from refined bounds
c shape: torch.Size([9, 1, 10])
lA shapes: [torch.Size([9, 1, 256]), torch.Size([9, 1, 128])]
torch.Size([9, 1])
(alpha-)CROWN with fixed intermediate bounds: tensor([[ -5.31864929],
        [ -8.20928764],
        [-13.61593437],
        [ -6.56480885],
        [ -8.88715839],
        [ -3.64445877],
        [ -9.65551567],
        [-10.40572357],
        [ -8.94884205]], device='cuda:0') tensor([[inf],
        [inf],
        [inf],
        [inf],
        [inf],
        [inf],
        [inf],
        [inf],
        [inf]], device='cuda:0')
Intermediate layers: /input,/input-3
Keeping alphas for these layers: ['/18']
Node /15 input 0: size torch.Size([256]) unstable 165
Node /17 input 0: size torch.Size([128]) unstable 106
-----------------
# of unstable neurons: 271
-----------------

BaB round 1
batch: 9
splitting decisions: 
split level 0: [/input-3, 102] [/input, 71] [/input, 160] [/input-3, 36] [/input-3, 36] [/input-3, 102] [/input-3, 118] [/input-3, 80] [/input-3, 36] 
best_l after optimization: -135.46267700195312
beta sum per layer: [1.2608036994934082, 4.060538291931152]
alpha/beta optimization time: 0.6791062355041504
pruning_in_iteration open status: False
ratio of positive domain = 0 / 18 = 0.0
pruning-in-iteration extra time: 0.0003199577331542969
torch.Size([18, 1])
Time: prepare 0.0034    bound 0.6804    transfer 0.0011    finalize 0.0048    func 0.6897    
Accumulated time: func 0.6897    prepare 0.0084    bound 0.6804    transfer 0.0011    finalize 0.0048    
max lb tensor(-2.96023083) min lb tensor(-13.14464569)
Number of Verified Splits: 0 of 18
Current worst splitting domains lb-rhs (depth):
-13.14465 (1), -11.88860 (1), -10.26474 (1), -9.29810 (1), -9.20848 (1), -8.67506 (1), -8.30366 (1), -8.23685 (1), -7.81874 (1), -7.76550 (1), -7.26550 (1), -6.64139 (1), -6.15767 (1), -5.71315 (1), -4.91372 (1), -4.24616 (1), -2.96048 (1), -2.96023 (1), 
Length of domains: 18
Current (lb-rhs): -13.144645690917969
18 domains visited
Time: pickout 0.0021    decision 0.0364    set_bounds 0.0014    solve 0.6904    add 0.0086    
Accumulated time: pickout 0.0021    decision 0.0364    set_bounds 0.0014    solve 0.6904    add 0.0086    
Cumulative time: 0.7713325023651123

BaB round 2
batch: 18
splitting decisions: 
split level 0: [/input, 243] [/input-3, 73] [/input-3, 0] [/input-3, 73] [/input-3, 35] [/input-3, 73] [/input-3, 35] [/input-3, 27] [/input, 172] [/input-3, 81] 
best_l after optimization: -233.6677703857422
beta sum per layer: [6.378467559814453, 26.7370548248291]
alpha/beta optimization time: 0.5392968654632568
pruning_in_iteration open status: False
ratio of positive domain = 0 / 36 = 0.0
pruning-in-iteration extra time: 0.00011277198791503906
torch.Size([36, 1])
Time: prepare 0.0023    bound 0.5403    transfer 0.0010    finalize 0.0048    func 0.5484    
Accumulated time: func 1.2382    prepare 0.0147    bound 1.2207    transfer 0.0021    finalize 0.0095    
max lb tensor(-2.31886482) min lb tensor(-12.96775246)
Number of Verified Splits: 0 of 36
Current worst splitting domains lb-rhs (depth):
-12.96775 (2), -11.65153 (2), -10.01116 (2), -9.62759 (2), -9.52307 (2), -8.97512 (2), -8.85515 (2), -8.42100 (2), -8.23669 (2), -7.98110 (2), -7.90683 (2), -7.52940 (2), -7.50430 (2), -7.48499 (2), -7.37402 (2), -6.89214 (2), -6.45606 (2), -6.26498 (2), -6.25133 (2), -6.21817 (2), 
Length of domains: 36
Current (lb-rhs): -12.967752456665039
54 domains visited
Time: pickout 0.0095    decision 0.0423    set_bounds 0.0019    solve 0.5491    add 0.0016    
Accumulated time: pickout 0.0116    decision 0.0787    set_bounds 0.0033    solve 1.2395    add 0.0103    
Cumulative time: 1.3759396076202393

BaB round 3
batch: 36
splitting decisions: 
split level 0: [/input-3, 81] [/input-3, 36] [/input-3, 65] [/input-3, 118] [/input-3, 27] [/input, 173] [/input-3, 74] [/input-3, 74] [/input-3, 27] [/input-3, 0] 
best_l after optimization: -387.02203369140625
beta sum per layer: [18.153804779052734, 98.32025146484375]
alpha/beta optimization time: 0.5921511650085449
pruning_in_iteration open status: False
ratio of positive domain = 0 / 72 = 0.0
pruning-in-iteration extra time: 0.0004088878631591797
torch.Size([72, 1])
Time: prepare 0.0030    bound 0.5934    transfer 0.0019    finalize 0.0053    func 0.6037    
Accumulated time: func 1.8419    prepare 0.0223    bound 1.8141    transfer 0.0040    finalize 0.0148    
max lb tensor(-1.17192173) min lb tensor(-12.83957291)
Number of Verified Splits: 0 of 72
Current worst splitting domains lb-rhs (depth):
-12.83957 (3), -11.45058 (3), -9.83427 (3), -9.42296 (3), -8.88772 (3), -8.81578 (3), -8.67313 (3), -8.16791 (3), -7.71467 (3), -7.63357 (3), -7.61376 (3), -7.47199 (3), -7.32129 (3), -7.27919 (3), -7.27253 (3), -7.21738 (3), -7.21419 (3), -7.07824 (3), -7.06881 (3), -7.01468 (3), 
Length of domains: 72
Current (lb-rhs): -12.83957290649414
126 domains visited
Time: pickout 0.0114    decision 0.0568    set_bounds 0.0031    solve 0.6044    add 0.0015    
Accumulated time: pickout 0.0230    decision 0.1355    set_bounds 0.0064    solve 1.8439    add 0.0118    
Cumulative time: 2.0533461570739746

BaB round 4
batch: 64
splitting decisions: 
split level 0: [/input-3, 50] [/input, 71] [/input-3, 25] [/input, 120] [/input-3, 80] [/input, 172] [/input, 173] [/input-3, 74] [/input-3, 74] [/input-3, 122] 
best_l after optimization: -539.9879760742188
beta sum per layer: [43.89134979248047, 259.6646728515625]
alpha/beta optimization time: 0.45807909965515137
pruning_in_iteration open status: False
ratio of positive domain = 3 / 128 = 0.0234375
pruning-in-iteration extra time: 9.679794311523438e-05
torch.Size([128, 1])
Time: prepare 0.0045    bound 0.4590    transfer 0.0002    finalize 0.0017    func 0.4655    
Accumulated time: func 2.3073    prepare 0.0307    bound 2.2731    transfer 0.0043    finalize 0.0165    
max lb tensor(0.39065552) min lb tensor(-11.08770847)
Number of Verified Splits: 3 of 128
Current worst splitting domains lb-rhs (depth):
-12.83957 (3), -11.08771 (4), -11.01307 (4), -9.83427 (3), -9.26906 (4), -8.62161 (4), -8.48552 (4), -8.32667 (4), -8.26657 (4), -8.01162 (4), -7.46852 (4), -7.38727 (4), -7.18895 (4), -7.10891 (4), -7.06881 (3), -7.03751 (4), -7.02466 (4), -7.00467 (4), -6.89099 (4), -6.87539 (4), 
Length of domains: 133
Current (lb-rhs): -12.83957290649414
254 domains visited
Time: pickout 0.0112    decision 0.0840    set_bounds 0.0037    solve 0.4659    add 0.0019    
Accumulated time: pickout 0.0342    decision 0.2195    set_bounds 0.0101    solve 2.3098    add 0.0137    
Cumulative time: 2.6203012466430664

BaB round 5
batch: 64
splitting decisions: 
split level 0: [/input-3, 50] [/input-3, 16] [/input-3, 12] [/input-3, 12] [/input-3, 66] [/input-3, 66] [/input, 71] [/input-3, 12] [/input, 173] [/input-3, 46] 
best_l after optimization: -343.64764404296875
beta sum per layer: [76.82058715820312, 406.33538818359375]
alpha/beta optimization time: 0.36281347274780273
pruning_in_iteration open status: False
ratio of positive domain = 15 / 128 = 0.1171875
pruning-in-iteration extra time: 0.0002639293670654297
torch.Size([128, 1])
Time: prepare 0.0031    bound 0.3638    transfer 0.0002    finalize 0.0025    func 0.3698    
Accumulated time: func 2.6771    prepare 0.0352    bound 2.6369    transfer 0.0045    finalize 0.0190    
max lb tensor(0.56410885) min lb tensor(-10.66126442)
Number of Verified Splits: 15 of 128
Current worst splitting domains lb-rhs (depth):
-12.83957 (3), -11.08771 (4), -10.66126 (5), -10.55673 (5), -9.83427 (3), -9.26906 (4), -8.62161 (4), -8.48552 (4), -8.26657 (4), -8.01162 (4), -7.93771 (5), -7.56076 (5), -7.46852 (4), -7.38727 (4), -7.18895 (4), -7.06881 (3), -7.03751 (4), -7.02466 (4), -7.00467 (4), -6.89099 (4), 
Length of domains: 182
Current (lb-rhs): -12.83957290649414
382 domains visited
Time: pickout 0.0100    decision 0.0236    set_bounds 0.0032    solve 0.3705    add 0.0023    
Accumulated time: pickout 0.0442    decision 0.2431    set_bounds 0.0133    solve 2.6803    add 0.0160    
Cumulative time: 3.0304131507873535

BaB round 6
batch: 64
splitting decisions: 
split level 0: [/input-3, 74] [/input-3, 125] [/input-3, 125] [/input-3, 46] [/input-3, 60] [/input, 207] [/input-3, 65] [/input-3, 8] [/input-3, 16] [/input-3, 125] 
best_l after optimization: -258.47265625
beta sum per layer: [113.06565856933594, 482.6082763671875]
alpha/beta optimization time: 0.4419264793395996
pruning_in_iteration open status: True
ratio of positive domain = 33 / 128 = 0.2578125
pruning-in-iteration extra time: 0.017576932907104492
torch.Size([128, 1])
Time: prepare 0.0034    bound 0.4428    transfer 0.0003    finalize 0.0018    func 0.4484    
Accumulated time: func 3.1255    prepare 0.0399    bound 3.0797    transfer 0.0048    finalize 0.0208    
max lb tensor(9.99999975e-05) min lb tensor(-10.46784782)
Number of Verified Splits: 33 of 128
Current worst splitting domains lb-rhs (depth):
-12.83957 (3), -11.08771 (4), -10.55673 (5), -10.46785 (6), -9.83427 (3), -9.26906 (4), -9.08742 (6), -8.62161 (4), -8.48552 (4), -8.26657 (4), -8.01162 (4), -7.72634 (6), -7.56076 (5), -7.46852 (4), -7.38727 (4), -7.18895 (4), -7.06881 (3), -7.03751 (4), -7.02466 (4), -7.00467 (4), 
Length of domains: 213
Current (lb-rhs): -12.83957290649414
510 domains visited
Time: pickout 0.0090    decision 0.0247    set_bounds 0.0037    solve 0.4491    add 0.0010    
Accumulated time: pickout 0.0531    decision 0.2677    set_bounds 0.0170    solve 3.1294    add 0.0170    
Cumulative time: 3.5180981159210205

BaB round 7
batch: 64
splitting decisions: 
split level 0: [/input-3, 46] [/input-3, 66] [/input-3, 74] [/input-3, 0] [/input-3, 65] [/input-3, 10] [/input-3, 74] [/input-3, 8] [/input-3, 102] [/input-3, 105] 
best_l after optimization: -225.88912963867188
beta sum per layer: [148.73593139648438, 539.9820556640625]
alpha/beta optimization time: 0.4765915870666504
pruning_in_iteration open status: True
ratio of positive domain = 31 / 128 = 0.2421875
pruning-in-iteration extra time: 0.018716812133789062
torch.Size([128, 1])
Time: prepare 0.0037    bound 0.4776    transfer 0.0003    finalize 0.0018    func 0.4835    
Accumulated time: func 3.6090    prepare 0.0449    bound 3.5573    transfer 0.0051    finalize 0.0226    
max lb tensor(9.99999975e-05) min lb tensor(-8.59073544)
Number of Verified Splits: 31 of 128
Current worst splitting domains lb-rhs (depth):
-12.83957 (3), -11.08771 (4), -10.55673 (5), -10.46785 (6), -9.83427 (3), -9.26906 (4), -8.62161 (4), -8.59074 (7), -8.48552 (4), -8.26657 (4), -8.01162 (4), -7.72634 (6), -7.56076 (5), -7.46852 (4), -7.38727 (4), -7.18895 (4), -7.06881 (3), -7.03751 (4), -7.02466 (4), -7.00467 (4), 
Length of domains: 246
Current (lb-rhs): -12.83957290649414
638 domains visited
Time: pickout 0.0104    decision 0.0245    set_bounds 0.0038    solve 0.4841    add 0.0011    
Accumulated time: pickout 0.0636    decision 0.2922    set_bounds 0.0207    solve 3.6135    add 0.0181    
Cumulative time: 4.042231321334839

BaB round 8
batch: 64
splitting decisions: 
split level 0: [/input, 132] [/input-3, 105] [/input-3, 125] [/input-3, 60] [/input-3, 102] [/input-3, 0] [/input-3, 105] [/input-3, 60] [/input, 168] [/input-3, 46] 
best_l after optimization: -190.62074279785156
beta sum per layer: [179.31204223632812, 552.763427734375]
alpha/beta optimization time: 0.6188795566558838
pruning_in_iteration open status: True
ratio of positive domain = 29 / 128 = 0.2265625
pruning-in-iteration extra time: 0.017086029052734375
torch.Size([128, 1])
Time: prepare 0.0034    bound 0.6205    transfer 0.0014    finalize 0.0056    func 0.6310    
Accumulated time: func 4.2400    prepare 0.0499    bound 4.1778    transfer 0.0065    finalize 0.0283    
max lb tensor(9.99999975e-05) min lb tensor(-6.56603241)
Number of Verified Splits: 29 of 128
Current worst splitting domains lb-rhs (depth):
-12.83957 (3), -11.08771 (4), -10.55673 (5), -10.46785 (6), -9.83427 (3), -9.26906 (4), -8.62161 (4), -8.59074 (7), -8.48552 (4), -8.26657 (4), -8.01162 (4), -7.72634 (6), -7.56076 (5), -7.46852 (4), -7.38727 (4), -7.18895 (4), -7.06881 (3), -7.03751 (4), -7.02466 (4), -7.00467 (4), 
Length of domains: 281
Current (lb-rhs): -12.83957290649414
766 domains visited
Time: pickout 0.0107    decision 0.0228    set_bounds 0.0033    solve 0.6320    add 0.0015    
Accumulated time: pickout 0.0742    decision 0.3150    set_bounds 0.0241    solve 4.2454    add 0.0197    
Cumulative time: 4.712824821472168

BaB round 9
batch: 64
splitting decisions: 
split level 0: [/input-3, 63] [/input-3, 31] [/input-3, 62] [/input-3, 40] [/input-3, 81] [/input-3, 46] [/input-3, 63] [/input-3, 16] [/input-3, 95] [/input-3, 81] 
best_l after optimization: -147.35980224609375
beta sum per layer: [178.05068969726562, 571.7914428710938]
alpha/beta optimization time: 0.491680383682251
pruning_in_iteration open status: True
ratio of positive domain = 46 / 128 = 0.359375
pruning-in-iteration extra time: 0.028076887130737305
torch.Size([128, 1])
Time: prepare 0.0034    bound 0.4925    transfer 0.0004    finalize 0.0026    func 0.4990    
Accumulated time: func 4.7390    prepare 0.0573    bound 4.6703    transfer 0.0069    finalize 0.0309    
max lb tensor(9.99999975e-05) min lb tensor(-6.27131367)
Number of Verified Splits: 46 of 128
Current worst splitting domains lb-rhs (depth):
-12.83957 (3), -11.08771 (4), -10.55673 (5), -10.46785 (6), -9.83427 (3), -9.26906 (4), -8.62161 (4), -8.59074 (7), -8.48552 (4), -8.26657 (4), -8.01162 (4), -7.72634 (6), -7.56076 (5), -7.46852 (4), -7.38727 (4), -7.18895 (4), -7.06881 (3), -7.03751 (4), -7.02466 (4), -7.00467 (4), 
Length of domains: 299
Current (lb-rhs): -12.83957290649414
894 domains visited
Time: pickout 0.0134    decision 0.0713    set_bounds 0.0037    solve 0.4996    add 0.0011    
Accumulated time: pickout 0.0876    decision 0.3863    set_bounds 0.0278    solve 4.7450    add 0.0208    
Cumulative time: 5.302212238311768

BaB round 10
batch: 64
splitting decisions: 
split level 0: [/input-3, 16] [/input-3, 40] [/input-3, 122] [/input-3, 45] [/input-3, 62] [/input-3, 122] [/input-3, 60] [/input-3, 31] [/input-3, 127] [/input-3, 46] 
best_l after optimization: -173.422607421875
beta sum per layer: [135.00303649902344, 600.1856079101562]
alpha/beta optimization time: 0.4907217025756836
pruning_in_iteration open status: True
ratio of positive domain = 39 / 128 = 0.3046875
pruning-in-iteration extra time: 0.023624658584594727
torch.Size([128, 1])
Time: prepare 0.0031    bound 0.4917    transfer 0.0004    finalize 0.0017    func 0.4969    
Accumulated time: func 5.2359    prepare 0.0616    bound 5.1620    transfer 0.0073    finalize 0.0325    
max lb tensor(9.99999975e-05) min lb tensor(-6.04793978)
Number of Verified Splits: 39 of 128
Current worst splitting domains lb-rhs (depth):
-12.83957 (3), -11.08771 (4), -10.55673 (5), -10.46785 (6), -9.83427 (3), -9.26906 (4), -8.62161 (4), -8.59074 (7), -8.48552 (4), -8.26657 (4), -8.01162 (4), -7.72634 (6), -7.56076 (5), -7.46852 (4), -7.38727 (4), -7.18895 (4), -7.06881 (3), -7.03751 (4), -7.02466 (4), -7.00467 (4), 
Length of domains: 324
Current (lb-rhs): -12.83957290649414
1022 domains visited
Time: pickout 0.0094    decision 0.0228    set_bounds 0.0035    solve 0.4977    add 0.0016    
Accumulated time: pickout 0.0970    decision 0.4091    set_bounds 0.0313    solve 5.2428    add 0.0224    
Cumulative time: 5.837788105010986

BaB round 11
batch: 64
splitting decisions: 
split level 0: [/input-3, 111] [/input-3, 46] [/input-3, 16] [/input, 71] [/input-3, 60] [/input-3, 66] [/input-3, 60] [/input-3, 111] [/input-3, 81] [/input-3, 63] 
best_l after optimization: -157.1230926513672
beta sum per layer: [111.02183532714844, 587.5428466796875]
alpha/beta optimization time: 0.40108466148376465
pruning_in_iteration open status: True
ratio of positive domain = 30 / 128 = 0.234375
pruning-in-iteration extra time: 0.012476444244384766
torch.Size([128, 1])
Time: prepare 0.0034    bound 0.4020    transfer 0.0004    finalize 0.0016    func 0.4075    
Accumulated time: func 5.6434    prepare 0.0667    bound 5.5640    transfer 0.0077    finalize 0.0342    
max lb tensor(9.99999975e-05) min lb tensor(-5.89873552)
Number of Verified Splits: 30 of 128
Current worst splitting domains lb-rhs (depth):
-12.83957 (3), -11.08771 (4), -10.55673 (5), -10.46785 (6), -9.83427 (3), -9.26906 (4), -8.62161 (4), -8.59074 (7), -8.48552 (4), -8.26657 (4), -8.01162 (4), -7.72634 (6), -7.56076 (5), -7.46852 (4), -7.38727 (4), -7.18895 (4), -7.06881 (3), -7.03751 (4), -7.02466 (4), -7.00467 (4), 
Length of domains: 358
Current (lb-rhs): -12.83957290649414
1150 domains visited
Time: pickout 0.0103    decision 0.0230    set_bounds 0.0037    solve 0.4086    add 0.0012    
Accumulated time: pickout 0.1073    decision 0.4321    set_bounds 0.0350    solve 5.6514    add 0.0236    
Cumulative time: 6.284927606582642

BaB round 12
batch: 64
splitting decisions: 
split level 0: [/input-3, 66] [/input-3, 60] [/input-3, 66] [/input-3, 28] [/input-3, 16] [/input-3, 60] [/input-3, 66] [/input-3, 66] [/input-3, 28] [/input-3, 127] 
best_l after optimization: -130.37307739257812
beta sum per layer: [133.58438110351562, 563.2840576171875]
alpha/beta optimization time: 0.439960241317749
pruning_in_iteration open status: True
ratio of positive domain = 49 / 128 = 0.3828125
pruning-in-iteration extra time: 0.023240327835083008
torch.Size([128, 1])
Time: prepare 0.0032    bound 0.4408    transfer 0.0004    finalize 0.0019    func 0.4465    
Accumulated time: func 6.0899    prepare 0.0712    bound 6.0049    transfer 0.0082    finalize 0.0361    
max lb tensor(9.99999975e-05) min lb tensor(-4.29036236)
Number of Verified Splits: 49 of 128
Current worst splitting domains lb-rhs (depth):
-12.83957 (3), -11.08771 (4), -10.55673 (5), -10.46785 (6), -9.83427 (3), -9.26906 (4), -8.62161 (4), -8.59074 (7), -8.48552 (4), -8.26657 (4), -8.01162 (4), -7.72634 (6), -7.56076 (5), -7.46852 (4), -7.38727 (4), -7.18895 (4), -7.06881 (3), -7.03751 (4), -7.02466 (4), -7.00467 (4), 
Length of domains: 373
Current (lb-rhs): -12.83957290649414
1278 domains visited
Time: pickout 0.0085    decision 0.0240    set_bounds 0.0034    solve 0.4470    add 0.0014    
Accumulated time: pickout 0.1157    decision 0.4562    set_bounds 0.0384    solve 6.0984    add 0.0250    
Cumulative time: 6.769619464874268

BaB round 13
batch: 64
splitting decisions: 
split level 0: [/input-3, 62] [/input-3, 65] [/input-3, 74] [/input-3, 65] [/input-3, 31] [/input-3, 127] [/input-3, 95] [/input, 189] [/input-3, 60] [/input, 132] 
best_l after optimization: -120.19779205322266
beta sum per layer: [143.85365295410156, 588.416015625]
alpha/beta optimization time: 0.7411601543426514
pruning_in_iteration open status: True
ratio of positive domain = 30 / 128 = 0.234375
pruning-in-iteration extra time: 0.03150153160095215
torch.Size([128, 1])
Time: prepare 0.0050    bound 0.7431    transfer 0.0021    finalize 0.0080    func 0.7583    
Accumulated time: func 6.8482    prepare 0.0779    bound 6.7480    transfer 0.0103    finalize 0.0441    
max lb tensor(9.99999975e-05) min lb tensor(-4.16168118)
Number of Verified Splits: 30 of 128
Current worst splitting domains lb-rhs (depth):
-12.83957 (3), -11.08771 (4), -10.55673 (5), -10.46785 (6), -9.83427 (3), -9.26906 (4), -8.62161 (4), -8.59074 (7), -8.48552 (4), -8.26657 (4), -8.01162 (4), -7.72634 (6), -7.56076 (5), -7.46852 (4), -7.38727 (4), -7.18895 (4), -7.06881 (3), -7.03751 (4), -7.02466 (4), -7.00467 (4), 
Length of domains: 407
Current (lb-rhs): -12.83957290649414
1406 domains visited
Time: pickout 0.0109    decision 0.0253    set_bounds 0.0041    solve 0.7597    add 0.0031    
Accumulated time: pickout 0.1267    decision 0.4815    set_bounds 0.0425    solve 6.8581    add 0.0281    
Cumulative time: 7.573068380355835

BaB round 14
batch: 64
splitting decisions: 
split level 0: [/input-3, 60] [/input-3, 74] [/input-3, 65] [/input-3, 66] [/input-3, 66] [/input, 120] [/input-3, 60] [/input, 222] [/input, 120] [/input-3, 66] 
best_l after optimization: -83.38560485839844
beta sum per layer: [132.41175842285156, 596.767333984375]
alpha/beta optimization time: 0.7903726100921631
pruning_in_iteration open status: True
ratio of positive domain = 55 / 128 = 0.4296875
pruning-in-iteration extra time: 0.047002315521240234
torch.Size([128, 1])
Time: prepare 0.0049    bound 0.7912    transfer 0.0004    finalize 0.0018    func 0.7983    
Accumulated time: func 7.6465    prepare 0.0893    bound 7.5392    transfer 0.0107    finalize 0.0458    
max lb tensor(9.99999975e-05) min lb tensor(-3.87729263)
Number of Verified Splits: 55 of 128
Current worst splitting domains lb-rhs (depth):
-12.83957 (3), -11.08771 (4), -10.55673 (5), -10.46785 (6), -9.83427 (3), -9.26906 (4), -8.62161 (4), -8.59074 (7), -8.48552 (4), -8.26657 (4), -8.01162 (4), -7.72634 (6), -7.56076 (5), -7.46852 (4), -7.38727 (4), -7.18895 (4), -7.06881 (3), -7.03751 (4), -7.02466 (4), -7.00467 (4), 
Length of domains: 416
Current (lb-rhs): -12.83957290649414
1534 domains visited
Time: pickout 0.0167    decision 0.1041    set_bounds 0.0048    solve 0.7989    add 0.0011    
Accumulated time: pickout 0.1434    decision 0.5856    set_bounds 0.0474    solve 7.6569    add 0.0292    
Cumulative time: 8.499160766601562

BaB round 15
batch: 64
splitting decisions: 
split level 0: [/input, 71] [/input, 54] [/input, 54] [/input-3, 95] [/input, 71] [/input-3, 66] [/input-3, 127] [/input-3, 74] [/input-3, 60] [/input-3, 65] 
best_l after optimization: -89.95906066894531
beta sum per layer: [152.34286499023438, 593.0888671875]
alpha/beta optimization time: 0.4454784393310547
pruning_in_iteration open status: True
ratio of positive domain = 43 / 128 = 0.3359375
pruning-in-iteration extra time: 0.02258443832397461
torch.Size([128, 1])
Time: prepare 0.0035    bound 0.4464    transfer 0.0004    finalize 0.0029    func 0.4532    
Accumulated time: func 8.0997    prepare 0.0941    bound 7.9856    transfer 0.0110    finalize 0.0487    
max lb tensor(9.99999975e-05) min lb tensor(-3.66741037)
Number of Verified Splits: 43 of 128
Current worst splitting domains lb-rhs (depth):
-12.83957 (3), -11.08771 (4), -10.55673 (5), -10.46785 (6), -9.83427 (3), -9.26906 (4), -8.62161 (4), -8.59074 (7), -8.48552 (4), -8.26657 (4), -8.01162 (4), -7.72634 (6), -7.56076 (5), -7.46852 (4), -7.38727 (4), -7.18895 (4), -7.06881 (3), -7.03751 (4), -7.02466 (4), -7.00467 (4), 
Length of domains: 437
Current (lb-rhs): -12.83957290649414
1662 domains visited
Time: pickout 0.0100    decision 0.0228    set_bounds 0.0036    solve 0.4539    add 0.0013    
Accumulated time: pickout 0.1534    decision 0.6084    set_bounds 0.0509    solve 8.1108    add 0.0304    
Cumulative time: 8.99095344543457

BaB round 16
batch: 64
splitting decisions: 
split level 0: [/input-3, 28] [/input-3, 80] [/input-3, 10] [/input-3, 65] [/input-3, 65] [/input-3, 66] [/input-3, 10] [/input-3, 28] [/input-3, 66] [/input-3, 10] 
best_l after optimization: -71.43946075439453
beta sum per layer: [114.06718444824219, 559.538818359375]
alpha/beta optimization time: 0.47732973098754883
pruning_in_iteration open status: True
ratio of positive domain = 40 / 128 = 0.3125
pruning-in-iteration extra time: 0.02381753921508789
torch.Size([128, 1])
Time: prepare 0.0035    bound 0.4782    transfer 0.0003    finalize 0.0017    func 0.4838    
Accumulated time: func 8.5835    prepare 0.0989    bound 8.4638    transfer 0.0113    finalize 0.0504    
max lb tensor(9.99999975e-05) min lb tensor(-3.35520744)
Number of Verified Splits: 40 of 128
Current worst splitting domains lb-rhs (depth):
-12.83957 (3), -11.08771 (4), -10.55673 (5), -10.46785 (6), -9.83427 (3), -9.26906 (4), -8.62161 (4), -8.59074 (7), -8.48552 (4), -8.26657 (4), -8.01162 (4), -7.72634 (6), -7.56076 (5), -7.46852 (4), -7.38727 (4), -7.18895 (4), -7.06881 (3), -7.03751 (4), -7.02466 (4), -7.00467 (4), 
Length of domains: 461
Current (lb-rhs): -12.83957290649414
1790 domains visited
Time: pickout 0.0089    decision 0.0252    set_bounds 0.0034    solve 0.4846    add 0.0013    
Accumulated time: pickout 0.1622    decision 0.6336    set_bounds 0.0543    solve 8.5954    add 0.0317    
Cumulative time: 9.514607906341553

BaB round 17
batch: 64
splitting decisions: 
split level 0: [/input-3, 10] [/input-3, 28] [/input-3, 10] [/input-3, 28] [/input-3, 65] [/input-3, 10] [/input-3, 65] [/input, 71] [/input-3, 10] [/input-3, 65] 
best_l after optimization: -36.99529266357422
beta sum per layer: [115.96540069580078, 516.9881591796875]
alpha/beta optimization time: 0.4293067455291748
pruning_in_iteration open status: True
ratio of positive domain = 77 / 128 = 0.6015625
pruning-in-iteration extra time: 0.0233914852142334
torch.Size([128, 1])
Time: prepare 0.0036    bound 0.4303    transfer 0.0004    finalize 0.0019    func 0.4363    
Accumulated time: func 9.0198    prepare 0.1039    bound 8.8942    transfer 0.0117    finalize 0.0523    
max lb tensor(9.99999975e-05) min lb tensor(-3.27497482)
Number of Verified Splits: 77 of 128
Current worst splitting domains lb-rhs (depth):
-12.83957 (3), -11.08771 (4), -10.55673 (5), -10.46785 (6), -9.83427 (3), -9.26906 (4), -8.62161 (4), -8.59074 (7), -8.48552 (4), -8.26657 (4), -8.01162 (4), -7.72634 (6), -7.56076 (5), -7.46852 (4), -7.38727 (4), -7.18895 (4), -7.06881 (3), -7.03751 (4), -7.02466 (4), -7.00467 (4), 
Length of domains: 448
Current (lb-rhs): -12.83957290649414
1918 domains visited
Time: pickout 0.0088    decision 0.0269    set_bounds 0.0037    solve 0.4369    add 0.0009    
Accumulated time: pickout 0.1710    decision 0.6605    set_bounds 0.0581    solve 9.0322    add 0.0326    
Time out!!!!!!!!
Result: unknown in 12.2403 seconds
############# Summary #############
Final verified acc: 0.0% (total 10 examples)
Problem instances count: 10 , total verified (safe/unsat): 0 , total falsified (unsafe/sat): 0 , timeout: 10
mean time for ALL instances (total 10):12.42530729400728, max time: 12.69367241859436
unknown (total 10), index: [0, 1, 2, 3, 4, 5, 6, 7, 8, 9]
