INFO     09:41:23     [tensor_storage.py:70] Hugepage enabled for branch-and-bound domains.
Configurations:

general:
  device: cuda
  seed: 100
  conv_mode: patches
  deterministic: false
  double_fp: false
  loss_reduction_func: sum
  sparse_alpha: true
  sparse_interm: true
  save_adv_example: false
  verify_onnxruntime_output: false
  eval_adv_example: false
  onnx_adv_example: false
  show_adv_example: false
  precompile_jit: false
  reset_seed_after_precompile: false
  prepare_only: false
  complete_verifier: bab
  enable_incomplete_verification: true
  csv_name: null
  results_file: out.txt
  root_path: ''
  deterministic_opt: false
  graph_optimizer: 'Customized("custom_graph_optimizer", "default_optimizer")'
  buffer_has_batchdim: false
  save_output: false
  output_file: out.pkl
  return_optimized_model: false
  store_all_specs_on_cpu: false
  adhoc_tuning: null
model:
  name: null
  path: null
  onnx_path: ../saved_models/mnist_fcnn.onnx
  onnx_path_prefix: ''
  cache_onnx_conversion: false
  debug_onnx: false
  onnx_quirks: null
  input_shape: null
  onnx_loader: default_onnx_and_vnnlib_loader
  onnx_optimization_flags: []
  onnx_vnnlib_joint_optimization_flags: none
  check_optimized: false
  flatten_final_output: false
  optimize_graph: null
  with_jacobian: false
  bound_opts: null
data:
  start: 80
  end: 90
  select_instance: null
  num_outputs: 10
  mean: 0.0
  std: 1.0
  pkl_path: null
  dataset: MNIST
  data_filter_path: null
  data_idx_file: null
specification:
  type: lp
  robustness_type: verified-acc
  norm: .inf
  epsilon: 0.05
  epsilon_min: 0.0
  vnnlib_path: null
  vnnlib_path_prefix: ''
  shrink_eps: null
  rhs_offset: null
solver:
  batch_size: 64
  auto_enlarge_batch_size: false
  batched_crown_auto_enlarge_max_vram_ratio: 0.9
  min_batch_size_ratio: 0.1
  use_float64_in_last_iteration: false
  early_stop_patience: 10
  start_save_best: 0.5
  bound_prop_method: alpha-crown
  init_bound_prop_method: same
  prune_after_crown: true
  optimize_disjuncts_separately: false
  build_batch_size: 1000000
  skip_with_refined_bound: true
  forward_before_compute_bounds: false
  crown:
    batch_size: 1000000000
    max_crown_size: 1000000000
    activation_bound_option: adaptive
    compare_crown_with_ibp: false
  alpha-crown:
    alpha: true
    lr_alpha: 0.1
    iteration: 100
    share_alphas: false
    lr_decay: 0.98
    full_conv_alpha: true
    max_coeff_mul: .inf
    matmul_share_alphas: false
    disable_optimization: []
    max_time: 1.0
    alpha_dtype: float16
    input_split_alpha_iteration: 5
    input_split_lr_alpha: 0.05
  invprop:
    apply_output_constraints_to: []
    tighten_input_bounds: false
    best_of_oc_and_no_oc: false
    directly_optimize: []
    oc_lr: 0.1
    share_gammas: false
  beta-crown:
    lr_alpha: 0.01
    lr_beta: 0.05
    lr_decay: 0.98
    optimizer: adam
    iteration: 50
    beta: true
    beta_warmup: true
    enable_opt_interm_bounds: false
    all_node_split_LP: false
  forward:
    refine: false
    max_dim: 10000
    reset_threshold: 1.0
  mip:
    unstable_neuron_threshold: 0
    parallel_solvers: 2
    solver_threads: 1
    refine_neuron_timeout: 5.0
    refine_neuron_time_percentage: 0.8
    early_stop: true
    adv_warmup: true
    mip_solver: gurobi
    skip_unsafe: false
    topk_filter: 1.0
    sliding_window: -1
    extra_constraint: false
    refine_neuron_timeout_increasement: 0
    timeout_neuron_percentage: 0.3
    remaining_timeout_threshold: 1
    remove_unstable_neurons: false
    formulation: mip
    output_cut: false
bab:
  max_domains: .inf
  decision_thresh: 0
  timeout: 12.0
  timeout_scale: 1
  max_iterations: -1
  override_timeout: null
  get_upper_bound: false
  pruning_in_iteration: true
  pruning_in_iteration_ratio: 0.2
  sort_targets: false
  batched_domain_list: true
  optimized_interm: ''
  interm_transfer: true
  recompute_interm: false
  sort_domain_interval: -1
  vanilla_crown: false
  tree_traversal: depth_first
  hugetensor_allocator: true
  cut:
    enabled: false
    cuts_path: null
    bab_cut: false
    lp_cut: false
    lr: 0.01
    lr_decay: 1.0
    iteration: 100
    bab_iteration: -1
    early_stop_patience: -1
    lr_beta: 0.02
    number_cuts: 50
    topk_cuts_in_filter: 1000
    batch_size_primal: 100
    max_num: 1000000000
    patches_cut: false
    cplex_cuts: false
    cplex_cuts_wait: 0
    cplex_cuts_revpickup: true
    cut_reference_bounds: true
    fix_intermediate_bounds: false
    manual_cuts: null
    biccos:
      enabled: false
      auto_param: true
      constraint_strengthening: true
      drop_ratio: 0.5
      max_infer_iter: 20
      max_domain: 10000.0
      heuristic: neuron_influence_score
      save_cuts: false
      multi_tree_branching:
        enabled: false
        restore_best_tree: true
        keep_n_best_domains: 50
        target_batch_size: 200
        iterations: 3
  clip_n_verify:
    rearrange_constraints: false
    alpha_crown: false
    prune: false
    final_layer: false
    clip_input_domain:
      enabled: false
      clip_type: relaxed
      clip_neuron_selection_type: ratio
      clip_neuron_selection_value: -1.0
      clip_iterations: 1
      clip_calculate_volume_metrics: false
    clip_interm_domain:
      enabled: false
      with_input: false
      clip_in_alpha_crown: false
      topk_objective: 20
  branching:
    method: kfsb
    candidates: 3
    reduceop: min
    enable_intermediate_bound_opt: false
    branching_input_and_activation: false
    branching_input_and_activation_order: [input, relu]
    branching_input_iterations: 30
    branching_relu_iterations: 50
    nonlinear_split:
      method: bbps
      disable: false
      branching_point_method: uniform
      num_branches: 2
      filter: false
      filter_beta: false
      filter_clamp: false
      filter_batch_size: 10000
      filter_iterations: 25
      relu_only: false
      loose_tanh_threshold: null
      branching_point:
        db_path: branching_points.pt
        num_iterations: 1000
        batch_size: 1000000
        range_l: -5.0
        range_u: 5.0
        log_interval: 100
        step_size_1d: 0.01
        step_size: 0.2
    input_split:
      split_hint: null
      enable: false
      reorder_bab: false
      input_dim_threshold: 20
      adv_check: 0
      split_partitions: 2
      sb_margin_weight: 1.0
      sb_sum: false
      sb_primary_spec: null
      bf_backup_thresh: -1
      bf_rhs_offset: 0
      bf_iters: 1000000000.0
      bf_batch_size: 100000
      bf_zero_crossing_score: false
      touch_zero_score: 0
      ibp_enhancement: true
      compare_with_old_bounds: true
      update_rhs_with_attack: false
      sb_coeff_thresh: 0.001
      sort_index: null
      sort_descending: true
      show_progress: false
      presplit_domains: null
      skip_getting_worst_domain: false
  attack:
    enabled: false
    beam_candidates: 8
    beam_depth: 7
    max_dive_fix_ratio: 0.8
    min_local_free_ratio: 0.2
    mip_start_iteration: 5
    mip_timeout: 30.0
    adv_pool_threshold: null
    refined_mip_attacker: false
    refined_batch_size: null
attack:
  general_attack: true
  pgd_order: skip
  pgd_steps: 100
  pgd_restarts: 30
  pgd_batch_size: 100000000
  pgd_early_stop: true
  pgd_lr_decay: 0.99
  pgd_alpha: auto
  pgd_alpha_scale: false
  pgd_loss_mode: null
  pgd_restart_when_stuck: false
  enable_mip_attack: false
  adv_saver: default_adv_saver
  adv_verifier: default_adv_verifier
  early_stop_condition: default_early_stop_condition
  adv_example_finalizer: default_adv_example_finalizer
  pgd_loss: default_pgd_loss
  cex_path: ./test_cex.txt
  attack_mode: PGD
  attack_tolerance: 0.0
  attack_func: attack_with_general_specs
  gama_lambda: 10.0
  gama_decay: 0.9
  input_split:
    pgd_steps: 100
    pgd_restarts: 30
    pgd_alpha: auto
  input_split_check_adv:
    enabled: auto
    pgd_steps: 5
    pgd_restarts: 5
    pgd_alpha: auto
    max_num_domains: 10
debug:
  view_model: false
  lp_test: null
  rescale_vnnlib_ptb: null
  test_optimized_bounds: false
  test_optimized_bounds_after_n_iterations: 0
  print_verbose_decisions: false
  biccos_mip_sanity_check: false
  sanity_check: 0
  z_split_enabled: false
  save_minimal_config: null
  save_minimal_config_omit_keys: []

/home/han/miniconda3/envs/alpha-beta-crown/lib/python3.10/site-packages/onnx2pytorch/convert/layer.py:29: UserWarning: The given NumPy array is not writable, and PyTorch does not support non-writable tensors. This means writing to this tensor will result in undefined behavior. You may want to copy the array to protect its data or make it writable before converting it to a tensor. This type of warning will be suppressed for the rest of this program. (Triggered internally at ../torch/csrc/utils/tensor_numpy.cpp:206.)
  layer.weight.data = torch.from_numpy(numpy_helper.to_array(weight))
/home/han/miniconda3/envs/alpha-beta-crown/lib/python3.10/site-packages/onnx2pytorch/convert/model.py:151: UserWarning: Using experimental implementation that allows 'batch_size > 1'.Batchnorm layers could potentially produce false outputs.
  warnings.warn(
Experiments at Sat Apr  4 09:41:23 2026 on LAPTOP-RGROMBPB
Loading onnx ../saved_models/mnist_fcnn.onnx with quirks {}
Finished onnx model loading in 0.0362 seconds
ConvertModel(
  (Flatten_/flatten/Flatten_output_0): Flatten()
  (Gemm_/fc1/Gemm_output_0): Linear(in_features=784, out_features=256, bias=True)
  (Relu_/relu1/Relu_output_0): ReLU()
  (Gemm_/fc2/Gemm_output_0): Linear(in_features=256, out_features=128, bias=True)
  (Relu_/relu2/Relu_output_0): ReLU()
  (Gemm_output): Linear(in_features=128, out_features=10, bias=True)
)
Parameters:
  Gemm_/fc1/Gemm_output_0.weight: shape torch.Size([256, 784])
  Gemm_/fc1/Gemm_output_0.bias: shape torch.Size([256])
  Gemm_/fc2/Gemm_output_0.weight: shape torch.Size([128, 256])
  Gemm_/fc2/Gemm_output_0.bias: shape torch.Size([128])
  Gemm_output.weight: shape torch.Size([10, 128])
  Gemm_output.bias: shape torch.Size([10])
Trying generic MNIST/CIFAR data loader.
/home/han/alpha-beta-CROWN/complete_verifier/specifications.py:342: UserWarning: Creating a tensor from a list of numpy.ndarrays is extremely slow. Please consider converting the list to a single numpy.ndarray with numpy.array() before converting to a tensor. (Triggered internally at ../torch/csrc/utils/tensor_new.cpp:278.)
  x_range_list = torch.Tensor(x_range_list).to(dtype=dtype, device=device).view(input_shape + [2])
/home/han/alpha-beta-CROWN/auto_LiRPA/auto_LiRPA/beta_crown.py:52: DeprecationWarning: __array__ implementation doesn't accept a copy keyword, so passing copy=False failed. __array__ must implement 'dtype' and 'copy' keyword arguments. To learn more, see the migration guide https://numpy.org/devdocs/numpy_2_0_migration_guide.html#adapting-to-changes-in-the-copy-keyword
  sign_numpy[bi, :split_len] = split_coeffs
Internal results will be saved to out.txt.

 %%%%%%%%%%%%%%%%%%%%%%%%%%%%%%%%%%% idx: 0, vnnlib ID: 80 %%%%%%%%%%%%%%%%%%%%%%%%%%%%%%%%%%%
Finished vnnlib processing in 0.672697 seconds
Model: BoundedModule(
  (/0): BoundInput(name=/0, inputs=[], perturbed=True)
  (/7): BoundParams(name=/7, inputs=[], perturbed=False)
  (/8): BoundParams(name=/8, inputs=[], perturbed=False)
  (/9): BoundParams(name=/9, inputs=[], perturbed=False)
  (/10): BoundParams(name=/10, inputs=[], perturbed=False)
  (/11): BoundParams(name=/11, inputs=[], perturbed=False)
  (/12): BoundParams(name=/12, inputs=[], perturbed=False)
  (/13): BoundFlatten(name=/13, inputs=[/0], perturbed=True)
  (/input): BoundLinear(name=/input, inputs=[/13, /7, /8], perturbed=True)
  (/15): BoundRelu(name=/15, inputs=[/input], perturbed=True)
  (/input-3): BoundLinear(name=/input-3, inputs=[/15, /9, /10], perturbed=True)
  (/17): BoundRelu(name=/17, inputs=[/input-3], perturbed=True)
  (/18): BoundLinear(name=/18, inputs=[/17, /11, /12], perturbed=True)
)
Original output in the first batch: tensor([[ -1.30825830,  -3.35620928,  -4.13818884,  -3.63193297,  -1.48857379,
          -0.51603156, -10.67732334,   7.85123348,  -5.07169342,   2.24308133]],
       device='cuda:0')
Split layers:
Nonlinear functions:
   BoundRelu(name=/15, inputs=[/input], perturbed=True)
   BoundRelu(name=/17, inputs=[/input-3], perturbed=True)
build batch [1/1]
layer /15 using sparse-features alpha with shape [158]; unstable size 158; total size 256 ([1, 256])
layer /15 start_node /input-3 using sparse-spec alpha [2, 106, 1, 158] with unstable size 105 total_size 128 output_shape torch.Size([128])
layer /15 start_node /18 using full alpha [2, 9, 1, 158] with unstable size None total_size 9 output_shape 9
layer /17 using sparse-features alpha with shape [105]; unstable size 105; total size 128 ([1, 128])
layer /17 start_node /18 using full alpha [2, 9, 1, 105] with unstable size None total_size 9 output_shape 9
Optimizable variables initialized.
initial CROWN bounds (first 10 items): [-9.278414726257324, -7.176844120025635, -7.453019142150879, -8.963458061218262, -11.487188339233398, -16.97875213623047, -7.50126838684082, -10.46874713897705, -15.0842866897583]
prune_after_crown optimization in use
  original spec size = torch.Size([1, 9])
  pruned spec size = torch.Size([1, 9])
Using alpha-CROWN to initialize bounds.
best_l after optimization: -84.02577209472656
alpha/beta optimization time: 2.7964375019073486
initial alpha-crown bounds (first 10 items): [-8.567273139953613, -6.327869892120361, -6.379880905151367, -8.170068740844727, -10.31128978729248, -15.107736587524414, -5.772064208984375, -9.351532936096191, -14.038063049316406]
Global lower bound: -15.107736587524414
torch.Size([1, 9])
0 / 9 OR specs are verified.
Verified OR indices (first 10 items): []
Verified OR lbs (first 10 items): []
Unverified OR indices (first 10 items): [0, 1, 2, 3, 4, 5, 6, 7, 8]
Unverified OR lbs (first 10 items): [[-8.567273139953613], [-6.327869892120361], [-6.379880905151367], [-8.170068740844727], [-10.31128978729248], [-15.107736587524414], [-5.772064208984375], [-9.351532936096191], [-14.038063049316406]]
###### Verifying property Instance 0 ######
Batch size: 9
First 10 spec matrices
C: tensor([[[-1.,  0.,  0.,  0.,  0.,  0.,  0.,  1.,  0.,  0.]],

        [[ 0., -1.,  0.,  0.,  0.,  0.,  0.,  1.,  0.,  0.]],

        [[ 0.,  0., -1.,  0.,  0.,  0.,  0.,  1.,  0.,  0.]],

        [[ 0.,  0.,  0., -1.,  0.,  0.,  0.,  1.,  0.,  0.]],

        [[ 0.,  0.,  0.,  0., -1.,  0.,  0.,  1.,  0.,  0.]],

        [[ 0.,  0.,  0.,  0.,  0., -1.,  0.,  1.,  0.,  0.]],

        [[ 0.,  0.,  0.,  0.,  0.,  0., -1.,  1.,  0.,  0.]],

        [[ 0.,  0.,  0.,  0.,  0.,  0.,  0.,  1., -1.,  0.]],

        [[ 0.,  0.,  0.,  0.,  0.,  0.,  0.,  1.,  0., -1.]]], device='cuda:0')
RHS: tensor([[0.],
        [0.],
        [0.],
        [0.],
        [0.],
        [0.],
        [0.],
        [0.],
        [0.]], device='cuda:0')
OR spec sizes: tensor([1, 1, 1, 1, 1, 1, 1, 1, 1], device='cuda:0', dtype=torch.int32)
Remaining timeout: 6.883439302444458
Model prediction is: tensor([ -1.30825830,  -3.35620928,  -4.13818884,  -3.63193297,  -1.48857379,
         -0.51603156, -10.67732334,   7.85123348,  -5.07169342,   2.24308133],
       device='cuda:0')
Activation BaB batch 1/1 
build_with_refined_bounds batch [1/1]
Optimizable variables initialized.
all alpha initialized
directly get lb and ub from refined bounds
c shape: torch.Size([9, 1, 10])
lA shapes: [torch.Size([9, 1, 256]), torch.Size([9, 1, 128])]
torch.Size([9, 1])
(alpha-)CROWN with fixed intermediate bounds: tensor([[ -8.56727314],
        [ -6.32786989],
        [ -6.37988091],
        [ -8.17006874],
        [-10.31128979],
        [-15.10773659],
        [ -5.77206421],
        [ -9.35153294],
        [-14.03806305]], device='cuda:0') tensor([[inf],
        [inf],
        [inf],
        [inf],
        [inf],
        [inf],
        [inf],
        [inf],
        [inf]], device='cuda:0')
Intermediate layers: /input,/input-3
Keeping alphas for these layers: ['/18']
Node /15 input 0: size torch.Size([256]) unstable 158
Node /17 input 0: size torch.Size([128]) unstable 102
-----------------
# of unstable neurons: 260
-----------------

BaB round 1
batch: 9
splitting decisions: 
split level 0: [/input-3, 102] [/input-3, 101] [/input-3, 70] [/input, 160] [/input-3, 70] [/input-3, 70] [/input-3, 102] [/input-3, 27] [/input-3, 102] 
best_l after optimization: -151.57998657226562
beta sum per layer: [0.8954911231994629, 5.957878112792969]
alpha/beta optimization time: 0.5017526149749756
pruning_in_iteration open status: False
ratio of positive domain = 0 / 18 = 0.0
pruning-in-iteration extra time: 0.00010395050048828125
torch.Size([18, 1])
Time: prepare 0.0021    bound 0.5026    transfer 0.0002    finalize 0.0012    func 0.5063    
Accumulated time: func 0.5063    prepare 0.0033    bound 0.5026    transfer 0.0002    finalize 0.0012    
max lb tensor(-4.69638920) min lb tensor(-14.71840858)
Number of Verified Splits: 0 of 18
Current worst splitting domains lb-rhs (depth):
-14.71841 (1), -13.55586 (1), -13.53545 (1), -13.11043 (1), -10.11394 (1), -9.06416 (1), -7.99700 (1), -7.78848 (1), -7.67475 (1), -7.66164 (1), -7.25968 (1), -6.67368 (1), -6.03041 (1), -5.92287 (1), -5.72222 (1), -5.13688 (1), -4.91774 (1), -4.69639 (1), 
Length of domains: 18
Current (lb-rhs): -14.718408584594727
18 domains visited
Time: pickout 0.0032    decision 0.1575    set_bounds 0.0008    solve 0.5078    add 0.0064    
Accumulated time: pickout 0.0032    decision 0.1575    set_bounds 0.0008    solve 0.5078    add 0.0064    
Cumulative time: 0.7012245655059814

BaB round 2
batch: 18
splitting decisions: 
split level 0: [/input-3, 40] [/input, 4] [/input-3, 34] [/input-3, 102] [/input-3, 62] [/input-3, 27] [/input, 173] [/input-3, 40] [/input-3, 70] [/input-3, 40] 
best_l after optimization: -272.899169921875
beta sum per layer: [1.8000977039337158, 27.624692916870117]
alpha/beta optimization time: 0.8512239456176758
pruning_in_iteration open status: False
ratio of positive domain = 0 / 36 = 0.0
pruning-in-iteration extra time: 0.0007627010345458984
torch.Size([36, 1])
Time: prepare 0.0014    bound 0.8533    transfer 0.0018    finalize 0.0098    func 0.8667    
Accumulated time: func 1.3729    prepare 0.0070    bound 1.3559    transfer 0.0020    finalize 0.0110    
max lb tensor(-3.39917850) min lb tensor(-14.40262985)
Number of Verified Splits: 0 of 36
Current worst splitting domains lb-rhs (depth):
-14.40263 (2), -13.23272 (2), -13.21258 (2), -13.11335 (2), -12.61834 (2), -12.21815 (2), -11.04307 (2), -10.96846 (2), -9.72558 (2), -9.68538 (2), -8.86357 (2), -7.72052 (2), -7.38816 (2), -7.35346 (2), -7.26661 (2), -7.10581 (2), -6.81239 (2), -6.58290 (2), -6.28455 (2), -6.10547 (2), 
Length of domains: 36
Current (lb-rhs): -14.402629852294922
54 domains visited
Time: pickout 0.0047    decision 0.0212    set_bounds 0.0015    solve 0.8719    add 0.0081    
Accumulated time: pickout 0.0079    decision 0.1787    set_bounds 0.0023    solve 1.3797    add 0.0145    
Cumulative time: 1.6100902557373047

BaB round 3
batch: 36
splitting decisions: 
split level 0: [/input-3, 27] [/input-3, 6] [/input, 21] [/input-3, 62] [/input, 21] [/input, 173] [/input-3, 70] [/input-3, 6] [/input-3, 62] [/input-3, 27] 
best_l after optimization: -491.5329284667969
beta sum per layer: [11.387447357177734, 87.35660552978516]
alpha/beta optimization time: 1.2027873992919922
pruning_in_iteration open status: False
ratio of positive domain = 0 / 72 = 0.0
pruning-in-iteration extra time: 0.0010237693786621094
torch.Size([72, 1])
Time: prepare 0.0052    bound 1.2059    transfer 0.0019    finalize 0.0139    func 1.2272    
Accumulated time: func 2.6001    prepare 0.0250    bound 2.5618    transfer 0.0039    finalize 0.0249    
max lb tensor(-1.26484013) min lb tensor(-14.08839893)
Number of Verified Splits: 0 of 72
Current worst splitting domains lb-rhs (depth):
-14.08840 (3), -13.74950 (3), -12.89861 (3), -12.88285 (3), -12.59898 (3), -12.52163 (3), -12.44141 (3), -12.31245 (3), -12.27724 (3), -11.88405 (3), -10.64667 (3), -10.46540 (3), -10.46105 (3), -10.38511 (3), -10.02887 (3), -9.94402 (3), -9.53009 (3), -9.45238 (3), -8.61328 (3), -8.59247 (3), 
Length of domains: 72
Current (lb-rhs): -14.088398933410645
126 domains visited
Time: pickout 0.0189    decision 0.1058    set_bounds 0.0041    solve 1.2294    add 0.0039    
Accumulated time: pickout 0.0268    decision 0.2845    set_bounds 0.0064    solve 2.6091    add 0.0184    
Cumulative time: 2.9725942611694336

BaB round 4
batch: 64
splitting decisions: 
split level 0: [/input, 21] [/input-3, 103] [/input-3, 70] [/input, 239] [/input-3, 40] [/input-3, 101] [/input-3, 71] [/input-3, 40] [/input-3, 6] [/input-3, 62] 
best_l after optimization: -748.9781494140625
beta sum per layer: [33.50384521484375, 239.34803771972656]
alpha/beta optimization time: 1.1061062812805176
pruning_in_iteration open status: False
ratio of positive domain = 1 / 128 = 0.0078125
pruning-in-iteration extra time: 0.0010859966278076172
torch.Size([128, 1])
Time: prepare 0.0065    bound 1.1087    transfer 0.0043    finalize 0.0120    func 1.1319    
Accumulated time: func 3.7320    prepare 0.0441    bound 3.6705    transfer 0.0083    finalize 0.0369    
max lb tensor(0.39068508) min lb tensor(-13.49689865)
Number of Verified Splits: 1 of 128
Current worst splitting domains lb-rhs (depth):
-14.08840 (3), -13.49690 (4), -12.59737 (4), -12.54672 (4), -12.26168 (4), -12.18622 (4), -12.16218 (4), -12.04182 (4), -11.99141 (4), -11.88996 (4), -11.83428 (4), -11.83378 (4), -11.45374 (4), -11.39817 (4), -11.32122 (4), -11.02788 (4), -10.96450 (4), -10.93015 (4), -10.84692 (4), -10.17356 (4), 
Length of domains: 135
Current (lb-rhs): -14.088398933410645
254 domains visited
Time: pickout 0.0271    decision 0.1355    set_bounds 0.0043    solve 1.1386    add 0.0081    
Accumulated time: pickout 0.0539    decision 0.4200    set_bounds 0.0107    solve 3.7477    add 0.0265    
Cumulative time: 4.287944078445435

BaB round 5
batch: 64
splitting decisions: 
split level 0: [/input-3, 40] [/input-3, 40] [/input-3, 0] [/input-3, 104] [/input-3, 40] [/input-3, 27] [/input-3, 34] [/input-3, 6] [/input-3, 11] [/input-3, 11] 
best_l after optimization: -594.2197875976562
beta sum per layer: [49.4708251953125, 359.7669372558594]
alpha/beta optimization time: 1.0461962223052979
pruning_in_iteration open status: False
ratio of positive domain = 5 / 128 = 0.0390625
pruning-in-iteration extra time: 0.0018475055694580078
torch.Size([128, 1])
Time: prepare 0.0090    bound 1.0498    transfer 0.0020    finalize 0.0167    func 1.0777    
Accumulated time: func 4.8097    prepare 0.0635    bound 4.7203    transfer 0.0102    finalize 0.0536    
max lb tensor(0.41506672) min lb tensor(-11.83529472)
Number of Verified Splits: 5 of 128
Current worst splitting domains lb-rhs (depth):
-14.08840 (3), -13.49690 (4), -12.59737 (4), -12.54672 (4), -12.26168 (4), -12.18622 (4), -12.16218 (4), -11.99141 (4), -11.88996 (4), -11.83529 (5), -11.63662 (5), -11.45374 (4), -11.42836 (5), -11.33518 (5), -11.19798 (5), -10.72318 (5), -10.70143 (5), -10.63498 (5), -10.58135 (5), -10.48229 (5), 
Length of domains: 194
Current (lb-rhs): -14.088398933410645
382 domains visited
Time: pickout 0.0399    decision 0.1408    set_bounds 0.0089    solve 1.0787    add 0.0043    
Accumulated time: pickout 0.0937    decision 0.5608    set_bounds 0.0196    solve 4.8264    add 0.0309    
Cumulative time: 5.561371564865112

BaB round 6
batch: 64
splitting decisions: 
split level 0: [/input-3, 6] [/input-3, 88] [/input-3, 36] [/input-3, 11] [/input-3, 72] [/input-3, 27] [/input, 121] [/input-3, 114] [/input-3, 34] [/input, 121] 
best_l after optimization: -515.62158203125
beta sum per layer: [55.518672943115234, 440.20123291015625]
alpha/beta optimization time: 0.8620212078094482
pruning_in_iteration open status: False
ratio of positive domain = 0 / 128 = 0.0
pruning-in-iteration extra time: 0.0005285739898681641
torch.Size([128, 1])
Time: prepare 0.0059    bound 0.8636    transfer 0.0017    finalize 0.0088    func 0.8801    
Accumulated time: func 5.6898    prepare 0.0778    bound 5.5839    transfer 0.0120    finalize 0.0623    
max lb tensor(-0.09726715) min lb tensor(-11.13963509)
Number of Verified Splits: 0 of 128
Current worst splitting domains lb-rhs (depth):
-14.08840 (3), -13.49690 (4), -12.59737 (4), -12.54672 (4), -12.26168 (4), -12.18622 (4), -12.16218 (4), -11.99141 (4), -11.88996 (4), -11.83529 (5), -11.63662 (5), -11.45374 (4), -11.33518 (5), -11.19798 (5), -11.13964 (6), -10.72318 (5), -10.70143 (5), -10.63498 (5), -10.58135 (5), -10.37551 (5), 
Length of domains: 258
Current (lb-rhs): -14.088398933410645
510 domains visited
Time: pickout 0.0180    decision 0.1406    set_bounds 0.0054    solve 0.8811    add 0.0058    
Accumulated time: pickout 0.1117    decision 0.7014    set_bounds 0.0249    solve 5.7075    add 0.0367    
Cumulative time: 6.612539291381836

BaB round 7
batch: 64
splitting decisions: 
split level 0: [/input-3, 17] [/input-3, 96] [/input-3, 0] [/input-3, 102] [/input-3, 21] [/input-3, 21] [/input-3, 27] [/input, 21] [/input-3, 21] [/input-3, 8] 
best_l after optimization: -372.42901611328125
beta sum per layer: [63.83427047729492, 521.839599609375]
alpha/beta optimization time: 0.71842360496521
pruning_in_iteration open status: False
ratio of positive domain = 18 / 128 = 0.140625
pruning-in-iteration extra time: 0.0006265640258789062
torch.Size([128, 1])
Time: prepare 0.0050    bound 0.7200    transfer 0.0008    finalize 0.0095    func 0.7354    
Accumulated time: func 6.4252    prepare 0.0904    bound 6.3039    transfer 0.0127    finalize 0.0718    
max lb tensor(0.46713638) min lb tensor(-9.75304413)
Number of Verified Splits: 18 of 128
Current worst splitting domains lb-rhs (depth):
-14.08840 (3), -13.49690 (4), -12.59737 (4), -12.54672 (4), -12.26168 (4), -12.18622 (4), -12.16218 (4), -11.99141 (4), -11.88996 (4), -11.83529 (5), -11.63662 (5), -11.45374 (4), -11.33518 (5), -11.19798 (5), -11.13964 (6), -10.72318 (5), -10.70143 (5), -10.63498 (5), -10.58135 (5), -10.37551 (5), 
Length of domains: 304
Current (lb-rhs): -14.088398933410645
638 domains visited
Time: pickout 0.0181    decision 0.0969    set_bounds 0.0046    solve 0.7374    add 0.0030    
Accumulated time: pickout 0.1298    decision 0.7983    set_bounds 0.0296    solve 6.4449    add 0.0397    
Time out!!!!!!!!
Result: unknown in 12.5957 seconds

 %%%%%%%%%%%%%%%%%%%%%%%%%%%%%%%%%%% idx: 1, vnnlib ID: 81 %%%%%%%%%%%%%%%%%%%%%%%%%%%%%%%%%%%
Finished vnnlib processing in 0.014683 seconds
Model: BoundedModule(
  (/0): BoundInput(name=/0, inputs=[], perturbed=True)
  (/7): BoundParams(name=/7, inputs=[], perturbed=False)
  (/8): BoundParams(name=/8, inputs=[], perturbed=False)
  (/9): BoundParams(name=/9, inputs=[], perturbed=False)
  (/10): BoundParams(name=/10, inputs=[], perturbed=False)
  (/11): BoundParams(name=/11, inputs=[], perturbed=False)
  (/12): BoundParams(name=/12, inputs=[], perturbed=False)
  (/13): BoundFlatten(name=/13, inputs=[/0], perturbed=True)
  (/input): BoundLinear(name=/input, inputs=[/13, /7, /8], perturbed=True)
  (/15): BoundRelu(name=/15, inputs=[/input], perturbed=True)
  (/input-3): BoundLinear(name=/input-3, inputs=[/15, /9, /10], perturbed=True)
  (/17): BoundRelu(name=/17, inputs=[/input-3], perturbed=True)
  (/18): BoundLinear(name=/18, inputs=[/17, /11, /12], perturbed=True)
)
Original output in the first batch: tensor([[ 0.41868344, -2.24553394, -0.89462757, -6.36679983, -3.36229491,
         -0.46421796,  4.62465715, -4.33235407, -1.95695817,  0.16725460]],
       device='cuda:0')
Split layers:
Nonlinear functions:
   BoundRelu(name=/15, inputs=[/input], perturbed=True)
   BoundRelu(name=/17, inputs=[/input-3], perturbed=True)
build batch [1/1]
layer /15 using sparse-features alpha with shape [165]; unstable size 165; total size 256 ([1, 256])
layer /15 start_node /input-3 using sparse-spec alpha [2, 111, 1, 165] with unstable size 110 total_size 128 output_shape torch.Size([128])
layer /15 start_node /18 using full alpha [2, 9, 1, 165] with unstable size None total_size 9 output_shape 9
layer /17 using sparse-features alpha with shape [110]; unstable size 110; total size 128 ([1, 128])
layer /17 start_node /18 using full alpha [2, 9, 1, 110] with unstable size None total_size 9 output_shape 9
Optimizable variables initialized.
initial CROWN bounds (first 10 items): [-13.10891056060791, -13.850536346435547, -18.288841247558594, -14.559452056884766, -13.84726333618164, -16.347780227661133, -18.831106185913086, -13.445535659790039, -19.003114700317383]
prune_after_crown optimization in use
  original spec size = torch.Size([1, 9])
  pruned spec size = torch.Size([1, 9])
Using alpha-CROWN to initialize bounds.
best_l after optimization: -128.5849609375
alpha/beta optimization time: 3.2559306621551514
initial alpha-crown bounds (first 10 items): [-11.59214973449707, -12.680694580078125, -17.183679580688477, -13.083953857421875, -12.834884643554688, -14.91152572631836, -17.43109130859375, -12.240710258483887, -16.626279830932617]
Global lower bound: -17.43109130859375
torch.Size([1, 9])
0 / 9 OR specs are verified.
Verified OR indices (first 10 items): []
Verified OR lbs (first 10 items): []
Unverified OR indices (first 10 items): [0, 1, 2, 3, 4, 5, 6, 7, 8]
Unverified OR lbs (first 10 items): [[-11.59214973449707], [-12.680694580078125], [-17.183679580688477], [-13.083953857421875], [-12.834884643554688], [-14.91152572631836], [-17.43109130859375], [-12.240710258483887], [-16.626279830932617]]
###### Verifying property Instance 1 ######
Batch size: 9
First 10 spec matrices
C: tensor([[[-1.,  0.,  0.,  0.,  0.,  0.,  1.,  0.,  0.,  0.]],

        [[ 0., -1.,  0.,  0.,  0.,  0.,  1.,  0.,  0.,  0.]],

        [[ 0.,  0., -1.,  0.,  0.,  0.,  1.,  0.,  0.,  0.]],

        [[ 0.,  0.,  0., -1.,  0.,  0.,  1.,  0.,  0.,  0.]],

        [[ 0.,  0.,  0.,  0., -1.,  0.,  1.,  0.,  0.,  0.]],

        [[ 0.,  0.,  0.,  0.,  0., -1.,  1.,  0.,  0.,  0.]],

        [[ 0.,  0.,  0.,  0.,  0.,  0.,  1., -1.,  0.,  0.]],

        [[ 0.,  0.,  0.,  0.,  0.,  0.,  1.,  0., -1.,  0.]],

        [[ 0.,  0.,  0.,  0.,  0.,  0.,  1.,  0.,  0., -1.]]], device='cuda:0')
RHS: tensor([[0.],
        [0.],
        [0.],
        [0.],
        [0.],
        [0.],
        [0.],
        [0.],
        [0.]], device='cuda:0')
OR spec sizes: tensor([1, 1, 1, 1, 1, 1, 1, 1, 1], device='cuda:0', dtype=torch.int32)
Remaining timeout: 7.6345908641815186
Model prediction is: tensor([ 0.41868344, -2.24553394, -0.89462757, -6.36679983, -3.36229491,
        -0.46421796,  4.62465715, -4.33235407, -1.95695817,  0.16725460],
       device='cuda:0')
Activation BaB batch 1/1 
build_with_refined_bounds batch [1/1]
Optimizable variables initialized.
all alpha initialized
directly get lb and ub from refined bounds
c shape: torch.Size([9, 1, 10])
lA shapes: [torch.Size([9, 1, 256]), torch.Size([9, 1, 128])]
torch.Size([9, 1])
(alpha-)CROWN with fixed intermediate bounds: tensor([[-11.59214973],
        [-12.68069458],
        [-17.18367958],
        [-13.08395386],
        [-12.83488464],
        [-14.91152573],
        [-17.43109131],
        [-12.24071026],
        [-16.62627983]], device='cuda:0') tensor([[inf],
        [inf],
        [inf],
        [inf],
        [inf],
        [inf],
        [inf],
        [inf],
        [inf]], device='cuda:0')
Intermediate layers: /input,/input-3
Keeping alphas for these layers: ['/18']
Node /15 input 0: size torch.Size([256]) unstable 165
Node /17 input 0: size torch.Size([128]) unstable 106
-----------------
# of unstable neurons: 271
-----------------

BaB round 1
batch: 9
splitting decisions: 
split level 0: [/input-3, 42] [/input, 125] [/input, 125] [/input, 160] [/input-3, 34] [/input-3, 36] [/input-3, 42] [/input, 160] [/input-3, 36] 
best_l after optimization: -243.55120849609375
beta sum per layer: [0.5489215850830078, 4.101491451263428]
alpha/beta optimization time: 0.6459779739379883
pruning_in_iteration open status: False
ratio of positive domain = 0 / 18 = 0.0
pruning-in-iteration extra time: 0.0007157325744628906
torch.Size([18, 1])
Time: prepare 0.0032    bound 0.6474    transfer 0.0013    finalize 0.0076    func 0.6596    
Accumulated time: func 0.6596    prepare 0.0114    bound 0.6474    transfer 0.0013    finalize 0.0076    
max lb tensor(-9.75838184) min lb tensor(-16.86187172)
Number of Verified Splits: 0 of 18
Current worst splitting domains lb-rhs (depth):
-16.86187 (1), -16.60706 (1), -16.51479 (1), -16.43933 (1), -16.27752 (1), -14.81727 (1), -14.35683 (1), -14.16033 (1), -12.48947 (1), -12.30612 (1), -12.23022 (1), -12.11887 (1), -12.04130 (1), -11.93546 (1), -11.78735 (1), -11.53052 (1), -11.31852 (1), -9.75838 (1), 
Length of domains: 18
Current (lb-rhs): -16.86187171936035
18 domains visited
Time: pickout 0.0017    decision 0.0514    set_bounds 0.0030    solve 0.6604    add 0.0089    
Accumulated time: pickout 0.0017    decision 0.0514    set_bounds 0.0030    solve 0.6604    add 0.0089    
Cumulative time: 0.7683229446411133

BaB round 2
batch: 18
splitting decisions: 
split level 0: [/input-3, 81] [/input-3, 9] [/input-3, 34] [/input, 125] [/input, 183] [/input, 132] [/input, 125] [/input-3, 42] [/input, 132] [/input, 183] 
best_l after optimization: -459.833740234375
beta sum per layer: [7.106593132019043, 16.595806121826172]
alpha/beta optimization time: 0.73978590965271
pruning_in_iteration open status: False
ratio of positive domain = 0 / 36 = 0.0
pruning-in-iteration extra time: 0.00079345703125
torch.Size([36, 1])
Time: prepare 0.0026    bound 0.7415    transfer 0.0015    finalize 0.0074    func 0.7530    
Accumulated time: func 1.4126    prepare 0.0209    bound 1.3889    transfer 0.0028    finalize 0.0149    
max lb tensor(-8.69236755) min lb tensor(-16.36960602)
Number of Verified Splits: 0 of 36
Current worst splitting domains lb-rhs (depth):
-16.36961 (2), -16.27930 (2), -16.08850 (2), -16.07066 (2), -16.01170 (2), -16.00120 (2), -15.92274 (2), -15.67614 (2), -15.55632 (2), -15.16922 (2), -14.52596 (2), -13.98074 (2), -13.86061 (2), -13.68564 (2), -12.96099 (2), -12.40460 (2), -12.16110 (2), -11.92233 (2), -11.80107 (2), -11.68499 (2), 
Length of domains: 36
Current (lb-rhs): -16.369606018066406
54 domains visited
Time: pickout 0.0141    decision 0.0521    set_bounds 0.0025    solve 0.7539    add 0.0019    
Accumulated time: pickout 0.0158    decision 0.1035    set_bounds 0.0055    solve 1.4143    add 0.0108    
Cumulative time: 1.5928845405578613

BaB round 3
batch: 36
splitting decisions: 
split level 0: [/input, 150] [/input, 183] [/input, 183] [/input, 183] [/input-3, 36] [/input, 125] [/input, 183] [/input, 125] [/input-3, 79] [/input-3, 9] 
best_l after optimization: -868.4976806640625
beta sum per layer: [26.870769500732422, 48.61851501464844]
alpha/beta optimization time: 0.6697311401367188
pruning_in_iteration open status: False
ratio of positive domain = 0 / 72 = 0.0
pruning-in-iteration extra time: 0.00030231475830078125
torch.Size([72, 1])
Time: prepare 0.0063    bound 0.6713    transfer 0.0016    finalize 0.0093    func 0.6885    
Accumulated time: func 2.1011    prepare 0.0323    bound 2.0602    transfer 0.0044    finalize 0.0242    
max lb tensor(-6.89028215) min lb tensor(-15.98004341)
Number of Verified Splits: 0 of 72
Current worst splitting domains lb-rhs (depth):
-15.98004 (3), -15.89089 (3), -15.73021 (3), -15.60392 (3), -15.54639 (3), -15.52780 (3), -15.44513 (3), -15.40726 (3), -15.38515 (3), -15.27819 (3), -15.16426 (3), -15.10250 (3), -15.10075 (3), -15.08594 (3), -15.03667 (3), -15.00954 (3), -14.63938 (3), -14.50507 (3), -14.37209 (3), -14.22145 (3), 
Length of domains: 72
Current (lb-rhs): -15.980043411254883
126 domains visited
Time: pickout 0.0116    decision 0.0820    set_bounds 0.0024    solve 0.6894    add 0.0025    
Accumulated time: pickout 0.0273    decision 0.1854    set_bounds 0.0079    solve 2.1037    add 0.0133    
Cumulative time: 2.3808717727661133

BaB round 4
batch: 64
splitting decisions: 
split level 0: [/input-3, 14] [/input-3, 81] [/input-3, 116] [/input, 54] [/input-3, 65] [/input-3, 73] [/input, 132] [/input-3, 48] [/input, 132] [/input-3, 42] 
best_l after optimization: -1442.3975830078125
beta sum per layer: [56.241241455078125, 154.4095916748047]
alpha/beta optimization time: 1.0233399868011475
pruning_in_iteration open status: False
ratio of positive domain = 0 / 128 = 0.0
pruning-in-iteration extra time: 0.0009179115295410156
torch.Size([128, 1])
Time: prepare 0.0101    bound 1.0260    transfer 0.0013    finalize 0.0089    func 1.0465    
Accumulated time: func 3.1477    prepare 0.0541    bound 3.0863    transfer 0.0057    finalize 0.0331    
max lb tensor(-5.07131386) min lb tensor(-15.60172081)
Number of Verified Splits: 0 of 128
Current worst splitting domains lb-rhs (depth):
-15.60172 (4), -15.52102 (4), -15.48631 (4), -15.17635 (4), -15.12940 (4), -15.12307 (4), -15.10075 (3), -15.08594 (3), -15.06482 (4), -15.04912 (4), -14.99570 (4), -14.98640 (4), -14.98068 (4), -14.94482 (4), -14.94362 (4), -14.93039 (4), -14.81382 (4), -14.78257 (4), -14.69373 (4), -14.67101 (4), 
Length of domains: 136
Current (lb-rhs): -15.601720809936523
254 domains visited
Time: pickout 0.0150    decision 0.1117    set_bounds 0.0062    solve 1.0474    add 0.0022    
Accumulated time: pickout 0.0424    decision 0.2971    set_bounds 0.0141    solve 3.1511    add 0.0154    
Cumulative time: 3.5635693073272705

BaB round 5
batch: 64
splitting decisions: 
split level 0: [/input-3, 42] [/input-3, 63] [/input-3, 69] [/input-3, 36] [/input-3, 36] [/input, 183] [/input-3, 69] [/input, 160] [/input-3, 119] [/input-3, 14] 
best_l after optimization: -1295.6640625
beta sum per layer: [63.510276794433594, 278.50201416015625]
alpha/beta optimization time: 0.6927080154418945
pruning_in_iteration open status: False
ratio of positive domain = 0 / 128 = 0.0
pruning-in-iteration extra time: 0.0007395744323730469
torch.Size([128, 1])
Time: prepare 0.0051    bound 0.6944    transfer 0.0013    finalize 0.0099    func 0.7109    
Accumulated time: func 3.8585    prepare 0.0678    bound 3.7806    transfer 0.0071    finalize 0.0430    
max lb tensor(-3.99587154) min lb tensor(-14.74594212)
Number of Verified Splits: 0 of 128
Current worst splitting domains lb-rhs (depth):
-15.60172 (4), -15.52102 (4), -15.48631 (4), -15.12940 (4), -15.10075 (3), -15.08594 (3), -15.04912 (4), -14.99570 (4), -14.98068 (4), -14.94482 (4), -14.94362 (4), -14.93039 (4), -14.78257 (4), -14.74594 (5), -14.68923 (5), -14.63168 (5), -14.57340 (5), -14.55358 (5), -14.54898 (5), -14.51188 (5), 
Length of domains: 200
Current (lb-rhs): -15.601720809936523
382 domains visited
Time: pickout 0.0182    decision 0.1127    set_bounds 0.0054    solve 0.7124    add 0.0018    
Accumulated time: pickout 0.0606    decision 0.4098    set_bounds 0.0194    solve 3.8635    add 0.0172    
Cumulative time: 4.4142749309539795

BaB round 6
batch: 64
splitting decisions: 
split level 0: [/input-3, 65] [/input-3, 24] [/input-3, 48] [/input-3, 15] [/input-3, 48] [/input-3, 116] [/input-3, 119] [/input, 132] [/input-3, 51] [/input-3, 65] 
best_l after optimization: -1159.85009765625
beta sum per layer: [67.09178161621094, 394.1481628417969]
alpha/beta optimization time: 0.46225953102111816
pruning_in_iteration open status: False
ratio of positive domain = 0 / 128 = 0.0
pruning-in-iteration extra time: 9.274482727050781e-05
torch.Size([128, 1])
Time: prepare 0.0041    bound 0.4631    transfer 0.0003    finalize 0.0025    func 0.4701    
Accumulated time: func 4.3286    prepare 0.0783    bound 4.2437    transfer 0.0074    finalize 0.0455    
max lb tensor(-3.02724266) min lb tensor(-14.47768021)
Number of Verified Splits: 0 of 128
Current worst splitting domains lb-rhs (depth):
-15.60172 (4), -15.52102 (4), -15.48631 (4), -15.12940 (4), -15.10075 (3), -15.08594 (3), -15.04912 (4), -14.99570 (4), -14.98068 (4), -14.94482 (4), -14.94362 (4), -14.93039 (4), -14.78257 (4), -14.57340 (5), -14.55358 (5), -14.51188 (5), -14.48443 (5), -14.47768 (6), -14.42965 (5), -14.42565 (5), 
Length of domains: 264
Current (lb-rhs): -15.601720809936523
510 domains visited
Time: pickout 0.0181    decision 0.0966    set_bounds 0.0040    solve 0.4708    add 0.0037    
Accumulated time: pickout 0.0787    decision 0.5064    set_bounds 0.0234    solve 4.3343    add 0.0209    
Cumulative time: 5.0088372230529785

BaB round 7
batch: 64
splitting decisions: 
split level 0: [/input-3, 119] [/input-3, 65] [/input-3, 15] [/input, 160] [/input, 132] [/input, 125] [/input-3, 7] [/input-3, 15] [/input-3, 2] [/input-3, 15] 
best_l after optimization: -1031.3905029296875
beta sum per layer: [71.09190368652344, 485.36968994140625]
alpha/beta optimization time: 0.3938596248626709
pruning_in_iteration open status: False
ratio of positive domain = 0 / 128 = 0.0
pruning-in-iteration extra time: 9.465217590332031e-05
torch.Size([128, 1])
Time: prepare 0.0037    bound 0.3949    transfer 0.0002    finalize 0.0022    func 0.4010    
Accumulated time: func 4.7297    prepare 0.0843    bound 4.6386    transfer 0.0076    finalize 0.0477    
max lb tensor(-2.62985468) min lb tensor(-13.19200706)
Number of Verified Splits: 0 of 128
Current worst splitting domains lb-rhs (depth):
-15.60172 (4), -15.52102 (4), -15.48631 (4), -15.12940 (4), -15.10075 (3), -15.08594 (3), -15.04912 (4), -14.99570 (4), -14.98068 (4), -14.94482 (4), -14.94362 (4), -14.93039 (4), -14.78257 (4), -14.57340 (5), -14.55358 (5), -14.51188 (5), -14.48443 (5), -14.47768 (6), -14.42965 (5), -14.42565 (5), 
Length of domains: 328
Current (lb-rhs): -15.601720809936523
638 domains visited
Time: pickout 0.0142    decision 0.0294    set_bounds 0.0038    solve 0.4017    add 0.0011    
Accumulated time: pickout 0.0929    decision 0.5358    set_bounds 0.0272    solve 4.7360    add 0.0220    
Cumulative time: 5.459204435348511

BaB round 8
batch: 64
splitting decisions: 
split level 0: [/input-3, 15] [/input-3, 74] [/input-3, 79] [/input-3, 48] [/input-3, 79] [/input-3, 88] [/input-3, 13] [/input-3, 119] [/input-3, 59] [/input-3, 81] 
best_l after optimization: -884.2911376953125
beta sum per layer: [59.220096588134766, 593.62744140625]
alpha/beta optimization time: 0.5429215431213379
pruning_in_iteration open status: False
ratio of positive domain = 0 / 128 = 0.0
pruning-in-iteration extra time: 0.0001914501190185547
torch.Size([128, 1])
Time: prepare 0.0046    bound 0.5442    transfer 0.0005    finalize 0.0039    func 0.5534    
Accumulated time: func 5.2831    prepare 0.0903    bound 5.1827    transfer 0.0081    finalize 0.0516    
max lb tensor(-2.27231741) min lb tensor(-12.94914436)
Number of Verified Splits: 0 of 128
Current worst splitting domains lb-rhs (depth):
-15.60172 (4), -15.52102 (4), -15.48631 (4), -15.12940 (4), -15.10075 (3), -15.08594 (3), -15.04912 (4), -14.99570 (4), -14.98068 (4), -14.94482 (4), -14.94362 (4), -14.93039 (4), -14.78257 (4), -14.57340 (5), -14.55358 (5), -14.51188 (5), -14.48443 (5), -14.47768 (6), -14.42965 (5), -14.42565 (5), 
Length of domains: 392
Current (lb-rhs): -15.601720809936523
766 domains visited
Time: pickout 0.0088    decision 0.0276    set_bounds 0.0039    solve 0.5546    add 0.0024    
Accumulated time: pickout 0.1017    decision 0.5634    set_bounds 0.0311    solve 5.2906    add 0.0244    
Cumulative time: 6.057006597518921

BaB round 9
batch: 64
splitting decisions: 
split level 0: [/input-3, 81] [/input-3, 2] [/input-3, 7] [/input-3, 9] [/input-3, 107] [/input-3, 15] [/input-3, 81] [/input-3, 69] [/input-3, 79] [/input-3, 13] 
best_l after optimization: -729.3112182617188
beta sum per layer: [56.314971923828125, 699.5833129882812]
alpha/beta optimization time: 0.6628069877624512
pruning_in_iteration open status: False
ratio of positive domain = 0 / 128 = 0.0
pruning-in-iteration extra time: 0.00036406517028808594
torch.Size([128, 1])
Time: prepare 0.0053    bound 0.6644    transfer 0.0012    finalize 0.0108    func 0.6818    
Accumulated time: func 5.9649    prepare 0.0982    bound 5.8472    transfer 0.0093    finalize 0.0624    
max lb tensor(-1.99169064) min lb tensor(-10.06515026)
Number of Verified Splits: 0 of 128
Current worst splitting domains lb-rhs (depth):
-15.60172 (4), -15.52102 (4), -15.48631 (4), -15.12940 (4), -15.10075 (3), -15.08594 (3), -15.04912 (4), -14.99570 (4), -14.98068 (4), -14.94482 (4), -14.94362 (4), -14.93039 (4), -14.78257 (4), -14.57340 (5), -14.55358 (5), -14.51188 (5), -14.48443 (5), -14.47768 (6), -14.42965 (5), -14.42565 (5), 
Length of domains: 456
Current (lb-rhs): -15.601720809936523
894 domains visited
Time: pickout 0.0144    decision 0.0451    set_bounds 0.0052    solve 0.6832    add 0.0022    
Accumulated time: pickout 0.1161    decision 0.6085    set_bounds 0.0362    solve 5.9738    add 0.0267    
Cumulative time: 6.807433843612671

BaB round 10
batch: 64
splitting decisions: 
split level 0: [/input-3, 13] [/input-3, 14] [/input-3, 107] [/input-3, 24] [/input-3, 14] [/input-3, 107] [/input, 160] [/input-3, 65] [/input-3, 48] [/input, 160] 
best_l after optimization: -572.5802612304688
beta sum per layer: [52.26215362548828, 814.91259765625]
alpha/beta optimization time: 0.6659500598907471
pruning_in_iteration open status: False
ratio of positive domain = 0 / 128 = 0.0
pruning-in-iteration extra time: 0.0001251697540283203
torch.Size([128, 1])
Time: prepare 0.0043    bound 0.6669    transfer 0.0002    finalize 0.0018    func 0.6733    
Accumulated time: func 6.6382    prepare 0.1078    bound 6.5141    transfer 0.0095    finalize 0.0642    
max lb tensor(-0.54815102) min lb tensor(-7.45080709)
Number of Verified Splits: 0 of 128
Current worst splitting domains lb-rhs (depth):
-15.60172 (4), -15.52102 (4), -15.48631 (4), -15.12940 (4), -15.10075 (3), -15.08594 (3), -15.04912 (4), -14.99570 (4), -14.98068 (4), -14.94482 (4), -14.94362 (4), -14.93039 (4), -14.78257 (4), -14.57340 (5), -14.55358 (5), -14.51188 (5), -14.48443 (5), -14.47768 (6), -14.42965 (5), -14.42565 (5), 
Length of domains: 520
Current (lb-rhs): -15.601720809936523
1022 domains visited
Time: pickout 0.0136    decision 0.0844    set_bounds 0.0039    solve 0.6739    add 0.0012    
Accumulated time: pickout 0.1297    decision 0.6929    set_bounds 0.0401    solve 6.6476    add 0.0278    
Cumulative time: 7.58456015586853

BaB round 11
batch: 64
splitting decisions: 
split level 0: [/input, 160] [/input-3, 7] [/input-3, 34] [/input-3, 2] [/input-3, 24] [/input-3, 59] [/input-3, 79] [/input-3, 14] [/input-3, 15] [/input-3, 123] 
best_l after optimization: -421.1551513671875
beta sum per layer: [54.82701873779297, 931.119384765625]
alpha/beta optimization time: 0.3440234661102295
pruning_in_iteration open status: False
ratio of positive domain = 6 / 128 = 0.046875
pruning-in-iteration extra time: 0.00010180473327636719
torch.Size([128, 1])
Time: prepare 0.0034    bound 0.3449    transfer 0.0002    finalize 0.0024    func 0.3510    
Accumulated time: func 6.9891    prepare 0.1125    bound 6.8590    transfer 0.0097    finalize 0.0666    
max lb tensor(0.24073124) min lb tensor(-7.09063911)
Number of Verified Splits: 6 of 128
Current worst splitting domains lb-rhs (depth):
-15.60172 (4), -15.52102 (4), -15.48631 (4), -15.12940 (4), -15.10075 (3), -15.08594 (3), -15.04912 (4), -14.99570 (4), -14.98068 (4), -14.94482 (4), -14.94362 (4), -14.93039 (4), -14.78257 (4), -14.57340 (5), -14.55358 (5), -14.51188 (5), -14.48443 (5), -14.47768 (6), -14.42965 (5), -14.42565 (5), 
Length of domains: 578
Current (lb-rhs): -15.601720809936523
1150 domains visited
Time: pickout 0.0086    decision 0.0240    set_bounds 0.0036    solve 0.3517    add 0.0011    
Accumulated time: pickout 0.1383    decision 0.7170    set_bounds 0.0437    solve 6.9993    add 0.0289    
Time out!!!!!!!!
Result: unknown in 12.3507 seconds

 %%%%%%%%%%%%%%%%%%%%%%%%%%%%%%%%%%% idx: 2, vnnlib ID: 82 %%%%%%%%%%%%%%%%%%%%%%%%%%%%%%%%%%%
Finished vnnlib processing in 0.003161 seconds
Model: BoundedModule(
  (/0): BoundInput(name=/0, inputs=[], perturbed=True)
  (/7): BoundParams(name=/7, inputs=[], perturbed=False)
  (/8): BoundParams(name=/8, inputs=[], perturbed=False)
  (/9): BoundParams(name=/9, inputs=[], perturbed=False)
  (/10): BoundParams(name=/10, inputs=[], perturbed=False)
  (/11): BoundParams(name=/11, inputs=[], perturbed=False)
  (/12): BoundParams(name=/12, inputs=[], perturbed=False)
  (/13): BoundFlatten(name=/13, inputs=[/0], perturbed=True)
  (/input): BoundLinear(name=/input, inputs=[/13, /7, /8], perturbed=True)
  (/15): BoundRelu(name=/15, inputs=[/input], perturbed=True)
  (/input-3): BoundLinear(name=/input-3, inputs=[/15, /9, /10], perturbed=True)
  (/17): BoundRelu(name=/17, inputs=[/input-3], perturbed=True)
  (/18): BoundLinear(name=/18, inputs=[/17, /11, /12], perturbed=True)
)
Original output in the first batch: tensor([[-3.19302535, -0.54143214, 12.64589119,  0.29230168, -4.64993286,
         -8.41447639, -8.83906460, -0.12203042, -0.02665433, -7.93005085]],
       device='cuda:0')
Split layers:
Nonlinear functions:
   BoundRelu(name=/15, inputs=[/input], perturbed=True)
   BoundRelu(name=/17, inputs=[/input-3], perturbed=True)
build batch [1/1]
layer /15 using sparse-features alpha with shape [118]; unstable size 118; total size 256 ([1, 256])
layer /15 start_node /input-3 using sparse-spec alpha [2, 70, 1, 118] with unstable size 69 total_size 128 output_shape torch.Size([128])
layer /15 start_node /18 using full alpha [2, 9, 1, 118] with unstable size None total_size 9 output_shape 9
layer /17 using sparse-features alpha with shape [69]; unstable size 69; total size 128 ([1, 128])
layer /17 start_node /18 using full alpha [2, 9, 1, 69] with unstable size None total_size 9 output_shape 9
Optimizable variables initialized.
initial CROWN bounds (first 10 items): [3.013029098510742, 4.252823352813721, 1.4347000122070312, 2.5663795471191406, 6.5624189376831055, 7.735725402832031, 1.5438365936279297, -0.16950511932373047, 4.505022048950195]
prune_after_crown optimization in use
  original spec size = torch.Size([1, 9])
  pruned spec size = torch.Size([1, 1])
Using alpha-CROWN to initialize bounds.

all verified at 2th iter
best_l after optimization: 0.03407764434814453
alpha/beta optimization time: 0.03397870063781738
initial alpha-crown bounds (first 10 items): [0.03407764434814453]
Global lower bound: 0.03407764434814453
torch.Size([1, 1])
verified with init bound!
Result: safe-incomplete in 0.1262 seconds

 %%%%%%%%%%%%%%%%%%%%%%%%%%%%%%%%%%% idx: 3, vnnlib ID: 83 %%%%%%%%%%%%%%%%%%%%%%%%%%%%%%%%%%%
Finished vnnlib processing in 0.002311 seconds
Model: BoundedModule(
  (/0): BoundInput(name=/0, inputs=[], perturbed=True)
  (/7): BoundParams(name=/7, inputs=[], perturbed=False)
  (/8): BoundParams(name=/8, inputs=[], perturbed=False)
  (/9): BoundParams(name=/9, inputs=[], perturbed=False)
  (/10): BoundParams(name=/10, inputs=[], perturbed=False)
  (/11): BoundParams(name=/11, inputs=[], perturbed=False)
  (/12): BoundParams(name=/12, inputs=[], perturbed=False)
  (/13): BoundFlatten(name=/13, inputs=[/0], perturbed=True)
  (/input): BoundLinear(name=/input, inputs=[/13, /7, /8], perturbed=True)
  (/15): BoundRelu(name=/15, inputs=[/input], perturbed=True)
  (/input-3): BoundLinear(name=/input-3, inputs=[/15, /9, /10], perturbed=True)
  (/17): BoundRelu(name=/17, inputs=[/input-3], perturbed=True)
  (/18): BoundLinear(name=/18, inputs=[/17, /11, /12], perturbed=True)
)
Original output in the first batch: tensor([[ -1.28139293,  -3.44535446,  -1.97962749,  -2.27037072,  -3.77349997,
          -2.01970267, -12.32525539,  10.20007324,  -4.53296280,   1.26635039]],
       device='cuda:0')
Split layers:
Nonlinear functions:
   BoundRelu(name=/15, inputs=[/input], perturbed=True)
   BoundRelu(name=/17, inputs=[/input-3], perturbed=True)
build batch [1/1]
layer /15 using sparse-features alpha with shape [161]; unstable size 161; total size 256 ([1, 256])
layer /15 start_node /input-3 using sparse-spec alpha [2, 95, 1, 161] with unstable size 94 total_size 128 output_shape torch.Size([128])
layer /15 start_node /18 using full alpha [2, 9, 1, 161] with unstable size None total_size 9 output_shape 9
layer /17 using sparse-features alpha with shape [94]; unstable size 94; total size 128 ([1, 128])
layer /17 start_node /18 using full alpha [2, 9, 1, 94] with unstable size None total_size 9 output_shape 9
Optimizable variables initialized.
initial CROWN bounds (first 10 items): [-7.139986991882324, -3.930980682373047, -5.815563201904297, -6.754054069519043, -6.989825248718262, -11.656219482421875, -3.4106979370117188, -7.5670318603515625, -10.080204010009766]
prune_after_crown optimization in use
  original spec size = torch.Size([1, 9])
  pruned spec size = torch.Size([1, 9])
Using alpha-CROWN to initialize bounds.
best_l after optimization: -53.69380187988281
alpha/beta optimization time: 1.1065678596496582
initial alpha-crown bounds (first 10 items): [-6.2807488441467285, -3.1360702514648438, -4.479830741882324, -5.664546966552734, -5.720993518829346, -10.458356857299805, -1.9452018737792969, -6.603599548339844, -9.40445613861084]
Global lower bound: -10.458356857299805
torch.Size([1, 9])
0 / 9 OR specs are verified.
Verified OR indices (first 10 items): []
Verified OR lbs (first 10 items): []
Unverified OR indices (first 10 items): [0, 1, 2, 3, 4, 5, 6, 7, 8]
Unverified OR lbs (first 10 items): [[-6.2807488441467285], [-3.1360702514648438], [-4.479830741882324], [-5.664546966552734], [-5.720993518829346], [-10.458356857299805], [-1.9452018737792969], [-6.603599548339844], [-9.40445613861084]]
###### Verifying property Instance 3 ######
Batch size: 9
First 10 spec matrices
C: tensor([[[-1.,  0.,  0.,  0.,  0.,  0.,  0.,  1.,  0.,  0.]],

        [[ 0., -1.,  0.,  0.,  0.,  0.,  0.,  1.,  0.,  0.]],

        [[ 0.,  0., -1.,  0.,  0.,  0.,  0.,  1.,  0.,  0.]],

        [[ 0.,  0.,  0., -1.,  0.,  0.,  0.,  1.,  0.,  0.]],

        [[ 0.,  0.,  0.,  0., -1.,  0.,  0.,  1.,  0.,  0.]],

        [[ 0.,  0.,  0.,  0.,  0., -1.,  0.,  1.,  0.,  0.]],

        [[ 0.,  0.,  0.,  0.,  0.,  0., -1.,  1.,  0.,  0.]],

        [[ 0.,  0.,  0.,  0.,  0.,  0.,  0.,  1., -1.,  0.]],

        [[ 0.,  0.,  0.,  0.,  0.,  0.,  0.,  1.,  0., -1.]]], device='cuda:0')
RHS: tensor([[0.],
        [0.],
        [0.],
        [0.],
        [0.],
        [0.],
        [0.],
        [0.],
        [0.]], device='cuda:0')
OR spec sizes: tensor([1, 1, 1, 1, 1, 1, 1, 1, 1], device='cuda:0', dtype=torch.int32)
Remaining timeout: 10.701377868652344
Model prediction is: tensor([ -1.28139293,  -3.44535446,  -1.97962749,  -2.27037072,  -3.77349997,
         -2.01970267, -12.32525539,  10.20007324,  -4.53296280,   1.26635039],
       device='cuda:0')
Activation BaB batch 1/1 
build_with_refined_bounds batch [1/1]
Optimizable variables initialized.
all alpha initialized
directly get lb and ub from refined bounds
c shape: torch.Size([9, 1, 10])
lA shapes: [torch.Size([9, 1, 256]), torch.Size([9, 1, 128])]
torch.Size([9, 1])
(alpha-)CROWN with fixed intermediate bounds: tensor([[ -6.28074884],
        [ -3.13607025],
        [ -4.47983074],
        [ -5.66454697],
        [ -5.72099352],
        [-10.45835686],
        [ -1.94520187],
        [ -6.60359955],
        [ -9.40445614]], device='cuda:0') tensor([[inf],
        [inf],
        [inf],
        [inf],
        [inf],
        [inf],
        [inf],
        [inf],
        [inf]], device='cuda:0')
Intermediate layers: /input,/input-3
Keeping alphas for these layers: ['/18']
Node /15 input 0: size torch.Size([256]) unstable 161
Node /17 input 0: size torch.Size([128]) unstable 93
-----------------
# of unstable neurons: 254
-----------------

BaB round 1
batch: 9
splitting decisions: 
split level 0: [/input-3, 102] [/input-3, 101] [/input-3, 70] [/input-3, 102] [/input-3, 70] [/input-3, 70] [/input-3, 102] [/input-3, 27] [/input-3, 70] 
best_l after optimization: -95.74967956542969
beta sum per layer: [0.0, 4.824039459228516]
alpha/beta optimization time: 0.591313362121582
pruning_in_iteration open status: False
ratio of positive domain = 0 / 18 = 0.0
pruning-in-iteration extra time: 0.0007097721099853516
torch.Size([18, 1])
Time: prepare 0.0018    bound 0.5927    transfer 0.0011    finalize 0.0055    func 0.6011    
Accumulated time: func 0.6011    prepare 0.0054    bound 0.5927    transfer 0.0011    finalize 0.0055    
max lb tensor(-0.80686283) min lb tensor(-9.97881413)
Number of Verified Splits: 0 of 18
Current worst splitting domains lb-rhs (depth):
-9.97881 (1), -9.79034 (1), -9.05342 (1), -8.36712 (1), -6.26927 (1), -6.00595 (1), -5.73778 (1), -5.48220 (1), -5.32258 (1), -5.25752 (1), -4.85272 (1), -4.23380 (1), -4.09168 (1), -3.91935 (1), -2.74231 (1), -2.72790 (1), -1.11007 (1), -0.80686 (1), 
Length of domains: 18
Current (lb-rhs): -9.978814125061035
18 domains visited
Time: pickout 0.0017    decision 0.0371    set_bounds 0.0009    solve 0.6016    add 0.0064    
Accumulated time: pickout 0.0017    decision 0.0371    set_bounds 0.0009    solve 0.6016    add 0.0064    
Cumulative time: 0.6816437244415283

BaB round 2
batch: 18
splitting decisions: 
split level 0: [/input-3, 40] [/input-3, 11] [/input-3, 34] [/input-3, 62] [/input-3, 73] [/input-3, 62] [/input-3, 70] [/input-3, 11] [/input-3, 102] [/input-3, 40] 
best_l after optimization: -169.06687927246094
beta sum per layer: [0.0, 22.413230895996094]
alpha/beta optimization time: 0.5549283027648926
pruning_in_iteration open status: False
ratio of positive domain = 0 / 36 = 0.0
pruning-in-iteration extra time: 0.0003459453582763672
torch.Size([36, 1])
Time: prepare 0.0023    bound 0.5560    transfer 0.0010    finalize 0.0071    func 0.5665    
Accumulated time: func 1.1676    prepare 0.0128    bound 1.1486    transfer 0.0021    finalize 0.0126    
max lb tensor(-0.34384727) min lb tensor(-9.69614029)
Number of Verified Splits: 0 of 36
Current worst splitting domains lb-rhs (depth):
-9.69614 (2), -9.51231 (2), -8.57807 (2), -8.56163 (2), -8.53356 (2), -8.45934 (2), -7.90769 (2), -7.83581 (2), -6.03117 (2), -5.72631 (2), -5.45727 (2), -5.26383 (2), -5.05645 (2), -5.04037 (2), -5.01785 (2), -4.86590 (2), -4.51812 (2), -4.46986 (2), -4.42603 (2), -3.80672 (2), 
Length of domains: 36
Current (lb-rhs): -9.69614028930664
54 domains visited
Time: pickout 0.0116    decision 0.0448    set_bounds 0.0018    solve 0.5671    add 0.0020    
Accumulated time: pickout 0.0133    decision 0.0819    set_bounds 0.0027    solve 1.1688    add 0.0084    
Cumulative time: 1.3092961311340332

BaB round 3
batch: 36
splitting decisions: 
split level 0: [/input-3, 103] [/input, 4] [/input, 76] [/input-3, 0] [/input-3, 62] [/input, 172] [/input, 207] [/input-3, 6] [/input-3, 62] [/input-3, 103] 
best_l after optimization: -291.90557861328125
beta sum per layer: [3.1029391288757324, 68.46977996826172]
alpha/beta optimization time: 0.5973920822143555
pruning_in_iteration open status: False
ratio of positive domain = 3 / 72 = 0.04166666666666663
pruning-in-iteration extra time: 0.0006783008575439453
torch.Size([72, 1])
Time: prepare 0.0032    bound 0.5988    transfer 0.0008    finalize 0.0039    func 0.6067    
Accumulated time: func 1.7743    prepare 0.0222    bound 1.7475    transfer 0.0029    finalize 0.0165    
max lb tensor(0.31365395) min lb tensor(-9.31125259)
Number of Verified Splits: 3 of 72
Current worst splitting domains lb-rhs (depth):
-9.31125 (3), -9.07652 (3), -9.03463 (3), -9.00620 (3), -8.27757 (3), -8.21001 (3), -8.07372 (3), -8.03689 (3), -7.97647 (3), -7.95870 (3), -7.92144 (3), -7.86915 (3), -7.60141 (3), -7.49217 (3), -7.28355 (3), -7.24505 (3), -5.77851 (3), -5.46507 (3), -5.19728 (3), -4.92985 (3), 
Length of domains: 69
Current (lb-rhs): -9.31125259399414
126 domains visited
Time: pickout 0.0105    decision 0.0700    set_bounds 0.0025    solve 0.6072    add 0.0016    
Accumulated time: pickout 0.0238    decision 0.1519    set_bounds 0.0051    solve 1.7760    add 0.0100    
Cumulative time: 2.0012664794921875

BaB round 4
batch: 64
splitting decisions: 
split level 0: [/input-3, 27] [/input, 7] [/input-3, 40] [/input, 21] [/input-3, 0] [/input-3, 70] [/input, 76] [/input, 172] [/input-3, 34] [/input, 135] 
best_l after optimization: -458.61285400390625
beta sum per layer: [15.21406364440918, 173.20852661132812]
alpha/beta optimization time: 0.4059586524963379
pruning_in_iteration open status: False
ratio of positive domain = 9 / 128 = 0.0703125
pruning-in-iteration extra time: 0.00010657310485839844
torch.Size([128, 1])
Time: prepare 0.0033    bound 0.4067    transfer 0.0002    finalize 0.0051    func 0.4154    
Accumulated time: func 2.1897    prepare 0.0292    bound 2.1541    transfer 0.0031    finalize 0.0216    
max lb tensor(0.58180904) min lb tensor(-8.91898632)
Number of Verified Splits: 9 of 128
Current worst splitting domains lb-rhs (depth):
-8.91899 (4), -8.81596 (4), -8.74677 (4), -8.63008 (4), -8.61991 (4), -8.50121 (4), -8.37922 (4), -8.09269 (4), -7.86175 (4), -7.70626 (4), -7.68670 (4), -7.62827 (4), -7.55718 (4), -7.55246 (4), -7.52048 (4), -7.49401 (4), -7.47790 (4), -7.46964 (4), -7.44853 (4), -7.40767 (4), 
Length of domains: 124
Current (lb-rhs): -8.918986320495605
254 domains visited
Time: pickout 0.0101    decision 0.0993    set_bounds 0.0032    solve 0.4158    add 0.0011    
Accumulated time: pickout 0.0340    decision 0.2512    set_bounds 0.0084    solve 2.1918    add 0.0112    
Cumulative time: 2.5311312675476074

BaB round 5
batch: 64
splitting decisions: 
split level 0: [/input-3, 40] [/input-3, 101] [/input, 135] [/input, 129] [/input-3, 21] [/input, 4] [/input-3, 102] [/input-3, 36] [/input-3, 11] [/input-3, 6] 
best_l after optimization: -371.3957214355469
beta sum per layer: [33.49541473388672, 272.3175964355469]
alpha/beta optimization time: 0.295468807220459
pruning_in_iteration open status: False
ratio of positive domain = 16 / 128 = 0.125
pruning-in-iteration extra time: 8.916854858398438e-05
torch.Size([128, 1])
Time: prepare 0.0026    bound 0.2962    transfer 0.0002    finalize 0.0016    func 0.3006    
Accumulated time: func 2.4904    prepare 0.0329    bound 2.4503    transfer 0.0033    finalize 0.0232    
max lb tensor(0.24781036) min lb tensor(-8.26820469)
Number of Verified Splits: 16 of 128
Current worst splitting domains lb-rhs (depth):
-8.91899 (4), -8.81596 (4), -8.63008 (4), -8.61991 (4), -8.26820 (5), -8.23388 (5), -8.09269 (4), -8.08781 (5), -8.06254 (5), -8.00878 (5), -7.70626 (4), -7.68670 (4), -7.64064 (5), -7.62827 (4), -7.55246 (4), -7.49401 (4), -7.44853 (4), -7.34999 (5), -7.30928 (4), -7.26722 (5), 
Length of domains: 172
Current (lb-rhs): -8.918986320495605
382 domains visited
Time: pickout 0.0074    decision 0.0191    set_bounds 0.0028    solve 0.3015    add 0.0012    
Accumulated time: pickout 0.0413    decision 0.2704    set_bounds 0.0112    solve 2.4933    add 0.0124    
Cumulative time: 2.8633227348327637

BaB round 6
batch: 64
splitting decisions: 
split level 0: [/input-3, 27] [/input-3, 36] [/input-3, 40] [/input-3, 102] [/input-3, 21] [/input-3, 114] [/input-3, 21] [/input-3, 8] [/input-3, 27] [/input-3, 36] 
best_l after optimization: -313.72607421875
beta sum per layer: [69.28828430175781, 339.00421142578125]
alpha/beta optimization time: 0.29163336753845215
pruning_in_iteration open status: False
ratio of positive domain = 13 / 128 = 0.1015625
pruning-in-iteration extra time: 8.96453857421875e-05
torch.Size([128, 1])
Time: prepare 0.0029    bound 0.2924    transfer 0.0002    finalize 0.0040    func 0.2995    
Accumulated time: func 2.7899    prepare 0.0368    bound 2.7427    transfer 0.0035    finalize 0.0272    
max lb tensor(0.40581894) min lb tensor(-7.88917542)
Number of Verified Splits: 13 of 128
Current worst splitting domains lb-rhs (depth):
-8.91899 (4), -8.81596 (4), -8.63008 (4), -8.61991 (4), -8.23388 (5), -8.09269 (4), -8.08781 (5), -8.06254 (5), -7.88918 (6), -7.70626 (4), -7.68670 (4), -7.64064 (5), -7.62876 (6), -7.62827 (4), -7.58621 (6), -7.55246 (4), -7.49401 (4), -7.44853 (4), -7.34999 (5), -7.30928 (4), 
Length of domains: 223
Current (lb-rhs): -8.918986320495605
510 domains visited
Time: pickout 0.0076    decision 0.0201    set_bounds 0.0030    solve 0.3000    add 0.0011    
Accumulated time: pickout 0.0489    decision 0.2904    set_bounds 0.0141    solve 2.7933    add 0.0135    
Cumulative time: 3.1952104568481445

BaB round 7
batch: 64
splitting decisions: 
split level 0: [/input-3, 72] [/input-3, 40] [/input-3, 72] [/input-3, 102] [/input-3, 0] [/input-3, 17] [/input-3, 27] [/input, 207] [/input-3, 0] [/input-3, 72] 
best_l after optimization: -209.97557067871094
beta sum per layer: [111.00354766845703, 455.3092041015625]
alpha/beta optimization time: 0.3019862174987793
pruning_in_iteration open status: False
ratio of positive domain = 22 / 128 = 0.171875
pruning-in-iteration extra time: 0.00010800361633300781
torch.Size([128, 1])
Time: prepare 0.0027    bound 0.3028    transfer 0.0002    finalize 0.0015    func 0.3073    
Accumulated time: func 3.0972    prepare 0.0406    bound 3.0455    transfer 0.0036    finalize 0.0288    
max lb tensor(0.39637327) min lb tensor(-7.23674202)
Number of Verified Splits: 22 of 128
Current worst splitting domains lb-rhs (depth):
-8.91899 (4), -8.81596 (4), -8.63008 (4), -8.61991 (4), -8.23388 (5), -8.09269 (4), -8.08781 (5), -8.06254 (5), -7.88918 (6), -7.70626 (4), -7.68670 (4), -7.64064 (5), -7.62876 (6), -7.62827 (4), -7.55246 (4), -7.49401 (4), -7.44853 (4), -7.34999 (5), -7.30928 (4), -7.26722 (5), 
Length of domains: 265
Current (lb-rhs): -8.918986320495605
638 domains visited
Time: pickout 0.0075    decision 0.0189    set_bounds 0.0028    solve 0.3079    add 0.0010    
Accumulated time: pickout 0.0564    decision 0.3093    set_bounds 0.0170    solve 3.1012    add 0.0145    
Cumulative time: 3.533487558364868

BaB round 8
batch: 64
splitting decisions: 
split level 0: [/input-3, 27] [/input-3, 40] [/input, 7] [/input-3, 0] [/input-3, 62] [/input-3, 88] [/input-3, 37] [/input, 7] [/input, 207] [/input-3, 17] 
best_l after optimization: -162.09483337402344
beta sum per layer: [169.83511352539062, 516.0223388671875]
alpha/beta optimization time: 0.5142505168914795
pruning_in_iteration open status: True
ratio of positive domain = 34 / 128 = 0.265625
pruning-in-iteration extra time: 0.019711732864379883
torch.Size([128, 1])
Time: prepare 0.0031    bound 0.5152    transfer 0.0004    finalize 0.0018    func 0.5205    
Accumulated time: func 3.6176    prepare 0.0448    bound 3.5607    transfer 0.0040    finalize 0.0305    
max lb tensor(9.99999975e-05) min lb tensor(-4.87358093)
Number of Verified Splits: 34 of 128
Current worst splitting domains lb-rhs (depth):
-8.91899 (4), -8.81596 (4), -8.63008 (4), -8.61991 (4), -8.23388 (5), -8.09269 (4), -8.08781 (5), -8.06254 (5), -7.88918 (6), -7.70626 (4), -7.68670 (4), -7.64064 (5), -7.62876 (6), -7.62827 (4), -7.55246 (4), -7.49401 (4), -7.44853 (4), -7.34999 (5), -7.30928 (4), -7.26722 (5), 
Length of domains: 295
Current (lb-rhs): -8.918986320495605
766 domains visited
Time: pickout 0.0073    decision 0.0202    set_bounds 0.0033    solve 0.5212    add 0.0014    
Accumulated time: pickout 0.0637    decision 0.3295    set_bounds 0.0203    solve 3.6224    add 0.0159    
Cumulative time: 4.087354898452759

BaB round 9
batch: 64
splitting decisions: 
split level 0: [/input-3, 88] [/input-3, 72] [/input-3, 40] [/input-3, 72] [/input-3, 0] [/input-3, 72] [/input, 7] [/input-3, 0] [/input-3, 88] [/input-3, 72] 
best_l after optimization: -129.01397705078125
beta sum per layer: [164.3086395263672, 577.7855834960938]
alpha/beta optimization time: 1.145585536956787
pruning_in_iteration open status: False
ratio of positive domain = 22 / 128 = 0.171875
pruning-in-iteration extra time: 0.0003223419189453125
torch.Size([128, 1])
Time: prepare 0.0037    bound 1.1469    transfer 0.0009    finalize 0.0041    func 1.1557    
Accumulated time: func 4.7733    prepare 0.0499    bound 4.7076    transfer 0.0049    finalize 0.0346    
max lb tensor(0.44919443) min lb tensor(-4.25226498)
Number of Verified Splits: 22 of 128
Current worst splitting domains lb-rhs (depth):
-8.91899 (4), -8.81596 (4), -8.63008 (4), -8.61991 (4), -8.23388 (5), -8.09269 (4), -8.08781 (5), -8.06254 (5), -7.88918 (6), -7.70626 (4), -7.68670 (4), -7.64064 (5), -7.62876 (6), -7.62827 (4), -7.55246 (4), -7.49401 (4), -7.44853 (4), -7.34999 (5), -7.30928 (4), -7.26722 (5), 
Length of domains: 337
Current (lb-rhs): -8.918986320495605
894 domains visited
Time: pickout 0.0104    decision 0.0230    set_bounds 0.0038    solve 1.1563    add 0.0016    
Accumulated time: pickout 0.0741    decision 0.3526    set_bounds 0.0241    solve 4.7787    add 0.0175    
Cumulative time: 5.282844305038452

BaB round 10
batch: 64
splitting decisions: 
split level 0: [/input-3, 72] [/input-3, 0] [/input, 207] [/input-3, 96] [/input-3, 88] [/input-3, 72] [/input-3, 96] [/input-3, 0] [/input, 76] [/input-3, 0] 
best_l after optimization: -77.74176025390625
beta sum per layer: [174.27651977539062, 615.05322265625]
alpha/beta optimization time: 0.8828473091125488
pruning_in_iteration open status: True
ratio of positive domain = 39 / 128 = 0.3046875
pruning-in-iteration extra time: 0.04323077201843262
torch.Size([128, 1])
Time: prepare 0.0037    bound 0.8839    transfer 0.0014    finalize 0.0061    func 0.8952    
Accumulated time: func 5.6685    prepare 0.0588    bound 5.5915    transfer 0.0063    finalize 0.0408    
max lb tensor(9.99999975e-05) min lb tensor(-2.26412535)
Number of Verified Splits: 39 of 128
Current worst splitting domains lb-rhs (depth):
-8.91899 (4), -8.81596 (4), -8.63008 (4), -8.61991 (4), -8.23388 (5), -8.09269 (4), -8.08781 (5), -8.06254 (5), -7.88918 (6), -7.70626 (4), -7.68670 (4), -7.64064 (5), -7.62876 (6), -7.62827 (4), -7.55246 (4), -7.49401 (4), -7.44853 (4), -7.34999 (5), -7.30928 (4), -7.26722 (5), 
Length of domains: 362
Current (lb-rhs): -8.918986320495605
1022 domains visited
Time: pickout 0.0103    decision 0.1119    set_bounds 0.0036    solve 0.8961    add 0.0022    
Accumulated time: pickout 0.0845    decision 0.4645    set_bounds 0.0277    solve 5.6749    add 0.0197    
Cumulative time: 6.307311296463013

BaB round 11
batch: 64
splitting decisions: 
split level 0: [/input-3, 96] [/input-3, 96] [/input-3, 96] [/input-3, 88] [/input, 207] [/input-3, 96] [/input-3, 6] [/input-3, 114] [/input-3, 96] [/input-3, 96] 
best_l after optimization: -55.17997741699219
beta sum per layer: [124.52401733398438, 637.8627319335938]
alpha/beta optimization time: 0.4998009204864502
pruning_in_iteration open status: True
ratio of positive domain = 48 / 128 = 0.375
pruning-in-iteration extra time: 0.030803203582763672
torch.Size([128, 1])
Time: prepare 0.0038    bound 0.5006    transfer 0.0003    finalize 0.0016    func 0.5063    
Accumulated time: func 6.1748    prepare 0.0685    bound 6.0921    transfer 0.0066    finalize 0.0424    
max lb tensor(9.99999975e-05) min lb tensor(-2.00494051)
Number of Verified Splits: 48 of 128
Current worst splitting domains lb-rhs (depth):
-8.91899 (4), -8.81596 (4), -8.63008 (4), -8.61991 (4), -8.23388 (5), -8.09269 (4), -8.08781 (5), -8.06254 (5), -7.88918 (6), -7.70626 (4), -7.68670 (4), -7.64064 (5), -7.62876 (6), -7.62827 (4), -7.55246 (4), -7.49401 (4), -7.44853 (4), -7.34999 (5), -7.30928 (4), -7.26722 (5), 
Length of domains: 378
Current (lb-rhs): -8.918986320495605
1150 domains visited
Time: pickout 0.0145    decision 0.0997    set_bounds 0.0048    solve 0.5068    add 0.0010    
Accumulated time: pickout 0.0990    decision 0.5642    set_bounds 0.0325    solve 6.1816    add 0.0207    
Cumulative time: 6.934322357177734

BaB round 12
batch: 64
splitting decisions: 
split level 0: [/input-3, 20] [/input, 76] [/input-3, 72] [/input-3, 96] [/input-3, 72] [/input-3, 96] [/input-3, 96] [/input-3, 72] [/input-3, 96] [/input-3, 96] 
best_l after optimization: -44.29222869873047
beta sum per layer: [37.36611557006836, 566.76806640625]
alpha/beta optimization time: 0.3543105125427246
pruning_in_iteration open status: True
ratio of positive domain = 44 / 128 = 0.34375
pruning-in-iteration extra time: 0.01926565170288086
torch.Size([128, 1])
Time: prepare 0.0027    bound 0.3552    transfer 0.0003    finalize 0.0016    func 0.3600    
Accumulated time: func 6.5348    prepare 0.0723    bound 6.4474    transfer 0.0069    finalize 0.0440    
max lb tensor(9.99999975e-05) min lb tensor(-1.64545012)
Number of Verified Splits: 44 of 128
Current worst splitting domains lb-rhs (depth):
-8.91899 (4), -8.81596 (4), -8.63008 (4), -8.61991 (4), -8.23388 (5), -8.09269 (4), -8.08781 (5), -8.06254 (5), -7.88918 (6), -7.70626 (4), -7.68670 (4), -7.64064 (5), -7.62876 (6), -7.62827 (4), -7.55246 (4), -7.49401 (4), -7.44853 (4), -7.34999 (5), -7.30928 (4), -7.26722 (5), 
Length of domains: 398
Current (lb-rhs): -8.918986320495605
1278 domains visited
Time: pickout 0.0082    decision 0.0205    set_bounds 0.0030    solve 0.3605    add 0.0010    
Accumulated time: pickout 0.1072    decision 0.5847    set_bounds 0.0354    solve 6.5422    add 0.0217    
Cumulative time: 7.327877521514893

BaB round 13
batch: 64
splitting decisions: 
split level 0: [/input-3, 20] [/input-3, 104] [/input-3, 114] [/input-3, 114] [/input-3, 37] [/input-3, 20] [/input-3, 114] [/input-3, 125] [/input-3, 20] [/input-3, 104] 
best_l after optimization: -30.665084838867188
beta sum per layer: [13.607906341552734, 527.8421630859375]
alpha/beta optimization time: 0.35648250579833984
pruning_in_iteration open status: True
ratio of positive domain = 56 / 128 = 0.4375
pruning-in-iteration extra time: 0.019811630249023438
torch.Size([128, 1])
Time: prepare 0.0029    bound 0.3573    transfer 0.0003    finalize 0.0015    func 0.3621    
Accumulated time: func 6.8969    prepare 0.0763    bound 6.8047    transfer 0.0072    finalize 0.0455    
max lb tensor(9.99999975e-05) min lb tensor(-1.42990398)
Number of Verified Splits: 56 of 128
Current worst splitting domains lb-rhs (depth):
-8.91899 (4), -8.81596 (4), -8.63008 (4), -8.61991 (4), -8.23388 (5), -8.09269 (4), -8.08781 (5), -8.06254 (5), -7.88918 (6), -7.70626 (4), -7.68670 (4), -7.64064 (5), -7.62876 (6), -7.62827 (4), -7.55246 (4), -7.49401 (4), -7.44853 (4), -7.34999 (5), -7.30928 (4), -7.26722 (5), 
Length of domains: 406
Current (lb-rhs): -8.918986320495605
1406 domains visited
Time: pickout 0.0077    decision 0.0201    set_bounds 0.0030    solve 0.3626    add 0.0011    
Accumulated time: pickout 0.1149    decision 0.6048    set_bounds 0.0385    solve 6.9047    add 0.0229    
Cumulative time: 7.72268533706665

BaB round 14
batch: 64
splitting decisions: 
split level 0: [/input-3, 125] [/input-3, 114] [/input-3, 88] [/input-3, 114] [/input-3, 37] [/input-3, 114] [/input-3, 37] [/input-3, 37] [/input-3, 37] [/input-3, 37] 
best_l after optimization: -19.44542694091797
beta sum per layer: [5.261456489562988, 526.071044921875]
alpha/beta optimization time: 0.3598659038543701
pruning_in_iteration open status: True
ratio of positive domain = 82 / 128 = 0.640625
pruning-in-iteration extra time: 0.020633459091186523
torch.Size([128, 1])
Time: prepare 0.0031    bound 0.3607    transfer 0.0004    finalize 0.0017    func 0.3659    
Accumulated time: func 7.2627    prepare 0.0805    bound 7.1654    transfer 0.0076    finalize 0.0473    
max lb tensor(9.99999975e-05) min lb tensor(-1.08137703)
Number of Verified Splits: 82 of 128
Current worst splitting domains lb-rhs (depth):
-8.91899 (4), -8.81596 (4), -8.63008 (4), -8.61991 (4), -8.23388 (5), -8.09269 (4), -8.08781 (5), -8.06254 (5), -7.88918 (6), -7.70626 (4), -7.68670 (4), -7.64064 (5), -7.62876 (6), -7.62827 (4), -7.55246 (4), -7.49401 (4), -7.44853 (4), -7.34999 (5), -7.30928 (4), -7.26722 (5), 
Length of domains: 388
Current (lb-rhs): -8.918986320495605
1534 domains visited
Time: pickout 0.0073    decision 0.0196    set_bounds 0.0029    solve 0.3665    add 0.0010    
Accumulated time: pickout 0.1222    decision 0.6244    set_bounds 0.0414    solve 7.2713    add 0.0238    
Cumulative time: 8.120333194732666

BaB round 15
batch: 64
splitting decisions: 
split level 0: [/input-3, 114] [/input-3, 20] [/input-3, 104] [/input-3, 20] [/input-3, 20] [/input-3, 20] [/input-3, 125] [/input-3, 114] [/input-3, 37] [/input-3, 104] 
best_l after optimization: -24.795452117919922
beta sum per layer: [14.490945816040039, 519.7529296875]
alpha/beta optimization time: 0.37148356437683105
pruning_in_iteration open status: True
ratio of positive domain = 67 / 128 = 0.5234375
pruning-in-iteration extra time: 0.020589351654052734
torch.Size([128, 1])
Time: prepare 0.0027    bound 0.3723    transfer 0.0003    finalize 0.0016    func 0.3771    
Accumulated time: func 7.6398    prepare 0.0844    bound 7.5377    transfer 0.0079    finalize 0.0489    
max lb tensor(9.99999975e-05) min lb tensor(-1.18209696)
Number of Verified Splits: 67 of 128
Current worst splitting domains lb-rhs (depth):
-8.91899 (4), -8.81596 (4), -8.63008 (4), -8.61991 (4), -8.23388 (5), -8.09269 (4), -8.08781 (5), -8.06254 (5), -7.88918 (6), -7.70626 (4), -7.68670 (4), -7.64064 (5), -7.62876 (6), -7.62827 (4), -7.55246 (4), -7.49401 (4), -7.44853 (4), -7.34999 (5), -7.30928 (4), -7.26722 (5), 
Length of domains: 385
Current (lb-rhs): -8.918986320495605
1662 domains visited
Time: pickout 0.0081    decision 0.0192    set_bounds 0.0029    solve 0.3775    add 0.0014    
Accumulated time: pickout 0.1303    decision 0.6436    set_bounds 0.0443    solve 7.6488    add 0.0252    
Cumulative time: 8.529821634292603

BaB round 16
batch: 64
splitting decisions: 
split level 0: [/input-3, 20] [/input-3, 114] [/input-3, 20] [/input-3, 37] [/input-3, 37] [/input-3, 125] [/input-3, 37] [/input-3, 37] [/input-3, 37] [/input-3, 88] 
best_l after optimization: -21.674575805664062
beta sum per layer: [11.755280494689941, 540.4251098632812]
alpha/beta optimization time: 0.5306849479675293
pruning_in_iteration open status: True
ratio of positive domain = 59 / 128 = 0.4609375
pruning-in-iteration extra time: 0.029340744018554688
torch.Size([128, 1])
Time: prepare 0.0030    bound 0.5317    transfer 0.0003    finalize 0.0020    func 0.5371    
Accumulated time: func 8.1769    prepare 0.0886    bound 8.0693    transfer 0.0082    finalize 0.0509    
max lb tensor(9.99999975e-05) min lb tensor(-0.98484850)
Number of Verified Splits: 59 of 128
Current worst splitting domains lb-rhs (depth):
-8.91899 (4), -8.81596 (4), -8.63008 (4), -8.61991 (4), -8.23388 (5), -8.09269 (4), -8.08781 (5), -8.06254 (5), -7.88918 (6), -7.70626 (4), -7.68670 (4), -7.64064 (5), -7.62876 (6), -7.62827 (4), -7.55246 (4), -7.49401 (4), -7.44853 (4), -7.34999 (5), -7.30928 (4), -7.26722 (5), 
Length of domains: 390
Current (lb-rhs): -8.918986320495605
1790 domains visited
Time: pickout 0.0080    decision 0.0213    set_bounds 0.0034    solve 0.5378    add 0.0013    
Accumulated time: pickout 0.1384    decision 0.6650    set_bounds 0.0477    solve 8.1866    add 0.0265    
Cumulative time: 9.101967811584473

BaB round 17
batch: 64
splitting decisions: 
split level 0: [/input-3, 114] [/input-3, 114] [/input-3, 6] [/input-3, 6] [/input-3, 6] [/input-3, 85] [/input-3, 6] [/input-3, 11] [/input-3, 11] [/input-3, 85] 
best_l after optimization: -11.40565013885498
beta sum per layer: [14.065985679626465, 524.3184814453125]
alpha/beta optimization time: 0.34730029106140137
pruning_in_iteration open status: True
ratio of positive domain = 73 / 128 = 0.5703125
pruning-in-iteration extra time: 0.01923370361328125
torch.Size([128, 1])
Time: prepare 0.0028    bound 0.3481    transfer 0.0003    finalize 0.0100    func 0.3613    
Accumulated time: func 8.5382    prepare 0.0924    bound 8.4174    transfer 0.0085    finalize 0.0609    
max lb tensor(9.99999975e-05) min lb tensor(-0.74330807)
Number of Verified Splits: 73 of 128
Current worst splitting domains lb-rhs (depth):
-8.91899 (4), -8.81596 (4), -8.63008 (4), -8.61991 (4), -8.23388 (5), -8.09269 (4), -8.08781 (5), -8.06254 (5), -7.88918 (6), -7.70626 (4), -7.68670 (4), -7.64064 (5), -7.62876 (6), -7.62827 (4), -7.55246 (4), -7.49401 (4), -7.44853 (4), -7.34999 (5), -7.30928 (4), -7.26722 (5), 
Length of domains: 381
Current (lb-rhs): -8.918986320495605
1918 domains visited
Time: pickout 0.0078    decision 0.0190    set_bounds 0.0028    solve 0.3618    add 0.0011    
Accumulated time: pickout 0.1461    decision 0.6840    set_bounds 0.0505    solve 8.5484    add 0.0276    
Cumulative time: 9.494732141494751

BaB round 18
batch: 64
splitting decisions: 
split level 0: [/input-3, 104] [/input-3, 20] [/input-3, 20] [/input-3, 20] [/input-3, 37] [/input-3, 37] [/input-3, 37] [/input-3, 6] [/input-3, 114] [/input-3, 6] 
best_l after optimization: -7.608119487762451
beta sum per layer: [12.834846496582031, 510.60919189453125]
alpha/beta optimization time: 0.3635702133178711
pruning_in_iteration open status: True
ratio of positive domain = 86 / 128 = 0.671875
pruning-in-iteration extra time: 0.020241975784301758
torch.Size([128, 1])
Time: prepare 0.0030    bound 0.3644    transfer 0.0003    finalize 0.0020    func 0.3697    
Accumulated time: func 8.9079    prepare 0.0965    bound 8.7818    transfer 0.0088    finalize 0.0629    
max lb tensor(9.99999975e-05) min lb tensor(-0.67471695)
Number of Verified Splits: 86 of 128
Current worst splitting domains lb-rhs (depth):
-8.91899 (4), -8.81596 (4), -8.63008 (4), -8.61991 (4), -8.23388 (5), -8.09269 (4), -8.08781 (5), -8.06254 (5), -7.88918 (6), -7.70626 (4), -7.68670 (4), -7.64064 (5), -7.62876 (6), -7.62827 (4), -7.55246 (4), -7.49401 (4), -7.44853 (4), -7.34999 (5), -7.30928 (4), -7.26722 (5), 
Length of domains: 359
Current (lb-rhs): -8.918986320495605
2046 domains visited
Time: pickout 0.0071    decision 0.0199    set_bounds 0.0029    solve 0.3702    add 0.0008    
Accumulated time: pickout 0.1532    decision 0.7039    set_bounds 0.0535    solve 8.9186    add 0.0284    
Cumulative time: 9.896084785461426

BaB round 19
batch: 64
splitting decisions: 
split level 0: [/input-3, 96] [/input-3, 96] [/input-3, 0] [/input-3, 20] [/input-3, 96] [/input-3, 20] [/input, 4] [/input-3, 96] [/input-3, 6] [/input-3, 20] 
best_l after optimization: -27.381620407104492
beta sum per layer: [25.86707305908203, 548.9678344726562]
alpha/beta optimization time: 0.3460991382598877
pruning_in_iteration open status: True
ratio of positive domain = 73 / 128 = 0.5703125
pruning-in-iteration extra time: 0.02034139633178711
torch.Size([128, 1])
Time: prepare 0.0029    bound 0.3469    transfer 0.0003    finalize 0.0022    func 0.3523    
Accumulated time: func 9.2602    prepare 0.1006    bound 9.1287    transfer 0.0091    finalize 0.0651    
max lb tensor(9.99999975e-05) min lb tensor(-1.76544905)
Number of Verified Splits: 73 of 128
Current worst splitting domains lb-rhs (depth):
-8.91899 (4), -8.81596 (4), -8.63008 (4), -8.61991 (4), -8.23388 (5), -8.09269 (4), -8.08781 (5), -8.06254 (5), -7.88918 (6), -7.70626 (4), -7.68670 (4), -7.64064 (5), -7.62876 (6), -7.62827 (4), -7.55246 (4), -7.49401 (4), -7.44853 (4), -7.34999 (5), -7.30928 (4), -7.26722 (5), 
Length of domains: 350
Current (lb-rhs): -8.918986320495605
2174 domains visited
Time: pickout 0.0095    decision 0.0222    set_bounds 0.0030    solve 0.3529    add 0.0010    
Accumulated time: pickout 0.1627    decision 0.7261    set_bounds 0.0565    solve 9.2715    add 0.0294    
Cumulative time: 10.285117864608765

BaB round 20
batch: 64
splitting decisions: 
split level 0: [/input-3, 96] [/input-3, 6] [/input-3, 0] [/input-3, 96] [/input-3, 0] [/input-3, 96] [/input-3, 96] [/input-3, 0] [/input-3, 72] [/input-3, 20] 
best_l after optimization: -36.185218811035156
beta sum per layer: [32.055992126464844, 583.3056640625]
alpha/beta optimization time: 0.37397336959838867
pruning_in_iteration open status: True
ratio of positive domain = 59 / 128 = 0.4609375
pruning-in-iteration extra time: 0.02108287811279297
torch.Size([128, 1])
Time: prepare 0.0029    bound 0.3748    transfer 0.0004    finalize 0.0018    func 0.3800    
Accumulated time: func 9.6402    prepare 0.1045    bound 9.5035    transfer 0.0096    finalize 0.0670    
max lb tensor(9.99999975e-05) min lb tensor(-1.55500364)
Number of Verified Splits: 59 of 128
Current worst splitting domains lb-rhs (depth):
-8.91899 (4), -8.81596 (4), -8.63008 (4), -8.61991 (4), -8.23388 (5), -8.09269 (4), -8.08781 (5), -8.06254 (5), -7.88918 (6), -7.70626 (4), -7.68670 (4), -7.64064 (5), -7.62876 (6), -7.62827 (4), -7.55246 (4), -7.49401 (4), -7.44853 (4), -7.34999 (5), -7.30928 (4), -7.26722 (5), 
Length of domains: 355
Current (lb-rhs): -8.918986320495605
2302 domains visited
Time: pickout 0.0083    decision 0.0212    set_bounds 0.0029    solve 0.3813    add 0.0011    
Accumulated time: pickout 0.1710    decision 0.7473    set_bounds 0.0594    solve 9.6528    add 0.0305    
Cumulative time: 10.70041799545288

BaB round 21
batch: 64
splitting decisions: 
split level 0: [/input-3, 20] [/input-3, 96] [/input-3, 20] [/input-3, 37] [/input-3, 20] [/input-3, 114] [/input-3, 37] [/input-3, 114] [/input-3, 125] [/input-3, 0] 
best_l after optimization: -28.12303924560547
beta sum per layer: [8.54236125946045, 581.0755615234375]
alpha/beta optimization time: 0.6670153141021729
pruning_in_iteration open status: True
ratio of positive domain = 70 / 128 = 0.546875
pruning-in-iteration extra time: 0.03546929359436035
torch.Size([128, 1])
Time: prepare 0.0034    bound 0.6679    transfer 0.0003    finalize 0.0016    func 0.6733    
Accumulated time: func 10.3134    prepare 0.1093    bound 10.1714    transfer 0.0098    finalize 0.0686    
max lb tensor(9.99999975e-05) min lb tensor(-1.31695604)
Number of Verified Splits: 70 of 128
Current worst splitting domains lb-rhs (depth):
-8.91899 (4), -8.81596 (4), -8.63008 (4), -8.61991 (4), -8.23388 (5), -8.09269 (4), -8.08781 (5), -8.06254 (5), -7.88918 (6), -7.70626 (4), -7.68670 (4), -7.64064 (5), -7.62876 (6), -7.62827 (4), -7.55246 (4), -7.49401 (4), -7.44853 (4), -7.34999 (5), -7.30928 (4), -7.26722 (5), 
Length of domains: 349
Current (lb-rhs): -8.918986320495605
2430 domains visited
Time: pickout 0.0087    decision 0.0225    set_bounds 0.0034    solve 0.6738    add 0.0010    
Accumulated time: pickout 0.1797    decision 0.7698    set_bounds 0.0629    solve 10.3266    add 0.0315    
Time out!!!!!!!!
Result: unknown in 12.7161 seconds

 %%%%%%%%%%%%%%%%%%%%%%%%%%%%%%%%%%% idx: 4, vnnlib ID: 84 %%%%%%%%%%%%%%%%%%%%%%%%%%%%%%%%%%%
Finished vnnlib processing in 0.003175 seconds
Model: BoundedModule(
  (/0): BoundInput(name=/0, inputs=[], perturbed=True)
  (/7): BoundParams(name=/7, inputs=[], perturbed=False)
  (/8): BoundParams(name=/8, inputs=[], perturbed=False)
  (/9): BoundParams(name=/9, inputs=[], perturbed=False)
  (/10): BoundParams(name=/10, inputs=[], perturbed=False)
  (/11): BoundParams(name=/11, inputs=[], perturbed=False)
  (/12): BoundParams(name=/12, inputs=[], perturbed=False)
  (/13): BoundFlatten(name=/13, inputs=[/0], perturbed=True)
  (/input): BoundLinear(name=/input, inputs=[/13, /7, /8], perturbed=True)
  (/15): BoundRelu(name=/15, inputs=[/input], perturbed=True)
  (/input-3): BoundLinear(name=/input-3, inputs=[/15, /9, /10], perturbed=True)
  (/17): BoundRelu(name=/17, inputs=[/input-3], perturbed=True)
  (/18): BoundLinear(name=/18, inputs=[/17, /11, /12], perturbed=True)
)
Original output in the first batch: tensor([[-5.32916975, -3.75492501, -2.93774652, -1.88985562, -1.65191722,
          1.19204879, -0.66094887, -5.93881559,  6.95703697, -4.90215302]],
       device='cuda:0')
Split layers:
Nonlinear functions:
   BoundRelu(name=/15, inputs=[/input], perturbed=True)
   BoundRelu(name=/17, inputs=[/input-3], perturbed=True)
build batch [1/1]
layer /15 using sparse-features alpha with shape [161]; unstable size 161; total size 256 ([1, 256])
layer /15 start_node /input-3 using sparse-spec alpha [2, 102, 1, 161] with unstable size 101 total_size 128 output_shape torch.Size([128])
layer /15 start_node /18 using full alpha [2, 9, 1, 161] with unstable size None total_size 9 output_shape 9
layer /17 using sparse-features alpha with shape [101]; unstable size 101; total size 128 ([1, 128])
layer /17 start_node /18 using full alpha [2, 9, 1, 101] with unstable size None total_size 9 output_shape 9
Optimizable variables initialized.
initial CROWN bounds (first 10 items): [-3.7222976684570312, -5.464865684509277, -8.172721862792969, -7.070367813110352, -8.928997993469238, -13.267875671386719, -7.393535614013672, -7.130435943603516, -5.397910118103027]
prune_after_crown optimization in use
  original spec size = torch.Size([1, 9])
  pruned spec size = torch.Size([1, 9])
Using alpha-CROWN to initialize bounds.
best_l after optimization: -58.175819396972656
alpha/beta optimization time: 1.1520094871520996
initial alpha-crown bounds (first 10 items): [-3.0513267517089844, -4.892194747924805, -7.470131874084473, -6.091034412384033, -7.947449684143066, -11.775106430053711, -6.294117450714111, -6.13875675201416, -4.5156965255737305]
Global lower bound: -11.775106430053711
torch.Size([1, 9])
0 / 9 OR specs are verified.
Verified OR indices (first 10 items): []
Verified OR lbs (first 10 items): []
Unverified OR indices (first 10 items): [0, 1, 2, 3, 4, 5, 6, 7, 8]
Unverified OR lbs (first 10 items): [[-3.0513267517089844], [-4.892194747924805], [-7.470131874084473], [-6.091034412384033], [-7.947449684143066], [-11.775106430053711], [-6.294117450714111], [-6.13875675201416], [-4.5156965255737305]]
###### Verifying property Instance 4 ######
Batch size: 9
First 10 spec matrices
C: tensor([[[-1.,  0.,  0.,  0.,  0.,  0.,  0.,  0.,  1.,  0.]],

        [[ 0., -1.,  0.,  0.,  0.,  0.,  0.,  0.,  1.,  0.]],

        [[ 0.,  0., -1.,  0.,  0.,  0.,  0.,  0.,  1.,  0.]],

        [[ 0.,  0.,  0., -1.,  0.,  0.,  0.,  0.,  1.,  0.]],

        [[ 0.,  0.,  0.,  0., -1.,  0.,  0.,  0.,  1.,  0.]],

        [[ 0.,  0.,  0.,  0.,  0., -1.,  0.,  0.,  1.,  0.]],

        [[ 0.,  0.,  0.,  0.,  0.,  0., -1.,  0.,  1.,  0.]],

        [[ 0.,  0.,  0.,  0.,  0.,  0.,  0., -1.,  1.,  0.]],

        [[ 0.,  0.,  0.,  0.,  0.,  0.,  0.,  0.,  1., -1.]]], device='cuda:0')
RHS: tensor([[0.],
        [0.],
        [0.],
        [0.],
        [0.],
        [0.],
        [0.],
        [0.],
        [0.]], device='cuda:0')
OR spec sizes: tensor([1, 1, 1, 1, 1, 1, 1, 1, 1], device='cuda:0', dtype=torch.int32)
Remaining timeout: 10.654877185821533
Model prediction is: tensor([-5.32916975, -3.75492501, -2.93774652, -1.88985562, -1.65191722,
         1.19204879, -0.66094887, -5.93881559,  6.95703697, -4.90215302],
       device='cuda:0')
Activation BaB batch 1/1 
build_with_refined_bounds batch [1/1]
Optimizable variables initialized.
all alpha initialized
directly get lb and ub from refined bounds
c shape: torch.Size([9, 1, 10])
lA shapes: [torch.Size([9, 1, 256]), torch.Size([9, 1, 128])]
torch.Size([9, 1])
(alpha-)CROWN with fixed intermediate bounds: tensor([[ -3.05132675],
        [ -4.89219475],
        [ -7.47013187],
        [ -6.09103441],
        [ -7.94744968],
        [-11.77510643],
        [ -6.29411745],
        [ -6.13875675],
        [ -4.51569653]], device='cuda:0') tensor([[inf],
        [inf],
        [inf],
        [inf],
        [inf],
        [inf],
        [inf],
        [inf],
        [inf]], device='cuda:0')
Intermediate layers: /input,/input-3
Keeping alphas for these layers: ['/18']
Node /15 input 0: size torch.Size([256]) unstable 161
Node /17 input 0: size torch.Size([128]) unstable 99
-----------------
# of unstable neurons: 260
-----------------

BaB round 1
batch: 9
splitting decisions: 
split level 0: [/input, 88] [/input-3, 98] [/input, 88] [/input, 172] [/input, 88] [/input, 172] [/input-3, 102] [/input-3, 98] [/input, 88] 
best_l after optimization: -106.40576171875
beta sum per layer: [0.05461708828806877, 0.15460117161273956]
alpha/beta optimization time: 0.2932600975036621
pruning_in_iteration open status: False
ratio of positive domain = 0 / 18 = 0.0
pruning-in-iteration extra time: 9.512901306152344e-05
torch.Size([18, 1])
Time: prepare 0.0009    bound 0.2942    transfer 0.0002    finalize 0.0010    func 0.2962    
Accumulated time: func 0.2962    prepare 0.0019    bound 0.2942    transfer 0.0002    finalize 0.0010    
max lb tensor(-2.64125729) min lb tensor(-11.19392681)
Number of Verified Splits: 0 of 18
Current worst splitting domains lb-rhs (depth):
-11.19393 (1), -11.17860 (1), -7.40620 (1), -7.36393 (1), -6.95733 (1), -6.72067 (1), -5.82571 (1), -5.69796 (1), -5.66269 (1), -5.63653 (1), -5.58841 (1), -5.58596 (1), -4.27896 (1), -4.22731 (1), -3.89388 (1), -3.86852 (1), -2.67792 (1), -2.64126 (1), 
Length of domains: 18
Current (lb-rhs): -11.193926811218262
18 domains visited
Time: pickout 0.0015    decision 0.0128    set_bounds 0.0008    solve 0.2967    add 0.0052    
Accumulated time: pickout 0.0015    decision 0.0128    set_bounds 0.0008    solve 0.2967    add 0.0052    
Cumulative time: 0.33708786964416504

BaB round 2
batch: 18
splitting decisions: 
split level 0: [/input-3, 98] [/input, 88] [/input, 76] [/input-3, 65] [/input-3, 98] [/input, 135] [/input-3, 97] [/input, 88] [/input, 172] [/input-3, 98] 
best_l after optimization: -189.8401641845703
beta sum per layer: [1.7351903915405273, 8.213740348815918]
alpha/beta optimization time: 0.505718469619751
pruning_in_iteration open status: False
ratio of positive domain = 0 / 36 = 0.0
pruning-in-iteration extra time: 0.0003399848937988281
torch.Size([36, 1])
Time: prepare 0.0013    bound 0.5069    transfer 0.0009    finalize 0.0052    func 0.5143    
Accumulated time: func 0.8105    prepare 0.0044    bound 0.8010    transfer 0.0011    finalize 0.0061    
max lb tensor(-1.05349159) min lb tensor(-10.66180038)
Number of Verified Splits: 0 of 36
Current worst splitting domains lb-rhs (depth):
-10.66180 (2), -10.65090 (2), -9.93500 (2), -9.88106 (2), -6.93719 (2), -6.90171 (2), -6.61358 (2), -6.49555 (2), -6.44926 (2), -6.40194 (2), -6.36542 (2), -5.97741 (2), -5.53415 (2), -5.38074 (2), -5.37902 (2), -5.35746 (2), -5.26123 (2), -5.22928 (2), -5.21367 (2), -5.17111 (2), 
Length of domains: 36
Current (lb-rhs): -10.661800384521484
54 domains visited
Time: pickout 0.0041    decision 0.0149    set_bounds 0.0013    solve 0.5149    add 0.0013    
Accumulated time: pickout 0.0056    decision 0.0277    set_bounds 0.0020    solve 0.8116    add 0.0065    
Cumulative time: 0.873784065246582

BaB round 3
batch: 36
splitting decisions: 
split level 0: [/input-3, 102] [/input-3, 116] [/input-3, 34] [/input, 57] [/input-3, 73] [/input, 88] [/input, 135] [/input-3, 12] [/input-3, 12] [/input-3, 102] 
best_l after optimization: -339.2083740234375
beta sum per layer: [8.94904899597168, 33.34993362426758]
alpha/beta optimization time: 0.576979398727417
pruning_in_iteration open status: False
ratio of positive domain = 0 / 72 = 0.0
pruning-in-iteration extra time: 0.0008141994476318359
torch.Size([72, 1])
Time: prepare 0.0029    bound 0.5786    transfer 0.0012    finalize 0.0063    func 0.5891    
Accumulated time: func 1.3996    prepare 0.0133    bound 1.3796    transfer 0.0023    finalize 0.0125    
max lb tensor(-0.44321060) min lb tensor(-10.28893280)
Number of Verified Splits: 0 of 72
Current worst splitting domains lb-rhs (depth):
-10.28893 (3), -10.27731 (3), -10.10700 (3), -10.07797 (3), -9.55984 (3), -9.47548 (3), -9.29642 (3), -9.27811 (3), -6.62395 (3), -6.59229 (3), -6.26608 (3), -6.09204 (3), -6.05679 (3), -6.04061 (3), -6.01166 (3), -5.99796 (3), -5.99633 (3), -5.86281 (3), -5.81897 (3), -5.75807 (3), 
Length of domains: 72
Current (lb-rhs): -10.288932800292969
126 domains visited
Time: pickout 0.0081    decision 0.0742    set_bounds 0.0029    solve 0.5897    add 0.0021    
Accumulated time: pickout 0.0137    decision 0.1020    set_bounds 0.0049    solve 1.4012    add 0.0086    
Cumulative time: 1.5509748458862305

BaB round 4
batch: 64
splitting decisions: 
split level 0: [/input-3, 98] [/input, 195] [/input-3, 9] [/input, 195] [/input, 108] [/input, 23] [/input-3, 36] [/input-3, 64] [/input-3, 116] [/input-3, 12] 
best_l after optimization: -517.1724243164062
beta sum per layer: [30.769010543823242, 104.01470947265625]
alpha/beta optimization time: 0.7109248638153076
pruning_in_iteration open status: False
ratio of positive domain = 2 / 128 = 0.015625
pruning-in-iteration extra time: 0.0006999969482421875
torch.Size([128, 1])
Time: prepare 0.0051    bound 0.7125    transfer 0.0010    finalize 0.0067    func 0.7253    
Accumulated time: func 2.1249    prepare 0.0230    bound 2.0921    transfer 0.0033    finalize 0.0191    
max lb tensor(0.09519577) min lb tensor(-9.99484730)
Number of Verified Splits: 2 of 128
Current worst splitting domains lb-rhs (depth):
-10.07797 (3), -9.99485 (4), -9.97356 (4), -9.79972 (4), -9.22366 (4), -9.22148 (4), -9.17696 (4), -9.11190 (4), -9.04381 (4), -8.96299 (4), -8.90908 (4), -8.68215 (4), -8.44689 (4), -8.21144 (4), -7.92239 (4), -6.59229 (3), -6.26608 (3), -6.24305 (4), -6.18176 (4), -5.79592 (4), 
Length of domains: 134
Current (lb-rhs): -10.077971458435059
254 domains visited
Time: pickout 0.0189    decision 0.0854    set_bounds 0.0043    solve 0.7259    add 0.0020    
Accumulated time: pickout 0.0327    decision 0.1873    set_bounds 0.0092    solve 2.1271    add 0.0106    
Cumulative time: 2.3876781463623047

BaB round 5
batch: 64
splitting decisions: 
split level 0: [/input, 23] [/input, 135] [/input-3, 101] [/input-3, 97] [/input-3, 124] [/input-3, 12] [/input, 189] [/input-3, 101] [/input, 222] [/input-3, 116] 
best_l after optimization: -449.17120361328125
beta sum per layer: [37.3432502746582, 133.1880645751953]
alpha/beta optimization time: 0.4485442638397217
pruning_in_iteration open status: False
ratio of positive domain = 5 / 128 = 0.0390625
pruning-in-iteration extra time: 0.0001163482666015625
torch.Size([128, 1])
Time: prepare 0.0035    bound 0.4494    transfer 0.0002    finalize 0.0021    func 0.4552    
Accumulated time: func 2.5800    prepare 0.0314    bound 2.5414    transfer 0.0034    finalize 0.0212    
max lb tensor(0.41911125) min lb tensor(-8.89349556)
Number of Verified Splits: 5 of 128
Current worst splitting domains lb-rhs (depth):
-10.07797 (3), -9.99485 (4), -9.97356 (4), -9.79972 (4), -8.96299 (4), -8.89350 (5), -8.86617 (5), -8.85096 (5), -8.79787 (5), -8.79038 (5), -8.68215 (4), -8.65327 (5), -8.64624 (5), -8.59559 (5), -8.44689 (4), -8.17039 (5), -8.12049 (5), -7.92239 (4), -7.84929 (5), -7.83572 (5), 
Length of domains: 193
Current (lb-rhs): -10.077971458435059
382 domains visited
Time: pickout 0.0115    decision 0.0795    set_bounds 0.0031    solve 0.4560    add 0.0013    
Accumulated time: pickout 0.0441    decision 0.2668    set_bounds 0.0124    solve 2.5831    add 0.0119    
Cumulative time: 2.9392545223236084

BaB round 6
batch: 64
splitting decisions: 
split level 0: [/input-3, 38] [/input, 222] [/input-3, 98] [/input-3, 116] [/input-3, 97] [/input-3, 73] [/input-3, 12] [/input, 76] [/input-3, 14] [/input-3, 73] 
best_l after optimization: -386.83966064453125
beta sum per layer: [46.27219009399414, 185.67530822753906]
alpha/beta optimization time: 0.3911280632019043
pruning_in_iteration open status: False
ratio of positive domain = 3 / 128 = 0.0234375
pruning-in-iteration extra time: 0.00010228157043457031
torch.Size([128, 1])
Time: prepare 0.0034    bound 0.3922    transfer 0.0002    finalize 0.0020    func 0.3979    
Accumulated time: func 2.9779    prepare 0.0369    bound 2.9336    transfer 0.0037    finalize 0.0232    
max lb tensor(0.19797945) min lb tensor(-8.56151104)
Number of Verified Splits: 3 of 128
Current worst splitting domains lb-rhs (depth):
-10.07797 (3), -9.99485 (4), -9.97356 (4), -9.79972 (4), -8.96299 (4), -8.86617 (5), -8.79787 (5), -8.79038 (5), -8.68215 (4), -8.65327 (5), -8.59559 (5), -8.56151 (6), -8.54949 (6), -8.44689 (4), -8.42594 (6), -8.35756 (6), -7.92239 (4), -7.81412 (5), -7.80606 (6), -7.78723 (6), 
Length of domains: 254
Current (lb-rhs): -10.077971458435059
510 domains visited
Time: pickout 0.0088    decision 0.0265    set_bounds 0.0037    solve 0.3985    add 0.0012    
Accumulated time: pickout 0.0529    decision 0.2932    set_bounds 0.0161    solve 2.9816    add 0.0131    
Cumulative time: 3.378129243850708

BaB round 7
batch: 64
splitting decisions: 
split level 0: [/input-3, 71] [/input-3, 124] [/input-3, 98] [/input-3, 124] [/input-3, 21] [/input-3, 21] [/input-3, 34] [/input-3, 9] [/input, 135] [/input-3, 34] 
best_l after optimization: -313.8541259765625
beta sum per layer: [48.330169677734375, 221.78445434570312]
alpha/beta optimization time: 0.3291652202606201
pruning_in_iteration open status: False
ratio of positive domain = 3 / 128 = 0.0234375
pruning-in-iteration extra time: 0.00012826919555664062
torch.Size([128, 1])
Time: prepare 0.0035    bound 0.3301    transfer 0.0002    finalize 0.0016    func 0.3354    
Accumulated time: func 3.3133    prepare 0.0417    bound 3.2637    transfer 0.0039    finalize 0.0248    
max lb tensor(0.36658859) min lb tensor(-8.27864265)
Number of Verified Splits: 3 of 128
Current worst splitting domains lb-rhs (depth):
-10.07797 (3), -9.99485 (4), -9.97356 (4), -9.79972 (4), -8.96299 (4), -8.86617 (5), -8.79787 (5), -8.79038 (5), -8.68215 (4), -8.65327 (5), -8.59559 (5), -8.44689 (4), -8.42594 (6), -8.35756 (6), -8.27864 (7), -8.26794 (7), -7.92239 (4), -7.81412 (5), -7.71686 (7), -7.67551 (6), 
Length of domains: 315
Current (lb-rhs): -10.077971458435059
638 domains visited
Time: pickout 0.0097    decision 0.0218    set_bounds 0.0034    solve 0.3360    add 0.0010    
Accumulated time: pickout 0.0626    decision 0.3150    set_bounds 0.0195    solve 3.3175    add 0.0141    
Cumulative time: 3.7501182556152344

BaB round 8
batch: 64
splitting decisions: 
split level 0: [/input, 108] [/input-3, 118] [/input-3, 36] [/input-3, 12] [/input-3, 118] [/input-3, 36] [/input-3, 118] [/input-3, 36] [/input-3, 36] [/input-3, 124] 
best_l after optimization: -215.48995971679688
beta sum per layer: [53.14158248901367, 334.2691345214844]
alpha/beta optimization time: 0.3251340389251709
pruning_in_iteration open status: True
ratio of positive domain = 27 / 128 = 0.2109375
pruning-in-iteration extra time: 0.0024607181549072266
torch.Size([128, 1])
Time: prepare 0.0032    bound 0.3261    transfer 0.0003    finalize 0.0018    func 0.3316    
Accumulated time: func 3.6449    prepare 0.0462    bound 3.5898    transfer 0.0042    finalize 0.0267    
max lb tensor(9.99999975e-05) min lb tensor(-7.46989822)
Number of Verified Splits: 27 of 128
Current worst splitting domains lb-rhs (depth):
-10.07797 (3), -9.99485 (4), -9.97356 (4), -9.79972 (4), -8.96299 (4), -8.86617 (5), -8.79787 (5), -8.79038 (5), -8.68215 (4), -8.65327 (5), -8.59559 (5), -8.44689 (4), -8.42594 (6), -8.35756 (6), -8.27864 (7), -8.26794 (7), -7.92239 (4), -7.81412 (5), -7.67551 (6), -7.66937 (6), 
Length of domains: 352
Current (lb-rhs): -10.077971458435059
766 domains visited
Time: pickout 0.0083    decision 0.0227    set_bounds 0.0035    solve 0.3321    add 0.0012    
Accumulated time: pickout 0.0709    decision 0.3377    set_bounds 0.0230    solve 3.6496    add 0.0153    
Cumulative time: 4.118110418319702

BaB round 9
batch: 64
splitting decisions: 
split level 0: [/input-3, 14] [/input, 4] [/input, 222] [/input-3, 5] [/input-3, 101] [/input, 76] [/input, 4] [/input-3, 14] [/input-3, 91] [/input-3, 12] 
best_l after optimization: -194.4454345703125
beta sum per layer: [60.08760070800781, 385.49188232421875]
alpha/beta optimization time: 0.37587714195251465
pruning_in_iteration open status: True
ratio of positive domain = 27 / 128 = 0.2109375
pruning-in-iteration extra time: 0.0146636962890625
torch.Size([128, 1])
Time: prepare 0.0033    bound 0.3768    transfer 0.0003    finalize 0.0019    func 0.3824    
Accumulated time: func 4.0273    prepare 0.0507    bound 3.9666    transfer 0.0045    finalize 0.0285    
max lb tensor(9.99999975e-05) min lb tensor(-7.22275496)
Number of Verified Splits: 27 of 128
Current worst splitting domains lb-rhs (depth):
-10.07797 (3), -9.99485 (4), -9.97356 (4), -9.79972 (4), -8.96299 (4), -8.86617 (5), -8.79787 (5), -8.79038 (5), -8.68215 (4), -8.65327 (5), -8.59559 (5), -8.44689 (4), -8.42594 (6), -8.35756 (6), -8.27864 (7), -8.26794 (7), -7.92239 (4), -7.81412 (5), -7.67551 (6), -7.66937 (6), 
Length of domains: 389
Current (lb-rhs): -10.077971458435059
894 domains visited
Time: pickout 0.0086    decision 0.0205    set_bounds 0.0031    solve 0.3829    add 0.0010    
Accumulated time: pickout 0.0795    decision 0.3582    set_bounds 0.0260    solve 4.0326    add 0.0163    
Cumulative time: 4.5344789028167725

BaB round 10
batch: 64
splitting decisions: 
split level 0: [/input-3, 70] [/input-3, 12] [/input-3, 60] [/input-3, 124] [/input-3, 60] [/input-3, 107] [/input-3, 64] [/input-3, 70] [/input, 4] [/input-3, 60] 
best_l after optimization: -147.36526489257812
beta sum per layer: [59.158878326416016, 449.07537841796875]
alpha/beta optimization time: 0.7022199630737305
pruning_in_iteration open status: True
ratio of positive domain = 46 / 128 = 0.359375
pruning-in-iteration extra time: 0.03869891166687012
torch.Size([128, 1])
Time: prepare 0.0034    bound 0.7032    transfer 0.0003    finalize 0.0016    func 0.7085    
Accumulated time: func 4.7358    prepare 0.0554    bound 4.6698    transfer 0.0048    finalize 0.0302    
max lb tensor(9.99999975e-05) min lb tensor(-6.77037716)
Number of Verified Splits: 46 of 128
Current worst splitting domains lb-rhs (depth):
-10.07797 (3), -9.99485 (4), -9.97356 (4), -9.79972 (4), -8.96299 (4), -8.86617 (5), -8.79787 (5), -8.79038 (5), -8.68215 (4), -8.65327 (5), -8.59559 (5), -8.44689 (4), -8.42594 (6), -8.35756 (6), -8.27864 (7), -8.26794 (7), -7.92239 (4), -7.81412 (5), -7.67551 (6), -7.66937 (6), 
Length of domains: 407
Current (lb-rhs): -10.077971458435059
1022 domains visited
Time: pickout 0.0094    decision 0.0223    set_bounds 0.0033    solve 0.7090    add 0.0010    
Accumulated time: pickout 0.0889    decision 0.3806    set_bounds 0.0294    solve 4.7416    add 0.0172    
Cumulative time: 5.279813289642334

BaB round 11
batch: 64
splitting decisions: 
split level 0: [/input-3, 70] [/input-3, 107] [/input-3, 48] [/input-3, 21] [/input-3, 70] [/input-3, 65] [/input-3, 71] [/input-3, 70] [/input, 57] [/input-3, 22] 
best_l after optimization: -158.1764678955078
beta sum per layer: [77.33335876464844, 519.401123046875]
alpha/beta optimization time: 0.5224916934967041
pruning_in_iteration open status: True
ratio of positive domain = 37 / 128 = 0.2890625
pruning-in-iteration extra time: 0.031553030014038086
torch.Size([128, 1])
Time: prepare 0.0034    bound 0.5236    transfer 0.0007    finalize 0.0025    func 0.5302    
Accumulated time: func 5.2660    prepare 0.0604    bound 5.1934    transfer 0.0055    finalize 0.0326    
max lb tensor(9.99999975e-05) min lb tensor(-5.05613327)
Number of Verified Splits: 37 of 128
Current worst splitting domains lb-rhs (depth):
-10.07797 (3), -9.99485 (4), -9.97356 (4), -9.79972 (4), -8.96299 (4), -8.86617 (5), -8.79787 (5), -8.79038 (5), -8.68215 (4), -8.65327 (5), -8.59559 (5), -8.44689 (4), -8.42594 (6), -8.35756 (6), -8.27864 (7), -8.26794 (7), -7.92239 (4), -7.81412 (5), -7.67551 (6), -7.66937 (6), 
Length of domains: 434
Current (lb-rhs): -10.077971458435059
1150 domains visited
Time: pickout 0.0106    decision 0.0249    set_bounds 0.0034    solve 0.5311    add 0.0012    
Accumulated time: pickout 0.0994    decision 0.4054    set_bounds 0.0328    solve 5.2727    add 0.0185    
Cumulative time: 5.851406574249268

BaB round 12
batch: 64
splitting decisions: 
split level 0: [/input-3, 64] [/input-3, 25] [/input-3, 64] [/input-3, 12] [/input-3, 73] [/input, 195] [/input-3, 7] [/input-3, 7] [/input-3, 73] [/input-3, 7] 
best_l after optimization: -182.94842529296875
beta sum per layer: [107.9742431640625, 543.6051635742188]
alpha/beta optimization time: 0.49893951416015625
pruning_in_iteration open status: True
ratio of positive domain = 45 / 128 = 0.3515625
pruning-in-iteration extra time: 0.025071144104003906
torch.Size([128, 1])
Time: prepare 0.0051    bound 0.5003    transfer 0.0003    finalize 0.0052    func 0.5110    
Accumulated time: func 5.7771    prepare 0.0670    bound 5.6937    transfer 0.0058    finalize 0.0378    
max lb tensor(9.99999975e-05) min lb tensor(-4.76304245)
Number of Verified Splits: 45 of 128
Current worst splitting domains lb-rhs (depth):
-10.07797 (3), -9.99485 (4), -9.97356 (4), -9.79972 (4), -8.96299 (4), -8.86617 (5), -8.79787 (5), -8.79038 (5), -8.68215 (4), -8.65327 (5), -8.59559 (5), -8.44689 (4), -8.42594 (6), -8.35756 (6), -8.27864 (7), -8.26794 (7), -7.92239 (4), -7.81412 (5), -7.67551 (6), -7.66937 (6), 
Length of domains: 453
Current (lb-rhs): -10.077971458435059
1278 domains visited
Time: pickout 0.0099    decision 0.0300    set_bounds 0.0045    solve 0.5117    add 0.0013    
Accumulated time: pickout 0.1093    decision 0.4355    set_bounds 0.0373    solve 5.7844    add 0.0198    
Cumulative time: 6.40913462638855

BaB round 13
batch: 64
splitting decisions: 
split level 0: [/input, 134] [/input-3, 21] [/input-3, 25] [/input-3, 60] [/input, 76] [/input-3, 60] [/input, 76] [/input-3, 7] [/input-3, 7] [/input-3, 29] 
best_l after optimization: -225.29873657226562
beta sum per layer: [119.56320190429688, 520.6582641601562]
alpha/beta optimization time: 0.30158257484436035
pruning_in_iteration open status: False
ratio of positive domain = 16 / 128 = 0.125
pruning-in-iteration extra time: 9.489059448242188e-05
torch.Size([128, 1])
Time: prepare 0.0033    bound 0.3024    transfer 0.0003    finalize 0.0017    func 0.3077    
Accumulated time: func 6.0848    prepare 0.0714    bound 5.9961    transfer 0.0061    finalize 0.0395    
max lb tensor(0.38734388) min lb tensor(-4.50173187)
Number of Verified Splits: 16 of 128
Current worst splitting domains lb-rhs (depth):
-10.07797 (3), -9.99485 (4), -9.97356 (4), -9.79972 (4), -8.96299 (4), -8.86617 (5), -8.79787 (5), -8.79038 (5), -8.68215 (4), -8.65327 (5), -8.59559 (5), -8.44689 (4), -8.42594 (6), -8.35756 (6), -8.27864 (7), -8.26794 (7), -7.92239 (4), -7.81412 (5), -7.67551 (6), -7.66937 (6), 
Length of domains: 501
Current (lb-rhs): -10.077971458435059
1406 domains visited
Time: pickout 0.0107    decision 0.0203    set_bounds 0.0034    solve 0.3083    add 0.0012    
Accumulated time: pickout 0.1200    decision 0.4558    set_bounds 0.0407    solve 6.0927    add 0.0210    
Cumulative time: 6.753252744674683

BaB round 14
batch: 64
splitting decisions: 
split level 0: [/input-3, 98] [/input-3, 64] [/input-3, 25] [/input-3, 25] [/input-3, 12] [/input-3, 25] [/input-3, 25] [/input-3, 25] [/input-3, 12] [/input-3, 25] 
best_l after optimization: -180.66329956054688
beta sum per layer: [124.45855712890625, 558.693603515625]
alpha/beta optimization time: 0.7471160888671875
pruning_in_iteration open status: False
ratio of positive domain = 12 / 128 = 0.09375
pruning-in-iteration extra time: 0.00042939186096191406
torch.Size([128, 1])
Time: prepare 0.0032    bound 0.7484    transfer 0.0009    finalize 0.0092    func 0.7617    
Accumulated time: func 6.8466    prepare 0.0760    bound 6.7445    transfer 0.0070    finalize 0.0487    
max lb tensor(0.33310270) min lb tensor(-4.13954782)
Number of Verified Splits: 12 of 128
Current worst splitting domains lb-rhs (depth):
-10.07797 (3), -9.99485 (4), -9.97356 (4), -9.79972 (4), -8.96299 (4), -8.86617 (5), -8.79787 (5), -8.79038 (5), -8.68215 (4), -8.65327 (5), -8.59559 (5), -8.44689 (4), -8.42594 (6), -8.35756 (6), -8.27864 (7), -8.26794 (7), -7.92239 (4), -7.81412 (5), -7.67551 (6), -7.66937 (6), 
Length of domains: 553
Current (lb-rhs): -10.077971458435059
1534 domains visited
Time: pickout 0.0079    decision 0.0220    set_bounds 0.0033    solve 0.7625    add 0.0018    
Accumulated time: pickout 0.1278    decision 0.4777    set_bounds 0.0440    solve 6.8552    add 0.0228    
Cumulative time: 7.550941467285156

BaB round 15
batch: 64
splitting decisions: 
split level 0: [/input-3, 73] [/input-3, 98] [/input-3, 98] [/input-3, 112] [/input-3, 73] [/input-3, 25] [/input-3, 112] [/input-3, 25] [/input-3, 25] [/input-3, 112] 
best_l after optimization: -109.48052978515625
beta sum per layer: [135.51133728027344, 656.8590698242188]
alpha/beta optimization time: 1.0253279209136963
pruning_in_iteration open status: True
ratio of positive domain = 27 / 128 = 0.2109375
pruning-in-iteration extra time: 0.0442805290222168
torch.Size([128, 1])
Time: prepare 0.0038    bound 1.0265    transfer 0.0019    finalize 0.0056    func 1.0378    
Accumulated time: func 7.8844    prepare 0.0836    bound 7.7709    transfer 0.0089    finalize 0.0542    
max lb tensor(9.99999975e-05) min lb tensor(-3.94392872)
Number of Verified Splits: 27 of 128
Current worst splitting domains lb-rhs (depth):
-10.07797 (3), -9.99485 (4), -9.97356 (4), -9.79972 (4), -8.96299 (4), -8.86617 (5), -8.79787 (5), -8.79038 (5), -8.68215 (4), -8.65327 (5), -8.59559 (5), -8.44689 (4), -8.42594 (6), -8.35756 (6), -8.27864 (7), -8.26794 (7), -7.92239 (4), -7.81412 (5), -7.67551 (6), -7.66937 (6), 
Length of domains: 590
Current (lb-rhs): -10.077971458435059
1662 domains visited
Time: pickout 0.0128    decision 0.0804    set_bounds 0.0034    solve 1.0386    add 0.0020    
Accumulated time: pickout 0.1407    decision 0.5581    set_bounds 0.0474    solve 7.8938    add 0.0248    
Cumulative time: 8.688337802886963

BaB round 16
batch: 64
splitting decisions: 
split level 0: [/input-3, 112] [/input-3, 73] [/input-3, 73] [/input-3, 73] [/input-3, 73] [/input-3, 73] [/input-3, 73] [/input-3, 73] [/input-3, 112] [/input-3, 73] 
best_l after optimization: -70.39514923095703
beta sum per layer: [131.85733032226562, 713.3035888671875]
alpha/beta optimization time: 0.737351655960083
pruning_in_iteration open status: True
ratio of positive domain = 40 / 128 = 0.3125
pruning-in-iteration extra time: 0.03515744209289551
torch.Size([128, 1])
Time: prepare 0.0051    bound 0.7385    transfer 0.0008    finalize 0.0030    func 0.7476    
Accumulated time: func 8.6319    prepare 0.0948    bound 8.5094    transfer 0.0098    finalize 0.0572    
max lb tensor(9.99999975e-05) min lb tensor(-3.01771879)
Number of Verified Splits: 40 of 128
Current worst splitting domains lb-rhs (depth):
-10.07797 (3), -9.99485 (4), -9.97356 (4), -9.79972 (4), -8.96299 (4), -8.86617 (5), -8.79787 (5), -8.79038 (5), -8.68215 (4), -8.65327 (5), -8.59559 (5), -8.44689 (4), -8.42594 (6), -8.35756 (6), -8.27864 (7), -8.26794 (7), -7.92239 (4), -7.81412 (5), -7.67551 (6), -7.66937 (6), 
Length of domains: 614
Current (lb-rhs): -10.077971458435059
1790 domains visited
Time: pickout 0.0119    decision 0.1173    set_bounds 0.0041    solve 0.7484    add 0.0015    
Accumulated time: pickout 0.1526    decision 0.6754    set_bounds 0.0515    solve 8.6422    add 0.0263    
Cumulative time: 9.571871280670166

BaB round 17
batch: 64
splitting decisions: 
split level 0: [/input-3, 73] [/input-3, 73] [/input-3, 98] [/input-3, 112] [/input-3, 73] [/input-3, 73] [/input-3, 112] [/input-3, 112] [/input-3, 73] [/input-3, 73] 
best_l after optimization: -50.02827453613281
beta sum per layer: [121.87359619140625, 721.5577392578125]
alpha/beta optimization time: 0.599705696105957
pruning_in_iteration open status: True
ratio of positive domain = 49 / 128 = 0.3828125
pruning-in-iteration extra time: 0.030524015426635742
torch.Size([128, 1])
Time: prepare 0.0041    bound 0.6008    transfer 0.0004    finalize 0.0020    func 0.6073    
Accumulated time: func 9.2392    prepare 0.1006    bound 9.1102    transfer 0.0101    finalize 0.0592    
max lb tensor(9.99999975e-05) min lb tensor(-2.79291296)
Number of Verified Splits: 49 of 128
Current worst splitting domains lb-rhs (depth):
-10.07797 (3), -9.99485 (4), -9.97356 (4), -9.79972 (4), -8.96299 (4), -8.86617 (5), -8.79787 (5), -8.79038 (5), -8.68215 (4), -8.65327 (5), -8.59559 (5), -8.44689 (4), -8.42594 (6), -8.35756 (6), -8.27864 (7), -8.26794 (7), -7.92239 (4), -7.81412 (5), -7.67551 (6), -7.66937 (6), 
Length of domains: 629
Current (lb-rhs): -10.077971458435059
1918 domains visited
Time: pickout 0.0116    decision 0.0287    set_bounds 0.0047    solve 0.6078    add 0.0012    
Accumulated time: pickout 0.1642    decision 0.7041    set_bounds 0.0562    solve 9.2500    add 0.0275    
Cumulative time: 10.226330041885376

BaB round 18
batch: 64
splitting decisions: 
split level 0: [/input-3, 25] [/input-3, 73] [/input-3, 107] [/input, 161] [/input-3, 107] [/input-3, 107] [/input-3, 118] [/input-3, 107] [/input-3, 112] [/input-3, 112] 
best_l after optimization: -39.95705032348633
beta sum per layer: [119.541748046875, 721.7454833984375]
alpha/beta optimization time: 0.4980614185333252
pruning_in_iteration open status: True
ratio of positive domain = 56 / 128 = 0.4375
pruning-in-iteration extra time: 0.026115894317626953
torch.Size([128, 1])
Time: prepare 0.0036    bound 0.4993    transfer 0.0003    finalize 0.0031    func 0.5065    
Accumulated time: func 9.7457    prepare 0.1056    bound 9.6095    transfer 0.0104    finalize 0.0624    
max lb tensor(9.99999975e-05) min lb tensor(-2.59368706)
Number of Verified Splits: 56 of 128
Current worst splitting domains lb-rhs (depth):
-10.07797 (3), -9.99485 (4), -9.97356 (4), -9.79972 (4), -8.96299 (4), -8.86617 (5), -8.79787 (5), -8.79038 (5), -8.68215 (4), -8.65327 (5), -8.59559 (5), -8.44689 (4), -8.42594 (6), -8.35756 (6), -8.27864 (7), -8.26794 (7), -7.92239 (4), -7.81412 (5), -7.67551 (6), -7.66937 (6), 
Length of domains: 637
Current (lb-rhs): -10.077971458435059
2046 domains visited
Time: pickout 0.0096    decision 0.0241    set_bounds 0.0040    solve 0.5071    add 0.0012    
Accumulated time: pickout 0.1738    decision 0.7282    set_bounds 0.0602    solve 9.7571    add 0.0287    
Time out!!!!!!!!
Result: unknown in 12.1216 seconds

 %%%%%%%%%%%%%%%%%%%%%%%%%%%%%%%%%%% idx: 5, vnnlib ID: 85 %%%%%%%%%%%%%%%%%%%%%%%%%%%%%%%%%%%
Finished vnnlib processing in 0.002624 seconds
Model: BoundedModule(
  (/0): BoundInput(name=/0, inputs=[], perturbed=True)
  (/7): BoundParams(name=/7, inputs=[], perturbed=False)
  (/8): BoundParams(name=/8, inputs=[], perturbed=False)
  (/9): BoundParams(name=/9, inputs=[], perturbed=False)
  (/10): BoundParams(name=/10, inputs=[], perturbed=False)
  (/11): BoundParams(name=/11, inputs=[], perturbed=False)
  (/12): BoundParams(name=/12, inputs=[], perturbed=False)
  (/13): BoundFlatten(name=/13, inputs=[/0], perturbed=True)
  (/input): BoundLinear(name=/input, inputs=[/13, /7, /8], perturbed=True)
  (/15): BoundRelu(name=/15, inputs=[/input], perturbed=True)
  (/input-3): BoundLinear(name=/input-3, inputs=[/15, /9, /10], perturbed=True)
  (/17): BoundRelu(name=/17, inputs=[/input-3], perturbed=True)
  (/18): BoundLinear(name=/18, inputs=[/17, /11, /12], perturbed=True)
)
Original output in the first batch: tensor([[-12.34405613,  -5.70565462,  -8.72993851,  -7.79166031,  16.31190109,
          -1.18407094, -10.19938374,  -4.86624765,  -2.75732589,   1.32704341]],
       device='cuda:0')
Split layers:
Nonlinear functions:
   BoundRelu(name=/15, inputs=[/input], perturbed=True)
   BoundRelu(name=/17, inputs=[/input-3], perturbed=True)
build batch [1/1]
layer /15 using sparse-features alpha with shape [122]; unstable size 122; total size 256 ([1, 256])
layer /15 start_node /input-3 using sparse-spec alpha [2, 67, 1, 122] with unstable size 66 total_size 128 output_shape torch.Size([128])
layer /15 start_node /18 using full alpha [2, 9, 1, 122] with unstable size None total_size 9 output_shape 9
layer /17 using sparse-features alpha with shape [66]; unstable size 66; total size 128 ([1, 128])
layer /17 start_node /18 using full alpha [2, 9, 1, 66] with unstable size None total_size 9 output_shape 9
Optimizable variables initialized.
initial CROWN bounds (first 10 items): [12.891931533813477, 10.053187370300293, 9.917888641357422, 6.762798309326172, 0.5873298645019531, 10.126581192016602, 7.879201889038086, 2.401691436767578, 0.9864873886108398]
Verified with initial CROWN!
verified with init bound!
Result: safe-incomplete in 0.0992 seconds

 %%%%%%%%%%%%%%%%%%%%%%%%%%%%%%%%%%% idx: 6, vnnlib ID: 86 %%%%%%%%%%%%%%%%%%%%%%%%%%%%%%%%%%%
Finished vnnlib processing in 0.003534 seconds
Model: BoundedModule(
  (/0): BoundInput(name=/0, inputs=[], perturbed=True)
  (/7): BoundParams(name=/7, inputs=[], perturbed=False)
  (/8): BoundParams(name=/8, inputs=[], perturbed=False)
  (/9): BoundParams(name=/9, inputs=[], perturbed=False)
  (/10): BoundParams(name=/10, inputs=[], perturbed=False)
  (/11): BoundParams(name=/11, inputs=[], perturbed=False)
  (/12): BoundParams(name=/12, inputs=[], perturbed=False)
  (/13): BoundFlatten(name=/13, inputs=[/0], perturbed=True)
  (/input): BoundLinear(name=/input, inputs=[/13, /7, /8], perturbed=True)
  (/15): BoundRelu(name=/15, inputs=[/input], perturbed=True)
  (/input-3): BoundLinear(name=/input-3, inputs=[/15, /9, /10], perturbed=True)
  (/17): BoundRelu(name=/17, inputs=[/input-3], perturbed=True)
  (/18): BoundLinear(name=/18, inputs=[/17, /11, /12], perturbed=True)
)
Original output in the first batch: tensor([[ -3.30454206,  -2.39803219,   2.60260177,   1.09790289,  -8.55593967,
          -5.99562407, -15.75796509,   9.68569279,  -0.17840967,  -2.91979909]],
       device='cuda:0')
Split layers:
Nonlinear functions:
   BoundRelu(name=/15, inputs=[/input], perturbed=True)
   BoundRelu(name=/17, inputs=[/input-3], perturbed=True)
build batch [1/1]
layer /15 using sparse-features alpha with shape [139]; unstable size 139; total size 256 ([1, 256])
layer /15 start_node /input-3 using sparse-spec alpha [2, 80, 1, 139] with unstable size 79 total_size 128 output_shape torch.Size([128])
layer /15 start_node /18 using full alpha [2, 9, 1, 139] with unstable size None total_size 9 output_shape 9
layer /17 using sparse-features alpha with shape [79]; unstable size 79; total size 128 ([1, 128])
layer /17 start_node /18 using full alpha [2, 9, 1, 79] with unstable size None total_size 9 output_shape 9
Optimizable variables initialized.
initial CROWN bounds (first 10 items): [-3.850454330444336, -0.9846992492675781, -7.974282264709473, -5.887677192687988, 3.952360153198242, -3.171009063720703, 2.98214054107666, -9.010183334350586, -3.229827880859375]
prune_after_crown optimization in use
  original spec size = torch.Size([1, 9])
  pruned spec size = torch.Size([1, 7])
Using alpha-CROWN to initialize bounds.
best_l after optimization: -28.945270538330078
alpha/beta optimization time: 2.9998440742492676
initial alpha-crown bounds (first 10 items): [-3.45320987701416, -0.5262789726257324, -6.636171340942383, -5.240203380584717, -2.0691518783569336, -8.240335464477539, -2.779918670654297]
Global lower bound: -8.240335464477539
torch.Size([1, 7])
2 / 9 OR specs are verified.
Verified OR indices (first 10 items): [4, 6]
Verified OR lbs (first 10 items): [[inf], [inf]]
Unverified OR indices (first 10 items): [0, 1, 2, 3, 5, 7, 8]
Unverified OR lbs (first 10 items): [[-3.45320987701416], [-0.5262789726257324], [-6.636171340942383], [-5.240203380584717], [-2.0691518783569336], [-8.240335464477539], [-2.779918670654297]]
###### Verifying property Instance 6 ######
Batch size: 7
First 10 spec matrices
C: tensor([[[-1.,  0.,  0.,  0.,  0.,  0.,  0.,  1.,  0.,  0.]],

        [[ 0., -1.,  0.,  0.,  0.,  0.,  0.,  1.,  0.,  0.]],

        [[ 0.,  0., -1.,  0.,  0.,  0.,  0.,  1.,  0.,  0.]],

        [[ 0.,  0.,  0., -1.,  0.,  0.,  0.,  1.,  0.,  0.]],

        [[ 0.,  0.,  0.,  0.,  0., -1.,  0.,  1.,  0.,  0.]],

        [[ 0.,  0.,  0.,  0.,  0.,  0.,  0.,  1., -1.,  0.]],

        [[ 0.,  0.,  0.,  0.,  0.,  0.,  0.,  1.,  0., -1.]]], device='cuda:0')
RHS: tensor([[0.],
        [0.],
        [0.],
        [0.],
        [0.],
        [0.],
        [0.]], device='cuda:0')
OR spec sizes: tensor([1, 1, 1, 1, 1, 1, 1], device='cuda:0', dtype=torch.int32)
Remaining timeout: 8.791611671447754
Model prediction is: tensor([ -3.30454206,  -2.39803219,   2.60260177,   1.09790289,  -8.55593967,
         -5.99562407, -15.75796509,   9.68569279,  -0.17840967,  -2.91979909],
       device='cuda:0')
Activation BaB batch 1/1 
build_with_refined_bounds batch [1/1]
Optimizable variables initialized.
all alpha initialized
directly get lb and ub from refined bounds
c shape: torch.Size([7, 1, 10])
lA shapes: [torch.Size([7, 1, 256]), torch.Size([7, 1, 128])]
torch.Size([7, 1])
(alpha-)CROWN with fixed intermediate bounds: tensor([[-3.45320988],
        [-0.52627897],
        [-6.63617134],
        [-5.24020338],
        [-2.06915188],
        [-8.24033546],
        [-2.77991867]], device='cuda:0') tensor([[inf],
        [inf],
        [inf],
        [inf],
        [inf],
        [inf],
        [inf]], device='cuda:0')
Intermediate layers: /input,/input-3
Keeping alphas for these layers: ['/18']
Node /15 input 0: size torch.Size([256]) unstable 139
Node /17 input 0: size torch.Size([128]) unstable 74
-----------------
# of unstable neurons: 213
-----------------

BaB round 1
batch: 7
splitting decisions: 
split level 0: [/input-3, 102] [/input-3, 6] [/input-3, 40] [/input-3, 102] [/input-3, 27] [/input-3, 27] [/input-3, 102] 
best_l after optimization: -49.923892974853516
beta sum per layer: [0.0, 4.001564025878906]
alpha/beta optimization time: 0.5799670219421387
pruning_in_iteration open status: False
ratio of positive domain = 0 / 14 = 0.0
pruning-in-iteration extra time: 0.0003132820129394531
torch.Size([14, 1])
Time: prepare 0.0021    bound 0.5811    transfer 0.0008    finalize 0.0035    func 0.5875    
Accumulated time: func 0.5875    prepare 0.0084    bound 0.5811    transfer 0.0008    finalize 0.0035    
max lb tensor(-0.12308931) min lb tensor(-7.95166683)
Number of Verified Splits: 0 of 14
Current worst splitting domains lb-rhs (depth):
-7.95167 (1), -7.57301 (1), -6.44440 (1), -6.14450 (1), -4.84855 (1), -4.52208 (1), -3.08745 (1), -2.43222 (1), -2.06631 (1), -1.75368 (1), -1.47014 (1), -1.33344 (1), -0.17335 (1), -0.12309 (1), 
Length of domains: 14
Current (lb-rhs): -7.951666831970215
14 domains visited
Time: pickout 0.0014    decision 0.0376    set_bounds 0.0008    solve 0.5881    add 0.0052    
Accumulated time: pickout 0.0014    decision 0.0376    set_bounds 0.0008    solve 0.5881    add 0.0052    
Cumulative time: 0.6626441478729248

BaB round 2
batch: 14
splitting decisions: 
split level 0: [/input-3, 0] [/input-3, 21] [/input-3, 103] [/input-3, 17] [/input, 190] [/input-3, 102] [/input-3, 21] [/input-3, 0] [/input-3, 21] [/input-3, 72] 
best_l after optimization: -77.28878784179688
beta sum per layer: [2.8242273330688477, 18.97159194946289]
alpha/beta optimization time: 0.5953376293182373
pruning_in_iteration open status: False
ratio of positive domain = 5 / 28 = 0.1785714285714286
pruning-in-iteration extra time: 0.0009617805480957031
torch.Size([28, 1])
Time: prepare 0.0028    bound 0.5971    transfer 0.0012    finalize 0.0050    func 0.6062    
Accumulated time: func 1.1936    prepare 0.0150    bound 1.1781    transfer 0.0020    finalize 0.0085    
max lb tensor(0.50443554) min lb tensor(-7.70926142)
Number of Verified Splits: 5 of 28
Current worst splitting domains lb-rhs (depth):
-7.70926 (2), -7.31218 (2), -7.22430 (2), -6.84546 (2), -6.32337 (2), -6.00844 (2), -4.65420 (2), -4.39642 (2), -4.35500 (2), -4.33047 (2), -3.71419 (2), -2.85810 (2), -2.24370 (2), -2.07868 (2), -1.87616 (2), -1.49207 (2), -1.24421 (2), -1.10941 (2), -0.89408 (2), -0.61566 (2), 
Length of domains: 23
Current (lb-rhs): -7.709261417388916
42 domains visited
Time: pickout 0.0062    decision 0.0346    set_bounds 0.0016    solve 0.6070    add 0.0021    
Accumulated time: pickout 0.0076    decision 0.0722    set_bounds 0.0024    solve 1.1951    add 0.0073    
Cumulative time: 1.3144795894622803

BaB round 3
batch: 23
splitting decisions: 
split level 0: [/input-3, 40] [/input-3, 97] [/input-3, 6] [/input, 163] [/input-3, 6] [/input-3, 27] [/input-3, 103] [/input-3, 97] [/input-3, 6] [/input-3, 62] 
best_l after optimization: -130.52914428710938
beta sum per layer: [9.474477767944336, 53.54088592529297]
alpha/beta optimization time: 0.7222142219543457
pruning_in_iteration open status: False
ratio of positive domain = 6 / 46 = 0.13043478260869568
pruning-in-iteration extra time: 0.0009212493896484375
torch.Size([46, 1])
Time: prepare 0.0039    bound 0.7241    transfer 0.0016    finalize 0.0052    func 0.7349    
Accumulated time: func 1.9286    prepare 0.0240    bound 1.9022    transfer 0.0036    finalize 0.0137    
max lb tensor(0.54558468) min lb tensor(-7.43238354)
Number of Verified Splits: 6 of 46
Current worst splitting domains lb-rhs (depth):
-7.43238 (3), -7.41420 (3), -7.02393 (3), -6.92640 (3), -6.92284 (3), -6.92001 (3), -6.53982 (3), -6.49202 (3), -6.18342 (3), -5.89762 (3), -5.44200 (3), -4.47180 (3), -4.42397 (3), -4.14914 (3), -4.11775 (3), -4.05550 (3), -3.89649 (3), -3.88377 (3), -3.58455 (3), -3.37224 (3), 
Length of domains: 40
Current (lb-rhs): -7.4323835372924805
88 domains visited
Time: pickout 0.0126    decision 0.0526    set_bounds 0.0024    solve 0.7357    add 0.0024    
Accumulated time: pickout 0.0203    decision 0.1248    set_bounds 0.0049    solve 1.9308    add 0.0097    
Cumulative time: 2.1204164028167725

BaB round 4
batch: 40
splitting decisions: 
split level 0: [/input-3, 27] [/input-3, 72] [/input-3, 62] [/input, 129] [/input-3, 62] [/input-3, 40] [/input-3, 103] [/input-3, 62] [/input, 129] [/input-3, 62] 
best_l after optimization: -214.15115356445312
beta sum per layer: [15.397939682006836, 131.1087646484375]
alpha/beta optimization time: 0.5043172836303711
pruning_in_iteration open status: False
ratio of positive domain = 15 / 80 = 0.1875
pruning-in-iteration extra time: 0.00010347366333007812
torch.Size([80, 1])
Time: prepare 0.0041    bound 0.5053    transfer 0.0002    finalize 0.0017    func 0.5114    
Accumulated time: func 2.4400    prepare 0.0330    bound 2.4075    transfer 0.0038    finalize 0.0154    
max lb tensor(0.47680283) min lb tensor(-7.18504667)
Number of Verified Splits: 15 of 80
Current worst splitting domains lb-rhs (depth):
-7.18505 (4), -7.16816 (4), -7.12903 (4), -7.12679 (4), -6.80823 (4), -6.74593 (4), -6.73485 (4), -6.71546 (4), -6.67172 (4), -6.60561 (4), -6.34346 (4), -6.31237 (4), -6.05553 (4), -5.79224 (4), -5.69247 (4), -5.32035 (4), -5.31308 (4), -5.29183 (4), -4.70718 (4), -4.23686 (4), 
Length of domains: 65
Current (lb-rhs): -7.185046672821045
168 domains visited
Time: pickout 0.0143    decision 0.0694    set_bounds 0.0034    solve 0.5123    add 0.0012    
Accumulated time: pickout 0.0346    decision 0.1942    set_bounds 0.0082    solve 2.4430    add 0.0108    
Cumulative time: 2.721205949783325

BaB round 5
batch: 64
splitting decisions: 
split level 0: [/input-3, 100] [/input-3, 27] [/input-3, 17] [/input-3, 40] [/input-3, 27] [/input-3, 100] [/input-3, 27] [/input-3, 17] [/input-3, 27] [/input-3, 100] 
best_l after optimization: -346.07159423828125
beta sum per layer: [2.9434432983398438, 326.24163818359375]
alpha/beta optimization time: 0.4222831726074219
pruning_in_iteration open status: False
ratio of positive domain = 15 / 128 = 0.1171875
pruning-in-iteration extra time: 9.441375732421875e-05
torch.Size([128, 1])
Time: prepare 0.0031    bound 0.4233    transfer 0.0002    finalize 0.0020    func 0.4287    
Accumulated time: func 2.8687    prepare 0.0375    bound 2.8308    transfer 0.0041    finalize 0.0174    
max lb tensor(0.59800720) min lb tensor(-6.99419022)
Number of Verified Splits: 15 of 128
Current worst splitting domains lb-rhs (depth):
-6.99419 (5), -6.98187 (5), -6.93696 (5), -6.93400 (5), -6.60970 (5), -6.53272 (5), -6.49424 (5), -6.49003 (5), -6.48813 (5), -6.48240 (5), -6.47093 (5), -6.41925 (5), -6.18946 (5), -6.16202 (5), -6.15025 (5), -6.14295 (5), -5.93511 (5), -5.76030 (5), -5.67842 (5), -5.65022 (5), 
Length of domains: 114
Current (lb-rhs): -6.994190216064453
296 domains visited
Time: pickout 0.0087    decision 0.0259    set_bounds 0.0039    solve 0.4294    add 0.0014    
Accumulated time: pickout 0.0433    decision 0.2201    set_bounds 0.0121    solve 2.8724    add 0.0123    
Cumulative time: 3.190959930419922

BaB round 6
batch: 64
splitting decisions: 
split level 0: [/input-3, 96] [/input-3, 120] [/input-3, 17] [/input-3, 96] [/input-3, 120] [/input-3, 21] [/input-3, 125] [/input-3, 40] [/input-3, 120] [/input-3, 17] 
best_l after optimization: -289.15618896484375
beta sum per layer: [5.962067127227783, 470.8382873535156]
alpha/beta optimization time: 0.3728053569793701
pruning_in_iteration open status: False
ratio of positive domain = 22 / 128 = 0.171875
pruning-in-iteration extra time: 0.00017380714416503906
torch.Size([128, 1])
Time: prepare 0.0032    bound 0.3738    transfer 0.0003    finalize 0.0017    func 0.3790    
Accumulated time: func 3.2478    prepare 0.0419    bound 3.2046    transfer 0.0044    finalize 0.0191    
max lb tensor(0.62002182) min lb tensor(-6.75486755)
Number of Verified Splits: 22 of 128
Current worst splitting domains lb-rhs (depth):
-6.99419 (5), -6.98187 (5), -6.93696 (5), -6.75487 (6), -6.60970 (5), -6.53272 (5), -6.49424 (5), -6.49003 (5), -6.41925 (5), -6.34278 (6), -6.31681 (6), -6.29067 (6), -6.26844 (6), -6.18946 (5), -6.16202 (5), -5.94535 (6), -5.93511 (5), -5.90977 (6), -5.90253 (6), -5.77936 (6), 
Length of domains: 156
Current (lb-rhs): -6.994190216064453
424 domains visited
Time: pickout 0.0101    decision 0.0235    set_bounds 0.0034    solve 0.3797    add 0.0010    
Accumulated time: pickout 0.0533    decision 0.2437    set_bounds 0.0156    solve 3.2521    add 0.0133    
Cumulative time: 3.609482526779175

BaB round 7
batch: 64
splitting decisions: 
split level 0: [/input-3, 40] [/input-3, 21] [/input-3, 11] [/input-3, 17] [/input-3, 11] [/input-3, 120] [/input-3, 21] [/input-3, 40] [/input-3, 120] [/input-3, 17] 
best_l after optimization: -229.97744750976562
beta sum per layer: [19.374534606933594, 603.0217895507812]
alpha/beta optimization time: 0.3374931812286377
pruning_in_iteration open status: True
ratio of positive domain = 30 / 128 = 0.234375
pruning-in-iteration extra time: 0.008564472198486328
torch.Size([128, 1])
Time: prepare 0.0027    bound 0.3383    transfer 0.0003    finalize 0.0019    func 0.3432    
Accumulated time: func 3.5910    prepare 0.0459    bound 3.5429    transfer 0.0047    finalize 0.0210    
max lb tensor(0.00067139) min lb tensor(-6.08728456)
Number of Verified Splits: 30 of 128
Current worst splitting domains lb-rhs (depth):
-6.99419 (5), -6.98187 (5), -6.93696 (5), -6.75487 (6), -6.60970 (5), -6.53272 (5), -6.49424 (5), -6.49003 (5), -6.41925 (5), -6.34278 (6), -6.31681 (6), -6.29067 (6), -6.18946 (5), -6.16202 (5), -6.08728 (7), -5.93511 (5), -5.90977 (6), -5.71926 (7), -5.69304 (7), -5.64821 (5), 
Length of domains: 190
Current (lb-rhs): -6.994190216064453
552 domains visited
Time: pickout 0.0097    decision 0.0235    set_bounds 0.0031    solve 0.3438    add 0.0012    
Accumulated time: pickout 0.0630    decision 0.2672    set_bounds 0.0187    solve 3.5960    add 0.0145    
Cumulative time: 3.9910449981689453

BaB round 8
batch: 64
splitting decisions: 
split level 0: [/input-3, 11] [/input-3, 127] [/input-3, 11] [/input-3, 127] [/input-3, 11] [/input-3, 0] [/input-3, 8] [/input-3, 40] [/input-3, 11] [/input-3, 22] 
best_l after optimization: -152.38336181640625
beta sum per layer: [38.74283218383789, 668.7801513671875]
alpha/beta optimization time: 0.45547914505004883
pruning_in_iteration open status: True
ratio of positive domain = 43 / 128 = 0.3359375
pruning-in-iteration extra time: 0.022202730178833008
torch.Size([128, 1])
Time: prepare 0.0028    bound 0.4567    transfer 0.0022    finalize 0.0048    func 0.4665    
Accumulated time: func 4.0575    prepare 0.0500    bound 3.9996    transfer 0.0069    finalize 0.0258    
max lb tensor(9.99999975e-05) min lb tensor(-5.46063995)
Number of Verified Splits: 43 of 128
Current worst splitting domains lb-rhs (depth):
-6.99419 (5), -6.98187 (5), -6.93696 (5), -6.75487 (6), -6.60970 (5), -6.53272 (5), -6.49424 (5), -6.49003 (5), -6.41925 (5), -6.34278 (6), -6.31681 (6), -6.29067 (6), -6.18946 (5), -6.16202 (5), -6.08728 (7), -5.93511 (5), -5.90977 (6), -5.71926 (7), -5.69304 (7), -5.64821 (5), 
Length of domains: 211
Current (lb-rhs): -6.994190216064453
680 domains visited
Time: pickout 0.0082    decision 0.0200    set_bounds 0.0032    solve 0.4683    add 0.0028    
Accumulated time: pickout 0.0712    decision 0.2872    set_bounds 0.0218    solve 4.0643    add 0.0172    
Cumulative time: 4.493682622909546

BaB round 9
batch: 64
splitting decisions: 
split level 0: [/input-3, 0] [/input-3, 20] [/input, 56] [/input, 56] [/input-3, 0] [/input-3, 114] [/input-3, 0] [/input-3, 20] [/input-3, 20] [/input-3, 0] 
best_l after optimization: -116.66603088378906
beta sum per layer: [91.78459167480469, 712.3443603515625]
alpha/beta optimization time: 0.6743686199188232
pruning_in_iteration open status: True
ratio of positive domain = 56 / 128 = 0.4375
pruning-in-iteration extra time: 0.036870718002319336
torch.Size([128, 1])
Time: prepare 0.0047    bound 0.6759    transfer 0.0017    finalize 0.0063    func 0.6887    
Accumulated time: func 4.7463    prepare 0.0584    bound 4.6755    transfer 0.0086    finalize 0.0321    
max lb tensor(0.00077629) min lb tensor(-4.15107727)
Number of Verified Splits: 56 of 128
Current worst splitting domains lb-rhs (depth):
-6.99419 (5), -6.98187 (5), -6.93696 (5), -6.75487 (6), -6.60970 (5), -6.53272 (5), -6.49424 (5), -6.49003 (5), -6.41925 (5), -6.34278 (6), -6.31681 (6), -6.29067 (6), -6.18946 (5), -6.16202 (5), -6.08728 (7), -5.93511 (5), -5.90977 (6), -5.71926 (7), -5.69304 (7), -5.64821 (5), 
Length of domains: 219
Current (lb-rhs): -6.994190216064453
808 domains visited
Time: pickout 0.0135    decision 0.0761    set_bounds 0.0055    solve 0.6902    add 0.0015    
Accumulated time: pickout 0.0847    decision 0.3633    set_bounds 0.0273    solve 4.7545    add 0.0187    
Cumulative time: 5.2808802127838135

BaB round 10
batch: 64
splitting decisions: 
split level 0: [/input-3, 72] [/input-3, 20] [/input-3, 127] [/input-3, 20] [/input-3, 22] [/input-3, 72] [/input-3, 8] [/input-3, 20] [/input, 12] [/input, 177] 
best_l after optimization: -112.74748229980469
beta sum per layer: [137.96170043945312, 735.2369384765625]
alpha/beta optimization time: 0.5507767200469971
pruning_in_iteration open status: True
ratio of positive domain = 55 / 128 = 0.4296875
pruning-in-iteration extra time: 0.03486156463623047
torch.Size([128, 1])
Time: prepare 0.0048    bound 0.5519    transfer 0.0005    finalize 0.0024    func 0.5595    
Accumulated time: func 5.3058    prepare 0.0671    bound 5.2274    transfer 0.0090    finalize 0.0344    
max lb tensor(9.99999975e-05) min lb tensor(-3.91127300)
Number of Verified Splits: 55 of 128
Current worst splitting domains lb-rhs (depth):
-6.99419 (5), -6.98187 (5), -6.93696 (5), -6.75487 (6), -6.60970 (5), -6.53272 (5), -6.49424 (5), -6.49003 (5), -6.41925 (5), -6.34278 (6), -6.31681 (6), -6.29067 (6), -6.18946 (5), -6.16202 (5), -6.08728 (7), -5.93511 (5), -5.90977 (6), -5.71926 (7), -5.69304 (7), -5.64821 (5), 
Length of domains: 228
Current (lb-rhs): -6.994190216064453
936 domains visited
Time: pickout 0.0137    decision 0.0771    set_bounds 0.0036    solve 0.5604    add 0.0014    
Accumulated time: pickout 0.0984    decision 0.4404    set_bounds 0.0310    solve 5.3149    add 0.0201    
Cumulative time: 5.937505006790161

BaB round 11
batch: 64
splitting decisions: 
split level 0: [/input-3, 125] [/input-3, 125] [/input-3, 72] [/input, 129] [/input-3, 72] [/input-3, 72] [/input-3, 82] [/input-3, 125] [/input-3, 82] [/input-3, 125] 
best_l after optimization: -118.09346008300781
beta sum per layer: [134.52877807617188, 755.9251098632812]
alpha/beta optimization time: 0.582561731338501
pruning_in_iteration open status: True
ratio of positive domain = 52 / 128 = 0.40625
pruning-in-iteration extra time: 0.024167776107788086
torch.Size([128, 1])
Time: prepare 0.0050    bound 0.5841    transfer 0.0004    finalize 0.0018    func 0.5914    
Accumulated time: func 5.8972    prepare 0.0747    bound 5.8115    transfer 0.0094    finalize 0.0363    
max lb tensor(9.99999975e-05) min lb tensor(-3.77560139)
Number of Verified Splits: 52 of 128
Current worst splitting domains lb-rhs (depth):
-6.99419 (5), -6.98187 (5), -6.93696 (5), -6.75487 (6), -6.60970 (5), -6.53272 (5), -6.49424 (5), -6.49003 (5), -6.41925 (5), -6.34278 (6), -6.31681 (6), -6.29067 (6), -6.18946 (5), -6.16202 (5), -6.08728 (7), -5.93511 (5), -5.90977 (6), -5.71926 (7), -5.69304 (7), -5.64821 (5), 
Length of domains: 240
Current (lb-rhs): -6.994190216064453
1064 domains visited
Time: pickout 0.0107    decision 0.0374    set_bounds 0.0056    solve 0.5924    add 0.0013    
Accumulated time: pickout 0.1091    decision 0.4778    set_bounds 0.0366    solve 5.9073    add 0.0214    
Cumulative time: 6.5853352546691895

BaB round 12
batch: 64
splitting decisions: 
split level 0: [/input, 73] [/input, 242] [/input, 163] [/input-3, 127] [/input-3, 127] [/input, 12] [/input, 15] [/input-3, 31] [/input-3, 125] [/input-3, 127] 
best_l after optimization: -114.55767059326172
beta sum per layer: [157.90216064453125, 787.1408081054688]
alpha/beta optimization time: 0.5977327823638916
pruning_in_iteration open status: True
ratio of positive domain = 49 / 128 = 0.3828125
pruning-in-iteration extra time: 0.03078627586364746
torch.Size([128, 1])
Time: prepare 0.0035    bound 0.5998    transfer 0.0017    finalize 0.0070    func 0.6123    
Accumulated time: func 6.5095    prepare 0.0800    bound 6.4112    transfer 0.0111    finalize 0.0432    
max lb tensor(9.99999975e-05) min lb tensor(-3.62486076)
Number of Verified Splits: 49 of 128
Current worst splitting domains lb-rhs (depth):
-6.99419 (5), -6.98187 (5), -6.93696 (5), -6.75487 (6), -6.60970 (5), -6.53272 (5), -6.49424 (5), -6.49003 (5), -6.41925 (5), -6.34278 (6), -6.31681 (6), -6.29067 (6), -6.18946 (5), -6.16202 (5), -6.08728 (7), -5.93511 (5), -5.90977 (6), -5.71926 (7), -5.69304 (7), -5.64821 (5), 
Length of domains: 255
Current (lb-rhs): -6.994190216064453
1192 domains visited
Time: pickout 0.0105    decision 0.0249    set_bounds 0.0039    solve 0.6177    add 0.0049    
Accumulated time: pickout 0.1196    decision 0.5027    set_bounds 0.0404    solve 6.5250    add 0.0262    
Cumulative time: 7.248899698257446

BaB round 13
batch: 64
splitting decisions: 
split level 0: [/input-3, 114] [/input, 56] [/input, 56] [/input-3, 125] [/input-3, 125] [/input-3, 8] [/input-3, 82] [/input-3, 114] [/input, 163] [/input-3, 82] 
best_l after optimization: -97.85964965820312
beta sum per layer: [153.93325805664062, 825.39013671875]
alpha/beta optimization time: 0.577686071395874
pruning_in_iteration open status: True
ratio of positive domain = 59 / 128 = 0.4609375
pruning-in-iteration extra time: 0.03319954872131348
torch.Size([128, 1])
Time: prepare 0.0040    bound 0.5793    transfer 0.0031    finalize 0.0058    func 0.5923    
Accumulated time: func 7.1018    prepare 0.0862    bound 6.9906    transfer 0.0142    finalize 0.0490    
max lb tensor(9.99999975e-05) min lb tensor(-3.49354029)
Number of Verified Splits: 59 of 128
Current worst splitting domains lb-rhs (depth):
-6.99419 (5), -6.98187 (5), -6.93696 (5), -6.75487 (6), -6.60970 (5), -6.53272 (5), -6.49424 (5), -6.49003 (5), -6.41925 (5), -6.34278 (6), -6.31681 (6), -6.29067 (6), -6.18946 (5), -6.16202 (5), -6.08728 (7), -5.93511 (5), -5.90977 (6), -5.71926 (7), -5.69304 (7), -5.64821 (5), 
Length of domains: 260
Current (lb-rhs): -6.994190216064453
1320 domains visited
Time: pickout 0.0160    decision 0.0312    set_bounds 0.0038    solve 0.5933    add 0.0023    
Accumulated time: pickout 0.1356    decision 0.5339    set_bounds 0.0442    solve 7.1183    add 0.0285    
Cumulative time: 7.895860910415649

BaB round 14
batch: 64
splitting decisions: 
split level 0: [/input-3, 58] [/input-3, 114] [/input-3, 82] [/input-3, 114] [/input-3, 82] [/input, 15] [/input, 12] [/input-3, 31] [/input, 191] [/input, 163] 
best_l after optimization: -101.59185028076172
beta sum per layer: [169.79562377929688, 704.47705078125]
alpha/beta optimization time: 0.608867883682251
pruning_in_iteration open status: True
ratio of positive domain = 46 / 128 = 0.359375
pruning-in-iteration extra time: 0.03202176094055176
torch.Size([128, 1])
Time: prepare 0.0055    bound 0.6098    transfer 0.0004    finalize 0.0021    func 0.6179    
Accumulated time: func 7.7197    prepare 0.0974    bound 7.6004    transfer 0.0145    finalize 0.0511    
max lb tensor(9.99999975e-05) min lb tensor(-3.14541101)
Number of Verified Splits: 46 of 128
Current worst splitting domains lb-rhs (depth):
-6.99419 (5), -6.98187 (5), -6.93696 (5), -6.75487 (6), -6.60970 (5), -6.53272 (5), -6.49424 (5), -6.49003 (5), -6.41925 (5), -6.34278 (6), -6.31681 (6), -6.29067 (6), -6.18946 (5), -6.16202 (5), -6.08728 (7), -5.93511 (5), -5.90977 (6), -5.71926 (7), -5.69304 (7), -5.64821 (5), 
Length of domains: 278
Current (lb-rhs): -6.994190216064453
1448 domains visited
Time: pickout 0.0148    decision 0.0820    set_bounds 0.0062    solve 0.6185    add 0.0020    
Accumulated time: pickout 0.1503    decision 0.6159    set_bounds 0.0504    solve 7.7368    add 0.0305    
Cumulative time: 8.61974573135376

BaB round 15
batch: 64
splitting decisions: 
split level 0: [/input, 15] [/input, 146] [/input-3, 62] [/input-3, 114] [/input-3, 62] [/input-3, 31] [/input-3, 31] [/input, 12] [/input-3, 114] [/input-3, 31] 
best_l after optimization: -61.40122604370117
beta sum per layer: [178.2417755126953, 733.3438720703125]
alpha/beta optimization time: 0.48209595680236816
pruning_in_iteration open status: True
ratio of positive domain = 58 / 128 = 0.453125
pruning-in-iteration extra time: 0.023936986923217773
torch.Size([128, 1])
Time: prepare 0.0040    bound 0.4832    transfer 0.0003    finalize 0.0026    func 0.4901    
Accumulated time: func 8.2099    prepare 0.1032    bound 8.0836    transfer 0.0149    finalize 0.0537    
max lb tensor(9.99999975e-05) min lb tensor(-3.01699352)
Number of Verified Splits: 58 of 128
Current worst splitting domains lb-rhs (depth):
-6.99419 (5), -6.98187 (5), -6.93696 (5), -6.75487 (6), -6.60970 (5), -6.53272 (5), -6.49424 (5), -6.49003 (5), -6.41925 (5), -6.34278 (6), -6.31681 (6), -6.29067 (6), -6.18946 (5), -6.16202 (5), -6.08728 (7), -5.93511 (5), -5.90977 (6), -5.71926 (7), -5.69304 (7), -5.64821 (5), 
Length of domains: 284
Current (lb-rhs): -6.994190216064453
1576 domains visited
Time: pickout 0.0102    decision 0.0263    set_bounds 0.0039    solve 0.4911    add 0.0015    
Accumulated time: pickout 0.1606    decision 0.6422    set_bounds 0.0543    solve 8.2279    add 0.0320    
Time out!!!!!!!!
Result: unknown in 12.3748 seconds

 %%%%%%%%%%%%%%%%%%%%%%%%%%%%%%%%%%% idx: 7, vnnlib ID: 87 %%%%%%%%%%%%%%%%%%%%%%%%%%%%%%%%%%%
Finished vnnlib processing in 0.005062 seconds
Model: BoundedModule(
  (/0): BoundInput(name=/0, inputs=[], perturbed=True)
  (/7): BoundParams(name=/7, inputs=[], perturbed=False)
  (/8): BoundParams(name=/8, inputs=[], perturbed=False)
  (/9): BoundParams(name=/9, inputs=[], perturbed=False)
  (/10): BoundParams(name=/10, inputs=[], perturbed=False)
  (/11): BoundParams(name=/11, inputs=[], perturbed=False)
  (/12): BoundParams(name=/12, inputs=[], perturbed=False)
  (/13): BoundFlatten(name=/13, inputs=[/0], perturbed=True)
  (/input): BoundLinear(name=/input, inputs=[/13, /7, /8], perturbed=True)
  (/15): BoundRelu(name=/15, inputs=[/input], perturbed=True)
  (/input-3): BoundLinear(name=/input-3, inputs=[/15, /9, /10], perturbed=True)
  (/17): BoundRelu(name=/17, inputs=[/input-3], perturbed=True)
  (/18): BoundLinear(name=/18, inputs=[/17, /11, /12], perturbed=True)
)
Original output in the first batch: tensor([[ -6.17166281,  -2.37849188,  -1.82211137,   9.66154099,  -5.47697163,
          -0.05580010, -10.88423252,   0.07759662,  -3.81298089,  -1.24181569]],
       device='cuda:0')
Split layers:
Nonlinear functions:
   BoundRelu(name=/15, inputs=[/input], perturbed=True)
   BoundRelu(name=/17, inputs=[/input-3], perturbed=True)
build batch [1/1]
layer /15 using sparse-features alpha with shape [142]; unstable size 142; total size 256 ([1, 256])
layer /15 start_node /input-3 using sparse-spec alpha [2, 100, 1, 142] with unstable size 99 total_size 128 output_shape torch.Size([128])
layer /15 start_node /18 using full alpha [2, 9, 1, 142] with unstable size None total_size 9 output_shape 9
layer /17 using sparse-features alpha with shape [99]; unstable size 99; total size 128 ([1, 128])
layer /17 start_node /18 using full alpha [2, 9, 1, 99] with unstable size None total_size 9 output_shape 9
Optimizable variables initialized.
initial CROWN bounds (first 10 items): [-5.061497688293457, -6.01765251159668, -5.747776985168457, -6.790891647338867, -8.442197799682617, -3.1491641998291016, -11.441291809082031, -1.781332015991211, -7.120733737945557]
prune_after_crown optimization in use
  original spec size = torch.Size([1, 9])
  pruned spec size = torch.Size([1, 9])
Using alpha-CROWN to initialize bounds.
best_l after optimization: -45.474552154541016
alpha/beta optimization time: 1.7112314701080322
initial alpha-crown bounds (first 10 items): [-3.722585678100586, -5.172630310058594, -4.636826992034912, -6.015481948852539, -7.154313087463379, -1.9525604248046875, -10.159024238586426, -1.1698493957519531, -5.491279602050781]
Global lower bound: -10.159024238586426
torch.Size([1, 9])
0 / 9 OR specs are verified.
Verified OR indices (first 10 items): []
Verified OR lbs (first 10 items): []
Unverified OR indices (first 10 items): [0, 1, 2, 3, 4, 5, 6, 7, 8]
Unverified OR lbs (first 10 items): [[-3.722585678100586], [-5.172630310058594], [-4.636826992034912], [-6.015481948852539], [-7.154313087463379], [-1.9525604248046875], [-10.159024238586426], [-1.1698493957519531], [-5.491279602050781]]
###### Verifying property Instance 7 ######
Batch size: 9
First 10 spec matrices
C: tensor([[[-1.,  0.,  0.,  1.,  0.,  0.,  0.,  0.,  0.,  0.]],

        [[ 0., -1.,  0.,  1.,  0.,  0.,  0.,  0.,  0.,  0.]],

        [[ 0.,  0., -1.,  1.,  0.,  0.,  0.,  0.,  0.,  0.]],

        [[ 0.,  0.,  0.,  1., -1.,  0.,  0.,  0.,  0.,  0.]],

        [[ 0.,  0.,  0.,  1.,  0., -1.,  0.,  0.,  0.,  0.]],

        [[ 0.,  0.,  0.,  1.,  0.,  0., -1.,  0.,  0.,  0.]],

        [[ 0.,  0.,  0.,  1.,  0.,  0.,  0., -1.,  0.,  0.]],

        [[ 0.,  0.,  0.,  1.,  0.,  0.,  0.,  0., -1.,  0.]],

        [[ 0.,  0.,  0.,  1.,  0.,  0.,  0.,  0.,  0., -1.]]], device='cuda:0')
RHS: tensor([[0.],
        [0.],
        [0.],
        [0.],
        [0.],
        [0.],
        [0.],
        [0.],
        [0.]], device='cuda:0')
OR spec sizes: tensor([1, 1, 1, 1, 1, 1, 1, 1, 1], device='cuda:0', dtype=torch.int32)
Remaining timeout: 9.572017192840576
Model prediction is: tensor([ -6.17166281,  -2.37849188,  -1.82211137,   9.66154099,  -5.47697163,
         -0.05580010, -10.88423252,   0.07759662,  -3.81298089,  -1.24181569],
       device='cuda:0')
Activation BaB batch 1/1 
build_with_refined_bounds batch [1/1]
Optimizable variables initialized.
all alpha initialized
directly get lb and ub from refined bounds
c shape: torch.Size([9, 1, 10])
lA shapes: [torch.Size([9, 1, 256]), torch.Size([9, 1, 128])]
torch.Size([9, 1])
(alpha-)CROWN with fixed intermediate bounds: tensor([[ -3.72258568],
        [ -5.17263031],
        [ -4.63682699],
        [ -6.01548195],
        [ -7.15431309],
        [ -1.95256042],
        [-10.15902424],
        [ -1.16984940],
        [ -5.49127960]], device='cuda:0') tensor([[inf],
        [inf],
        [inf],
        [inf],
        [inf],
        [inf],
        [inf],
        [inf],
        [inf]], device='cuda:0')
Intermediate layers: /input,/input-3
Keeping alphas for these layers: ['/18']
Node /15 input 0: size torch.Size([256]) unstable 142
Node /17 input 0: size torch.Size([128]) unstable 96
-----------------
# of unstable neurons: 238
-----------------

BaB round 1
batch: 9
splitting decisions: 
split level 0: [/input, 10] [/input-3, 98] [/input-3, 34] [/input, 136] [/input, 136] [/input, 136] [/input-3, 35] [/input-3, 11] [/input, 10] 
best_l after optimization: -81.30775451660156
beta sum per layer: [2.3170928955078125, 0.823279619216919]
alpha/beta optimization time: 0.5621559619903564
pruning_in_iteration open status: False
ratio of positive domain = 0 / 18 = 0.0
pruning-in-iteration extra time: 0.0003445148468017578
torch.Size([18, 1])
Time: prepare 0.0042    bound 0.5632    transfer 0.0011    finalize 0.0042    func 0.5728    
Accumulated time: func 0.5728    prepare 0.0115    bound 0.5632    transfer 0.0011    finalize 0.0042    
max lb tensor(-0.79511929) min lb tensor(-9.80096817)
Number of Verified Splits: 0 of 18
Current worst splitting domains lb-rhs (depth):
-9.80097 (1), -9.70781 (1), -6.68788 (1), -6.68636 (1), -5.35957 (1), -5.29105 (1), -5.09101 (1), -4.71237 (1), -4.59749 (1), -4.57262 (1), -4.32454 (1), -3.89216 (1), -3.35215 (1), -2.60879 (1), -1.52443 (1), -1.49188 (1), -0.81155 (1), -0.79512 (1), 
Length of domains: 18
Current (lb-rhs): -9.800968170166016
18 domains visited
Time: pickout 0.0016    decision 0.0431    set_bounds 0.0022    solve 0.5734    add 0.0050    
Accumulated time: pickout 0.0016    decision 0.0431    set_bounds 0.0022    solve 0.5734    add 0.0050    
Cumulative time: 0.662437915802002

BaB round 2
batch: 18
splitting decisions: 
split level 0: [/input-3, 98] [/input-3, 11] [/input-3, 104] [/input, 10] [/input-3, 71] [/input, 10] [/input, 136] [/input, 136] [/input-3, 70] [/input-3, 98] 
best_l after optimization: -146.26422119140625
beta sum per layer: [10.971277236938477, 3.961423873901367]
alpha/beta optimization time: 0.6149311065673828
pruning_in_iteration open status: False
ratio of positive domain = 0 / 36 = 0.0
pruning-in-iteration extra time: 0.0004284381866455078
torch.Size([36, 1])
Time: prepare 0.0023    bound 0.6161    transfer 0.0008    finalize 0.0044    func 0.6237    
Accumulated time: func 1.1965    prepare 0.0177    bound 1.1793    transfer 0.0019    finalize 0.0086    
max lb tensor(-0.40814781) min lb tensor(-9.49297237)
Number of Verified Splits: 0 of 36
Current worst splitting domains lb-rhs (depth):
-9.49297 (2), -9.43195 (2), -9.40080 (2), -9.33748 (2), -6.25285 (2), -6.23835 (2), -6.21040 (2), -6.20393 (2), -4.90459 (2), -4.86543 (2), -4.76078 (2), -4.66177 (2), -4.62051 (2), -4.48033 (2), -4.36733 (2), -4.24581 (2), -4.20823 (2), -4.12821 (2), -4.09076 (2), -4.01606 (2), 
Length of domains: 36
Current (lb-rhs): -9.492972373962402
54 domains visited
Time: pickout 0.0079    decision 0.0398    set_bounds 0.0017    solve 0.6243    add 0.0025    
Accumulated time: pickout 0.0095    decision 0.0829    set_bounds 0.0040    solve 1.1976    add 0.0076    
Cumulative time: 1.3387320041656494

BaB round 3
batch: 36
splitting decisions: 
split level 0: [/input-3, 11] [/input, 136] [/input, 239] [/input, 116] [/input-3, 70] [/input-3, 11] [/input-3, 42] [/input-3, 20] [/input-3, 20] [/input-3, 11] 
best_l after optimization: -251.45574951171875
beta sum per layer: [33.74213409423828, 21.883769989013672]
alpha/beta optimization time: 0.6973569393157959
pruning_in_iteration open status: False
ratio of positive domain = 4 / 72 = 0.05555555555555558
pruning-in-iteration extra time: 8.7738037109375e-05
torch.Size([72, 1])
Time: prepare 0.0032    bound 0.6982    transfer 0.0002    finalize 0.0012    func 0.7028    
Accumulated time: func 1.8992    prepare 0.0236    bound 1.8775    transfer 0.0021    finalize 0.0098    
max lb tensor(0.08147526) min lb tensor(-9.20663071)
Number of Verified Splits: 4 of 72
Current worst splitting domains lb-rhs (depth):
-9.20663 (3), -9.14885 (3), -9.11742 (3), -9.09488 (3), -9.02991 (3), -8.99711 (3), -8.93017 (3), -7.45490 (3), -5.99857 (3), -5.97362 (3), -5.94003 (3), -5.93741 (3), -5.52566 (3), -5.50443 (3), -5.37855 (3), -5.37349 (3), -4.55030 (3), -4.49308 (3), -4.46554 (3), -4.31812 (3), 
Length of domains: 68
Current (lb-rhs): -9.20663070678711
126 domains visited
Time: pickout 0.0081    decision 0.0568    set_bounds 0.0022    solve 0.7032    add 0.0011    
Accumulated time: pickout 0.0176    decision 0.1397    set_bounds 0.0061    solve 1.9008    add 0.0087    
Cumulative time: 2.110217332839966

BaB round 4
batch: 64
splitting decisions: 
split level 0: [/input, 116] [/input-3, 71] [/input, 178] [/input-3, 96] [/input-3, 71] [/input-3, 20] [/input-3, 20] [/input-3, 120] [/input-3, 98] [/input, 116] 
best_l after optimization: -394.4935302734375
beta sum per layer: [98.60041809082031, 79.81379699707031]
alpha/beta optimization time: 0.35744166374206543
pruning_in_iteration open status: False
ratio of positive domain = 20 / 128 = 0.15625
pruning-in-iteration extra time: 0.0001316070556640625
torch.Size([128, 1])
Time: prepare 0.0029    bound 0.3583    transfer 0.0002    finalize 0.0017    func 0.3633    
Accumulated time: func 2.2625    prepare 0.0280    bound 2.2359    transfer 0.0023    finalize 0.0115    
max lb tensor(0.48685169) min lb tensor(-8.93241787)
Number of Verified Splits: 20 of 128
Current worst splitting domains lb-rhs (depth):
-8.93242 (4), -8.84851 (4), -8.83723 (4), -8.81926 (4), -8.75810 (4), -8.75519 (4), -8.70832 (4), -8.63982 (4), -7.43791 (4), -7.37669 (4), -7.29813 (4), -7.24784 (4), -6.96684 (4), -6.92594 (4), -6.60068 (4), -6.51499 (4), -5.78443 (4), -5.76136 (4), -5.61529 (4), -5.61067 (4), 
Length of domains: 112
Current (lb-rhs): -8.932417869567871
254 domains visited
Time: pickout 0.0086    decision 0.0290    set_bounds 0.0032    solve 0.3639    add 0.0013    
Accumulated time: pickout 0.0262    decision 0.1686    set_bounds 0.0093    solve 2.2647    add 0.0100    
Cumulative time: 2.5163774490356445

BaB round 5
batch: 64
splitting decisions: 
split level 0: [/input-3, 116] [/input-3, 76] [/input, 116] [/input-3, 20] [/input-3, 34] [/input, 207] [/input-3, 98] [/input-3, 116] [/input, 10] [/input-3, 102] 
best_l after optimization: -354.0257568359375
beta sum per layer: [161.72666931152344, 162.44996643066406]
alpha/beta optimization time: 0.3522768020629883
pruning_in_iteration open status: False
ratio of positive domain = 8 / 128 = 0.0625
pruning-in-iteration extra time: 0.00011849403381347656
torch.Size([128, 1])
Time: prepare 0.0036    bound 0.3532    transfer 0.0002    finalize 0.0020    func 0.3591    
Accumulated time: func 2.6216    prepare 0.0333    bound 2.5891    transfer 0.0025    finalize 0.0135    
max lb tensor(0.15442276) min lb tensor(-8.69633293)
Number of Verified Splits: 8 of 128
Current worst splitting domains lb-rhs (depth):
-8.84851 (4), -8.81926 (4), -8.75810 (4), -8.75519 (4), -8.70832 (4), -8.69633 (5), -8.63982 (4), -8.56766 (5), -8.49826 (5), -8.08796 (5), -6.83204 (5), -6.72811 (5), -6.69441 (5), -6.62596 (5), -6.60838 (5), -6.55062 (5), -6.51887 (5), -6.51499 (4), -6.45934 (5), -6.00171 (5), 
Length of domains: 168
Current (lb-rhs): -8.848508834838867
382 domains visited
Time: pickout 0.0105    decision 0.0281    set_bounds 0.0034    solve 0.3596    add 0.0013    
Accumulated time: pickout 0.0367    decision 0.1967    set_bounds 0.0127    solve 2.6243    add 0.0113    
Cumulative time: 2.919509172439575

BaB round 6
batch: 64
splitting decisions: 
split level 0: [/input-3, 68] [/input, 52] [/input-3, 70] [/input-3, 7] [/input-3, 116] [/input-3, 116] [/input-3, 36] [/input-3, 68] [/input-3, 103] [/input-3, 73] 
best_l after optimization: -271.05987548828125
beta sum per layer: [254.52432250976562, 269.56982421875]
alpha/beta optimization time: 0.3407878875732422
pruning_in_iteration open status: False
ratio of positive domain = 15 / 128 = 0.1171875
pruning-in-iteration extra time: 9.679794311523438e-05
torch.Size([128, 1])
Time: prepare 0.0034    bound 0.3416    transfer 0.0002    finalize 0.0017    func 0.3470    
Accumulated time: func 2.9686    prepare 0.0381    bound 2.9307    transfer 0.0028    finalize 0.0152    
max lb tensor(0.49266911) min lb tensor(-8.26084900)
Number of Verified Splits: 15 of 128
Current worst splitting domains lb-rhs (depth):
-8.84851 (4), -8.81926 (4), -8.75810 (4), -8.75519 (4), -8.70832 (4), -8.69633 (5), -8.63982 (4), -8.56766 (5), -8.26085 (6), -7.89480 (6), -6.72811 (5), -6.62596 (5), -6.56967 (6), -6.55062 (5), -6.51499 (4), -6.46421 (6), -6.38776 (6), -6.26483 (6), -6.18149 (6), -6.05785 (6), 
Length of domains: 217
Current (lb-rhs): -8.848508834838867
510 domains visited
Time: pickout 0.0086    decision 0.0224    set_bounds 0.0036    solve 0.3475    add 0.0014    
Accumulated time: pickout 0.0453    decision 0.2191    set_bounds 0.0162    solve 2.9718    add 0.0127    
Cumulative time: 3.303194761276245

BaB round 7
batch: 64
splitting decisions: 
split level 0: [/input-3, 68] [/input-3, 20] [/input-3, 68] [/input-3, 116] [/input-3, 81] [/input, 136] [/input-3, 103] [/input, 10] [/input, 10] [/input-3, 81] 
best_l after optimization: -231.18589782714844
beta sum per layer: [265.8174133300781, 317.82073974609375]
alpha/beta optimization time: 0.3382558822631836
pruning_in_iteration open status: True
ratio of positive domain = 26 / 128 = 0.203125
pruning-in-iteration extra time: 0.0059015750885009766
torch.Size([128, 1])
Time: prepare 0.0033    bound 0.3391    transfer 0.0003    finalize 0.0025    func 0.3453    
Accumulated time: func 3.3139    prepare 0.0426    bound 3.2698    transfer 0.0031    finalize 0.0178    
max lb tensor(9.99999975e-05) min lb tensor(-6.13182259)
Number of Verified Splits: 26 of 128
Current worst splitting domains lb-rhs (depth):
-8.84851 (4), -8.81926 (4), -8.75810 (4), -8.75519 (4), -8.70832 (4), -8.69633 (5), -8.63982 (4), -8.56766 (5), -8.26085 (6), -7.89480 (6), -6.72811 (5), -6.62596 (5), -6.56967 (6), -6.55062 (5), -6.51499 (4), -6.26483 (6), -6.13182 (7), -6.07921 (7), -6.05785 (6), -6.00171 (5), 
Length of domains: 255
Current (lb-rhs): -8.848508834838867
638 domains visited
Time: pickout 0.0095    decision 0.0209    set_bounds 0.0033    solve 0.3459    add 0.0013    
Accumulated time: pickout 0.0548    decision 0.2400    set_bounds 0.0195    solve 3.3178    add 0.0139    
Cumulative time: 3.6843316555023193

BaB round 8
batch: 64
splitting decisions: 
split level 0: [/input-3, 96] [/input, 199] [/input-3, 91] [/input, 136] [/input-3, 103] [/input-3, 7] [/input, 199] [/input-3, 43] [/input, 52] [/input, 207] 
best_l after optimization: -205.68789672851562
beta sum per layer: [286.2831726074219, 408.11639404296875]
alpha/beta optimization time: 0.4515719413757324
pruning_in_iteration open status: False
ratio of positive domain = 23 / 128 = 0.1796875
pruning-in-iteration extra time: 0.00028514862060546875
torch.Size([128, 1])
Time: prepare 0.0032    bound 0.4525    transfer 0.0008    finalize 0.0044    func 0.4610    
Accumulated time: func 3.7749    prepare 0.0469    bound 3.7224    transfer 0.0039    finalize 0.0222    
max lb tensor(0.38021183) min lb tensor(-5.61683416)
Number of Verified Splits: 23 of 128
Current worst splitting domains lb-rhs (depth):
-8.84851 (4), -8.81926 (4), -8.75810 (4), -8.75519 (4), -8.70832 (4), -8.69633 (5), -8.63982 (4), -8.56766 (5), -8.26085 (6), -7.89480 (6), -6.72811 (5), -6.62596 (5), -6.56967 (6), -6.55062 (5), -6.51499 (4), -6.26483 (6), -6.13182 (7), -6.07921 (7), -6.05785 (6), -6.00171 (5), 
Length of domains: 296
Current (lb-rhs): -8.848508834838867
766 domains visited
Time: pickout 0.0084    decision 0.0212    set_bounds 0.0031    solve 0.4616    add 0.0022    
Accumulated time: pickout 0.0632    decision 0.2612    set_bounds 0.0226    solve 3.7793    add 0.0161    
Cumulative time: 4.181061029434204

BaB round 9
batch: 64
splitting decisions: 
split level 0: [/input-3, 76] [/input-3, 83] [/input, 239] [/input, 90] [/input-3, 76] [/input-3, 83] [/input, 123] [/input-3, 73] [/input-3, 15] [/input, 199] 
best_l after optimization: -168.80484008789062
beta sum per layer: [321.80450439453125, 493.07196044921875]
alpha/beta optimization time: 0.5622773170471191
pruning_in_iteration open status: True
ratio of positive domain = 35 / 128 = 0.2734375
pruning-in-iteration extra time: 0.02741694450378418
torch.Size([128, 1])
Time: prepare 0.0038    bound 0.5631    transfer 0.0003    finalize 0.0029    func 0.5703    
Accumulated time: func 4.3452    prepare 0.0612    bound 4.2854    transfer 0.0042    finalize 0.0251    
max lb tensor(9.99999975e-05) min lb tensor(-4.81800032)
Number of Verified Splits: 35 of 128
Current worst splitting domains lb-rhs (depth):
-8.84851 (4), -8.81926 (4), -8.75810 (4), -8.75519 (4), -8.70832 (4), -8.69633 (5), -8.63982 (4), -8.56766 (5), -8.26085 (6), -7.89480 (6), -6.72811 (5), -6.62596 (5), -6.56967 (6), -6.55062 (5), -6.51499 (4), -6.26483 (6), -6.13182 (7), -6.07921 (7), -6.05785 (6), -6.00171 (5), 
Length of domains: 325
Current (lb-rhs): -8.848508834838867
894 domains visited
Time: pickout 0.0151    decision 0.1039    set_bounds 0.0040    solve 0.5710    add 0.0014    
Accumulated time: pickout 0.0783    decision 0.3652    set_bounds 0.0266    solve 4.3503    add 0.0175    
Cumulative time: 4.876708030700684

BaB round 10
batch: 64
splitting decisions: 
split level 0: [/input-3, 15] [/input-3, 15] [/input, 239] [/input-3, 116] [/input-3, 55] [/input, 147] [/input, 207] [/input, 10] [/input-3, 15] [/input-3, 81] 
best_l after optimization: -165.66925048828125
beta sum per layer: [316.668212890625, 447.41644287109375]
alpha/beta optimization time: 0.3117504119873047
pruning_in_iteration open status: False
ratio of positive domain = 7 / 128 = 0.0546875
pruning-in-iteration extra time: 9.226799011230469e-05
torch.Size([128, 1])
Time: prepare 0.0031    bound 0.3125    transfer 0.0002    finalize 0.0017    func 0.3176    
Accumulated time: func 4.6627    prepare 0.0654    bound 4.5980    transfer 0.0044    finalize 0.0268    
max lb tensor(0.46225071) min lb tensor(-4.54210091)
Number of Verified Splits: 7 of 128
Current worst splitting domains lb-rhs (depth):
-8.84851 (4), -8.81926 (4), -8.75810 (4), -8.75519 (4), -8.70832 (4), -8.69633 (5), -8.63982 (4), -8.56766 (5), -8.26085 (6), -7.89480 (6), -6.72811 (5), -6.62596 (5), -6.56967 (6), -6.55062 (5), -6.51499 (4), -6.26483 (6), -6.13182 (7), -6.07921 (7), -6.05785 (6), -6.00171 (5), 
Length of domains: 382
Current (lb-rhs): -8.848508834838867
1022 domains visited
Time: pickout 0.0085    decision 0.0194    set_bounds 0.0031    solve 0.3183    add 0.0013    
Accumulated time: pickout 0.0867    decision 0.3845    set_bounds 0.0298    solve 4.6686    add 0.0188    
Cumulative time: 5.227431535720825

BaB round 11
batch: 64
splitting decisions: 
split level 0: [/input-3, 94] [/input-3, 15] [/input-3, 9] [/input-3, 94] [/input-3, 46] [/input, 10] [/input-3, 106] [/input-3, 126] [/input-3, 15] [/input, 136] 
best_l after optimization: -110.00105285644531
beta sum per layer: [292.0240478515625, 455.14813232421875]
alpha/beta optimization time: 0.3239271640777588
pruning_in_iteration open status: False
ratio of positive domain = 17 / 128 = 0.1328125
pruning-in-iteration extra time: 0.0001304149627685547
torch.Size([128, 1])
Time: prepare 0.0034    bound 0.3249    transfer 0.0002    finalize 0.0021    func 0.3307    
Accumulated time: func 4.9934    prepare 0.0704    bound 4.9229    transfer 0.0046    finalize 0.0289    
max lb tensor(0.16181850) min lb tensor(-2.50022411)
Number of Verified Splits: 17 of 128
Current worst splitting domains lb-rhs (depth):
-8.84851 (4), -8.81926 (4), -8.75810 (4), -8.75519 (4), -8.70832 (4), -8.69633 (5), -8.63982 (4), -8.56766 (5), -8.26085 (6), -7.89480 (6), -6.72811 (5), -6.62596 (5), -6.56967 (6), -6.55062 (5), -6.51499 (4), -6.26483 (6), -6.13182 (7), -6.07921 (7), -6.05785 (6), -6.00171 (5), 
Length of domains: 429
Current (lb-rhs): -8.848508834838867
1150 domains visited
Time: pickout 0.0088    decision 0.0250    set_bounds 0.0039    solve 0.3313    add 0.0015    
Accumulated time: pickout 0.0956    decision 0.4095    set_bounds 0.0336    solve 4.9998    add 0.0203    
Cumulative time: 5.598098516464233

BaB round 12
batch: 64
splitting decisions: 
split level 0: [/input-3, 44] [/input-3, 126] [/input, 123] [/input-3, 9] [/input-3, 9] [/input-3, 94] [/input, 203] [/input-3, 8] [/input-3, 94] [/input-3, 44] 
best_l after optimization: -67.31846618652344
beta sum per layer: [279.899658203125, 509.3734436035156]
alpha/beta optimization time: 0.33446383476257324
pruning_in_iteration open status: True
ratio of positive domain = 31 / 128 = 0.2421875
pruning-in-iteration extra time: 0.014425277709960938
torch.Size([128, 1])
Time: prepare 0.0032    bound 0.3353    transfer 0.0003    finalize 0.0023    func 0.3413    
Accumulated time: func 5.3347    prepare 0.0747    bound 5.2582    transfer 0.0050    finalize 0.0311    
max lb tensor(9.99999975e-05) min lb tensor(-2.28498173)
Number of Verified Splits: 31 of 128
Current worst splitting domains lb-rhs (depth):
-8.84851 (4), -8.81926 (4), -8.75810 (4), -8.75519 (4), -8.70832 (4), -8.69633 (5), -8.63982 (4), -8.56766 (5), -8.26085 (6), -7.89480 (6), -6.72811 (5), -6.62596 (5), -6.56967 (6), -6.55062 (5), -6.51499 (4), -6.26483 (6), -6.13182 (7), -6.07921 (7), -6.05785 (6), -6.00171 (5), 
Length of domains: 462
Current (lb-rhs): -8.848508834838867
1278 domains visited
Time: pickout 0.0077    decision 0.0195    set_bounds 0.0035    solve 0.3419    add 0.0011    
Accumulated time: pickout 0.1033    decision 0.4290    set_bounds 0.0371    solve 5.3417    add 0.0214    
Cumulative time: 5.9720659255981445

BaB round 13
batch: 64
splitting decisions: 
split level 0: [/input, 207] [/input, 123] [/input, 147] [/input-3, 83] [/input, 123] [/input, 147] [/input-3, 83] [/input, 198] [/input, 7] [/input-3, 66] 
best_l after optimization: -45.8262825012207
beta sum per layer: [289.0672912597656, 555.9547119140625]
alpha/beta optimization time: 0.3450303077697754
pruning_in_iteration open status: True
ratio of positive domain = 63 / 128 = 0.4921875
pruning-in-iteration extra time: 0.01963186264038086
torch.Size([128, 1])
Time: prepare 0.0029    bound 0.3458    transfer 0.0003    finalize 0.0018    func 0.3509    
Accumulated time: func 5.6855    prepare 0.0790    bound 5.6040    transfer 0.0053    finalize 0.0329    
max lb tensor(0.00225067) min lb tensor(-2.10753870)
Number of Verified Splits: 63 of 128
Current worst splitting domains lb-rhs (depth):
-8.84851 (4), -8.81926 (4), -8.75810 (4), -8.75519 (4), -8.70832 (4), -8.69633 (5), -8.63982 (4), -8.56766 (5), -8.26085 (6), -7.89480 (6), -6.72811 (5), -6.62596 (5), -6.56967 (6), -6.55062 (5), -6.51499 (4), -6.26483 (6), -6.13182 (7), -6.07921 (7), -6.05785 (6), -6.00171 (5), 
Length of domains: 463
Current (lb-rhs): -8.848508834838867
1406 domains visited
Time: pickout 0.0097    decision 0.0198    set_bounds 0.0032    solve 0.3513    add 0.0008    
Accumulated time: pickout 0.1130    decision 0.4488    set_bounds 0.0403    solve 5.6931    add 0.0222    
Cumulative time: 6.357224941253662

BaB round 14
batch: 64
splitting decisions: 
split level 0: [/input-3, 66] [/input, 7] [/input-3, 66] [/input-3, 7] [/input, 147] [/input, 198] [/input, 203] [/input-3, 104] [/input, 123] [/input-3, 104] 
best_l after optimization: -46.330814361572266
beta sum per layer: [426.8670654296875, 616.3756103515625]
alpha/beta optimization time: 0.7046504020690918
pruning_in_iteration open status: True
ratio of positive domain = 50 / 128 = 0.390625
pruning-in-iteration extra time: 0.03551220893859863
torch.Size([128, 1])
Time: prepare 0.0029    bound 0.7058    transfer 0.0014    finalize 0.0080    func 0.7182    
Accumulated time: func 6.4038    prepare 0.0831    bound 6.3097    transfer 0.0067    finalize 0.0409    
max lb tensor(9.99999975e-05) min lb tensor(-1.90007401)
Number of Verified Splits: 50 of 128
Current worst splitting domains lb-rhs (depth):
-8.84851 (4), -8.81926 (4), -8.75810 (4), -8.75519 (4), -8.70832 (4), -8.69633 (5), -8.63982 (4), -8.56766 (5), -8.26085 (6), -7.89480 (6), -6.72811 (5), -6.62596 (5), -6.56967 (6), -6.55062 (5), -6.51499 (4), -6.26483 (6), -6.13182 (7), -6.07921 (7), -6.05785 (6), -6.00171 (5), 
Length of domains: 477
Current (lb-rhs): -8.848508834838867
1534 domains visited
Time: pickout 0.0077    decision 0.0191    set_bounds 0.0033    solve 0.7188    add 0.0015    
Accumulated time: pickout 0.1207    decision 0.4679    set_bounds 0.0436    solve 6.4119    add 0.0237    
Cumulative time: 7.107978105545044

BaB round 15
batch: 64
splitting decisions: 
split level 0: [/input-3, 104] [/input-3, 104] [/input-3, 56] [/input-3, 44] [/input, 10] [/input, 203] [/input-3, 66] [/input, 116] [/input-3, 56] [/input-3, 56] 
best_l after optimization: -43.73197937011719
beta sum per layer: [445.51043701171875, 628.3395385742188]
alpha/beta optimization time: 0.4041275978088379
pruning_in_iteration open status: True
ratio of positive domain = 41 / 128 = 0.3203125
pruning-in-iteration extra time: 0.020939350128173828
torch.Size([128, 1])
Time: prepare 0.0029    bound 0.4049    transfer 0.0005    finalize 0.0035    func 0.4119    
Accumulated time: func 6.8157    prepare 0.0878    bound 6.7147    transfer 0.0072    finalize 0.0444    
max lb tensor(9.99999975e-05) min lb tensor(-1.76599836)
Number of Verified Splits: 41 of 128
Current worst splitting domains lb-rhs (depth):
-8.84851 (4), -8.81926 (4), -8.75810 (4), -8.75519 (4), -8.70832 (4), -8.69633 (5), -8.63982 (4), -8.56766 (5), -8.26085 (6), -7.89480 (6), -6.72811 (5), -6.62596 (5), -6.56967 (6), -6.55062 (5), -6.51499 (4), -6.26483 (6), -6.13182 (7), -6.07921 (7), -6.05785 (6), -6.00171 (5), 
Length of domains: 500
Current (lb-rhs): -8.848508834838867
1662 domains visited
Time: pickout 0.0074    decision 0.0198    set_bounds 0.0030    solve 0.4126    add 0.0011    
Accumulated time: pickout 0.1281    decision 0.4878    set_bounds 0.0466    solve 6.8245    add 0.0248    
Cumulative time: 7.552304983139038

BaB round 16
batch: 64
splitting decisions: 
split level 0: [/input-3, 7] [/input-3, 56] [/input-3, 122] [/input, 239] [/input-3, 122] [/input-3, 122] [/input-3, 122] [/input-3, 7] [/input-3, 122] [/input-3, 106] 
best_l after optimization: -28.760101318359375
beta sum per layer: [430.9286804199219, 579.767333984375]
alpha/beta optimization time: 0.4005720615386963
pruning_in_iteration open status: True
ratio of positive domain = 61 / 128 = 0.4765625
pruning-in-iteration extra time: 0.022114992141723633
torch.Size([128, 1])
Time: prepare 0.0035    bound 0.4014    transfer 0.0003    finalize 0.0034    func 0.4087    
Accumulated time: func 7.2244    prepare 0.0925    bound 7.1161    transfer 0.0075    finalize 0.0479    
max lb tensor(9.99999975e-05) min lb tensor(-1.53220272)
Number of Verified Splits: 61 of 128
Current worst splitting domains lb-rhs (depth):
-8.84851 (4), -8.81926 (4), -8.75810 (4), -8.75519 (4), -8.70832 (4), -8.69633 (5), -8.63982 (4), -8.56766 (5), -8.26085 (6), -7.89480 (6), -6.72811 (5), -6.62596 (5), -6.56967 (6), -6.55062 (5), -6.51499 (4), -6.26483 (6), -6.13182 (7), -6.07921 (7), -6.05785 (6), -6.00171 (5), 
Length of domains: 503
Current (lb-rhs): -8.848508834838867
1790 domains visited
Time: pickout 0.0113    decision 0.0222    set_bounds 0.0039    solve 0.4095    add 0.0013    
Accumulated time: pickout 0.1394    decision 0.5100    set_bounds 0.0505    solve 7.2340    add 0.0261    
Cumulative time: 8.00084924697876

BaB round 17
batch: 64
splitting decisions: 
split level 0: [/input-3, 122] [/input-3, 83] [/input-3, 7] [/input-3, 83] [/input-3, 83] [/input-3, 66] [/input, 10] [/input-3, 122] [/input-3, 83] [/input, 10] 
best_l after optimization: -24.36627197265625
beta sum per layer: [428.5690002441406, 599.6387939453125]
alpha/beta optimization time: 0.36362361907958984
pruning_in_iteration open status: True
ratio of positive domain = 60 / 128 = 0.46875
pruning-in-iteration extra time: 0.01993727684020996
torch.Size([128, 1])
Time: prepare 0.0032    bound 0.3645    transfer 0.0003    finalize 0.0017    func 0.3697    
Accumulated time: func 7.5941    prepare 0.0967    bound 7.4806    transfer 0.0078    finalize 0.0496    
max lb tensor(9.99999975e-05) min lb tensor(-1.34481621)
Number of Verified Splits: 60 of 128
Current worst splitting domains lb-rhs (depth):
-8.84851 (4), -8.81926 (4), -8.75810 (4), -8.75519 (4), -8.70832 (4), -8.69633 (5), -8.63982 (4), -8.56766 (5), -8.26085 (6), -7.89480 (6), -6.72811 (5), -6.62596 (5), -6.56967 (6), -6.55062 (5), -6.51499 (4), -6.26483 (6), -6.13182 (7), -6.07921 (7), -6.05785 (6), -6.00171 (5), 
Length of domains: 507
Current (lb-rhs): -8.848508834838867
1918 domains visited
Time: pickout 0.0101    decision 0.0224    set_bounds 0.0033    solve 0.3705    add 0.0010    
Accumulated time: pickout 0.1495    decision 0.5323    set_bounds 0.0537    solve 7.6045    add 0.0271    
Cumulative time: 8.408365488052368

BaB round 18
batch: 64
splitting decisions: 
split level 0: [/input, 123] [/input-3, 91] [/input-3, 66] [/input-3, 11] [/input-3, 91] [/input-3, 83] [/input-3, 91] [/input-3, 91] [/input-3, 91] [/input-3, 91] 
best_l after optimization: -20.493732452392578
beta sum per layer: [432.64324951171875, 604.43505859375]
alpha/beta optimization time: 0.3554232120513916
pruning_in_iteration open status: True
ratio of positive domain = 69 / 128 = 0.5390625
pruning-in-iteration extra time: 0.02083444595336914
torch.Size([128, 1])
Time: prepare 0.0030    bound 0.3562    transfer 0.0004    finalize 0.0052    func 0.3648    
Accumulated time: func 7.9589    prepare 0.1008    bound 7.8368    transfer 0.0081    finalize 0.0547    
max lb tensor(9.99999975e-05) min lb tensor(-1.17825270)
Number of Verified Splits: 69 of 128
Current worst splitting domains lb-rhs (depth):
-8.84851 (4), -8.81926 (4), -8.75810 (4), -8.75519 (4), -8.70832 (4), -8.69633 (5), -8.63982 (4), -8.56766 (5), -8.26085 (6), -7.89480 (6), -6.72811 (5), -6.62596 (5), -6.56967 (6), -6.55062 (5), -6.51499 (4), -6.26483 (6), -6.13182 (7), -6.07921 (7), -6.05785 (6), -6.00171 (5), 
Length of domains: 502
Current (lb-rhs): -8.848508834838867
2046 domains visited
Time: pickout 0.0085    decision 0.0199    set_bounds 0.0031    solve 0.3656    add 0.0010    
Accumulated time: pickout 0.1581    decision 0.5522    set_bounds 0.0568    solve 7.9700    add 0.0281    
Cumulative time: 8.806889772415161

BaB round 19
batch: 64
splitting decisions: 
split level 0: [/input-3, 83] [/input, 147] [/input, 199] [/input-3, 11] [/input-3, 106] [/input-3, 91] [/input-3, 91] [/input-3, 106] [/input, 239] [/input-3, 105] 
best_l after optimization: -15.973714828491211
beta sum per layer: [380.0469665527344, 644.9605712890625]
alpha/beta optimization time: 0.5274143218994141
pruning_in_iteration open status: True
ratio of positive domain = 66 / 128 = 0.515625
pruning-in-iteration extra time: 0.02905750274658203
torch.Size([128, 1])
Time: prepare 0.0032    bound 0.5282    transfer 0.0003    finalize 0.0021    func 0.5338    
Accumulated time: func 8.4927    prepare 0.1050    bound 8.3650    transfer 0.0084    finalize 0.0568    
max lb tensor(9.99999975e-05) min lb tensor(-0.99607754)
Number of Verified Splits: 66 of 128
Current worst splitting domains lb-rhs (depth):
-8.84851 (4), -8.81926 (4), -8.75810 (4), -8.75519 (4), -8.70832 (4), -8.69633 (5), -8.63982 (4), -8.56766 (5), -8.26085 (6), -7.89480 (6), -6.72811 (5), -6.62596 (5), -6.56967 (6), -6.55062 (5), -6.51499 (4), -6.26483 (6), -6.13182 (7), -6.07921 (7), -6.05785 (6), -6.00171 (5), 
Length of domains: 500
Current (lb-rhs): -8.848508834838867
2174 domains visited
Time: pickout 0.0074    decision 0.0210    set_bounds 0.0031    solve 0.5343    add 0.0011    
Accumulated time: pickout 0.1654    decision 0.5733    set_bounds 0.0599    solve 8.5044    add 0.0291    
Cumulative time: 9.374116659164429

BaB round 20
batch: 64
splitting decisions: 
split level 0: [/input-3, 106] [/input-3, 83] [/input, 123] [/input, 52] [/input, 116] [/input-3, 105] [/input-3, 105] [/input-3, 105] [/input-3, 126] [/input-3, 105] 
best_l after optimization: -12.232544898986816
beta sum per layer: [354.26531982421875, 637.0026245117188]
alpha/beta optimization time: 0.3567483425140381
pruning_in_iteration open status: True
ratio of positive domain = 79 / 128 = 0.6171875
pruning-in-iteration extra time: 0.02066349983215332
torch.Size([128, 1])
Time: prepare 0.0030    bound 0.3579    transfer 0.0003    finalize 0.0047    func 0.3660    
Accumulated time: func 8.8587    prepare 0.1090    bound 8.7229    transfer 0.0088    finalize 0.0615    
max lb tensor(9.99999975e-05) min lb tensor(-0.82814074)
Number of Verified Splits: 79 of 128
Current worst splitting domains lb-rhs (depth):
-8.84851 (4), -8.81926 (4), -8.75810 (4), -8.75519 (4), -8.70832 (4), -8.69633 (5), -8.63982 (4), -8.56766 (5), -8.26085 (6), -7.89480 (6), -6.72811 (5), -6.62596 (5), -6.56967 (6), -6.55062 (5), -6.51499 (4), -6.26483 (6), -6.13182 (7), -6.07921 (7), -6.05785 (6), -6.00171 (5), 
Length of domains: 485
Current (lb-rhs): -8.848508834838867
2302 domains visited
Time: pickout 0.0081    decision 0.0198    set_bounds 0.0032    solve 0.3665    add 0.0009    
Accumulated time: pickout 0.1735    decision 0.5931    set_bounds 0.0631    solve 8.8709    add 0.0300    
Time out!!!!!!!!
Result: unknown in 12.2068 seconds

 %%%%%%%%%%%%%%%%%%%%%%%%%%%%%%%%%%% idx: 8, vnnlib ID: 88 %%%%%%%%%%%%%%%%%%%%%%%%%%%%%%%%%%%
Finished vnnlib processing in 0.003876 seconds
Model: BoundedModule(
  (/0): BoundInput(name=/0, inputs=[], perturbed=True)
  (/7): BoundParams(name=/7, inputs=[], perturbed=False)
  (/8): BoundParams(name=/8, inputs=[], perturbed=False)
  (/9): BoundParams(name=/9, inputs=[], perturbed=False)
  (/10): BoundParams(name=/10, inputs=[], perturbed=False)
  (/11): BoundParams(name=/11, inputs=[], perturbed=False)
  (/12): BoundParams(name=/12, inputs=[], perturbed=False)
  (/13): BoundFlatten(name=/13, inputs=[/0], perturbed=True)
  (/input): BoundLinear(name=/input, inputs=[/13, /7, /8], perturbed=True)
  (/15): BoundRelu(name=/15, inputs=[/input], perturbed=True)
  (/input-3): BoundLinear(name=/input-3, inputs=[/15, /9, /10], perturbed=True)
  (/17): BoundRelu(name=/17, inputs=[/input-3], perturbed=True)
  (/18): BoundLinear(name=/18, inputs=[/17, /11, /12], perturbed=True)
)
Original output in the first batch: tensor([[-0.44652334, -3.88820839, -2.48610234, -9.52062416,  1.45619059,
         -0.17829572, 10.66491795, -7.52294970, -2.26149917, -6.73443127]],
       device='cuda:0')
Split layers:
Nonlinear functions:
   BoundRelu(name=/15, inputs=[/input], perturbed=True)
   BoundRelu(name=/17, inputs=[/input-3], perturbed=True)
build batch [1/1]
layer /15 using sparse-features alpha with shape [137]; unstable size 137; total size 256 ([1, 256])
layer /15 start_node /input-3 using sparse-spec alpha [2, 86, 1, 137] with unstable size 85 total_size 128 output_shape torch.Size([128])
layer /15 start_node /18 using full alpha [2, 9, 1, 137] with unstable size None total_size 9 output_shape 9
layer /17 using sparse-features alpha with shape [85]; unstable size 85; total size 128 ([1, 128])
layer /17 start_node /18 using full alpha [2, 9, 1, 85] with unstable size None total_size 9 output_shape 9
Optimizable variables initialized.
initial CROWN bounds (first 10 items): [-2.201535224914551, 0.38407039642333984, -4.732598304748535, 1.4584674835205078, -8.018472671508789, -5.463233470916748, -0.6698188781738281, -2.9060277938842773, -2.400326728820801]
prune_after_crown optimization in use
  original spec size = torch.Size([1, 9])
  pruned spec size = torch.Size([1, 7])
Using alpha-CROWN to initialize bounds.
Early stop at 97th iter due to 10 iterations no improvement!
best_l after optimization: -20.348838806152344
alpha/beta optimization time: 1.097316026687622
initial alpha-crown bounds (first 10 items): [-1.502211570739746, -4.023106575012207, -7.251928329467773, -4.090076446533203, -0.13004493713378906, -2.053154945373535, -1.2983160018920898]
Global lower bound: -7.251928329467773
torch.Size([1, 7])
2 / 9 OR specs are verified.
Verified OR indices (first 10 items): [1, 3]
Verified OR lbs (first 10 items): [[inf], [inf]]
Unverified OR indices (first 10 items): [0, 2, 4, 5, 6, 7, 8]
Unverified OR lbs (first 10 items): [[-1.502211570739746], [-4.023106575012207], [-7.251928329467773], [-4.090076446533203], [-0.13004493713378906], [-2.053154945373535], [-1.2983160018920898]]
###### Verifying property Instance 8 ######
Batch size: 7
First 10 spec matrices
C: tensor([[[-1.,  0.,  0.,  0.,  0.,  0.,  1.,  0.,  0.,  0.]],

        [[ 0.,  0., -1.,  0.,  0.,  0.,  1.,  0.,  0.,  0.]],

        [[ 0.,  0.,  0.,  0., -1.,  0.,  1.,  0.,  0.,  0.]],

        [[ 0.,  0.,  0.,  0.,  0., -1.,  1.,  0.,  0.,  0.]],

        [[ 0.,  0.,  0.,  0.,  0.,  0.,  1., -1.,  0.,  0.]],

        [[ 0.,  0.,  0.,  0.,  0.,  0.,  1.,  0., -1.,  0.]],

        [[ 0.,  0.,  0.,  0.,  0.,  0.,  1.,  0.,  0., -1.]]], device='cuda:0')
RHS: tensor([[0.],
        [0.],
        [0.],
        [0.],
        [0.],
        [0.],
        [0.]], device='cuda:0')
OR spec sizes: tensor([1, 1, 1, 1, 1, 1, 1], device='cuda:0', dtype=torch.int32)
Remaining timeout: 10.732492446899414
Model prediction is: tensor([-0.44652334, -3.88820839, -2.48610234, -9.52062416,  1.45619059,
        -0.17829572, 10.66491795, -7.52294970, -2.26149917, -6.73443127],
       device='cuda:0')
Activation BaB batch 1/1 
build_with_refined_bounds batch [1/1]
Optimizable variables initialized.
all alpha initialized
directly get lb and ub from refined bounds
c shape: torch.Size([7, 1, 10])
lA shapes: [torch.Size([7, 1, 256]), torch.Size([7, 1, 128])]
torch.Size([7, 1])
(alpha-)CROWN with fixed intermediate bounds: tensor([[-1.50221157],
        [-4.02310658],
        [-7.25192833],
        [-4.09007645],
        [-0.13004494],
        [-2.05315495],
        [-1.29831600]], device='cuda:0') tensor([[inf],
        [inf],
        [inf],
        [inf],
        [inf],
        [inf],
        [inf]], device='cuda:0')
Intermediate layers: /input,/input-3
Keeping alphas for these layers: ['/18']
Node /15 input 0: size torch.Size([256]) unstable 137
Node /17 input 0: size torch.Size([128]) unstable 83
-----------------
# of unstable neurons: 220
-----------------

BaB round 1
batch: 7
splitting decisions: 
split level 0: [/input-3, 9] [/input, 183] [/input, 132] [/input, 125] [/input-3, 42] [/input, 125] [/input-3, 36] 
best_l after optimization: -33.80986785888672
beta sum per layer: [1.3547325134277344, 0.2909329831600189]
alpha/beta optimization time: 0.7791078090667725
pruning_in_iteration open status: True
ratio of positive domain = 3 / 14 = 0.2142857142857143
pruning-in-iteration extra time: 0.04208827018737793
torch.Size([14, 1])
Time: prepare 0.0006    bound 0.7801    transfer 0.0014    finalize 0.0038    func 0.7859    
Accumulated time: func 0.7859    prepare 0.0016    bound 0.7801    transfer 0.0014    finalize 0.0038    
max lb tensor(9.99999975e-05) min lb tensor(-7.01093769)
Number of Verified Splits: 3 of 14
Current worst splitting domains lb-rhs (depth):
-7.01094 (1), -6.24917 (1), -3.68627 (1), -3.61950 (1), -3.40755 (1), -3.18392 (1), -1.71144 (1), -1.69525 (1), -1.23455 (1), -1.02820 (1), -0.98339 (1), 
Length of domains: 11
Current (lb-rhs): -7.010937690734863
14 domains visited
Time: pickout 0.0013    decision 0.0134    set_bounds 0.0006    solve 0.7864    add 0.0073    
Accumulated time: pickout 0.0013    decision 0.0134    set_bounds 0.0006    solve 0.7864    add 0.0073    
Cumulative time: 0.8283202648162842

BaB round 2
batch: 11
splitting decisions: 
split level 0: [/input-3, 42] [/input, 125] [/input-3, 24] [/input-3, 36] [/input-3, 119] [/input, 132] [/input-3, 24] [/input, 125] [/input-3, 24] [/input-3, 36] 
best_l after optimization: -53.49774169921875
beta sum per layer: [5.441738605499268, 6.896396636962891]
alpha/beta optimization time: 0.4740116596221924
pruning_in_iteration open status: False
ratio of positive domain = 1 / 22 = 0.045454545454545414
pruning-in-iteration extra time: 0.0003845691680908203
torch.Size([22, 1])
Time: prepare 0.0016    bound 0.4755    transfer 0.0010    finalize 0.0050    func 0.4832    
Accumulated time: func 1.2691    prepare 0.0068    bound 1.2556    transfer 0.0024    finalize 0.0088    
max lb tensor(0.16696548) min lb tensor(-6.63095379)
Number of Verified Splits: 1 of 22
Current worst splitting domains lb-rhs (depth):
-6.63095 (2), -6.57049 (2), -5.90784 (2), -5.64393 (2), -3.38058 (2), -3.32513 (2), -2.88154 (2), -2.64653 (2), -2.61832 (2), -2.37235 (2), -2.20608 (2), -2.09015 (2), -1.47568 (2), -1.46597 (2), -0.99321 (2), -0.77094 (2), -0.74802 (2), -0.70939 (2), -0.61508 (2), -0.52945 (2), 
Length of domains: 21
Current (lb-rhs): -6.630953788757324
36 domains visited
Time: pickout 0.0097    decision 0.0347    set_bounds 0.0012    solve 0.4839    add 0.0020    
Accumulated time: pickout 0.0109    decision 0.0480    set_bounds 0.0018    solve 1.2703    add 0.0094    
Cumulative time: 1.3598558902740479

BaB round 3
batch: 21
splitting decisions: 
split level 0: [/input, 125] [/input, 208] [/input, 104] [/input, 208] [/input-3, 42] [/input-3, 119] [/input-3, 42] [/input, 208] [/input, 104] [/input, 208] 
best_l after optimization: -86.78843688964844
beta sum per layer: [15.741311073303223, 19.763687133789062]
alpha/beta optimization time: 0.507631778717041
pruning_in_iteration open status: False
ratio of positive domain = 4 / 42 = 0.09523809523809523
pruning-in-iteration extra time: 0.0008008480072021484
torch.Size([42, 1])
Time: prepare 0.0028    bound 0.5100    transfer 0.0011    finalize 0.0046    func 0.5185    
Accumulated time: func 1.7876    prepare 0.0139    bound 1.7655    transfer 0.0034    finalize 0.0134    
max lb tensor(0.45443249) min lb tensor(-6.38038158)
Number of Verified Splits: 4 of 42
Current worst splitting domains lb-rhs (depth):
-6.38038 (3), -6.27717 (3), -6.20969 (3), -5.54635 (3), -5.49431 (3), -5.38472 (3), -4.61618 (3), -3.99053 (3), -3.08424 (3), -3.04451 (3), -2.55243 (3), -2.49263 (3), -2.40793 (3), -2.35169 (3), -2.26111 (3), -2.23939 (3), -2.05637 (3), -2.00938 (3), -1.99993 (3), -1.84348 (3), 
Length of domains: 38
Current (lb-rhs): -6.3803815841674805
78 domains visited
Time: pickout 0.0087    decision 0.0431    set_bounds 0.0020    solve 0.5191    add 0.0018    
Accumulated time: pickout 0.0196    decision 0.0911    set_bounds 0.0038    solve 1.7894    add 0.0111    
Cumulative time: 1.9346811771392822

BaB round 4
batch: 38
splitting decisions: 
split level 0: [/input-3, 24] [/input-3, 36] [/input, 208] [/input-3, 35] [/input, 132] [/input-3, 42] [/input, 125] [/input-3, 36] [/input, 208] [/input-3, 35] 
best_l after optimization: -142.09902954101562
beta sum per layer: [33.72327423095703, 50.71923828125]
alpha/beta optimization time: 0.4461669921875
pruning_in_iteration open status: False
ratio of positive domain = 5 / 76 = 0.06578947368421051
pruning-in-iteration extra time: 0.00010800361633300781
torch.Size([76, 1])
Time: prepare 0.0037    bound 0.4470    transfer 0.0007    finalize 0.0075    func 0.4590    
Accumulated time: func 2.2466    prepare 0.0229    bound 2.2125    transfer 0.0042    finalize 0.0208    
max lb tensor(0.39622307) min lb tensor(-6.03920221)
Number of Verified Splits: 5 of 76
Current worst splitting domains lb-rhs (depth):
-6.03920 (4), -6.01551 (4), -5.96608 (4), -5.93898 (4), -5.24005 (4), -5.17776 (4), -5.16658 (4), -5.14444 (4), -5.06581 (4), -5.00060 (4), -4.89436 (4), -4.63592 (4), -4.13711 (4), -4.05214 (4), -3.57575 (4), -3.10361 (4), -2.78586 (4), -2.74381 (4), -2.59270 (4), -2.56624 (4), 
Length of domains: 71
Current (lb-rhs): -6.0392022132873535
154 domains visited
Time: pickout 0.0112    decision 0.0554    set_bounds 0.0024    solve 0.4597    add 0.0020    
Accumulated time: pickout 0.0309    decision 0.1465    set_bounds 0.0062    solve 2.2491    add 0.0131    
Cumulative time: 2.4655206203460693

BaB round 5
batch: 64
splitting decisions: 
split level 0: [/input-3, 9] [/input-3, 119] [/input-3, 14] [/input-3, 84] [/input-3, 9] [/input, 208] [/input, 208] [/input-3, 61] [/input-3, 42] [/input-3, 9] 
best_l after optimization: -208.8910369873047
beta sum per layer: [72.96424102783203, 119.13823699951172]
alpha/beta optimization time: 0.46495485305786133
pruning_in_iteration open status: True
ratio of positive domain = 26 / 128 = 0.203125
pruning-in-iteration extra time: 0.026629924774169922
torch.Size([128, 1])
Time: prepare 0.0036    bound 0.4657    transfer 0.0003    finalize 0.0017    func 0.4715    
Accumulated time: func 2.7180    prepare 0.0303    bound 2.6782    transfer 0.0045    finalize 0.0226    
max lb tensor(9.99999975e-05) min lb tensor(-5.80560923)
Number of Verified Splits: 26 of 128
Current worst splitting domains lb-rhs (depth):
-5.80561 (5), -5.79285 (5), -5.71977 (5), -5.70872 (5), -5.17776 (4), -4.92359 (5), -4.88352 (5), -4.85308 (5), -4.84692 (5), -4.80783 (5), -4.72689 (5), -4.71576 (5), -4.65174 (5), -4.61148 (5), -4.55341 (5), -4.54290 (5), -4.53966 (5), -4.51617 (5), -4.35106 (5), -4.31727 (5), 
Length of domains: 109
Current (lb-rhs): -5.805609226226807
282 domains visited
Time: pickout 0.0162    decision 0.0797    set_bounds 0.0037    solve 0.4719    add 0.0012    
Accumulated time: pickout 0.0471    decision 0.2262    set_bounds 0.0099    solve 2.7210    add 0.0143    
Cumulative time: 3.0384929180145264

BaB round 6
batch: 64
splitting decisions: 
split level 0: [/input, 208] [/input, 90] [/input, 183] [/input, 132] [/input, 90] [/input-3, 116] [/input, 132] [/input-3, 24] [/input-3, 42] [/input, 132] 
best_l after optimization: -195.76455688476562
beta sum per layer: [75.75556182861328, 179.72879028320312]
alpha/beta optimization time: 0.30965495109558105
pruning_in_iteration open status: False
ratio of positive domain = 10 / 128 = 0.078125
pruning-in-iteration extra time: 8.58306884765625e-05
torch.Size([128, 1])
Time: prepare 0.0029    bound 0.3104    transfer 0.0002    finalize 0.0024    func 0.3159    
Accumulated time: func 3.0339    prepare 0.0342    bound 2.9886    transfer 0.0047    finalize 0.0250    
max lb tensor(0.30781794) min lb tensor(-5.55585098)
Number of Verified Splits: 10 of 128
Current worst splitting domains lb-rhs (depth):
-5.80561 (5), -5.55585 (6), -5.47459 (6), -5.46089 (6), -5.17776 (4), -4.92359 (5), -4.88352 (5), -4.85308 (5), -4.80783 (5), -4.74917 (6), -4.72689 (5), -4.69747 (6), -4.67127 (6), -4.61148 (5), -4.58601 (6), -4.55341 (5), -4.51617 (5), -4.45492 (6), -4.38870 (6), -4.19378 (6), 
Length of domains: 163
Current (lb-rhs): -5.805609226226807
410 domains visited
Time: pickout 0.0074    decision 0.0193    set_bounds 0.0033    solve 0.3166    add 0.0012    
Accumulated time: pickout 0.0545    decision 0.2455    set_bounds 0.0132    solve 3.0375    add 0.0155    
Cumulative time: 3.386474132537842

BaB round 7
batch: 64
splitting decisions: 
split level 0: [/input, 132] [/input, 90] [/input-3, 123] [/input, 208] [/input, 132] [/input, 239] [/input-3, 116] [/input-3, 119] [/input, 239] [/input, 208] 
best_l after optimization: -142.39532470703125
beta sum per layer: [90.99837493896484, 228.48985290527344]
alpha/beta optimization time: 0.30902647972106934
pruning_in_iteration open status: False
ratio of positive domain = 17 / 128 = 0.1328125
pruning-in-iteration extra time: 0.0001926422119140625
torch.Size([128, 1])
Time: prepare 0.0030    bound 0.3099    transfer 0.0003    finalize 0.0018    func 0.3150    
Accumulated time: func 3.3490    prepare 0.0384    bound 3.2986    transfer 0.0049    finalize 0.0268    
max lb tensor(0.40963268) min lb tensor(-5.23296595)
Number of Verified Splits: 17 of 128
Current worst splitting domains lb-rhs (depth):
-5.80561 (5), -5.23297 (7), -5.20793 (7), -5.17776 (4), -5.13108 (7), -5.12755 (7), -5.12426 (7), -5.05427 (7), -4.92359 (5), -4.88352 (5), -4.85308 (5), -4.80783 (5), -4.74917 (6), -4.72689 (5), -4.69747 (6), -4.67127 (6), -4.61148 (5), -4.55341 (5), -4.51617 (5), -4.27115 (7), 
Length of domains: 210
Current (lb-rhs): -5.805609226226807
538 domains visited
Time: pickout 0.0076    decision 0.0194    set_bounds 0.0032    solve 0.3155    add 0.0009    
Accumulated time: pickout 0.0621    decision 0.2650    set_bounds 0.0164    solve 3.3531    add 0.0164    
Cumulative time: 3.73335337638855

BaB round 8
batch: 64
splitting decisions: 
split level 0: [/input-3, 123] [/input-3, 61] [/input, 120] [/input-3, 36] [/input-3, 61] [/input, 54] [/input-3, 57] [/input-3, 119] [/input, 54] [/input-3, 42] 
best_l after optimization: -121.616455078125
beta sum per layer: [89.5302734375, 221.42840576171875]
alpha/beta optimization time: 0.38866710662841797
pruning_in_iteration open status: True
ratio of positive domain = 49 / 128 = 0.3828125
pruning-in-iteration extra time: 0.023138046264648438
torch.Size([128, 1])
Time: prepare 0.0031    bound 0.3895    transfer 0.0003    finalize 0.0016    func 0.3950    
Accumulated time: func 3.7440    prepare 0.0425    bound 3.6881    transfer 0.0053    finalize 0.0284    
max lb tensor(9.99999975e-05) min lb tensor(-4.97652626)
Number of Verified Splits: 49 of 128
Current worst splitting domains lb-rhs (depth):
-5.80561 (5), -5.23297 (7), -5.17776 (4), -5.12755 (7), -5.05427 (7), -4.97653 (8), -4.92359 (5), -4.88352 (5), -4.87988 (8), -4.86202 (8), -4.85308 (5), -4.83009 (8), -4.80783 (5), -4.79431 (8), -4.77922 (8), -4.74917 (6), -4.72689 (5), -4.69747 (6), -4.67127 (6), -4.61148 (5), 
Length of domains: 225
Current (lb-rhs): -5.805609226226807
666 domains visited
Time: pickout 0.0089    decision 0.0199    set_bounds 0.0031    solve 0.3957    add 0.0008    
Accumulated time: pickout 0.0710    decision 0.2848    set_bounds 0.0195    solve 3.7488    add 0.0172    
Cumulative time: 4.162069320678711

BaB round 9
batch: 64
splitting decisions: 
split level 0: [/input-3, 2] [/input-3, 61] [/input-3, 123] [/input-3, 79] [/input-3, 36] [/input-3, 42] [/input-3, 61] [/input-3, 123] [/input, 132] [/input, 120] 
best_l after optimization: -142.25387573242188
beta sum per layer: [79.40089416503906, 237.7274169921875]
alpha/beta optimization time: 0.44497108459472656
pruning_in_iteration open status: True
ratio of positive domain = 37 / 128 = 0.2890625
pruning-in-iteration extra time: 0.02514934539794922
torch.Size([128, 1])
Time: prepare 0.0037    bound 0.4459    transfer 0.0003    finalize 0.0088    func 0.4588    
Accumulated time: func 4.2028    prepare 0.0475    bound 4.1340    transfer 0.0056    finalize 0.0372    
max lb tensor(9.99999975e-05) min lb tensor(-4.77621841)
Number of Verified Splits: 37 of 128
Current worst splitting domains lb-rhs (depth):
-5.80561 (5), -5.23297 (7), -5.17776 (4), -5.12755 (7), -5.05427 (7), -4.92359 (5), -4.88352 (5), -4.86202 (8), -4.85308 (5), -4.80783 (5), -4.77622 (9), -4.74917 (6), -4.72689 (5), -4.69747 (6), -4.67139 (9), -4.67127 (6), -4.61148 (5), -4.60300 (9), -4.57003 (9), -4.55341 (5), 
Length of domains: 252
Current (lb-rhs): -5.805609226226807
794 domains visited
Time: pickout 0.0080    decision 0.0241    set_bounds 0.0039    solve 0.4597    add 0.0009    
Accumulated time: pickout 0.0790    decision 0.3089    set_bounds 0.0234    solve 4.2084    add 0.0181    
Cumulative time: 4.658857583999634

BaB round 10
batch: 64
splitting decisions: 
split level 0: [/input-3, 34] [/input-3, 34] [/input, 125] [/input-3, 36] [/input-3, 57] [/input, 184] [/input-3, 79] [/input, 120] [/input-3, 36] [/input, 132] 
best_l after optimization: -116.00060272216797
beta sum per layer: [81.04798126220703, 285.8898620605469]
alpha/beta optimization time: 0.7454910278320312
pruning_in_iteration open status: True
ratio of positive domain = 30 / 128 = 0.234375
pruning-in-iteration extra time: 0.0501866340637207
torch.Size([128, 1])
Time: prepare 0.0039    bound 0.7472    transfer 0.0031    finalize 0.0096    func 0.7639    
Accumulated time: func 4.9667    prepare 0.0550    bound 4.8812    transfer 0.0086    finalize 0.0468    
max lb tensor(9.99999975e-05) min lb tensor(-4.39807320)
Number of Verified Splits: 30 of 128
Current worst splitting domains lb-rhs (depth):
-5.80561 (5), -5.23297 (7), -5.17776 (4), -5.12755 (7), -5.05427 (7), -4.92359 (5), -4.88352 (5), -4.86202 (8), -4.85308 (5), -4.80783 (5), -4.77622 (9), -4.74917 (6), -4.72689 (5), -4.69747 (6), -4.67139 (9), -4.67127 (6), -4.61148 (5), -4.55341 (5), -4.54238 (9), -4.51617 (5), 
Length of domains: 286
Current (lb-rhs): -5.805609226226807
922 domains visited
Time: pickout 0.0079    decision 0.0908    set_bounds 0.0038    solve 0.7645    add 0.0043    
Accumulated time: pickout 0.0869    decision 0.3997    set_bounds 0.0272    solve 4.9729    add 0.0224    
Cumulative time: 5.530266046524048

BaB round 11
batch: 64
splitting decisions: 
split level 0: [/input-3, 69] [/input-3, 57] [/input-3, 69] [/input-3, 2] [/input-3, 42] [/input-3, 57] [/input-3, 15] [/input-3, 15] [/input-3, 57] [/input-3, 36] 
best_l after optimization: -74.76103210449219
beta sum per layer: [74.14785766601562, 300.12274169921875]
alpha/beta optimization time: 0.6095471382141113
pruning_in_iteration open status: True
ratio of positive domain = 45 / 128 = 0.3515625
pruning-in-iteration extra time: 0.04418325424194336
torch.Size([128, 1])
Time: prepare 0.0061    bound 0.6105    transfer 0.0004    finalize 0.0024    func 0.6196    
Accumulated time: func 5.5863    prepare 0.0673    bound 5.4918    transfer 0.0091    finalize 0.0493    
max lb tensor(9.99999975e-05) min lb tensor(-2.88895226)
Number of Verified Splits: 45 of 128
Current worst splitting domains lb-rhs (depth):
-5.80561 (5), -5.23297 (7), -5.17776 (4), -5.12755 (7), -5.05427 (7), -4.92359 (5), -4.88352 (5), -4.86202 (8), -4.85308 (5), -4.80783 (5), -4.77622 (9), -4.74917 (6), -4.72689 (5), -4.69747 (6), -4.67139 (9), -4.67127 (6), -4.61148 (5), -4.55341 (5), -4.54238 (9), -4.51617 (5), 
Length of domains: 305
Current (lb-rhs): -5.805609226226807
1050 domains visited
Time: pickout 0.0110    decision 0.1123    set_bounds 0.0056    solve 0.6206    add 0.0010    
Accumulated time: pickout 0.0979    decision 0.5120    set_bounds 0.0328    solve 5.5934    add 0.0234    
Cumulative time: 6.2809765338897705

BaB round 12
batch: 64
splitting decisions: 
split level 0: [/input-3, 2] [/input-3, 42] [/input, 64] [/input, 168] [/input-3, 57] [/input, 54] [/input-3, 57] [/input-3, 57] [/input-3, 57] [/input-3, 42] 
best_l after optimization: -60.058250427246094
beta sum per layer: [71.09638214111328, 371.45111083984375]
alpha/beta optimization time: 0.48011255264282227
pruning_in_iteration open status: True
ratio of positive domain = 39 / 128 = 0.3046875
pruning-in-iteration extra time: 0.0284421443939209
torch.Size([128, 1])
Time: prepare 0.0039    bound 0.4819    transfer 0.0006    finalize 0.0027    func 0.4891    
Accumulated time: func 6.0755    prepare 0.0732    bound 5.9737    transfer 0.0097    finalize 0.0519    
max lb tensor(9.99999975e-05) min lb tensor(-2.39326906)
Number of Verified Splits: 39 of 128
Current worst splitting domains lb-rhs (depth):
-5.80561 (5), -5.23297 (7), -5.17776 (4), -5.12755 (7), -5.05427 (7), -4.92359 (5), -4.88352 (5), -4.86202 (8), -4.85308 (5), -4.80783 (5), -4.77622 (9), -4.74917 (6), -4.72689 (5), -4.69747 (6), -4.67139 (9), -4.67127 (6), -4.61148 (5), -4.55341 (5), -4.54238 (9), -4.51617 (5), 
Length of domains: 330
Current (lb-rhs): -5.805609226226807
1178 domains visited
Time: pickout 0.0081    decision 0.0225    set_bounds 0.0034    solve 0.4897    add 0.0011    
Accumulated time: pickout 0.1060    decision 0.5345    set_bounds 0.0362    solve 6.0832    add 0.0245    
Cumulative time: 6.806113958358765

BaB round 13
batch: 64
splitting decisions: 
split level 0: [/input-3, 57] [/input, 64] [/input, 44] [/input, 44] [/input-3, 57] [/input, 44] [/input, 64] [/input-3, 51] [/input-3, 84] [/input, 44] 
best_l after optimization: -43.3228759765625
beta sum per layer: [83.56919860839844, 401.9072265625]
alpha/beta optimization time: 0.4569566249847412
pruning_in_iteration open status: True
ratio of positive domain = 38 / 128 = 0.296875
pruning-in-iteration extra time: 0.023280620574951172
torch.Size([128, 1])
Time: prepare 0.0033    bound 0.4580    transfer 0.0006    finalize 0.0025    func 0.4643    
Accumulated time: func 6.5398    prepare 0.0781    bound 6.4316    transfer 0.0103    finalize 0.0544    
max lb tensor(9.99999975e-05) min lb tensor(-1.60169411)
Number of Verified Splits: 38 of 128
Current worst splitting domains lb-rhs (depth):
-5.80561 (5), -5.23297 (7), -5.17776 (4), -5.12755 (7), -5.05427 (7), -4.92359 (5), -4.88352 (5), -4.86202 (8), -4.85308 (5), -4.80783 (5), -4.77622 (9), -4.74917 (6), -4.72689 (5), -4.69747 (6), -4.67139 (9), -4.67127 (6), -4.61148 (5), -4.55341 (5), -4.54238 (9), -4.51617 (5), 
Length of domains: 356
Current (lb-rhs): -5.805609226226807
1306 domains visited
Time: pickout 0.0102    decision 0.0246    set_bounds 0.0032    solve 0.4648    add 0.0010    
Accumulated time: pickout 0.1162    decision 0.5591    set_bounds 0.0394    solve 6.5480    add 0.0256    
Cumulative time: 7.310126304626465

BaB round 14
batch: 64
splitting decisions: 
split level 0: [/input, 168] [/input-3, 51] [/input, 168] [/input-3, 10] [/input-3, 2] [/input, 208] [/input-3, 51] [/input-3, 51] [/input, 122] [/input-3, 51] 
best_l after optimization: -31.039077758789062
beta sum per layer: [93.88041687011719, 437.73065185546875]
alpha/beta optimization time: 0.43720126152038574
pruning_in_iteration open status: True
ratio of positive domain = 55 / 128 = 0.4296875
pruning-in-iteration extra time: 0.02513861656188965
torch.Size([128, 1])
Time: prepare 0.0029    bound 0.4380    transfer 0.0005    finalize 0.0026    func 0.4440    
Accumulated time: func 6.9838    prepare 0.0822    bound 6.8697    transfer 0.0108    finalize 0.0570    
max lb tensor(9.99999975e-05) min lb tensor(-1.44879007)
Number of Verified Splits: 55 of 128
Current worst splitting domains lb-rhs (depth):
-5.80561 (5), -5.23297 (7), -5.17776 (4), -5.12755 (7), -5.05427 (7), -4.92359 (5), -4.88352 (5), -4.86202 (8), -4.85308 (5), -4.80783 (5), -4.77622 (9), -4.74917 (6), -4.72689 (5), -4.69747 (6), -4.67139 (9), -4.67127 (6), -4.61148 (5), -4.55341 (5), -4.54238 (9), -4.51617 (5), 
Length of domains: 365
Current (lb-rhs): -5.805609226226807
1434 domains visited
Time: pickout 0.0083    decision 0.0220    set_bounds 0.0030    solve 0.4450    add 0.0028    
Accumulated time: pickout 0.1245    decision 0.5811    set_bounds 0.0424    solve 6.9929    add 0.0284    
Cumulative time: 7.791559934616089

BaB round 15
batch: 64
splitting decisions: 
split level 0: [/input, 44] [/input-3, 15] [/input-3, 57] [/input, 44] [/input, 44] [/input-3, 57] [/input, 44] [/input-3, 57] [/input-3, 88] [/input, 44] 
best_l after optimization: -19.563663482666016
beta sum per layer: [97.22650909423828, 450.718017578125]
alpha/beta optimization time: 0.7495362758636475
pruning_in_iteration open status: True
ratio of positive domain = 73 / 128 = 0.5703125
pruning-in-iteration extra time: 0.05440402030944824
torch.Size([128, 1])
Time: prepare 0.0028    bound 0.7509    transfer 0.0023    finalize 0.0065    func 0.7625    
Accumulated time: func 7.7463    prepare 0.0866    bound 7.6205    transfer 0.0131    finalize 0.0634    
max lb tensor(9.99999975e-05) min lb tensor(-1.36432505)
Number of Verified Splits: 73 of 128
Current worst splitting domains lb-rhs (depth):
-5.80561 (5), -5.23297 (7), -5.17776 (4), -5.12755 (7), -5.05427 (7), -4.92359 (5), -4.88352 (5), -4.86202 (8), -4.85308 (5), -4.80783 (5), -4.77622 (9), -4.74917 (6), -4.72689 (5), -4.69747 (6), -4.67139 (9), -4.67127 (6), -4.61148 (5), -4.55341 (5), -4.54238 (9), -4.51617 (5), 
Length of domains: 356
Current (lb-rhs): -5.805609226226807
1562 domains visited
Time: pickout 0.0103    decision 0.0265    set_bounds 0.0029    solve 0.7631    add 0.0015    
Accumulated time: pickout 0.1348    decision 0.6076    set_bounds 0.0453    solve 7.7560    add 0.0299    
Cumulative time: 8.596161603927612

BaB round 16
batch: 64
splitting decisions: 
split level 0: [/input-3, 88] [/input-3, 51] [/input, 168] [/input-3, 51] [/input-3, 57] [/input-3, 15] [/input, 127] [/input-3, 15] [/input-3, 15] [/input-3, 88] 
best_l after optimization: -17.07400894165039
beta sum per layer: [102.16502380371094, 477.1514587402344]
alpha/beta optimization time: 0.8019325733184814
pruning_in_iteration open status: True
ratio of positive domain = 79 / 128 = 0.6171875
pruning-in-iteration extra time: 0.05645275115966797
torch.Size([128, 1])
Time: prepare 0.0059    bound 0.8033    transfer 0.0013    finalize 0.0121    func 0.8226    
Accumulated time: func 8.5689    prepare 0.0987    bound 8.4238    transfer 0.0143    finalize 0.0756    
max lb tensor(9.99999975e-05) min lb tensor(-1.21924448)
Number of Verified Splits: 79 of 128
Current worst splitting domains lb-rhs (depth):
-5.80561 (5), -5.23297 (7), -5.17776 (4), -5.12755 (7), -5.05427 (7), -4.92359 (5), -4.88352 (5), -4.86202 (8), -4.85308 (5), -4.80783 (5), -4.77622 (9), -4.74917 (6), -4.72689 (5), -4.69747 (6), -4.67139 (9), -4.67127 (6), -4.61148 (5), -4.55341 (5), -4.54238 (9), -4.51617 (5), 
Length of domains: 341
Current (lb-rhs): -5.805609226226807
1690 domains visited
Time: pickout 0.0129    decision 0.1004    set_bounds 0.0039    solve 0.8236    add 0.0027    
Accumulated time: pickout 0.1477    decision 0.7080    set_bounds 0.0492    solve 8.5796    add 0.0326    
Cumulative time: 9.539920330047607

BaB round 17
batch: 64
splitting decisions: 
split level 0: [/input, 44] [/input, 122] [/input, 44] [/input, 44] [/input, 44] [/input-3, 15] [/input-3, 57] [/input-3, 57] [/input-3, 2] [/input-3, 51] 
best_l after optimization: -22.484636306762695
beta sum per layer: [103.22193145751953, 493.1112365722656]
alpha/beta optimization time: 0.5851309299468994
pruning_in_iteration open status: True
ratio of positive domain = 87 / 128 = 0.6796875
pruning-in-iteration extra time: 0.0458831787109375
torch.Size([128, 1])
Time: prepare 0.0066    bound 0.5862    transfer 0.0006    finalize 0.0026    func 0.5960    
Accumulated time: func 9.1649    prepare 0.1131    bound 9.0100    transfer 0.0149    finalize 0.0782    
max lb tensor(9.99999975e-05) min lb tensor(-1.35020351)
Number of Verified Splits: 87 of 128
Current worst splitting domains lb-rhs (depth):
-5.80561 (5), -5.23297 (7), -5.17776 (4), -5.12755 (7), -5.05427 (7), -4.92359 (5), -4.88352 (5), -4.86202 (8), -4.85308 (5), -4.80783 (5), -4.77622 (9), -4.74917 (6), -4.72689 (5), -4.69747 (6), -4.67139 (9), -4.67127 (6), -4.61148 (5), -4.55341 (5), -4.54238 (9), -4.51617 (5), 
Length of domains: 318
Current (lb-rhs): -5.805609226226807
1818 domains visited
Time: pickout 0.0124    decision 0.0929    set_bounds 0.0052    solve 0.5967    add 0.0009    
Accumulated time: pickout 0.1600    decision 0.8008    set_bounds 0.0544    solve 9.1762    add 0.0335    
Cumulative time: 10.248276948928833

BaB round 18
batch: 64
splitting decisions: 
split level 0: [/input-3, 51] [/input-3, 95] [/input-3, 15] [/input, 168] [/input-3, 57] [/input, 168] [/input-3, 57] [/input-3, 2] [/input, 168] [/input-3, 57] 
best_l after optimization: -33.558834075927734
beta sum per layer: [92.78620910644531, 577.1397705078125]
alpha/beta optimization time: 0.42171621322631836
pruning_in_iteration open status: True
ratio of positive domain = 49 / 128 = 0.3828125
pruning-in-iteration extra time: 0.02719426155090332
torch.Size([128, 1])
Time: prepare 0.0034    bound 0.4226    transfer 0.0005    finalize 0.0067    func 0.4333    
Accumulated time: func 9.5983    prepare 0.1179    bound 9.4326    transfer 0.0154    finalize 0.0849    
max lb tensor(9.99999975e-05) min lb tensor(-1.25141239)
Number of Verified Splits: 49 of 128
Current worst splitting domains lb-rhs (depth):
-5.80561 (5), -5.23297 (7), -5.17776 (4), -5.12755 (7), -5.05427 (7), -4.92359 (5), -4.88352 (5), -4.86202 (8), -4.85308 (5), -4.80783 (5), -4.77622 (9), -4.74917 (6), -4.72689 (5), -4.69747 (6), -4.67139 (9), -4.67127 (6), -4.61148 (5), -4.55341 (5), -4.54238 (9), -4.51617 (5), 
Length of domains: 333
Current (lb-rhs): -5.805609226226807
1946 domains visited
Time: pickout 0.0100    decision 0.0221    set_bounds 0.0034    solve 0.4339    add 0.0011    
Accumulated time: pickout 0.1700    decision 0.8229    set_bounds 0.0578    solve 9.6102    add 0.0346    
Cumulative time: 10.719019889831543

BaB round 19
batch: 64
splitting decisions: 
split level 0: [/input, 122] [/input-3, 88] [/input-3, 51] [/input-3, 15] [/input, 127] [/input-3, 15] [/input-3, 2] [/input-3, 15] [/input, 122] [/input-3, 34] 
best_l after optimization: -25.919090270996094
beta sum per layer: [98.61367797851562, 625.4070434570312]
alpha/beta optimization time: 0.4207882881164551
pruning_in_iteration open status: True
ratio of positive domain = 60 / 128 = 0.46875
pruning-in-iteration extra time: 0.023428916931152344
torch.Size([128, 1])
Time: prepare 0.0029    bound 0.4216    transfer 0.0003    finalize 0.0016    func 0.4264    
Accumulated time: func 10.0247    prepare 0.1219    bound 9.8542    transfer 0.0157    finalize 0.0865    
max lb tensor(9.99999975e-05) min lb tensor(-1.08040524)
Number of Verified Splits: 60 of 128
Current worst splitting domains lb-rhs (depth):
-5.80561 (5), -5.23297 (7), -5.17776 (4), -5.12755 (7), -5.05427 (7), -4.92359 (5), -4.88352 (5), -4.86202 (8), -4.85308 (5), -4.80783 (5), -4.77622 (9), -4.74917 (6), -4.72689 (5), -4.69747 (6), -4.67139 (9), -4.67127 (6), -4.61148 (5), -4.55341 (5), -4.54238 (9), -4.51617 (5), 
Length of domains: 337
Current (lb-rhs): -5.805609226226807
2074 domains visited
Time: pickout 0.0082    decision 0.0187    set_bounds 0.0029    solve 0.4268    add 0.0012    
Accumulated time: pickout 0.1782    decision 0.8416    set_bounds 0.0607    solve 10.0370    add 0.0358    
Time out!!!!!!!!
Result: unknown in 12.4486 seconds

 %%%%%%%%%%%%%%%%%%%%%%%%%%%%%%%%%%% idx: 9, vnnlib ID: 89 %%%%%%%%%%%%%%%%%%%%%%%%%%%%%%%%%%%
Finished vnnlib processing in 0.002893 seconds
Model: BoundedModule(
  (/0): BoundInput(name=/0, inputs=[], perturbed=True)
  (/7): BoundParams(name=/7, inputs=[], perturbed=False)
  (/8): BoundParams(name=/8, inputs=[], perturbed=False)
  (/9): BoundParams(name=/9, inputs=[], perturbed=False)
  (/10): BoundParams(name=/10, inputs=[], perturbed=False)
  (/11): BoundParams(name=/11, inputs=[], perturbed=False)
  (/12): BoundParams(name=/12, inputs=[], perturbed=False)
  (/13): BoundFlatten(name=/13, inputs=[/0], perturbed=True)
  (/input): BoundLinear(name=/input, inputs=[/13, /7, /8], perturbed=True)
  (/15): BoundRelu(name=/15, inputs=[/input], perturbed=True)
  (/input-3): BoundLinear(name=/input-3, inputs=[/15, /9, /10], perturbed=True)
  (/17): BoundRelu(name=/17, inputs=[/input-3], perturbed=True)
  (/18): BoundLinear(name=/18, inputs=[/17, /11, /12], perturbed=True)
)
Original output in the first batch: tensor([[-7.28466845,  7.66956377,  0.03693790, -1.88707364, -2.09294844,
         -3.50570941, -5.17057610,  0.43343514, -0.83028865, -8.75609589]],
       device='cuda:0')
Split layers:
Nonlinear functions:
   BoundRelu(name=/15, inputs=[/input], perturbed=True)
   BoundRelu(name=/17, inputs=[/input-3], perturbed=True)
build batch [1/1]
layer /15 using sparse-features alpha with shape [182]; unstable size 182; total size 256 ([1, 256])
layer /15 start_node /input-3 using full alpha [2, 128, 1, 182] with unstable size 116 total_size 128 output_shape torch.Size([128])
layer /15 start_node /18 using full alpha [2, 9, 1, 182] with unstable size None total_size 9 output_shape 9
layer /17 using full alpha with shape torch.Size([128]); unstable size 116; total size 128 ([1, 128])
layer /17 start_node /18 using full alpha [2, 9, 1, 128] with unstable size None total_size 9 output_shape 9
Optimizable variables initialized.
initial CROWN bounds (first 10 items): [-6.31876277923584, -12.832366943359375, -13.355676651000977, -11.177916526794434, -13.705169677734375, -9.2615966796875, -11.556570053100586, -13.301187515258789, -8.460081100463867]
prune_after_crown optimization in use
  original spec size = torch.Size([1, 9])
  pruned spec size = torch.Size([1, 9])
Using alpha-CROWN to initialize bounds.
best_l after optimization: -83.55315399169922
alpha/beta optimization time: 2.1435208320617676
initial alpha-crown bounds (first 10 items): [-4.8282575607299805, -11.44476318359375, -11.89054012298584, -8.750804901123047, -11.332138061523438, -7.002630233764648, -10.292049407958984, -11.567012786865234, -6.4449567794799805]
Global lower bound: -11.89054012298584
torch.Size([1, 9])
0 / 9 OR specs are verified.
Verified OR indices (first 10 items): []
Verified OR lbs (first 10 items): []
Unverified OR indices (first 10 items): [0, 1, 2, 3, 4, 5, 6, 7, 8]
Unverified OR lbs (first 10 items): [[-4.8282575607299805], [-11.44476318359375], [-11.89054012298584], [-8.750804901123047], [-11.332138061523438], [-7.002630233764648], [-10.292049407958984], [-11.567012786865234], [-6.4449567794799805]]
###### Verifying property Instance 9 ######
Batch size: 9
First 10 spec matrices
C: tensor([[[-1.,  1.,  0.,  0.,  0.,  0.,  0.,  0.,  0.,  0.]],

        [[ 0.,  1., -1.,  0.,  0.,  0.,  0.,  0.,  0.,  0.]],

        [[ 0.,  1.,  0., -1.,  0.,  0.,  0.,  0.,  0.,  0.]],

        [[ 0.,  1.,  0.,  0., -1.,  0.,  0.,  0.,  0.,  0.]],

        [[ 0.,  1.,  0.,  0.,  0., -1.,  0.,  0.,  0.,  0.]],

        [[ 0.,  1.,  0.,  0.,  0.,  0., -1.,  0.,  0.,  0.]],

        [[ 0.,  1.,  0.,  0.,  0.,  0.,  0., -1.,  0.,  0.]],

        [[ 0.,  1.,  0.,  0.,  0.,  0.,  0.,  0., -1.,  0.]],

        [[ 0.,  1.,  0.,  0.,  0.,  0.,  0.,  0.,  0., -1.]]], device='cuda:0')
RHS: tensor([[0.],
        [0.],
        [0.],
        [0.],
        [0.],
        [0.],
        [0.],
        [0.],
        [0.]], device='cuda:0')
OR spec sizes: tensor([1, 1, 1, 1, 1, 1, 1, 1, 1], device='cuda:0', dtype=torch.int32)
Remaining timeout: 9.650125503540039
Model prediction is: tensor([-7.28466845,  7.66956377,  0.03693790, -1.88707364, -2.09294844,
        -3.50570941, -5.17057610,  0.43343514, -0.83028865, -8.75609589],
       device='cuda:0')
Activation BaB batch 1/1 
build_with_refined_bounds batch [1/1]
Optimizable variables initialized.
all alpha initialized
directly get lb and ub from refined bounds
c shape: torch.Size([9, 1, 10])
lA shapes: [torch.Size([9, 1, 256]), torch.Size([9, 1, 128])]
torch.Size([9, 1])
(alpha-)CROWN with fixed intermediate bounds: tensor([[ -4.82825756],
        [-11.44476318],
        [-11.89054012],
        [ -8.75080490],
        [-11.33213806],
        [ -7.00263023],
        [-10.29204941],
        [-11.56701279],
        [ -6.44495678]], device='cuda:0') tensor([[inf],
        [inf],
        [inf],
        [inf],
        [inf],
        [inf],
        [inf],
        [inf],
        [inf]], device='cuda:0')
Intermediate layers: /input,/input-3
Keeping alphas for these layers: ['/18']
Node /15 input 0: size torch.Size([256]) unstable 182
Node /17 input 0: size torch.Size([128]) unstable 113
-----------------
# of unstable neurons: 295
-----------------

BaB round 1
batch: 9
splitting decisions: 
split level 0: [/input-3, 102] [/input-3, 73] [/input, 160] [/input-3, 36] [/input-3, 36] [/input-3, 102] [/input-3, 35] [/input-3, 35] [/input-3, 36] 
best_l after optimization: -155.17391967773438
beta sum per layer: [0.0003434788668528199, 3.8013041019439697]
alpha/beta optimization time: 0.585458517074585
pruning_in_iteration open status: False
ratio of positive domain = 0 / 18 = 0.0
pruning-in-iteration extra time: 0.0009884834289550781
torch.Size([18, 1])
Time: prepare 0.0036    bound 0.5871    transfer 0.0022    finalize 0.0094    func 0.6024    
Accumulated time: func 0.6024    prepare 0.0106    bound 0.5871    transfer 0.0022    finalize 0.0094    
max lb tensor(-3.91179657) min lb tensor(-11.27899742)
Number of Verified Splits: 0 of 18
Current worst splitting domains lb-rhs (depth):
-11.27900 (1), -11.27700 (1), -11.09005 (1), -11.03946 (1), -10.79974 (1), -10.77594 (1), -10.69811 (1), -10.54803 (1), -9.84046 (1), -8.99246 (1), -8.35430 (1), -8.04206 (1), -6.40686 (1), -6.33852 (1), -6.09851 (1), -5.24097 (1), -4.44066 (1), -3.91180 (1), 
Length of domains: 18
Current (lb-rhs): -11.278997421264648
18 domains visited
Time: pickout 0.0029    decision 0.0529    set_bounds 0.0023    solve 0.6034    add 0.0068    
Accumulated time: pickout 0.0029    decision 0.0529    set_bounds 0.0023    solve 0.6034    add 0.0068    
Cumulative time: 0.7144262790679932

BaB round 2
batch: 18
splitting decisions: 
split level 0: [/input, 150] [/input, 21] [/input-3, 0] [/input-3, 73] [/input-3, 35] [/input, 173] [/input-3, 74] [/input-3, 74] [/input, 172] [/input, 150] 
best_l after optimization: -285.2764892578125
beta sum per layer: [4.781207084655762, 17.33114242553711]
alpha/beta optimization time: 0.5825262069702148
pruning_in_iteration open status: False
ratio of positive domain = 0 / 36 = 0.0
pruning-in-iteration extra time: 0.0010085105895996094
torch.Size([36, 1])
Time: prepare 0.0026    bound 0.5843    transfer 0.0022    finalize 0.0087    func 0.5978    
Accumulated time: func 1.2001    prepare 0.0197    bound 1.1714    transfer 0.0044    finalize 0.0181    
max lb tensor(-3.49996185) min lb tensor(-11.03135014)
Number of Verified Splits: 0 of 36
Current worst splitting domains lb-rhs (depth):
-11.03135 (2), -11.00446 (2), -10.82067 (2), -10.74067 (2), -10.65269 (2), -10.63125 (2), -10.51869 (2), -10.28330 (2), -10.26752 (2), -10.20864 (2), -10.18492 (2), -10.06849 (2), -9.99968 (2), -9.75833 (2), -9.63270 (2), -9.54224 (2), -9.49147 (2), -8.64967 (2), -8.41277 (2), -8.08264 (2), 
Length of domains: 36
Current (lb-rhs): -11.031350135803223
54 domains visited
Time: pickout 0.0127    decision 0.0581    set_bounds 0.0022    solve 0.5983    add 0.0017    
Accumulated time: pickout 0.0156    decision 0.1110    set_bounds 0.0045    solve 1.2017    add 0.0085    
Cumulative time: 1.3875634670257568

BaB round 3
batch: 36
splitting decisions: 
split level 0: [/input-3, 74] [/input-3, 25] [/input-3, 65] [/input-3, 12] [/input, 172] [/input-3, 73] [/input-3, 118] [/input, 160] [/input-3, 65] [/input-3, 74] 
best_l after optimization: -518.6661376953125
beta sum per layer: [19.053203582763672, 61.0992546081543]
alpha/beta optimization time: 0.6796450614929199
pruning_in_iteration open status: False
ratio of positive domain = 0 / 72 = 0.0
pruning-in-iteration extra time: 0.0009944438934326172
torch.Size([72, 1])
Time: prepare 0.0048    bound 0.6814    transfer 0.0025    finalize 0.0113    func 0.7001    
Accumulated time: func 1.9002    prepare 0.0322    bound 1.8527    transfer 0.0069    finalize 0.0294    
max lb tensor(-2.67338181) min lb tensor(-10.79324722)
Number of Verified Splits: 0 of 72
Current worst splitting domains lb-rhs (depth):
-10.79325 (3), -10.76192 (3), -10.56571 (3), -10.49739 (3), -10.45882 (3), -10.38996 (3), -10.37214 (3), -10.30115 (3), -10.29484 (3), -10.25885 (3), -10.00470 (3), -10.00115 (3), -9.90970 (3), -9.87069 (3), -9.86994 (3), -9.86766 (3), -9.69851 (3), -9.68825 (3), -9.42907 (3), -9.33479 (3), 
Length of domains: 72
Current (lb-rhs): -10.79324722290039
126 domains visited
Time: pickout 0.0110    decision 0.0850    set_bounds 0.0036    solve 0.7009    add 0.0030    
Accumulated time: pickout 0.0266    decision 0.1960    set_bounds 0.0081    solve 1.9026    add 0.0116    
Cumulative time: 2.1911818981170654

BaB round 4
batch: 64
splitting decisions: 
split level 0: [/input-3, 27] [/input-3, 81] [/input-3, 36] [/input, 172] [/input-3, 118] [/input-3, 0] [/input-3, 105] [/input-3, 12] [/input-3, 31] [/input-3, 12] 
best_l after optimization: -807.740966796875
beta sum per layer: [43.88945770263672, 166.14328002929688]
alpha/beta optimization time: 0.6423013210296631
pruning_in_iteration open status: False
ratio of positive domain = 0 / 128 = 0.0
pruning-in-iteration extra time: 0.00027370452880859375
torch.Size([128, 1])
Time: prepare 0.0062    bound 0.6433    transfer 0.0003    finalize 0.0036    func 0.6536    
Accumulated time: func 2.5538    prepare 0.0480    bound 2.4961    transfer 0.0072    finalize 0.0330    
max lb tensor(-2.11576366) min lb tensor(-10.60886860)
Number of Verified Splits: 0 of 128
Current worst splitting domains lb-rhs (depth):
-10.60887 (4), -10.57580 (4), -10.56571 (3), -10.32337 (4), -10.24496 (4), -10.17581 (4), -10.15404 (4), -10.13119 (4), -10.08569 (4), -10.01737 (4), -9.90970 (3), -9.79180 (4), -9.76974 (4), -9.73328 (4), -9.68369 (4), -9.64594 (4), -9.61840 (4), -9.45826 (4), -9.42907 (3), -9.41247 (4), 
Length of domains: 136
Current (lb-rhs): -10.608868598937988
254 domains visited
Time: pickout 0.0141    decision 0.1269    set_bounds 0.0054    solve 0.6544    add 0.0013    
Accumulated time: pickout 0.0406    decision 0.3228    set_bounds 0.0135    solve 2.5570    add 0.0129    
Cumulative time: 2.9934308528900146

BaB round 5
batch: 64
splitting decisions: 
split level 0: [/input-3, 50] [/input-3, 0] [/input-3, 8] [/input-3, 40] [/input-3, 80] [/input-3, 27] [/input-3, 46] [/input-3, 50] [/input-3, 16] [/input-3, 50] 
best_l after optimization: -668.7813720703125
beta sum per layer: [42.640167236328125, 273.2021484375]
alpha/beta optimization time: 0.607926607131958
pruning_in_iteration open status: False
ratio of positive domain = 0 / 128 = 0.0
pruning-in-iteration extra time: 0.0008559226989746094
torch.Size([128, 1])
Time: prepare 0.0044    bound 0.6095    transfer 0.0017    finalize 0.0051    func 0.6206    
Accumulated time: func 3.1744    prepare 0.0571    bound 3.1055    transfer 0.0088    finalize 0.0381    
max lb tensor(-1.19543266) min lb tensor(-10.01188755)
Number of Verified Splits: 0 of 128
Current worst splitting domains lb-rhs (depth):
-10.60887 (4), -10.57580 (4), -10.56571 (3), -10.32337 (4), -10.13119 (4), -10.01189 (5), -9.99585 (5), -9.93668 (5), -9.93236 (5), -9.91442 (5), -9.90970 (3), -9.88606 (5), -9.83545 (5), -9.79180 (4), -9.68369 (4), -9.64594 (4), -9.62831 (5), -9.47306 (5), -9.45826 (4), -9.42907 (3), 
Length of domains: 200
Current (lb-rhs): -10.608868598937988
382 domains visited
Time: pickout 0.0127    decision 0.0842    set_bounds 0.0037    solve 0.6212    add 0.0017    
Accumulated time: pickout 0.0533    decision 0.4070    set_bounds 0.0172    solve 3.1783    add 0.0146    
Cumulative time: 3.717128038406372

BaB round 6
batch: 64
splitting decisions: 
split level 0: [/input-3, 12] [/input-3, 111] [/input-3, 35] [/input-3, 36] [/input, 160] [/input-3, 95] [/input, 21] [/input-3, 65] [/input-3, 27] [/input-3, 122] 
best_l after optimization: -519.5610961914062
beta sum per layer: [32.83085632324219, 376.7742614746094]
alpha/beta optimization time: 0.5021941661834717
pruning_in_iteration open status: False
ratio of positive domain = 4 / 128 = 0.03125
pruning-in-iteration extra time: 0.00017571449279785156
torch.Size([128, 1])
Time: prepare 0.0046    bound 0.5031    transfer 0.0003    finalize 0.0071    func 0.5151    
Accumulated time: func 3.6895    prepare 0.0680    bound 3.6086    transfer 0.0091    finalize 0.0452    
max lb tensor(0.38996506) min lb tensor(-9.76497459)
Number of Verified Splits: 4 of 128
Current worst splitting domains lb-rhs (depth):
-10.60887 (4), -10.57580 (4), -10.56571 (3), -10.32337 (4), -10.13119 (4), -10.01189 (5), -9.99585 (5), -9.93668 (5), -9.93236 (5), -9.90970 (3), -9.88606 (5), -9.79180 (4), -9.76497 (6), -9.68369 (4), -9.68013 (6), -9.64594 (4), -9.62831 (5), -9.47306 (5), -9.45826 (4), -9.42907 (3), 
Length of domains: 260
Current (lb-rhs): -10.608868598937988
510 domains visited
Time: pickout 0.0100    decision 0.1061    set_bounds 0.0036    solve 0.5177    add 0.0012    
Accumulated time: pickout 0.0634    decision 0.5131    set_bounds 0.0208    solve 3.6960    add 0.0158    
Cumulative time: 4.35602879524231

BaB round 7
batch: 64
splitting decisions: 
split level 0: [/input-3, 118] [/input-3, 105] [/input-3, 31] [/input-3, 74] [/input-3, 95] [/input-3, 65] [/input-3, 66] [/input-3, 62] [/input-3, 88] [/input-3, 105] 
best_l after optimization: -410.367919921875
beta sum per layer: [28.03732681274414, 466.9551696777344]
alpha/beta optimization time: 0.33127522468566895
pruning_in_iteration open status: False
ratio of positive domain = 11 / 128 = 0.0859375
pruning-in-iteration extra time: 0.00013756752014160156
torch.Size([128, 1])
Time: prepare 0.0028    bound 0.3320    transfer 0.0002    finalize 0.0025    func 0.3377    
Accumulated time: func 4.0272    prepare 0.0720    bound 3.9406    transfer 0.0094    finalize 0.0477    
max lb tensor(0.43728065) min lb tensor(-7.44063091)
Number of Verified Splits: 11 of 128
Current worst splitting domains lb-rhs (depth):
-10.60887 (4), -10.57580 (4), -10.56571 (3), -10.32337 (4), -10.13119 (4), -10.01189 (5), -9.99585 (5), -9.93668 (5), -9.93236 (5), -9.90970 (3), -9.88606 (5), -9.79180 (4), -9.76497 (6), -9.68369 (4), -9.68013 (6), -9.64594 (4), -9.62831 (5), -9.47306 (5), -9.45826 (4), -9.42907 (3), 
Length of domains: 313
Current (lb-rhs): -10.608868598937988
638 domains visited
Time: pickout 0.0076    decision 0.0197    set_bounds 0.0030    solve 0.3382    add 0.0012    
Accumulated time: pickout 0.0710    decision 0.5328    set_bounds 0.0238    solve 4.0342    add 0.0170    
Cumulative time: 4.725846767425537

BaB round 8
batch: 64
splitting decisions: 
split level 0: [/input-3, 31] [/input-3, 74] [/input-3, 31] [/input-3, 66] [/input-3, 74] [/input-3, 43] [/input, 173] [/input-3, 46] [/input-3, 31] [/input, 21] 
best_l after optimization: -338.861083984375
beta sum per layer: [24.360740661621094, 547.62109375]
alpha/beta optimization time: 0.3258645534515381
pruning_in_iteration open status: False
ratio of positive domain = 16 / 128 = 0.125
pruning-in-iteration extra time: 0.0003597736358642578
torch.Size([128, 1])
Time: prepare 0.0034    bound 0.3270    transfer 0.0003    finalize 0.0022    func 0.3329    
Accumulated time: func 4.3601    prepare 0.0764    bound 4.2676    transfer 0.0096    finalize 0.0500    
max lb tensor(0.26785278) min lb tensor(-7.07438707)
Number of Verified Splits: 16 of 128
Current worst splitting domains lb-rhs (depth):
-10.60887 (4), -10.57580 (4), -10.56571 (3), -10.32337 (4), -10.13119 (4), -10.01189 (5), -9.99585 (5), -9.93668 (5), -9.93236 (5), -9.90970 (3), -9.88606 (5), -9.79180 (4), -9.76497 (6), -9.68369 (4), -9.68013 (6), -9.64594 (4), -9.62831 (5), -9.47306 (5), -9.45826 (4), -9.42907 (3), 
Length of domains: 361
Current (lb-rhs): -10.608868598937988
766 domains visited
Time: pickout 0.0073    decision 0.0180    set_bounds 0.0038    solve 0.3334    add 0.0012    
Accumulated time: pickout 0.0782    decision 0.5508    set_bounds 0.0275    solve 4.3676    add 0.0182    
Cumulative time: 5.089641571044922

BaB round 9
batch: 64
splitting decisions: 
split level 0: [/input-3, 102] [/input-3, 73] [/input-3, 122] [/input-3, 46] [/input-3, 46] [/input-3, 60] [/input-3, 102] [/input-3, 73] [/input-3, 122] [/input-3, 95] 
best_l after optimization: -274.7406005859375
beta sum per layer: [24.917766571044922, 628.0677490234375]
alpha/beta optimization time: 0.33782267570495605
pruning_in_iteration open status: False
ratio of positive domain = 24 / 128 = 0.1875
pruning-in-iteration extra time: 0.00017309188842773438
torch.Size([128, 1])
Time: prepare 0.0035    bound 0.3388    transfer 0.0003    finalize 0.0021    func 0.3448    
Accumulated time: func 4.7049    prepare 0.0811    bound 4.6064    transfer 0.0099    finalize 0.0521    
max lb tensor(0.39300394) min lb tensor(-5.85301399)
Number of Verified Splits: 24 of 128
Current worst splitting domains lb-rhs (depth):
-10.60887 (4), -10.57580 (4), -10.56571 (3), -10.32337 (4), -10.13119 (4), -10.01189 (5), -9.99585 (5), -9.93668 (5), -9.93236 (5), -9.90970 (3), -9.88606 (5), -9.79180 (4), -9.76497 (6), -9.68369 (4), -9.68013 (6), -9.64594 (4), -9.62831 (5), -9.47306 (5), -9.45826 (4), -9.42907 (3), 
Length of domains: 401
Current (lb-rhs): -10.608868598937988
894 domains visited
Time: pickout 0.0069    decision 0.0199    set_bounds 0.0027    solve 0.3453    add 0.0012    
Accumulated time: pickout 0.0852    decision 0.5707    set_bounds 0.0303    solve 4.7129    add 0.0194    
Cumulative time: 5.4659788608551025

BaB round 10
batch: 64
splitting decisions: 
split level 0: [/input-3, 25] [/input-3, 25] [/input-3, 46] [/input-3, 72] [/input-3, 95] [/input, 132] [/input-3, 25] [/input-3, 28] [/input-3, 95] [/input-3, 64] 
best_l after optimization: -247.18833923339844
beta sum per layer: [21.856414794921875, 675.17529296875]
alpha/beta optimization time: 0.3652770519256592
pruning_in_iteration open status: True
ratio of positive domain = 29 / 128 = 0.2265625
pruning-in-iteration extra time: 0.005919218063354492
torch.Size([128, 1])
Time: prepare 0.0029    bound 0.3662    transfer 0.0005    finalize 0.0079    func 0.3775    
Accumulated time: func 5.0824    prepare 0.0857    bound 4.9726    transfer 0.0104    finalize 0.0599    
max lb tensor(9.99999975e-05) min lb tensor(-5.21372128)
Number of Verified Splits: 29 of 128
Current worst splitting domains lb-rhs (depth):
-10.60887 (4), -10.57580 (4), -10.56571 (3), -10.32337 (4), -10.13119 (4), -10.01189 (5), -9.99585 (5), -9.93668 (5), -9.93236 (5), -9.90970 (3), -9.88606 (5), -9.79180 (4), -9.76497 (6), -9.68369 (4), -9.68013 (6), -9.64594 (4), -9.62831 (5), -9.47306 (5), -9.45826 (4), -9.42907 (3), 
Length of domains: 436
Current (lb-rhs): -10.608868598937988
1022 domains visited
Time: pickout 0.0083    decision 0.0235    set_bounds 0.0037    solve 0.3781    add 0.0013    
Accumulated time: pickout 0.0935    decision 0.5942    set_bounds 0.0340    solve 5.0910    add 0.0207    
Cumulative time: 5.881234884262085

BaB round 11
batch: 64
splitting decisions: 
split level 0: [/input-3, 25] [/input, 132] [/input-3, 81] [/input-3, 25] [/input-3, 62] [/input-3, 81] [/input-3, 25] [/input-3, 81] [/input-3, 28] [/input-3, 25] 
best_l after optimization: -220.84754943847656
beta sum per layer: [26.13275146484375, 699.7782592773438]
alpha/beta optimization time: 0.4570579528808594
pruning_in_iteration open status: False
ratio of positive domain = 21 / 128 = 0.1640625
pruning-in-iteration extra time: 0.0009191036224365234
torch.Size([128, 1])
Time: prepare 0.0027    bound 0.4587    transfer 0.0021    finalize 0.0109    func 0.4745    
Accumulated time: func 5.5570    prepare 0.0894    bound 5.4313    transfer 0.0126    finalize 0.0709    
max lb tensor(0.41505480) min lb tensor(-4.64488220)
Number of Verified Splits: 21 of 128
Current worst splitting domains lb-rhs (depth):
-10.60887 (4), -10.57580 (4), -10.56571 (3), -10.32337 (4), -10.13119 (4), -10.01189 (5), -9.99585 (5), -9.93668 (5), -9.93236 (5), -9.90970 (3), -9.88606 (5), -9.79180 (4), -9.76497 (6), -9.68369 (4), -9.68013 (6), -9.64594 (4), -9.62831 (5), -9.47306 (5), -9.45826 (4), -9.42907 (3), 
Length of domains: 479
Current (lb-rhs): -10.608868598937988
1150 domains visited
Time: pickout 0.0079    decision 0.0186    set_bounds 0.0033    solve 0.4754    add 0.0029    
Accumulated time: pickout 0.1014    decision 0.6128    set_bounds 0.0372    solve 5.5664    add 0.0237    
Cumulative time: 6.389554500579834

BaB round 12
batch: 64
splitting decisions: 
split level 0: [/input-3, 66] [/input-3, 95] [/input-3, 28] [/input-3, 95] [/input-3, 50] [/input-3, 125] [/input-3, 28] [/input-3, 95] [/input-3, 28] [/input-3, 72] 
best_l after optimization: -168.43960571289062
beta sum per layer: [24.893314361572266, 713.7779541015625]
alpha/beta optimization time: 0.7459971904754639
pruning_in_iteration open status: True
ratio of positive domain = 35 / 128 = 0.2734375
pruning-in-iteration extra time: 0.040352582931518555
torch.Size([128, 1])
Time: prepare 0.0052    bound 0.7486    transfer 0.0034    finalize 0.0108    func 0.7681    
Accumulated time: func 6.3250    prepare 0.1017    bound 6.1799    transfer 0.0159    finalize 0.0817    
max lb tensor(9.99999975e-05) min lb tensor(-4.50363541)
Number of Verified Splits: 35 of 128
Current worst splitting domains lb-rhs (depth):
-10.60887 (4), -10.57580 (4), -10.56571 (3), -10.32337 (4), -10.13119 (4), -10.01189 (5), -9.99585 (5), -9.93668 (5), -9.93236 (5), -9.90970 (3), -9.88606 (5), -9.79180 (4), -9.76497 (6), -9.68369 (4), -9.68013 (6), -9.64594 (4), -9.62831 (5), -9.47306 (5), -9.45826 (4), -9.42907 (3), 
Length of domains: 508
Current (lb-rhs): -10.608868598937988
1278 domains visited
Time: pickout 0.0121    decision 0.1229    set_bounds 0.0049    solve 0.7689    add 0.0022    
Accumulated time: pickout 0.1135    decision 0.7357    set_bounds 0.0422    solve 6.3354    add 0.0259    
Cumulative time: 7.300956726074219

BaB round 13
batch: 64
splitting decisions: 
split level 0: [/input-3, 66] [/input-3, 14] [/input-3, 66] [/input-3, 16] [/input-3, 118] [/input-3, 66] [/input-3, 16] [/input-3, 125] [/input-3, 66] [/input-3, 66] 
best_l after optimization: -140.1607208251953
beta sum per layer: [24.866931915283203, 756.00732421875]
alpha/beta optimization time: 0.6926805973052979
pruning_in_iteration open status: True
ratio of positive domain = 45 / 128 = 0.3515625
pruning-in-iteration extra time: 0.028384685516357422
torch.Size([128, 1])
Time: prepare 0.0059    bound 0.6935    transfer 0.0003    finalize 0.0016    func 0.7013    
Accumulated time: func 7.0264    prepare 0.1152    bound 6.8734    transfer 0.0162    finalize 0.0833    
max lb tensor(9.99999975e-05) min lb tensor(-4.26705074)
Number of Verified Splits: 45 of 128
Current worst splitting domains lb-rhs (depth):
-10.60887 (4), -10.57580 (4), -10.56571 (3), -10.32337 (4), -10.13119 (4), -10.01189 (5), -9.99585 (5), -9.93668 (5), -9.93236 (5), -9.90970 (3), -9.88606 (5), -9.79180 (4), -9.76497 (6), -9.68369 (4), -9.68013 (6), -9.64594 (4), -9.62831 (5), -9.47306 (5), -9.45826 (4), -9.42907 (3), 
Length of domains: 527
Current (lb-rhs): -10.608868598937988
1406 domains visited
Time: pickout 0.0114    decision 0.1159    set_bounds 0.0059    solve 0.7019    add 0.0010    
Accumulated time: pickout 0.1249    decision 0.8516    set_bounds 0.0481    solve 7.0373    add 0.0269    
Cumulative time: 8.137450695037842

BaB round 14
batch: 64
splitting decisions: 
split level 0: [/input-3, 125] [/input-3, 12] [/input-3, 10] [/input-3, 12] [/input-3, 81] [/input-3, 10] [/input-3, 60] [/input-3, 12] [/input-3, 81] [/input-3, 10] 
best_l after optimization: -118.4736328125
beta sum per layer: [23.34592628479004, 786.807861328125]
alpha/beta optimization time: 0.3412961959838867
pruning_in_iteration open status: True
ratio of positive domain = 34 / 128 = 0.265625
pruning-in-iteration extra time: 0.01401066780090332
torch.Size([128, 1])
Time: prepare 0.0031    bound 0.3421    transfer 0.0002    finalize 0.0017    func 0.3472    
Accumulated time: func 7.3736    prepare 0.1203    bound 7.2156    transfer 0.0165    finalize 0.0851    
max lb tensor(9.99999975e-05) min lb tensor(-3.51917100)
Number of Verified Splits: 34 of 128
Current worst splitting domains lb-rhs (depth):
-10.60887 (4), -10.57580 (4), -10.56571 (3), -10.32337 (4), -10.13119 (4), -10.01189 (5), -9.99585 (5), -9.93668 (5), -9.93236 (5), -9.90970 (3), -9.88606 (5), -9.79180 (4), -9.76497 (6), -9.68369 (4), -9.68013 (6), -9.64594 (4), -9.62831 (5), -9.47306 (5), -9.45826 (4), -9.42907 (3), 
Length of domains: 557
Current (lb-rhs): -10.608868598937988
1534 domains visited
Time: pickout 0.0068    decision 0.0214    set_bounds 0.0028    solve 0.3477    add 0.0011    
Accumulated time: pickout 0.1318    decision 0.8730    set_bounds 0.0509    solve 7.3850    add 0.0280    
Cumulative time: 8.517439603805542

BaB round 15
batch: 64
splitting decisions: 
split level 0: [/input-3, 55] [/input-3, 55] [/input-3, 60] [/input-3, 55] [/input-3, 2] [/input-3, 55] [/input-3, 60] [/input-3, 27] [/input-3, 55] [/input-3, 27] 
best_l after optimization: -82.22659301757812
beta sum per layer: [18.468364715576172, 798.9202880859375]
alpha/beta optimization time: 0.45130085945129395
pruning_in_iteration open status: True
ratio of positive domain = 57 / 128 = 0.4453125
pruning-in-iteration extra time: 0.031754255294799805
torch.Size([128, 1])
Time: prepare 0.0026    bound 0.4521    transfer 0.0005    finalize 0.0108    func 0.4661    
Accumulated time: func 7.8397    prepare 0.1238    bound 7.6677    transfer 0.0169    finalize 0.0959    
max lb tensor(9.99999975e-05) min lb tensor(-3.17807341)
Number of Verified Splits: 57 of 128
Current worst splitting domains lb-rhs (depth):
-10.60887 (4), -10.57580 (4), -10.56571 (3), -10.32337 (4), -10.13119 (4), -10.01189 (5), -9.99585 (5), -9.93668 (5), -9.93236 (5), -9.90970 (3), -9.88606 (5), -9.79180 (4), -9.76497 (6), -9.68369 (4), -9.68013 (6), -9.64594 (4), -9.62831 (5), -9.47306 (5), -9.45826 (4), -9.42907 (3), 
Length of domains: 564
Current (lb-rhs): -10.608868598937988
1662 domains visited
Time: pickout 0.0066    decision 0.0188    set_bounds 0.0027    solve 0.4666    add 0.0012    
Accumulated time: pickout 0.1384    decision 0.8917    set_bounds 0.0536    solve 7.8516    add 0.0292    
Cumulative time: 9.013558626174927

BaB round 16
batch: 64
splitting decisions: 
split level 0: [/input-3, 27] [/input-3, 10] [/input-3, 103] [/input-3, 127] [/input-3, 55] [/input-3, 10] [/input-3, 55] [/input-3, 63] [/input-3, 55] [/input-3, 55] 
best_l after optimization: -97.9476089477539
beta sum per layer: [28.013198852539062, 769.7762451171875]
alpha/beta optimization time: 0.44960594177246094
pruning_in_iteration open status: True
ratio of positive domain = 39 / 128 = 0.3046875
pruning-in-iteration extra time: 0.03177022933959961
torch.Size([128, 1])
Time: prepare 0.0032    bound 0.4506    transfer 0.0005    finalize 0.0039    func 0.4583    
Accumulated time: func 8.2979    prepare 0.1288    bound 8.1182    transfer 0.0174    finalize 0.0998    
max lb tensor(9.99999975e-05) min lb tensor(-3.04371834)
Number of Verified Splits: 39 of 128
Current worst splitting domains lb-rhs (depth):
-10.60887 (4), -10.57580 (4), -10.56571 (3), -10.32337 (4), -10.13119 (4), -10.01189 (5), -9.99585 (5), -9.93668 (5), -9.93236 (5), -9.90970 (3), -9.88606 (5), -9.79180 (4), -9.76497 (6), -9.68369 (4), -9.68013 (6), -9.64594 (4), -9.62831 (5), -9.47306 (5), -9.45826 (4), -9.42907 (3), 
Length of domains: 589
Current (lb-rhs): -10.608868598937988
1790 domains visited
Time: pickout 0.0082    decision 0.0247    set_bounds 0.0035    solve 0.4588    add 0.0029    
Accumulated time: pickout 0.1466    decision 0.9164    set_bounds 0.0571    solve 8.3104    add 0.0320    
Cumulative time: 9.511882781982422

BaB round 17
batch: 64
splitting decisions: 
split level 0: [/input-3, 16] [/input-3, 14] [/input-3, 55] [/input-3, 10] [/input-3, 72] [/input-3, 28] [/input-3, 72] [/input-3, 60] [/input-3, 14] [/input-3, 14] 
best_l after optimization: -85.28302764892578
beta sum per layer: [31.004871368408203, 731.5546875]
alpha/beta optimization time: 0.4475123882293701
pruning_in_iteration open status: True
ratio of positive domain = 26 / 128 = 0.203125
pruning-in-iteration extra time: 0.018466472625732422
torch.Size([128, 1])
Time: prepare 0.0032    bound 0.4491    transfer 0.0034    finalize 0.0106    func 0.4665    
Accumulated time: func 8.7644    prepare 0.1332    bound 8.5673    transfer 0.0209    finalize 0.1104    
max lb tensor(9.99999975e-05) min lb tensor(-2.40411282)
Number of Verified Splits: 26 of 128
Current worst splitting domains lb-rhs (depth):
-10.60887 (4), -10.57580 (4), -10.56571 (3), -10.32337 (4), -10.13119 (4), -10.01189 (5), -9.99585 (5), -9.93668 (5), -9.93236 (5), -9.90970 (3), -9.88606 (5), -9.79180 (4), -9.76497 (6), -9.68369 (4), -9.68013 (6), -9.64594 (4), -9.62831 (5), -9.47306 (5), -9.45826 (4), -9.42907 (3), 
Length of domains: 627
Current (lb-rhs): -10.608868598937988
1918 domains visited
Time: pickout 0.0096    decision 0.0269    set_bounds 0.0037    solve 0.4670    add 0.0022    
Accumulated time: pickout 0.1562    decision 0.9433    set_bounds 0.0608    solve 8.7774    add 0.0342    
Time out!!!!!!!!
Result: unknown in 12.3840 seconds
############# Summary #############
Final verified acc: 20.0% (total 10 examples)
Problem instances count: 10 , total verified (safe/unsat): 2 , total falsified (unsafe/sat): 0 , timeout: 8
mean time for ALL instances (total 10):9.942348360721708, max time: 12.716062068939209
mean time for verified SAFE instances(total 2): 0.11269116401672363, max time: 0.12621331214904785
mean time for verified SAFE + TIMEOUT instances (total 10): 9.942358303070069, max time: 12.716062068939209 
unknown (total 8), index: [0, 1, 3, 4, 6, 7, 8, 9]
safe-incomplete (total 2), index: [2, 5]
