INFO     17:48:30     [tensor_storage.py:70] Hugepage enabled for branch-and-bound domains.
Configurations:

general:
  device: cuda
  seed: 100
  conv_mode: patches
  deterministic: false
  double_fp: false
  loss_reduction_func: sum
  sparse_alpha: true
  sparse_interm: true
  save_adv_example: false
  verify_onnxruntime_output: false
  eval_adv_example: false
  onnx_adv_example: false
  show_adv_example: false
  precompile_jit: false
  reset_seed_after_precompile: false
  prepare_only: false
  complete_verifier: bab
  enable_incomplete_verification: true
  csv_name: null
  results_file: out.txt
  root_path: ''
  deterministic_opt: false
  graph_optimizer: 'Customized("custom_graph_optimizer", "default_optimizer")'
  buffer_has_batchdim: false
  save_output: false
  output_file: out.pkl
  return_optimized_model: false
  store_all_specs_on_cpu: false
  adhoc_tuning: null
model:
  name: null
  path: null
  onnx_path: ../saved_models/mnist_fcnn.onnx
  onnx_path_prefix: ''
  cache_onnx_conversion: false
  debug_onnx: false
  onnx_quirks: null
  input_shape: null
  onnx_loader: default_onnx_and_vnnlib_loader
  onnx_optimization_flags: []
  onnx_vnnlib_joint_optimization_flags: none
  check_optimized: false
  flatten_final_output: false
  optimize_graph: null
  with_jacobian: false
  bound_opts: null
data:
  start: 40
  end: 50
  select_instance: null
  num_outputs: 10
  mean: 0.0
  std: 1.0
  pkl_path: null
  dataset: MNIST
  data_filter_path: null
  data_idx_file: null
specification:
  type: lp
  robustness_type: verified-acc
  norm: .inf
  epsilon: 0.03
  epsilon_min: 0.0
  vnnlib_path: null
  vnnlib_path_prefix: ''
  shrink_eps: null
  rhs_offset: null
solver:
  batch_size: 64
  auto_enlarge_batch_size: true
  batched_crown_auto_enlarge_max_vram_ratio: 0.9
  min_batch_size_ratio: 0.1
  use_float64_in_last_iteration: false
  early_stop_patience: 10
  start_save_best: 0.5
  bound_prop_method: alpha-crown
  init_bound_prop_method: same
  prune_after_crown: true
  optimize_disjuncts_separately: false
  build_batch_size: 1000000
  skip_with_refined_bound: true
  forward_before_compute_bounds: false
  crown:
    batch_size: 1000000000
    max_crown_size: 1000000000
    activation_bound_option: adaptive
    compare_crown_with_ibp: false
  alpha-crown:
    alpha: true
    lr_alpha: 0.1
    iteration: 100
    share_alphas: false
    lr_decay: 0.98
    full_conv_alpha: true
    max_coeff_mul: .inf
    matmul_share_alphas: false
    disable_optimization: []
    max_time: 1.0
    alpha_dtype: float16
    input_split_alpha_iteration: 5
    input_split_lr_alpha: 0.05
  invprop:
    apply_output_constraints_to: []
    tighten_input_bounds: false
    best_of_oc_and_no_oc: false
    directly_optimize: []
    oc_lr: 0.1
    share_gammas: false
  beta-crown:
    lr_alpha: 0.01
    lr_beta: 0.05
    lr_decay: 0.98
    optimizer: adam
    iteration: 50
    beta: true
    beta_warmup: true
    enable_opt_interm_bounds: false
    all_node_split_LP: false
  forward:
    refine: false
    max_dim: 10000
    reset_threshold: 1.0
  mip:
    unstable_neuron_threshold: 0
    parallel_solvers: 2
    solver_threads: 1
    refine_neuron_timeout: 5.0
    refine_neuron_time_percentage: 0.8
    early_stop: true
    adv_warmup: true
    mip_solver: gurobi
    skip_unsafe: false
    topk_filter: 1.0
    sliding_window: -1
    extra_constraint: false
    refine_neuron_timeout_increasement: 0
    timeout_neuron_percentage: 0.3
    remaining_timeout_threshold: 1
    remove_unstable_neurons: false
    formulation: mip
    output_cut: false
bab:
  max_domains: .inf
  decision_thresh: 0
  timeout: 12.0
  timeout_scale: 1
  max_iterations: -1
  override_timeout: null
  get_upper_bound: false
  pruning_in_iteration: true
  pruning_in_iteration_ratio: 0.2
  sort_targets: false
  batched_domain_list: true
  optimized_interm: ''
  interm_transfer: true
  recompute_interm: false
  sort_domain_interval: -1
  vanilla_crown: false
  tree_traversal: depth_first
  hugetensor_allocator: true
  cut:
    enabled: false
    cuts_path: null
    bab_cut: false
    lp_cut: false
    lr: 0.01
    lr_decay: 1.0
    iteration: 100
    bab_iteration: -1
    early_stop_patience: -1
    lr_beta: 0.02
    number_cuts: 50
    topk_cuts_in_filter: 1000
    batch_size_primal: 100
    max_num: 1000000000
    patches_cut: false
    cplex_cuts: false
    cplex_cuts_wait: 0
    cplex_cuts_revpickup: true
    cut_reference_bounds: true
    fix_intermediate_bounds: false
    manual_cuts: null
    biccos:
      enabled: false
      auto_param: true
      constraint_strengthening: true
      drop_ratio: 0.5
      max_infer_iter: 20
      max_domain: 10000.0
      heuristic: neuron_influence_score
      save_cuts: false
      multi_tree_branching:
        enabled: false
        restore_best_tree: true
        keep_n_best_domains: 50
        target_batch_size: 200
        iterations: 3
  clip_n_verify:
    rearrange_constraints: false
    alpha_crown: false
    prune: false
    final_layer: false
    clip_input_domain:
      enabled: false
      clip_type: relaxed
      clip_neuron_selection_type: ratio
      clip_neuron_selection_value: -1.0
      clip_iterations: 1
      clip_calculate_volume_metrics: false
    clip_interm_domain:
      enabled: false
      with_input: false
      clip_in_alpha_crown: false
      topk_objective: 20
  branching:
    method: kfsb
    candidates: 5
    reduceop: min
    enable_intermediate_bound_opt: false
    branching_input_and_activation: false
    branching_input_and_activation_order: [input, relu]
    branching_input_iterations: 30
    branching_relu_iterations: 50
    nonlinear_split:
      method: bbps
      disable: false
      branching_point_method: uniform
      num_branches: 2
      filter: false
      filter_beta: false
      filter_clamp: false
      filter_batch_size: 10000
      filter_iterations: 25
      relu_only: false
      loose_tanh_threshold: null
      branching_point:
        db_path: branching_points.pt
        num_iterations: 1000
        batch_size: 1000000
        range_l: -5.0
        range_u: 5.0
        log_interval: 100
        step_size_1d: 0.01
        step_size: 0.2
    input_split:
      split_hint: null
      enable: false
      reorder_bab: false
      input_dim_threshold: 20
      adv_check: 0
      split_partitions: 2
      sb_margin_weight: 1.0
      sb_sum: false
      sb_primary_spec: null
      bf_backup_thresh: -1
      bf_rhs_offset: 0
      bf_iters: 1000000000.0
      bf_batch_size: 100000
      bf_zero_crossing_score: false
      touch_zero_score: 0
      ibp_enhancement: true
      compare_with_old_bounds: true
      update_rhs_with_attack: false
      sb_coeff_thresh: 0.001
      sort_index: null
      sort_descending: true
      show_progress: false
      presplit_domains: null
      skip_getting_worst_domain: false
  attack:
    enabled: false
    beam_candidates: 8
    beam_depth: 7
    max_dive_fix_ratio: 0.8
    min_local_free_ratio: 0.2
    mip_start_iteration: 5
    mip_timeout: 30.0
    adv_pool_threshold: null
    refined_mip_attacker: false
    refined_batch_size: null
attack:
  general_attack: true
  pgd_order: before
  pgd_steps: 100
  pgd_restarts: 30
  pgd_batch_size: 100000000
  pgd_early_stop: true
  pgd_lr_decay: 0.99
  pgd_alpha: auto
  pgd_alpha_scale: false
  pgd_loss_mode: null
  pgd_restart_when_stuck: false
  enable_mip_attack: false
  adv_saver: default_adv_saver
  adv_verifier: default_adv_verifier
  early_stop_condition: default_early_stop_condition
  adv_example_finalizer: default_adv_example_finalizer
  pgd_loss: default_pgd_loss
  cex_path: ./test_cex.txt
  attack_mode: PGD
  attack_tolerance: 0.0
  attack_func: attack_with_general_specs
  gama_lambda: 10.0
  gama_decay: 0.9
  input_split:
    pgd_steps: 100
    pgd_restarts: 30
    pgd_alpha: auto
  input_split_check_adv:
    enabled: auto
    pgd_steps: 5
    pgd_restarts: 5
    pgd_alpha: auto
    max_num_domains: 10
debug:
  view_model: false
  lp_test: null
  rescale_vnnlib_ptb: null
  test_optimized_bounds: false
  test_optimized_bounds_after_n_iterations: 0
  print_verbose_decisions: false
  biccos_mip_sanity_check: false
  sanity_check: 0
  z_split_enabled: false
  save_minimal_config: null
  save_minimal_config_omit_keys: []

/home/han/miniconda3/envs/alpha-beta-crown/lib/python3.10/site-packages/onnx2pytorch/convert/layer.py:29: UserWarning: The given NumPy array is not writable, and PyTorch does not support non-writable tensors. This means writing to this tensor will result in undefined behavior. You may want to copy the array to protect its data or make it writable before converting it to a tensor. This type of warning will be suppressed for the rest of this program. (Triggered internally at ../torch/csrc/utils/tensor_numpy.cpp:206.)
  layer.weight.data = torch.from_numpy(numpy_helper.to_array(weight))
/home/han/miniconda3/envs/alpha-beta-crown/lib/python3.10/site-packages/onnx2pytorch/convert/model.py:151: UserWarning: Using experimental implementation that allows 'batch_size > 1'.Batchnorm layers could potentially produce false outputs.
  warnings.warn(
Experiments at Mon May  4 17:48:30 2026 on LAPTOP-RGROMBPB
Loading onnx ../saved_models/mnist_fcnn.onnx with quirks {}
Finished onnx model loading in 0.0205 seconds
ConvertModel(
  (Flatten_/flatten/Flatten_output_0): Flatten()
  (Gemm_/fc1/Gemm_output_0): Linear(in_features=784, out_features=256, bias=True)
  (Relu_/relu1/Relu_output_0): ReLU()
  (Gemm_/fc2/Gemm_output_0): Linear(in_features=256, out_features=128, bias=True)
  (Relu_/relu2/Relu_output_0): ReLU()
  (Gemm_output): Linear(in_features=128, out_features=10, bias=True)
)
Parameters:
  Gemm_/fc1/Gemm_output_0.weight: shape torch.Size([256, 784])
  Gemm_/fc1/Gemm_output_0.bias: shape torch.Size([256])
  Gemm_/fc2/Gemm_output_0.weight: shape torch.Size([128, 256])
  Gemm_/fc2/Gemm_output_0.bias: shape torch.Size([128])
  Gemm_output.weight: shape torch.Size([10, 128])
  Gemm_output.bias: shape torch.Size([10])
Trying generic MNIST/CIFAR data loader.
/home/han/alpha-beta-CROWN/complete_verifier/specifications.py:342: UserWarning: Creating a tensor from a list of numpy.ndarrays is extremely slow. Please consider converting the list to a single numpy.ndarray with numpy.array() before converting to a tensor. (Triggered internally at ../torch/csrc/utils/tensor_new.cpp:278.)
  x_range_list = torch.Tensor(x_range_list).to(dtype=dtype, device=device).view(input_shape + [2])
Internal results will be saved to out.txt.

 %%%%%%%%%%%%%%%%%%%%%%%%%%%%%%%%%%% idx: 0, vnnlib ID: 40 %%%%%%%%%%%%%%%%%%%%%%%%%%%%%%%%%%%
Finished vnnlib processing in 0.421089 seconds
Attack parameters: initialization=uniform, steps=100, restarts=30, alpha=0.007500000298023224, GAMA=False
PGD attack margin (first 2 examples and 10 specs):
 tensor([[12.12314796,  8.05329037,  7.29456568,  8.58826828,  9.30298424,
         10.94845581,  5.97838402,  7.16901207,  8.31328392]], device='cuda:0')
Total number of violation:  0
Processing batch 1/1...
  0%|          | 0/100 [00:00<?, ?it/s]  1%|          | 1/100 [00:00<00:10,  9.60it/s] 21%|██        | 21/100 [00:00<00:00, 118.97it/s] 42%|████▏     | 42/100 [00:00<00:00, 159.75it/s] 62%|██████▏   | 62/100 [00:00<00:00, 174.79it/s] 84%|████████▍ | 84/100 [00:00<00:00, 190.28it/s]100%|██████████| 100/100 [00:00<00:00, 168.60it/s]
/home/han/alpha-beta-CROWN/auto_LiRPA/auto_LiRPA/beta_crown.py:52: DeprecationWarning: __array__ implementation doesn't accept a copy keyword, so passing copy=False failed. __array__ must implement 'dtype' and 'copy' keyword arguments. To learn more, see the migration guide https://numpy.org/devdocs/numpy_2_0_migration_guide.html#adapting-to-changes-in-the-copy-keyword
  sign_numpy[bi, :split_len] = split_coeffs
PGD attack margin (first 2 examples and 10 specs):
 tensor([[6.59602928, 1.92065394, 0.78994441, 4.14809036, 3.37206769, 5.37426519,
         0.42593670, 1.61222351, 2.69292116]], device='cuda:0')
Total number of violation:  0
Attack finished in 0.7774 seconds.
PGD attack failed
verified_status unknown
verified_success False
Model: BoundedModule(
  (/0): BoundInput(name=/0, inputs=[], perturbed=True)
  (/7): BoundParams(name=/7, inputs=[], perturbed=False)
  (/8): BoundParams(name=/8, inputs=[], perturbed=False)
  (/9): BoundParams(name=/9, inputs=[], perturbed=False)
  (/10): BoundParams(name=/10, inputs=[], perturbed=False)
  (/11): BoundParams(name=/11, inputs=[], perturbed=False)
  (/12): BoundParams(name=/12, inputs=[], perturbed=False)
  (/13): BoundFlatten(name=/13, inputs=[/0], perturbed=True)
  (/input): BoundLinear(name=/input, inputs=[/13, /7, /8], perturbed=True)
  (/15): BoundRelu(name=/15, inputs=[/input], perturbed=True)
  (/input-3): BoundLinear(name=/input-3, inputs=[/15, /9, /10], perturbed=True)
  (/17): BoundRelu(name=/17, inputs=[/input-3], perturbed=True)
  (/18): BoundLinear(name=/18, inputs=[/17, /11, /12], perturbed=True)
)
Original output in the first batch: tensor([[-5.73516703,  5.44667816, -1.10225773, -0.59657866, -2.93746638,
         -2.87500739, -4.76248312,  0.38575405, -0.48503676, -2.57662773]],
       device='cuda:0')
Split layers:
Nonlinear functions:
   BoundRelu(name=/15, inputs=[/input], perturbed=True)
   BoundRelu(name=/17, inputs=[/input-3], perturbed=True)
build batch [1/1]
layer /15 using sparse-features alpha with shape [166]; unstable size 166; total size 256 ([1, 256])
layer /15 start_node /input-3 using sparse-spec alpha [2, 109, 1, 166] with unstable size 108 total_size 128 output_shape torch.Size([128])
layer /15 start_node /18 using full alpha [2, 9, 1, 166] with unstable size None total_size 9 output_shape 9
layer /17 using sparse-features alpha with shape [108]; unstable size 108; total size 128 ([1, 128])
layer /17 start_node /18 using full alpha [2, 9, 1, 108] with unstable size None total_size 9 output_shape 9
Optimizable variables initialized.
initial CROWN bounds (first 10 items): [-1.5318593978881836, -5.1763811111450195, -7.437833786010742, -2.8334217071533203, -5.647279262542725, -2.4447860717773438, -6.198258399963379, -6.337207317352295, -5.467152118682861]
prune_after_crown optimization in use
  original spec size = torch.Size([1, 9])
  pruned spec size = torch.Size([1, 9])
Using alpha-CROWN to initialize bounds.
best_l after optimization: -35.21739196777344
alpha/beta optimization time: 1.6455790996551514
initial alpha-crown bounds (first 10 items): [-0.7625513076782227, -4.650498390197754, -6.732293128967285, -1.7956881523132324, -4.777858734130859, -1.7283782958984375, -5.395995140075684, -5.451406478881836, -3.9227261543273926]
Global lower bound: -6.732293128967285
torch.Size([1, 9])
0 / 9 OR specs are verified.
Verified OR indices (first 10 items): []
Verified OR lbs (first 10 items): []
Unverified OR indices (first 10 items): [0, 1, 2, 3, 4, 5, 6, 7, 8]
Unverified OR lbs (first 10 items): [[-0.7625513076782227], [-4.650498390197754], [-6.732293128967285], [-1.7956881523132324], [-4.777858734130859], [-1.7283782958984375], [-5.395995140075684], [-5.451406478881836], [-3.9227261543273926]]
###### Verifying property Instance 0 ######
Batch size: 9
First 10 spec matrices
C: tensor([[[-1.,  1.,  0.,  0.,  0.,  0.,  0.,  0.,  0.,  0.]],

        [[ 0.,  1., -1.,  0.,  0.,  0.,  0.,  0.,  0.,  0.]],

        [[ 0.,  1.,  0., -1.,  0.,  0.,  0.,  0.,  0.,  0.]],

        [[ 0.,  1.,  0.,  0., -1.,  0.,  0.,  0.,  0.,  0.]],

        [[ 0.,  1.,  0.,  0.,  0., -1.,  0.,  0.,  0.,  0.]],

        [[ 0.,  1.,  0.,  0.,  0.,  0., -1.,  0.,  0.,  0.]],

        [[ 0.,  1.,  0.,  0.,  0.,  0.,  0., -1.,  0.,  0.]],

        [[ 0.,  1.,  0.,  0.,  0.,  0.,  0.,  0., -1.,  0.]],

        [[ 0.,  1.,  0.,  0.,  0.,  0.,  0.,  0.,  0., -1.]]], device='cuda:0')
RHS: tensor([[0.],
        [0.],
        [0.],
        [0.],
        [0.],
        [0.],
        [0.],
        [0.],
        [0.]], device='cuda:0')
OR spec sizes: tensor([1, 1, 1, 1, 1, 1, 1, 1, 1], device='cuda:0', dtype=torch.int32)
Remaining timeout: 8.493316650390625
Model prediction is: tensor([-5.73516703,  5.44667816, -1.10225773, -0.59657866, -2.93746638,
        -2.87500739, -4.76248312,  0.38575405, -0.48503676, -2.57662773],
       device='cuda:0')
Activation BaB batch 1/1 
build_with_refined_bounds batch [1/1]
Optimizable variables initialized.
all alpha initialized
directly get lb and ub from refined bounds
c shape: torch.Size([9, 1, 10])
lA shapes: [torch.Size([9, 1, 256]), torch.Size([9, 1, 128])]
torch.Size([9, 1])
(alpha-)CROWN with fixed intermediate bounds: tensor([[-0.76255131],
        [-4.65049839],
        [-6.73229313],
        [-1.79568815],
        [-4.77785873],
        [-1.72837830],
        [-5.39599514],
        [-5.45140648],
        [-3.92272615]], device='cuda:0') tensor([[inf],
        [inf],
        [inf],
        [inf],
        [inf],
        [inf],
        [inf],
        [inf],
        [inf]], device='cuda:0')
Intermediate layers: /input,/input-3
Keeping alphas for these layers: ['/18']
Node /15 input 0: size torch.Size([256]) unstable 166
Node /17 input 0: size torch.Size([128]) unstable 105
-----------------
# of unstable neurons: 271
-----------------

BaB round 1
batch: 9
splitting decisions: 
split level 0: [/input-3, 102] [/input, 71] [/input, 160] [/input-3, 73] [/input-3, 35] [/input-3, 102] [/input-3, 35] [/input-3, 35] [/input-3, 102] 
best_l after optimization: -62.05131912231445
beta sum per layer: [0.9914786219596863, 4.74113655090332]
alpha/beta optimization time: 0.6060605049133301
pruning_in_iteration open status: False
ratio of positive domain = 0 / 18 = 0.0
pruning-in-iteration extra time: 0.000152587890625
torch.Size([18, 1])
Time: prepare 0.0012    bound 0.6070    transfer 0.0002    finalize 0.0011    func 0.6095    
Accumulated time: func 0.6095    prepare 0.0037    bound 0.6070    transfer 0.0002    finalize 0.0011    
max lb tensor(-0.25954723) min lb tensor(-6.44199276)
Number of Verified Splits: 0 of 18
Current worst splitting domains lb-rhs (depth):
-6.44199 (1), -6.02402 (1), -5.28963 (1), -5.12531 (1), -4.59283 (1), -4.58663 (1), -4.49559 (1), -4.42748 (1), -4.37237 (1), -4.20178 (1), -3.72192 (1), -3.34508 (1), -1.52390 (1), -1.39876 (1), -1.28570 (1), -0.57790 (1), -0.38087 (1), -0.25955 (1), 
Length of domains: 18
Current (lb-rhs): -6.44199275970459
18 domains visited
Time: pickout 0.0018    decision 0.1620    set_bounds 0.0008    solve 0.6102    add 0.0054    
Accumulated time: pickout 0.0018    decision 0.1620    set_bounds 0.0008    solve 0.6102    add 0.0054    
Cumulative time: 0.8005311489105225

BaB round 2
batch: 18
splitting decisions: 
split level 0: [/input-3, 81] [/input-3, 25] [/input-3, 102] [/input-3, 36] [/input, 135] [/input, 243] [/input-3, 118] [/input, 160] [/input-3, 36] [/input-3, 81] 
best_l after optimization: -112.03411102294922
beta sum per layer: [5.601523399353027, 17.05440902709961]
alpha/beta optimization time: 0.4198424816131592
pruning_in_iteration open status: False
ratio of positive domain = 2 / 36 = 0.05555555555555558
pruning-in-iteration extra time: 0.00012087821960449219
torch.Size([36, 1])
Time: prepare 0.0017    bound 0.4208    transfer 0.0002    finalize 0.0012    func 0.4240    
Accumulated time: func 1.0335    prepare 0.0085    bound 1.0278    transfer 0.0005    finalize 0.0023    
max lb tensor(0.02602816) min lb tensor(-6.25241756)
Number of Verified Splits: 2 of 36
Current worst splitting domains lb-rhs (depth):
-6.25242 (2), -5.81163 (2), -5.62011 (2), -5.21244 (2), -5.15112 (2), -4.96223 (2), -4.91305 (2), -4.60911 (2), -4.37048 (2), -4.35613 (2), -4.32529 (2), -4.31700 (2), -4.28332 (2), -4.27792 (2), -4.23260 (2), -4.05915 (2), -3.96751 (2), -3.94034 (2), -3.88993 (2), -3.53102 (2), 
Length of domains: 34
Current (lb-rhs): -6.25241756439209
54 domains visited
Time: pickout 0.0048    decision 0.0333    set_bounds 0.0015    solve 0.4245    add 0.0009    
Accumulated time: pickout 0.0066    decision 0.1952    set_bounds 0.0023    solve 1.0347    add 0.0064    
Cumulative time: 1.2658727169036865

BaB round 3
batch: 34
splitting decisions: 
split level 0: [/input, 71] [/input-3, 73] [/input-3, 0] [/input-3, 118] [/input-3, 36] [/input-3, 73] [/input-3, 12] [/input-3, 74] [/input-3, 27] [/input, 71] 
best_l after optimization: -191.65228271484375
beta sum per layer: [19.482704162597656, 59.29315185546875]
alpha/beta optimization time: 0.39699339866638184
pruning_in_iteration open status: False
ratio of positive domain = 6 / 68 = 0.08823529411764708
pruning-in-iteration extra time: 0.00011181831359863281
torch.Size([68, 1])
Time: prepare 0.0024    bound 0.3981    transfer 0.0002    finalize 0.0030    func 0.4039    
Accumulated time: func 1.4374    prepare 0.0138    bound 1.4259    transfer 0.0007    finalize 0.0053    
max lb tensor(0.11733103) min lb tensor(-6.10286617)
Number of Verified Splits: 6 of 68
Current worst splitting domains lb-rhs (depth):
-6.10287 (3), -5.65696 (3), -5.42947 (3), -5.20039 (3), -5.01979 (3), -4.97055 (3), -4.94135 (3), -4.82891 (3), -4.78295 (3), -4.69956 (3), -4.65242 (3), -4.46770 (3), -4.36700 (3), -4.29768 (3), -4.21754 (3), -4.19078 (3), -4.18833 (3), -4.15967 (3), -4.14451 (3), -4.13427 (3), 
Length of domains: 62
Current (lb-rhs): -6.102866172790527
122 domains visited
Time: pickout 0.0067    decision 0.0335    set_bounds 0.0023    solve 0.4045    add 0.0012    
Accumulated time: pickout 0.0133    decision 0.2288    set_bounds 0.0046    solve 1.4392    add 0.0075    
Cumulative time: 1.7142908573150635

BaB round 4
batch: 62
splitting decisions: 
split level 0: [/input-3, 0] [/input, 145] [/input, 71] [/input-3, 80] [/input, 172] [/input, 207] [/input, 71] [/input-3, 27] [/input, 243] [/input-3, 66] 
best_l after optimization: -335.19903564453125
beta sum per layer: [70.6109390258789, 156.73953247070312]
alpha/beta optimization time: 0.5448164939880371
pruning_in_iteration open status: False
ratio of positive domain = 3 / 124 = 0.024193548387096753
pruning-in-iteration extra time: 0.0007064342498779297
torch.Size([124, 1])
Time: prepare 0.0037    bound 0.5466    transfer 0.0015    finalize 0.0101    func 0.5620    
Accumulated time: func 1.9995    prepare 0.0197    bound 1.9725    transfer 0.0022    finalize 0.0155    
max lb tensor(0.30554676) min lb tensor(-5.97502327)
Number of Verified Splits: 3 of 124
Current worst splitting domains lb-rhs (depth):
-5.97502 (4), -5.46639 (4), -5.39787 (4), -5.31891 (4), -5.21811 (4), -5.20617 (4), -4.95525 (4), -4.90632 (4), -4.84218 (4), -4.84045 (4), -4.78851 (4), -4.75845 (4), -4.70625 (4), -4.60883 (4), -4.57476 (4), -4.51661 (4), -4.50532 (4), -4.40937 (4), -4.39809 (4), -4.33941 (4), 
Length of domains: 121
Current (lb-rhs): -5.97502326965332
246 domains visited
Time: pickout 0.0092    decision 0.0386    set_bounds 0.0035    solve 0.5629    add 0.0029    
Accumulated time: pickout 0.0225    decision 0.2674    set_bounds 0.0081    solve 2.0021    add 0.0104    
Cumulative time: 2.3317692279815674

BaB round 5
batch: 64
splitting decisions: 
split level 0: [/input, 172] [/input-3, 105] [/input-3, 80] [/input-3, 74] [/input-3, 66] [/input-3, 40] [/input-3, 12] [/input-3, 27] [/input-3, 105] [/input-3, 74] 
best_l after optimization: -276.2428894042969
beta sum per layer: [121.45248413085938, 251.00802612304688]
alpha/beta optimization time: 0.7355096340179443
pruning_in_iteration open status: False
ratio of positive domain = 13 / 128 = 0.1015625
pruning-in-iteration extra time: 0.0003268718719482422
torch.Size([128, 1])
Time: prepare 0.0055    bound 0.7369    transfer 0.0010    finalize 0.0083    func 0.7517    
Accumulated time: func 2.7512    prepare 0.0362    bound 2.7094    transfer 0.0032    finalize 0.0237    
max lb tensor(0.74430275) min lb tensor(-5.31534195)
Number of Verified Splits: 13 of 128
Current worst splitting domains lb-rhs (depth):
-5.97502 (4), -5.39787 (4), -5.31534 (5), -5.21811 (4), -5.12776 (5), -5.09912 (5), -5.06925 (5), -4.95525 (4), -4.84218 (4), -4.78851 (4), -4.78074 (5), -4.75845 (4), -4.74524 (5), -4.70625 (4), -4.60883 (4), -4.59710 (5), -4.51661 (4), -4.45888 (5), -4.40937 (4), -4.38657 (5), 
Length of domains: 172
Current (lb-rhs): -5.97502326965332
374 domains visited
Time: pickout 0.0255    decision 0.1286    set_bounds 0.0050    solve 0.7527    add 0.0020    
Accumulated time: pickout 0.0480    decision 0.3959    set_bounds 0.0131    solve 2.7548    add 0.0125    
current_vram/total_varm: 0.0GB/8.6GB, batch_size increase to 128
Cumulative time: 3.246345281600952

BaB round 6
batch: 128
splitting decisions: 
split level 0: [/input-3, 80] [/input-3, 65] [/input-3, 35] [/input-3, 65] [/input-3, 12] [/input, 172] [/input-3, 105] [/input-3, 74] [/input-3, 27] [/input-3, 12] 
best_l after optimization: -504.1911315917969
beta sum per layer: [270.46954345703125, 588.2090454101562]
alpha/beta optimization time: 1.0304439067840576
pruning_in_iteration open status: False
ratio of positive domain = 37 / 256 = 0.14453125
pruning-in-iteration extra time: 0.00016546249389648438
torch.Size([256, 1])
Time: prepare 0.0199    bound 1.0321    transfer 0.0003    finalize 0.0039    func 1.0564    
Accumulated time: func 3.8076    prepare 0.0803    bound 3.7416    transfer 0.0036    finalize 0.0276    
max lb tensor(0.23713589) min lb tensor(-5.18663788)
Number of Verified Splits: 37 of 256
Current worst splitting domains lb-rhs (depth):
-5.97502 (4), -5.39787 (4), -5.21811 (4), -5.18664 (6), -5.00516 (6), -4.99176 (6), -4.95566 (6), -4.84218 (4), -4.82199 (5), -4.78851 (4), -4.75845 (4), -4.70625 (4), -4.65876 (6), -4.60914 (6), -4.60883 (4), -4.56325 (6), -4.55343 (6), -4.48422 (6), -4.40937 (4), -4.37166 (6), 
Length of domains: 263
Current (lb-rhs): -5.97502326965332
630 domains visited
Time: pickout 0.0288    decision 0.3628    set_bounds 0.0184    solve 1.0574    add 0.0015    
Accumulated time: pickout 0.0767    decision 0.7588    set_bounds 0.0315    solve 3.8122    add 0.0140    
current_vram/total_varm: 0.1GB/8.6GB, batch_size increase to 256
Cumulative time: 4.715991020202637

BaB round 7
batch: 256
splitting decisions: 
split level 0: [/input-3, 65] [/input, 145] [/input-3, 40] [/input-3, 12] [/input-3, 27] [/input-3, 74] [/input-3, 80] [/input-3, 65] [/input-3, 66] [/input, 71] 
best_l after optimization: -964.1320190429688
beta sum per layer: [527.2645263671875, 1332.56298828125]
alpha/beta optimization time: 0.9247093200683594
pruning_in_iteration open status: False
ratio of positive domain = 64 / 512 = 0.125
pruning-in-iteration extra time: 0.0002772808074951172
torch.Size([512, 1])
Time: prepare 0.0152    bound 0.9262    transfer 0.0009    finalize 0.0152    func 0.9575    
Accumulated time: func 4.7651    prepare 0.0997    bound 4.6677    transfer 0.0044    finalize 0.0428    
max lb tensor(0.49938869) min lb tensor(-5.78430843)
Number of Verified Splits: 64 of 512
Current worst splitting domains lb-rhs (depth):
-5.78431 (5), -5.77184 (5), -5.24558 (5), -5.21811 (4), -5.06754 (5), -5.06201 (7), -4.86953 (7), -4.85961 (7), -4.81660 (7), -4.79908 (7), -4.74241 (5), -4.69841 (6), -4.65912 (5), -4.62541 (5), -4.58898 (5), -4.54613 (6), -4.53008 (7), -4.51396 (7), -4.48800 (5), -4.45758 (7), 
Length of domains: 455
Current (lb-rhs): -5.784308433532715
1142 domains visited
Time: pickout 0.0370    decision 0.1088    set_bounds 0.0171    solve 0.9592    add 0.0032    
Accumulated time: pickout 0.1137    decision 0.8676    set_bounds 0.0486    solve 4.7714    add 0.0171    
current_vram/total_varm: 0.1GB/8.6GB, batch_size increase to 512
Cumulative time: 5.8426737785339355

BaB round 8
batch: 455
splitting decisions: 
split level 0: [/input-3, 66] [/input-3, 40] [/input-3, 12] [/input-3, 27] [/input-3, 105] [/input, 222] [/input, 129] [/input-3, 74] [/input-3, 35] [/input-3, 65] 
best_l after optimization: -1578.761474609375
beta sum per layer: [1022.8225708007812, 2718.4228515625]
alpha/beta optimization time: 0.7492094039916992
pruning_in_iteration open status: False
ratio of positive domain = 103 / 910 = 0.11318681318681323
pruning-in-iteration extra time: 0.0007939338684082031
torch.Size([910, 1])
Time: prepare 0.0249    bound 0.7512    transfer 0.0016    finalize 0.0164    func 0.7943    
Accumulated time: func 5.5594    prepare 0.1311    bound 5.4189    transfer 0.0061    finalize 0.0592    
max lb tensor(0.35842705) min lb tensor(-5.65789795)
Number of Verified Splits: 103 of 910
Current worst splitting domains lb-rhs (depth):
-5.65790 (6), -5.64656 (6), -5.45584 (6), -5.44294 (6), -5.10525 (6), -5.08062 (5), -4.95364 (8), -4.93473 (6), -4.76175 (8), -4.71621 (8), -4.70285 (8), -4.68822 (8), -4.64136 (8), -4.60642 (6), -4.59343 (7), -4.55649 (6), -4.53358 (6), -4.52895 (6), -4.50160 (6), -4.48286 (6), 
Length of domains: 807
Current (lb-rhs): -5.65789794921875
2052 domains visited
Time: pickout 0.1014    decision 0.1737    set_bounds 0.0285    solve 0.7958    add 0.0038    
Accumulated time: pickout 0.2151    decision 1.0413    set_bounds 0.0771    solve 5.5672    add 0.0209    
Cumulative time: 6.9468605518341064

BaB round 9
batch: 512
splitting decisions: 
split level 0: [/input, 132] [/input-3, 25] [/input-3, 46] [/input-3, 125] [/input, 145] [/input-3, 60] [/input-3, 40] [/input-3, 66] [/input-3, 16] [/input-3, 40] 
best_l after optimization: -1459.396240234375
beta sum per layer: [1145.93505859375, 3670.140869140625]
alpha/beta optimization time: 0.9601671695709229
pruning_in_iteration open status: False
ratio of positive domain = 131 / 1024 = 0.1279296875
pruning-in-iteration extra time: 0.0001800060272216797
torch.Size([1024, 1])
Time: prepare 0.0482    bound 0.9623    transfer 0.0015    finalize 0.0122    func 1.0256    
Accumulated time: func 6.5850    prepare 0.1830    bound 6.3812    transfer 0.0076    finalize 0.0714    
max lb tensor(0.52610874) min lb tensor(-5.32480764)
Number of Verified Splits: 131 of 1024
Current worst splitting domains lb-rhs (depth):
-5.65790 (6), -5.64656 (6), -5.32481 (7), -5.31506 (7), -5.10525 (6), -5.08062 (5), -4.95364 (8), -4.93473 (6), -4.76175 (8), -4.71621 (8), -4.70285 (8), -4.68822 (8), -4.56398 (7), -4.55649 (6), -4.53796 (9), -4.52895 (6), -4.51412 (7), -4.50961 (7), -4.50160 (6), -4.48286 (6), 
Length of domains: 1188
Current (lb-rhs): -5.65789794921875
3076 domains visited
Time: pickout 0.0806    decision 0.1811    set_bounds 0.0443    solve 1.0270    add 0.0237    
Accumulated time: pickout 0.2958    decision 1.2224    set_bounds 0.1214    solve 6.5942    add 0.0446    
current_vram/total_varm: 0.1GB/8.6GB, batch_size increase to 1024
Cumulative time: 8.305161237716675

BaB round 10
batch: 1024
splitting decisions: 
split level 0: [/input-3, 80] [/input-3, 111] [/input-3, 74] [/input-3, 73] [/input-3, 81] [/input-3, 125] [/input-3, 27] [/input, 207] [/input-3, 81] [/input-3, 102] 
best_l after optimization: -2687.7958984375
beta sum per layer: [2152.71826171875, 7945.8427734375]
alpha/beta optimization time: 0.5611956119537354
pruning_in_iteration open status: False
ratio of positive domain = 287 / 2048 = 0.14013671875
pruning-in-iteration extra time: 0.00018286705017089844
torch.Size([2048, 1])
Time: prepare 0.0433    bound 0.5623    transfer 0.0017    finalize 0.0166    func 0.6248    
Accumulated time: func 7.2098    prepare 0.2319    bound 6.9435    transfer 0.0092    finalize 0.0880    
max lb tensor(0.41950130) min lb tensor(-5.53729486)
Number of Verified Splits: 287 of 2048
Current worst splitting domains lb-rhs (depth):
-5.64656 (6), -5.53729 (7), -5.21708 (8), -5.20078 (8), -5.10525 (6), -5.08062 (5), -4.95364 (8), -4.81886 (7), -4.76175 (8), -4.71987 (7), -4.71621 (8), -4.70285 (8), -4.58582 (9), -4.55649 (6), -4.52895 (6), -4.50160 (6), -4.48286 (6), -4.44807 (8), -4.42784 (10), -4.42251 (8), 
Length of domains: 1925
Current (lb-rhs): -5.6465606689453125
5124 domains visited
Time: pickout 0.1194    decision 0.1969    set_bounds 0.0478    solve 0.6259    add 0.0029    
Accumulated time: pickout 0.4152    decision 1.4193    set_bounds 0.1692    solve 7.2201    add 0.0475    
current_vram/total_varm: 0.3GB/8.6GB, batch_size increase to 2048
Time out!!!!!!!!
Result: unknown in 12.8143 seconds

 %%%%%%%%%%%%%%%%%%%%%%%%%%%%%%%%%%% idx: 1, vnnlib ID: 41 %%%%%%%%%%%%%%%%%%%%%%%%%%%%%%%%%%%
Finished vnnlib processing in 0.003440 seconds
Attack parameters: initialization=uniform, steps=100, restarts=30, alpha=0.007500000298023224, GAMA=False
PGD attack margin (first 2 examples and 10 specs):
 tensor([[15.58122253, 12.98201656,  8.61385918,  9.33425903, 18.31461716,
         16.57573891, 25.34992409, 15.02456665, 13.16890812]], device='cuda:0')
Total number of violation:  0
Processing batch 1/1...
  0%|          | 0/100 [00:00<?, ?it/s] 20%|██        | 20/100 [00:00<00:00, 194.16it/s] 40%|████      | 40/100 [00:00<00:00, 186.86it/s] 59%|█████▉    | 59/100 [00:00<00:00, 177.93it/s] 77%|███████▋  | 77/100 [00:00<00:00, 177.53it/s] 96%|█████████▌| 96/100 [00:00<00:00, 179.05it/s]100%|██████████| 100/100 [00:00<00:00, 181.54it/s]
PGD attack margin (first 2 examples and 10 specs):
 tensor([[ 9.76214123,  8.40395355,  2.67163992,  3.71171665, 13.60482979,
          9.37137890, 17.03152466,  8.19901085,  8.45073414]], device='cuda:0')
Total number of violation:  0
Attack finished in 0.5610 seconds.
PGD attack failed
verified_status unknown
verified_success False
Model: BoundedModule(
  (/0): BoundInput(name=/0, inputs=[], perturbed=True)
  (/7): BoundParams(name=/7, inputs=[], perturbed=False)
  (/8): BoundParams(name=/8, inputs=[], perturbed=False)
  (/9): BoundParams(name=/9, inputs=[], perturbed=False)
  (/10): BoundParams(name=/10, inputs=[], perturbed=False)
  (/11): BoundParams(name=/11, inputs=[], perturbed=False)
  (/12): BoundParams(name=/12, inputs=[], perturbed=False)
  (/13): BoundFlatten(name=/13, inputs=[/0], perturbed=True)
  (/input): BoundLinear(name=/input, inputs=[/13, /7, /8], perturbed=True)
  (/15): BoundRelu(name=/15, inputs=[/input], perturbed=True)
  (/input-3): BoundLinear(name=/input-3, inputs=[/15, /9, /10], perturbed=True)
  (/17): BoundRelu(name=/17, inputs=[/input-3], perturbed=True)
  (/18): BoundLinear(name=/18, inputs=[/17, /11, /12], perturbed=True)
)
Original output in the first batch: tensor([[ -4.04332876,  -1.70848966,   3.37528133,   2.33522129,  -7.52446699,
          -4.68460274, -13.52671146,  11.01027584,  -3.05180407,  -2.16478515]],
       device='cuda:0')
Split layers:
Nonlinear functions:
   BoundRelu(name=/15, inputs=[/input], perturbed=True)
   BoundRelu(name=/17, inputs=[/input-3], perturbed=True)
build batch [1/1]
layer /15 using sparse-features alpha with shape [136]; unstable size 136; total size 256 ([1, 256])
layer /15 start_node /input-3 using sparse-spec alpha [2, 76, 1, 136] with unstable size 75 total_size 128 output_shape torch.Size([128])
layer /15 start_node /18 using full alpha [2, 9, 1, 136] with unstable size None total_size 9 output_shape 9
layer /17 using sparse-features alpha with shape [75]; unstable size 75; total size 128 ([1, 128])
layer /17 start_node /18 using full alpha [2, 9, 1, 75] with unstable size None total_size 9 output_shape 9
Optimizable variables initialized.
initial CROWN bounds (first 10 items): [4.361881732940674, 3.713250160217285, -2.456247329711914, -1.9604167938232422, 8.728851318359375, 2.587063789367676, 10.032039642333984, 1.588709831237793, 2.617737293243408]
prune_after_crown optimization in use
  original spec size = torch.Size([1, 9])
  pruned spec size = torch.Size([1, 2])
Using alpha-CROWN to initialize bounds.
best_l after optimization: -2.9532761573791504
alpha/beta optimization time: 1.6225643157958984
initial alpha-crown bounds (first 10 items): [-1.575395107269287, -1.3778810501098633]
Global lower bound: -1.575395107269287
torch.Size([1, 2])
7 / 9 OR specs are verified.
Verified OR indices (first 10 items): [0, 1, 4, 5, 6, 7, 8]
Verified OR lbs (first 10 items): [[inf], [inf], [inf], [inf], [inf], [inf], [inf]]
Unverified OR indices (first 10 items): [2, 3]
Unverified OR lbs (first 10 items): [[-1.575395107269287], [-1.3778810501098633]]
###### Verifying property Instance 1 ######
Batch size: 2
First 10 spec matrices
C: tensor([[[ 0.,  0., -1.,  0.,  0.,  0.,  0.,  1.,  0.,  0.]],

        [[ 0.,  0.,  0., -1.,  0.,  0.,  0.,  1.,  0.,  0.]]], device='cuda:0')
RHS: tensor([[0.],
        [0.]], device='cuda:0')
OR spec sizes: tensor([1, 1], device='cuda:0', dtype=torch.int32)
Remaining timeout: 9.615135669708252
Model prediction is: tensor([ -4.04332876,  -1.70848966,   3.37528133,   2.33522129,  -7.52446699,
         -4.68460274, -13.52671146,  11.01027584,  -3.05180407,  -2.16478515],
       device='cuda:0')
Activation BaB batch 1/1 
build_with_refined_bounds batch [1/1]
Optimizable variables initialized.
all alpha initialized
directly get lb and ub from refined bounds
c shape: torch.Size([2, 1, 10])
lA shapes: [torch.Size([2, 1, 256]), torch.Size([2, 1, 128])]
torch.Size([2, 1])
(alpha-)CROWN with fixed intermediate bounds: tensor([[-1.57539511],
        [-1.37788105]], device='cuda:0') tensor([[inf],
        [inf]], device='cuda:0')
Intermediate layers: /input,/input-3
Keeping alphas for these layers: ['/18']
Node /15 input 0: size torch.Size([256]) unstable 136
Node /17 input 0: size torch.Size([128]) unstable 74
-----------------
# of unstable neurons: 210
-----------------

BaB round 1
batch: 2
splitting decisions: 
split level 0: [/input-3, 40] [/input-3, 102] 
best_l after optimization: -4.464257717132568
beta sum per layer: [0.0, 1.2702617645263672]
alpha/beta optimization time: 0.4088864326477051
pruning_in_iteration open status: False
ratio of positive domain = 0 / 4 = 0.0
pruning-in-iteration extra time: 0.00014472007751464844
torch.Size([4, 1])
Time: prepare 0.0007    bound 0.4099    transfer 0.0002    finalize 0.0013    func 0.4122    
Accumulated time: func 0.4122    prepare 0.0031    bound 0.4099    transfer 0.0002    finalize 0.0013    
max lb tensor(-0.45995712) min lb tensor(-1.42183638)
Number of Verified Splits: 0 of 4
Current worst splitting domains lb-rhs (depth):
-1.42184 (1), -1.37424 (1), -1.20823 (1), -0.45996 (1), 
Length of domains: 4
Current (lb-rhs): -1.4218363761901855
4 domains visited
Time: pickout 0.0011    decision 0.0256    set_bounds 0.0006    solve 0.4128    add 0.0061    
Accumulated time: pickout 0.0011    decision 0.0256    set_bounds 0.0006    solve 0.4128    add 0.0061    
Cumulative time: 0.4722862243652344

BaB round 2
batch: 4
splitting decisions: 
split level 0: [/input-3, 34] [/input-3, 62] [/input-3, 34] [/input-3, 62] 
best_l after optimization: -6.380977153778076
beta sum per layer: [0.0, 7.28192138671875]
alpha/beta optimization time: 0.6593658924102783
pruning_in_iteration open status: False
ratio of positive domain = 1 / 8 = 0.125
pruning-in-iteration extra time: 0.0007290840148925781
torch.Size([8, 1])
Time: prepare 0.0010    bound 0.6610    transfer 0.0012    finalize 0.0082    func 0.6715    
Accumulated time: func 1.0837    prepare 0.0066    bound 1.0708    transfer 0.0015    finalize 0.0095    
max lb tensor(0.05351925) min lb tensor(-1.28559446)
Number of Verified Splits: 1 of 8
Current worst splitting domains lb-rhs (depth):
-1.28559 (2), -1.22942 (2), -1.04287 (2), -0.92899 (2), -0.91053 (2), -0.81429 (2), -0.22280 (2), 
Length of domains: 7
Current (lb-rhs): -1.2855944633483887
12 domains visited
Time: pickout 0.0027    decision 0.0275    set_bounds 0.0008    solve 0.6722    add 0.0029    
Accumulated time: pickout 0.0038    decision 0.0531    set_bounds 0.0014    solve 1.0849    add 0.0090    
Cumulative time: 1.1786248683929443

BaB round 3
batch: 7
splitting decisions: 
split level 0: [/input-3, 72] [/input-3, 72] [/input, 172] [/input-3, 72] [/input-3, 0] [/input-3, 72] [/input-3, 0] 
best_l after optimization: -7.545780658721924
beta sum per layer: [0.4575563669204712, 16.683908462524414]
alpha/beta optimization time: 0.6872210502624512
pruning_in_iteration open status: True
ratio of positive domain = 3 / 14 = 0.2142857142857143
pruning-in-iteration extra time: 0.008810043334960938
torch.Size([14, 1])
Time: prepare 0.0020    bound 0.6890    transfer 0.0022    finalize 0.0055    func 0.6987    
Accumulated time: func 1.7824    prepare 0.0175    bound 1.7598    transfer 0.0037    finalize 0.0150    
max lb tensor(9.99999975e-05) min lb tensor(-1.16380882)
Number of Verified Splits: 3 of 14
Current worst splitting domains lb-rhs (depth):
-1.16381 (3), -1.10039 (3), -0.86443 (3), -0.77766 (3), -0.77471 (3), -0.73159 (3), -0.64769 (3), -0.59231 (3), -0.59140 (3), -0.25221 (3), -0.04987 (3), 
Length of domains: 11
Current (lb-rhs): -1.163808822631836
26 domains visited
Time: pickout 0.0096    decision 0.0599    set_bounds 0.0018    solve 0.6995    add 0.0019    
Accumulated time: pickout 0.0135    decision 0.1130    set_bounds 0.0032    solve 1.7844    add 0.0108    
Cumulative time: 1.9515390396118164

BaB round 4
batch: 11
splitting decisions: 
split level 0: [/input-3, 103] [/input-3, 103] [/input-3, 0] [/input-3, 37] [/input-3, 114] [/input-3, 37] [/input-3, 114] [/input-3, 37] [/input-3, 0] [/input-3, 37] 
best_l after optimization: -7.729966163635254
beta sum per layer: [0.8754512667655945, 24.82082176208496]
alpha/beta optimization time: 0.815176248550415
pruning_in_iteration open status: True
ratio of positive domain = 8 / 22 = 0.36363636363636365
pruning-in-iteration extra time: 0.04272651672363281
torch.Size([22, 1])
Time: prepare 0.0052    bound 0.8169    transfer 0.0023    finalize 0.0054    func 0.8298    
Accumulated time: func 2.6122    prepare 0.0303    bound 2.5768    transfer 0.0059    finalize 0.0204    
max lb tensor(9.99999975e-05) min lb tensor(-1.05117512)
Number of Verified Splits: 8 of 22
Current worst splitting domains lb-rhs (depth):
-1.05118 (4), -0.99342 (4), -0.73332 (4), -0.66999 (4), -0.66196 (4), -0.59338 (4), -0.58780 (4), -0.53020 (4), -0.52350 (4), -0.46576 (4), -0.45019 (4), -0.19169 (4), -0.18346 (4), -0.09493 (4), 
Length of domains: 14
Current (lb-rhs): -1.0511751174926758
48 domains visited
Time: pickout 0.0146    decision 0.0594    set_bounds 0.0036    solve 0.8306    add 0.0026    
Accumulated time: pickout 0.0281    decision 0.1724    set_bounds 0.0068    solve 2.6150    add 0.0134    
Cumulative time: 2.862730026245117

BaB round 5
batch: 14
splitting decisions: 
split level 0: [/input-3, 37] [/input-3, 37] [/input-3, 114] [/input, 163] [/input-3, 103] [/input-3, 40] [/input-3, 103] [/input-3, 114] [/input-3, 103] [/input-3, 103] 
best_l after optimization: -7.092563629150391
beta sum per layer: [2.1265742778778076, 35.356414794921875]
alpha/beta optimization time: 0.8311564922332764
pruning_in_iteration open status: True
ratio of positive domain = 12 / 28 = 0.4285714285714286
pruning-in-iteration extra time: 0.045557498931884766
torch.Size([28, 1])
Time: prepare 0.0022    bound 0.8325    transfer 0.0016    finalize 0.0061    func 0.8425    
Accumulated time: func 3.4547    prepare 0.0395    bound 3.4092    transfer 0.0076    finalize 0.0265    
max lb tensor(9.99999975e-05) min lb tensor(-0.95573235)
Number of Verified Splits: 12 of 28
Current worst splitting domains lb-rhs (depth):
-0.95573 (5), -0.90354 (5), -0.63124 (5), -0.56443 (5), -0.54484 (5), -0.49208 (5), -0.46745 (5), -0.46525 (5), -0.41498 (5), -0.40241 (5), -0.39448 (5), -0.36688 (5), -0.18568 (5), -0.14720 (5), -0.07979 (5), -0.07777 (5), 
Length of domains: 16
Current (lb-rhs): -0.9557323455810547
76 domains visited
Time: pickout 0.0088    decision 0.0579    set_bounds 0.0018    solve 0.8433    add 0.0014    
Accumulated time: pickout 0.0368    decision 0.2303    set_bounds 0.0086    solve 3.4583    add 0.0148    
Cumulative time: 3.7761242389678955

BaB round 6
batch: 16
splitting decisions: 
split level 0: [/input, 235] [/input, 21] [/input-3, 40] [/input-3, 103] [/input, 163] [/input, 172] [/input-3, 40] [/input-3, 100] [/input-3, 100] [/input-3, 103] 
best_l after optimization: -6.304556846618652
beta sum per layer: [6.546368598937988, 42.990455627441406]
alpha/beta optimization time: 0.7938013076782227
pruning_in_iteration open status: True
ratio of positive domain = 15 / 32 = 0.46875
pruning-in-iteration extra time: 0.044753313064575195
torch.Size([32, 1])
Time: prepare 0.0024    bound 0.7954    transfer 0.0030    finalize 0.0051    func 0.8061    
Accumulated time: func 4.2608    prepare 0.0519    bound 4.2046    transfer 0.0106    finalize 0.0316    
max lb tensor(9.99999975e-05) min lb tensor(-0.86229467)
Number of Verified Splits: 15 of 32
Current worst splitting domains lb-rhs (depth):
-0.86229 (6), -0.81784 (6), -0.53461 (6), -0.45532 (6), -0.39998 (6), -0.38510 (6), -0.35986 (6), -0.35518 (6), -0.34805 (6), -0.33601 (6), -0.29931 (6), -0.29167 (6), -0.26669 (6), -0.26638 (6), -0.14731 (6), -0.11880 (6), -0.06164 (6), 
Length of domains: 17
Current (lb-rhs): -0.8622946739196777
108 domains visited
Time: pickout 0.0109    decision 0.0659    set_bounds 0.0022    solve 0.8067    add 0.0016    
Accumulated time: pickout 0.0478    decision 0.2963    set_bounds 0.0108    solve 4.2650    add 0.0164    
Cumulative time: 4.66374659538269

BaB round 7
batch: 17
splitting decisions: 
split level 0: [/input, 21] [/input, 235] [/input, 155] [/input, 21] [/input, 21] [/input-3, 21] [/input, 155] [/input-3, 120] [/input-3, 120] [/input-3, 100] 
best_l after optimization: -5.186068058013916
beta sum per layer: [14.266470909118652, 42.336673736572266]
alpha/beta optimization time: 0.7883522510528564
pruning_in_iteration open status: True
ratio of positive domain = 16 / 34 = 0.47058823529411764
pruning-in-iteration extra time: 0.041459083557128906
torch.Size([34, 1])
Time: prepare 0.0035    bound 0.7902    transfer 0.0012    finalize 0.0053    func 0.8003    
Accumulated time: func 5.0611    prepare 0.0632    bound 4.9949    transfer 0.0119    finalize 0.0369    
max lb tensor(9.99999975e-05) min lb tensor(-0.78626943)
Number of Verified Splits: 16 of 34
Current worst splitting domains lb-rhs (depth):
-0.78627 (7), -0.74770 (7), -0.38266 (7), -0.32682 (7), -0.29270 (7), -0.27401 (7), -0.26146 (7), -0.25812 (7), -0.25767 (7), -0.22532 (7), -0.22401 (7), -0.22226 (7), -0.20567 (7), -0.19933 (7), -0.19281 (7), -0.15928 (7), -0.15449 (7), -0.01709 (7), 
Length of domains: 18
Current (lb-rhs): -0.7862694263458252
142 domains visited
Time: pickout 0.0177    decision 0.0624    set_bounds 0.0045    solve 0.8010    add 0.0016    
Accumulated time: pickout 0.0655    decision 0.3587    set_bounds 0.0153    solve 5.0660    add 0.0180    
Cumulative time: 5.551101446151733

BaB round 8
batch: 18
splitting decisions: 
split level 0: [/input, 76] [/input, 76] [/input-3, 21] [/input-3, 100] [/input-3, 100] [/input, 155] [/input-3, 21] [/input-3, 8] [/input-3, 70] [/input-3, 120] 
best_l after optimization: -3.5386598110198975
beta sum per layer: [19.320453643798828, 37.49884033203125]
alpha/beta optimization time: 0.7291803359985352
pruning_in_iteration open status: True
ratio of positive domain = 16 / 36 = 0.4444444444444444
pruning-in-iteration extra time: 0.04080057144165039
torch.Size([36, 1])
Time: prepare 0.0024    bound 0.7303    transfer 0.0022    finalize 0.0055    func 0.7405    
Accumulated time: func 5.8016    prepare 0.0736    bound 5.7252    transfer 0.0141    finalize 0.0424    
max lb tensor(9.99999975e-05) min lb tensor(-0.70383167)
Number of Verified Splits: 16 of 36
Current worst splitting domains lb-rhs (depth):
-0.70383 (8), -0.65551 (8), -0.28001 (8), -0.17623 (8), -0.16770 (8), -0.16273 (8), -0.15736 (8), -0.15729 (8), -0.15295 (8), -0.15104 (8), -0.11891 (8), -0.11365 (8), -0.11283 (8), -0.11244 (8), -0.09284 (8), -0.07303 (8), -0.07215 (8), -0.04336 (8), -0.02277 (8), -0.01364 (8), 
Length of domains: 20
Current (lb-rhs): -0.703831672668457
178 domains visited
Time: pickout 0.0080    decision 0.0566    set_bounds 0.0023    solve 0.7414    add 0.0017    
Accumulated time: pickout 0.0735    decision 0.4153    set_bounds 0.0176    solve 5.8074    add 0.0196    
Cumulative time: 6.3612425327301025

BaB round 9
batch: 20
splitting decisions: 
split level 0: [/input-3, 27] [/input-3, 120] [/input-3, 120] [/input-3, 27] [/input, 163] [/input-3, 70] [/input-3, 70] [/input-3, 70] [/input, 21] [/input, 21] 
best_l after optimization: -2.085953950881958
beta sum per layer: [18.393535614013672, 29.938674926757812]
alpha/beta optimization time: 0.6635172367095947
pruning_in_iteration open status: True
ratio of positive domain = 24 / 40 = 0.6
pruning-in-iteration extra time: 0.03952217102050781
torch.Size([40, 1])
Time: prepare 0.0025    bound 0.6647    transfer 0.0012    finalize 0.0050    func 0.6735    
Accumulated time: func 6.4751    prepare 0.0865    bound 6.3899    transfer 0.0153    finalize 0.0474    
max lb tensor(9.99999975e-05) min lb tensor(-0.62585497)
Number of Verified Splits: 24 of 40
Current worst splitting domains lb-rhs (depth):
-0.62585 (9), -0.59179 (9), -0.13811 (9), -0.11807 (9), -0.09212 (9), -0.08609 (9), -0.07973 (9), -0.07749 (9), -0.06813 (9), -0.06431 (9), -0.04481 (9), -0.03612 (9), -0.03406 (9), -0.02176 (9), -0.00635 (9), -0.00355 (9), 
Length of domains: 16
Current (lb-rhs): -0.6258549690246582
218 domains visited
Time: pickout 0.0110    decision 0.0692    set_bounds 0.0023    solve 0.6743    add 0.0036    
Accumulated time: pickout 0.0844    decision 0.4845    set_bounds 0.0199    solve 6.4817    add 0.0232    
Cumulative time: 7.12218713760376

BaB round 10
batch: 16
splitting decisions: 
split level 0: [/input, 163] [/input-3, 70] [/input-3, 70] [/input-3, 27] [/input-3, 70] [/input-3, 70] [/input-3, 27] [/input-3, 8] [/input-3, 70] [/input, 21] 
best_l after optimization: -1.1702649593353271
beta sum per layer: [10.159431457519531, 23.73299789428711]
alpha/beta optimization time: 0.7309699058532715
pruning_in_iteration open status: True
ratio of positive domain = 23 / 32 = 0.71875
pruning-in-iteration extra time: 0.040395259857177734
torch.Size([32, 1])
Time: prepare 0.0023    bound 0.7324    transfer 0.0012    finalize 0.0057    func 0.7417    
Accumulated time: func 7.2167    prepare 0.0956    bound 7.1223    transfer 0.0166    finalize 0.0531    
max lb tensor(9.99999975e-05) min lb tensor(-0.54741430)
Number of Verified Splits: 23 of 32
Current worst splitting domains lb-rhs (depth):
-0.54741 (10), -0.51320 (10), -0.02905 (10), -0.02194 (10), -0.01999 (10), -0.01579 (10), -0.01404 (10), -0.00845 (10), -0.00268 (10), 
Length of domains: 9
Current (lb-rhs): -0.5474143028259277
250 domains visited
Time: pickout 0.0107    decision 0.0537    set_bounds 0.0020    solve 0.7423    add 0.0014    
Accumulated time: pickout 0.0952    decision 0.5382    set_bounds 0.0219    solve 7.2240    add 0.0247    
Cumulative time: 7.932634353637695

BaB round 11
batch: 9
splitting decisions: 
split level 0: [/input-3, 6] [/input-3, 100] [/input-3, 52] [/input-3, 6] [/input, 21] [/input-3, 8] [/input-3, 8] [/input-3, 8] [/input-3, 104] 
best_l after optimization: -0.9480558037757874
beta sum per layer: [7.133789539337158, 9.53367805480957]
alpha/beta optimization time: 0.6653027534484863
pruning_in_iteration open status: True
ratio of positive domain = 16 / 18 = 0.8888888888888888
pruning-in-iteration extra time: 0.04029703140258789
torch.Size([18, 1])
Time: prepare 0.0021    bound 0.6666    transfer 0.0012    finalize 0.0046    func 0.6745    
Accumulated time: func 7.8913    prepare 0.1061    bound 7.7889    transfer 0.0178    finalize 0.0577    
max lb tensor(9.99999975e-05) min lb tensor(-0.48996973)
Number of Verified Splits: 16 of 18
Current worst splitting domains lb-rhs (depth):
-0.48997 (11), -0.45969 (11), 
Length of domains: 2
Current (lb-rhs): -0.48996973037719727
268 domains visited
Time: pickout 0.0098    decision 0.0496    set_bounds 0.0016    solve 0.6751    add 0.0013    
Accumulated time: pickout 0.1050    decision 0.5878    set_bounds 0.0235    solve 7.8991    add 0.0260    
Cumulative time: 8.670313835144043

BaB round 12
batch: 2
splitting decisions: 
split level 0: [/input, 235] [/input, 235] 
best_l after optimization: -1.451246976852417
beta sum per layer: [0.1172662004828453, 0.13569027185440063]
alpha/beta optimization time: 0.5401709079742432
pruning_in_iteration open status: False
ratio of positive domain = 0 / 4 = 0.0
pruning-in-iteration extra time: 0.0004482269287109375
torch.Size([4, 1])
Time: prepare 0.0023    bound 0.5414    transfer 0.0008    finalize 0.0043    func 0.5488    
Accumulated time: func 8.4401    prepare 0.1141    bound 8.3303    transfer 0.0185    finalize 0.0620    
max lb tensor(-0.34339738) min lb tensor(-0.38211775)
Number of Verified Splits: 0 of 4
Current worst splitting domains lb-rhs (depth):
-0.38212 (12), -0.37398 (12), -0.35175 (12), -0.34340 (12), 
Length of domains: 4
Current (lb-rhs): -0.38211774826049805
272 domains visited
Time: pickout 0.0068    decision 0.0395    set_bounds 0.0009    solve 0.5494    add 0.0014    
Accumulated time: pickout 0.1118    decision 0.6273    set_bounds 0.0243    solve 8.4485    add 0.0273    
Cumulative time: 9.268402814865112

BaB round 13
batch: 4
splitting decisions: 
split level 0: [/input-3, 52] [/input, 76] [/input-3, 52] [/input, 76] 
best_l after optimization: -1.1791492700576782
beta sum per layer: [0.14368939399719238, 0.3314770460128784]
alpha/beta optimization time: 0.7034769058227539
pruning_in_iteration open status: True
ratio of positive domain = 4 / 8 = 0.5
pruning-in-iteration extra time: 0.03381037712097168
torch.Size([8, 1])
Time: prepare 0.0018    bound 0.7046    transfer 0.0015    finalize 0.0043    func 0.7123    
Accumulated time: func 9.1524    prepare 0.1255    bound 9.0349    transfer 0.0200    finalize 0.0663    
max lb tensor(9.99999975e-05) min lb tensor(-0.31469107)
Number of Verified Splits: 4 of 8
Current worst splitting domains lb-rhs (depth):
-0.31469 (13), -0.30740 (13), -0.28197 (13), -0.27549 (13), 
Length of domains: 4
Current (lb-rhs): -0.31469106674194336
280 domains visited
Time: pickout 0.0067    decision 0.0490    set_bounds 0.0014    solve 0.7130    add 0.0016    
Accumulated time: pickout 0.1186    decision 0.6763    set_bounds 0.0257    solve 9.1615    add 0.0289    
Time out!!!!!!!!
Result: unknown in 12.4278 seconds

 %%%%%%%%%%%%%%%%%%%%%%%%%%%%%%%%%%% idx: 2, vnnlib ID: 42 %%%%%%%%%%%%%%%%%%%%%%%%%%%%%%%%%%%
Finished vnnlib processing in 0.007946 seconds
Attack parameters: initialization=uniform, steps=100, restarts=30, alpha=0.007500000298023224, GAMA=False
PGD attack margin (first 2 examples and 10 specs):
 tensor([[25.84869957, 16.09812927, 24.81349945, 22.04983711, 21.69159126,
         27.26380157, 14.16516304, 18.78016663, 12.91183376]], device='cuda:0')
Total number of violation:  0
Processing batch 1/1...
  0%|          | 0/100 [00:00<?, ?it/s] 10%|█         | 10/100 [00:00<00:00, 94.58it/s] 20%|██        | 20/100 [00:00<00:00, 90.28it/s] 30%|███       | 30/100 [00:00<00:00, 89.70it/s] 39%|███▉      | 39/100 [00:00<00:00, 87.23it/s] 48%|████▊     | 48/100 [00:00<00:00, 84.23it/s] 57%|█████▋    | 57/100 [00:00<00:00, 83.26it/s] 66%|██████▌   | 66/100 [00:00<00:00, 84.56it/s] 76%|███████▌  | 76/100 [00:00<00:00, 87.02it/s] 85%|████████▌ | 85/100 [00:00<00:00, 83.66it/s] 95%|█████████▌| 95/100 [00:01<00:00, 85.31it/s]100%|██████████| 100/100 [00:01<00:00, 85.94it/s]
PGD attack margin (first 2 examples and 10 specs):
 tensor([[19.89067459, 10.95974445, 17.42023659, 13.80259228, 14.94736385,
         20.65365410,  7.93311119, 10.32253838,  6.44817209]], device='cuda:0')
Total number of violation:  0
Attack finished in 1.1924 seconds.
PGD attack failed
verified_status unknown
verified_success False
Model: BoundedModule(
  (/0): BoundInput(name=/0, inputs=[], perturbed=True)
  (/7): BoundParams(name=/7, inputs=[], perturbed=False)
  (/8): BoundParams(name=/8, inputs=[], perturbed=False)
  (/9): BoundParams(name=/9, inputs=[], perturbed=False)
  (/10): BoundParams(name=/10, inputs=[], perturbed=False)
  (/11): BoundParams(name=/11, inputs=[], perturbed=False)
  (/12): BoundParams(name=/12, inputs=[], perturbed=False)
  (/13): BoundFlatten(name=/13, inputs=[/0], perturbed=True)
  (/input): BoundLinear(name=/input, inputs=[/13, /7, /8], perturbed=True)
  (/15): BoundRelu(name=/15, inputs=[/input], perturbed=True)
  (/input-3): BoundLinear(name=/input-3, inputs=[/15, /9, /10], perturbed=True)
  (/17): BoundRelu(name=/17, inputs=[/input-3], perturbed=True)
  (/18): BoundLinear(name=/18, inputs=[/17, /11, /12], perturbed=True)
)
Original output in the first batch: tensor([[-11.02973270,  -1.74815178,  -9.63584137,  -6.60766268,  13.88033009,
          -6.43268728, -12.30272579,   0.18614383,  -3.12610412,   2.07853842]],
       device='cuda:0')
Split layers:
Nonlinear functions:
   BoundRelu(name=/15, inputs=[/input], perturbed=True)
   BoundRelu(name=/17, inputs=[/input-3], perturbed=True)
build batch [1/1]
layer /15 using sparse-features alpha with shape [108]; unstable size 108; total size 256 ([1, 256])
layer /15 start_node /input-3 using sparse-spec alpha [2, 56, 1, 108] with unstable size 55 total_size 128 output_shape torch.Size([128])
layer /15 start_node /18 using full alpha [2, 9, 1, 108] with unstable size None total_size 9 output_shape 9
layer /17 using sparse-features alpha with shape [55]; unstable size 55; total size 128 ([1, 128])
layer /17 start_node /18 using full alpha [2, 9, 1, 55] with unstable size None total_size 9 output_shape 9
Optimizable variables initialized.
initial CROWN bounds (first 10 items): [13.470264434814453, 5.51972770690918, 11.12922477722168, 6.96080207824707, 8.267475128173828, 14.552821159362793, 2.470762252807617, 3.8105392456054688, 0.7812013626098633]
Verified with initial CROWN!
verified with init bound!
Result: safe-incomplete in 1.4846 seconds

 %%%%%%%%%%%%%%%%%%%%%%%%%%%%%%%%%%% idx: 3, vnnlib ID: 43 %%%%%%%%%%%%%%%%%%%%%%%%%%%%%%%%%%%
Finished vnnlib processing in 0.009168 seconds
Attack parameters: initialization=uniform, steps=100, restarts=30, alpha=0.007500000298023224, GAMA=False
PGD attack margin (first 2 examples and 10 specs):
 tensor([[10.12462139,  2.20752859,  6.07379627,  3.57566810,  6.27310848,
          7.51165771,  5.08861732,  8.83920193, 16.03884697]], device='cuda:0')
Total number of violation:  0
Processing batch 1/1...
  0%|          | 0/100 [00:00<?, ?it/s]  1%|          | 1/100 [00:00<00:02, 38.70it/s]
pgd early stop
PGD attack margin (first 2 examples and 10 specs):
 tensor([[ 6.31156921, -0.50067186,  2.30482626, -0.01527047,  0.75620651,
          3.07918835,  1.62119651,  3.93132019, 10.52163124]], device='cuda:0')
Total number of violation:  2
Attack finished in 0.0553 seconds.
PGD attack succeeded!

Checking and Saving Counterexample in check_and_save_cex

verified_status unsafe-pgd
verified_success True
Result: unsafe-pgd in 0.0676 seconds

 %%%%%%%%%%%%%%%%%%%%%%%%%%%%%%%%%%% idx: 4, vnnlib ID: 44 %%%%%%%%%%%%%%%%%%%%%%%%%%%%%%%%%%%
Finished vnnlib processing in 0.010512 seconds
Attack parameters: initialization=uniform, steps=100, restarts=30, alpha=0.007500000298023224, GAMA=False
PGD attack margin (first 2 examples and 10 specs):
 tensor([[16.31120110,  9.61926556,  8.72275829, 13.38404369,  9.40143108,
         17.73448563, 10.58040237, 11.19964600, 15.55157852]], device='cuda:0')
Total number of violation:  0
Processing batch 1/1...
  0%|          | 0/100 [00:00<?, ?it/s]  9%|▉         | 9/100 [00:00<00:01, 81.00it/s] 18%|█▊        | 18/100 [00:00<00:00, 82.59it/s] 27%|██▋       | 27/100 [00:00<00:00, 80.75it/s] 36%|███▌      | 36/100 [00:00<00:00, 84.09it/s] 45%|████▌     | 45/100 [00:00<00:00, 82.83it/s] 54%|█████▍    | 54/100 [00:00<00:00, 84.62it/s] 63%|██████▎   | 63/100 [00:00<00:00, 86.11it/s] 73%|███████▎  | 73/100 [00:00<00:00, 87.23it/s] 82%|████████▏ | 82/100 [00:00<00:00, 84.88it/s] 91%|█████████ | 91/100 [00:01<00:00, 78.46it/s]100%|██████████| 100/100 [00:01<00:00, 79.35it/s]100%|██████████| 100/100 [00:01<00:00, 82.17it/s]
PGD attack margin (first 2 examples and 10 specs):
 tensor([[11.76140022,  5.58599949,  3.27051091,  9.09919739,  4.41347694,
         11.56743813,  6.30342531,  7.36221504, 11.45162296]], device='cuda:0')
Total number of violation:  0
Attack finished in 1.2444 seconds.
PGD attack failed
verified_status unknown
verified_success False
Model: BoundedModule(
  (/0): BoundInput(name=/0, inputs=[], perturbed=True)
  (/7): BoundParams(name=/7, inputs=[], perturbed=False)
  (/8): BoundParams(name=/8, inputs=[], perturbed=False)
  (/9): BoundParams(name=/9, inputs=[], perturbed=False)
  (/10): BoundParams(name=/10, inputs=[], perturbed=False)
  (/11): BoundParams(name=/11, inputs=[], perturbed=False)
  (/12): BoundParams(name=/12, inputs=[], perturbed=False)
  (/13): BoundFlatten(name=/13, inputs=[/0], perturbed=True)
  (/input): BoundLinear(name=/input, inputs=[/13, /7, /8], perturbed=True)
  (/15): BoundRelu(name=/15, inputs=[/input], perturbed=True)
  (/input-3): BoundLinear(name=/input-3, inputs=[/15, /9, /10], perturbed=True)
  (/17): BoundRelu(name=/17, inputs=[/input-3], perturbed=True)
  (/18): BoundLinear(name=/18, inputs=[/17, /11, /12], perturbed=True)
)
Original output in the first batch: tensor([[-7.37859011, -0.79917228,  0.69597679,  9.15560722, -5.06070471,
         -0.70426697, -9.21098995, -1.56673789, -1.89004815, -6.42335701]],
       device='cuda:0')
Split layers:
Nonlinear functions:
   BoundRelu(name=/15, inputs=[/input], perturbed=True)
   BoundRelu(name=/17, inputs=[/input-3], perturbed=True)
build batch [1/1]
layer /15 using sparse-features alpha with shape [108]; unstable size 108; total size 256 ([1, 256])
layer /15 start_node /input-3 using sparse-spec alpha [2, 62, 1, 108] with unstable size 61 total_size 128 output_shape torch.Size([128])
layer /15 start_node /18 using full alpha [2, 9, 1, 108] with unstable size None total_size 9 output_shape 9
layer /17 using sparse-features alpha with shape [61]; unstable size 61; total size 128 ([1, 128])
layer /17 start_node /18 using full alpha [2, 9, 1, 61] with unstable size None total_size 9 output_shape 9
Optimizable variables initialized.
initial CROWN bounds (first 10 items): [8.024612426757812, 1.780764102935791, -0.5421738624572754, 4.411865234375, 0.5519223213195801, 7.087464809417725, 2.231954574584961, 4.29639196395874, 7.174911022186279]
prune_after_crown optimization in use
  original spec size = torch.Size([1, 9])
  pruned spec size = torch.Size([1, 1])
Using alpha-CROWN to initialize bounds.
Early stop at 30th iter due to 10 iterations no improvement!
best_l after optimization: -0.368380069732666
alpha/beta optimization time: 0.7407655715942383
initial alpha-crown bounds (first 10 items): [-0.368380069732666]
Global lower bound: -0.368380069732666
torch.Size([1, 1])
8 / 9 OR specs are verified.
Verified OR indices (first 10 items): [0, 1, 3, 4, 5, 6, 7, 8]
Verified OR lbs (first 10 items): [[inf], [inf], [inf], [inf], [inf], [inf], [inf], [inf]]
Unverified OR indices (first 10 items): [2]
Unverified OR lbs (first 10 items): [[-0.368380069732666]]
###### Verifying property Instance 4 ######
Batch size: 1
First 10 spec matrices
C: tensor([[[ 0.,  0., -1.,  1.,  0.,  0.,  0.,  0.,  0.,  0.]]], device='cuda:0')
RHS: tensor([[0.]], device='cuda:0')
OR spec sizes: tensor([1], device='cuda:0', dtype=torch.int32)
Remaining timeout: 9.611411333084106
Model prediction is: tensor([-7.37859011, -0.79917228,  0.69597679,  9.15560722, -5.06070471,
        -0.70426697, -9.21098995, -1.56673789, -1.89004815, -6.42335701],
       device='cuda:0')
Activation BaB batch 1/1 
build_with_refined_bounds batch [1/1]
Optimizable variables initialized.
all alpha initialized
directly get lb and ub from refined bounds
c shape: torch.Size([1, 1, 10])
lA shapes: [torch.Size([1, 1, 256]), torch.Size([1, 1, 128])]
torch.Size([1, 1])
(alpha-)CROWN with fixed intermediate bounds: tensor([[-0.36838007]], device='cuda:0') tensor([[inf]], device='cuda:0')
Intermediate layers: /input,/input-3
Keeping alphas for these layers: ['/18']
Node /15 input 0: size torch.Size([256]) unstable 108
Node /17 input 0: size torch.Size([128]) unstable 61
-----------------
# of unstable neurons: 169
-----------------

BaB round 1
batch: 1
splitting decisions: 
split level 0: [/input-3, 73] 
split level 1: [/input, 104] 
Early stop at 27th iter due to 10 iterations no improvement!
best_l after optimization: -0.026239803060889244
beta sum per layer: [0.0, 0.0]
alpha/beta optimization time: 0.3717522621154785
pruning_in_iteration open status: True
ratio of positive domain = 3 / 4 = 0.75
pruning-in-iteration extra time: 0.023478031158447266
torch.Size([4, 1])
Time: prepare 0.0026    bound 0.3729    transfer 0.0025    finalize 0.0057    func 0.3837    
Accumulated time: func 0.3837    prepare 0.0135    bound 0.3729    transfer 0.0025    finalize 0.0057    
max lb tensor(9.99999975e-05) min lb tensor(-0.02653980)
Number of Verified Splits: 3 of 4
Current worst splitting domains lb-rhs (depth):
-0.02654 (2), 
Length of domains: 1
Current (lb-rhs): -0.02653980255126953
4 domains visited
Time: pickout 0.0008    decision 0.0528    set_bounds 0.0009    solve 0.3843    add 0.0071    
Accumulated time: pickout 0.0008    decision 0.0528    set_bounds 0.0009    solve 0.3843    add 0.0071    
Cumulative time: 0.48674869537353516

BaB round 2
batch: 1
splitting decisions: 
split level 0: [/input-3, 34] 
split level 1: [/input, 199] 

all verified at 0th iter
best_l after optimization: 1.6232953071594238
beta sum per layer: [0.0, 0.0]
alpha/beta optimization time: 0.0079498291015625
pruning_in_iteration open status: False
ratio of positive domain = 4 / 4 = 1.0
pruning-in-iteration extra time: 0.00032806396484375
torch.Size([4, 1])
Time: prepare 0.0019    bound 0.0091    transfer 0.0010    finalize 0.0037    func 0.0157    
Accumulated time: func 0.3994    prepare 0.0240    bound 0.3820    transfer 0.0035    finalize 0.0094    
max lb tensor(0.51029158) min lb tensor(0.30530930)
Number of Verified Splits: 4 of 4
Length of domains: 0
No domains left, verification finished!
Current (lb-rhs): 1.0000000116860974e-07
8 domains visited
Time: pickout 0.0059    decision 0.0447    set_bounds 0.0010    solve 0.0163    add 0.0003    
Accumulated time: pickout 0.0068    decision 0.0975    set_bounds 0.0019    solve 0.4006    add 0.0074    
Cumulative time: 0.5550365447998047

Result: safe in 2.9502 seconds

 %%%%%%%%%%%%%%%%%%%%%%%%%%%%%%%%%%% idx: 5, vnnlib ID: 45 %%%%%%%%%%%%%%%%%%%%%%%%%%%%%%%%%%%
Finished vnnlib processing in 0.007116 seconds
Attack parameters: initialization=uniform, steps=100, restarts=30, alpha=0.007500000298023224, GAMA=False
PGD attack margin (first 2 examples and 10 specs):
 tensor([[12.36361122, 13.36992168, 16.17785645,  7.82349777, 12.96252251,
         11.16926479, 18.15178680,  8.97690773,  8.59452343]], device='cuda:0')
Total number of violation:  0
Processing batch 1/1...
  0%|          | 0/100 [00:00<?, ?it/s]  8%|▊         | 8/100 [00:00<00:01, 74.69it/s] 17%|█▋        | 17/100 [00:00<00:01, 81.52it/s] 26%|██▌       | 26/100 [00:00<00:00, 81.30it/s] 35%|███▌      | 35/100 [00:00<00:00, 77.30it/s] 44%|████▍     | 44/100 [00:00<00:00, 80.96it/s] 53%|█████▎    | 53/100 [00:00<00:00, 82.46it/s] 62%|██████▏   | 62/100 [00:00<00:00, 82.20it/s] 71%|███████   | 71/100 [00:00<00:00, 83.17it/s] 81%|████████  | 81/100 [00:00<00:00, 85.71it/s] 90%|█████████ | 90/100 [00:01<00:00, 85.29it/s] 99%|█████████▉| 99/100 [00:01<00:00, 85.31it/s]100%|██████████| 100/100 [00:01<00:00, 82.96it/s]
PGD attack margin (first 2 examples and 10 specs):
 tensor([[ 5.58065557,  9.26413155,  9.01200104,  2.53745055,  6.75301886,
          6.30573177, 10.40657425,  3.63976359,  4.02565384]], device='cuda:0')
Total number of violation:  0
Attack finished in 1.2448 seconds.
PGD attack failed
verified_status unknown
verified_success False
Model: BoundedModule(
  (/0): BoundInput(name=/0, inputs=[], perturbed=True)
  (/7): BoundParams(name=/7, inputs=[], perturbed=False)
  (/8): BoundParams(name=/8, inputs=[], perturbed=False)
  (/9): BoundParams(name=/9, inputs=[], perturbed=False)
  (/10): BoundParams(name=/10, inputs=[], perturbed=False)
  (/11): BoundParams(name=/11, inputs=[], perturbed=False)
  (/12): BoundParams(name=/12, inputs=[], perturbed=False)
  (/13): BoundFlatten(name=/13, inputs=[/0], perturbed=True)
  (/input): BoundLinear(name=/input, inputs=[/13, /7, /8], perturbed=True)
  (/15): BoundRelu(name=/15, inputs=[/input], perturbed=True)
  (/input-3): BoundLinear(name=/input-3, inputs=[/15, /9, /10], perturbed=True)
  (/17): BoundRelu(name=/17, inputs=[/input-3], perturbed=True)
  (/18): BoundLinear(name=/18, inputs=[/17, /11, /12], perturbed=True)
)
Original output in the first batch: tensor([[-3.18823671, -4.45639229, -6.70288754,  1.50078762, -4.58110142,
          8.76942921, -2.47711921, -8.91689110,  0.05845414,  0.24956554]],
       device='cuda:0')
Split layers:
Nonlinear functions:
   BoundRelu(name=/15, inputs=[/input], perturbed=True)
   BoundRelu(name=/17, inputs=[/input-3], perturbed=True)
build batch [1/1]
layer /15 using sparse-features alpha with shape [121]; unstable size 121; total size 256 ([1, 256])
layer /15 start_node /input-3 using sparse-spec alpha [2, 71, 1, 121] with unstable size 70 total_size 128 output_shape torch.Size([128])
layer /15 start_node /18 using full alpha [2, 9, 1, 121] with unstable size None total_size 9 output_shape 9
layer /17 using sparse-features alpha with shape [70]; unstable size 70; total size 128 ([1, 128])
layer /17 start_node /18 using full alpha [2, 9, 1, 70] with unstable size None total_size 9 output_shape 9
Optimizable variables initialized.
initial CROWN bounds (first 10 items): [-0.2644805908203125, 3.054948329925537, 2.2598495483398438, -2.894866943359375, 0.5160727500915527, 1.6240763664245605, 3.148533821105957, -1.6903877258300781, -1.283759593963623]
prune_after_crown optimization in use
  original spec size = torch.Size([1, 9])
  pruned spec size = torch.Size([1, 4])
Using alpha-CROWN to initialize bounds.
best_l after optimization: -4.757164001464844
alpha/beta optimization time: 2.470479726791382
initial alpha-crown bounds (first 10 items): [0.04123735427856445, -2.357045888900757, -1.4422521591186523, -0.9991030693054199]
Global lower bound: -2.357045888900757
torch.Size([1, 4])
6 / 9 OR specs are verified.
Verified OR indices (first 10 items): [0, 1, 2, 4, 5, 6]
Verified OR lbs (first 10 items): [[0.04123735427856445], [inf], [inf], [inf], [inf], [inf]]
Unverified OR indices (first 10 items): [3, 7, 8]
Unverified OR lbs (first 10 items): [[-2.357045888900757], [-1.4422521591186523], [-0.9991030693054199]]
###### Verifying property Instance 5 ######
Batch size: 3
First 10 spec matrices
C: tensor([[[ 0.,  0.,  0., -1.,  0.,  1.,  0.,  0.,  0.,  0.]],

        [[ 0.,  0.,  0.,  0.,  0.,  1.,  0.,  0., -1.,  0.]],

        [[ 0.,  0.,  0.,  0.,  0.,  1.,  0.,  0.,  0., -1.]]], device='cuda:0')
RHS: tensor([[0.],
        [0.],
        [0.]], device='cuda:0')
OR spec sizes: tensor([1, 1, 1], device='cuda:0', dtype=torch.int32)
Remaining timeout: 7.870452880859375
Model prediction is: tensor([-3.18823671, -4.45639229, -6.70288754,  1.50078762, -4.58110142,
         8.76942921, -2.47711921, -8.91689110,  0.05845414,  0.24956554],
       device='cuda:0')
Activation BaB batch 1/1 
build_with_refined_bounds batch [1/1]
Optimizable variables initialized.
all alpha initialized
directly get lb and ub from refined bounds
c shape: torch.Size([3, 1, 10])
lA shapes: [torch.Size([3, 1, 256]), torch.Size([3, 1, 128])]
torch.Size([3, 1])
(alpha-)CROWN with fixed intermediate bounds: tensor([[-2.35704589],
        [-1.44225216],
        [-0.99910307]], device='cuda:0') tensor([[inf],
        [inf],
        [inf]], device='cuda:0')
Intermediate layers: /input,/input-3
Keeping alphas for these layers: ['/18']
Node /15 input 0: size torch.Size([256]) unstable 121
Node /17 input 0: size torch.Size([128]) unstable 68
-----------------
# of unstable neurons: 189
-----------------

BaB round 1
batch: 3
splitting decisions: 
split level 0: [/input, 160] [/input, 121] [/input, 121] 
best_l after optimization: -6.3089213371276855
beta sum per layer: [1.0903730392456055, 0.0]
alpha/beta optimization time: 0.5662927627563477
pruning_in_iteration open status: False
ratio of positive domain = 0 / 6 = 0.0
pruning-in-iteration extra time: 0.0003027915954589844
torch.Size([6, 1])
Time: prepare 0.0040    bound 0.5675    transfer 0.0007    finalize 0.0037    func 0.5760    
Accumulated time: func 0.5760    prepare 0.0114    bound 0.5675    transfer 0.0007    finalize 0.0037    
max lb tensor(-0.51262617) min lb tensor(-1.98221159)
Number of Verified Splits: 0 of 6
Current worst splitting domains lb-rhs (depth):
-1.98221 (1), -1.12794 (1), -1.05164 (1), -1.02645 (1), -0.60805 (1), -0.51263 (1), 
Length of domains: 6
Current (lb-rhs): -1.9822115898132324
6 domains visited
Time: pickout 0.0011    decision 0.0492    set_bounds 0.0009    solve 0.5766    add 0.0110    
Accumulated time: pickout 0.0011    decision 0.0492    set_bounds 0.0009    solve 0.5766    add 0.0110    
Cumulative time: 0.6789133548736572

BaB round 2
batch: 6
splitting decisions: 
split level 0: [/input, 183] [/input, 160] [/input-3, 20] [/input, 183] [/input, 160] [/input-3, 20] 
best_l after optimization: -7.2292070388793945
beta sum per layer: [5.436189651489258, 1.4737036228179932]
alpha/beta optimization time: -0.7549521923065186
pruning_in_iteration open status: True
ratio of positive domain = 3 / 12 = 0.25
pruning-in-iteration extra time: 0.02007293701171875
torch.Size([12, 1])
Time: prepare 0.0023    bound -0.7538    transfer 0.0011    finalize 0.0057    func -0.7446    
Accumulated time: func -0.1686    prepare 0.0218    bound -0.1863    transfer 0.0018    finalize 0.0095    
max lb tensor(9.99999975e-05) min lb tensor(-1.68234539)
Number of Verified Splits: 3 of 12
Current worst splitting domains lb-rhs (depth):
-1.68235 (2), -1.23038 (2), -0.88898 (2), -0.77054 (2), -0.75394 (2), -0.60761 (2), -0.58624 (2), -0.40043 (2), -0.30904 (2), 
Length of domains: 9
Current (lb-rhs): -1.6823453903198242
18 domains visited
Time: pickout 0.0067    decision 0.0472    set_bounds 0.0020    solve -0.7436    add 0.0025    
Accumulated time: pickout 0.0078    decision 0.0964    set_bounds 0.0029    solve -0.1670    add 0.0135    
Cumulative time: -0.0060231685638427734

BaB round 3
batch: 9
splitting decisions: 
split level 0: [/input, 120] [/input-3, 20] [/input-3, 42] [/input-3, 20] [/input-3, 42] [/input, 120] [/input-3, 20] [/input, 120] [/input-3, 20] 
best_l after optimization: -8.04134750366211
beta sum per layer: [6.423099040985107, 4.039048194885254]
alpha/beta optimization time: 0.562389612197876
pruning_in_iteration open status: False
ratio of positive domain = 3 / 18 = 0.16666666666666663
pruning-in-iteration extra time: 0.000457763671875
torch.Size([18, 1])
Time: prepare 0.0020    bound 0.5637    transfer 0.0008    finalize 0.0044    func 0.5709    
Accumulated time: func 0.4023    prepare 0.0344    bound 0.3774    transfer 0.0026    finalize 0.0139    
max lb tensor(0.10437584) min lb tensor(-1.43542480)
Number of Verified Splits: 3 of 18
Current worst splitting domains lb-rhs (depth):
-1.43542 (3), -1.35866 (3), -0.98627 (3), -0.85388 (3), -0.63744 (3), -0.57294 (3), -0.54736 (3), -0.54088 (3), -0.41419 (3), -0.37645 (3), -0.20777 (3), -0.12231 (3), -0.09274 (3), -0.08371 (3), -0.02950 (3), 
Length of domains: 15
Current (lb-rhs): -1.4354248046875
36 domains visited
Time: pickout 0.0067    decision 0.0597    set_bounds 0.0018    solve 0.5715    add 0.0022    
Accumulated time: pickout 0.0145    decision 0.1561    set_bounds 0.0047    solve 0.4045    add 0.0157    
Cumulative time: 0.6360538005828857

BaB round 4
batch: 15
splitting decisions: 
split level 0: [/input, 121] [/input-3, 42] [/input-3, 42] [/input-3, 21] [/input, 121] [/input-3, 42] [/input, 121] [/input-3, 42] [/input, 121] [/input-3, 42] 
best_l after optimization: -9.844096183776855
beta sum per layer: [13.522056579589844, 6.348392486572266]
alpha/beta optimization time: 0.7277746200561523
pruning_in_iteration open status: True
ratio of positive domain = 11 / 30 = 0.3666666666666667
pruning-in-iteration extra time: 0.044318199157714844
torch.Size([30, 1])
Time: prepare 0.0025    bound 0.7288    transfer 0.0011    finalize 0.0050    func 0.7374    
Accumulated time: func 1.1398    prepare 0.0455    bound 1.1062    transfer 0.0037    finalize 0.0189    
max lb tensor(9.99999975e-05) min lb tensor(-1.21704054)
Number of Verified Splits: 11 of 30
Current worst splitting domains lb-rhs (depth):
-1.21704 (4), -1.13329 (4), -1.10942 (4), -1.07073 (4), -0.76053 (4), -0.64021 (4), -0.61795 (4), -0.53731 (4), -0.43191 (4), -0.40629 (4), -0.39344 (4), -0.34558 (4), -0.31470 (4), -0.27126 (4), -0.26708 (4), -0.22493 (4), -0.05084 (4), -0.04444 (4), -0.00826 (4), 
Length of domains: 19
Current (lb-rhs): -1.2170405387878418
66 domains visited
Time: pickout 0.0101    decision 0.0633    set_bounds 0.0019    solve 0.7380    add 0.0016    
Accumulated time: pickout 0.0245    decision 0.2193    set_bounds 0.0066    solve 1.1426    add 0.0173    
Cumulative time: 1.451056718826294

BaB round 5
batch: 19
splitting decisions: 
split level 0: [/input-3, 21] [/input-3, 59] [/input-3, 59] [/input-3, 21] [/input-3, 21] [/input-3, 21] [/input-3, 21] [/input-3, 21] [/input-3, 21] [/input, 183] 
best_l after optimization: -10.964742660522461
beta sum per layer: [29.58635711669922, 13.670530319213867]
alpha/beta optimization time: 0.7850174903869629
pruning_in_iteration open status: True
ratio of positive domain = 12 / 38 = 0.3157894736842105
pruning-in-iteration extra time: 0.04544425010681152
torch.Size([38, 1])
Time: prepare 0.0026    bound 0.7868    transfer 0.0021    finalize 0.0070    func 0.7986    
Accumulated time: func 1.9384    prepare 0.0571    bound 1.8930    transfer 0.0058    finalize 0.0259    
max lb tensor(9.99999975e-05) min lb tensor(-1.06579113)
Number of Verified Splits: 12 of 38
Current worst splitting domains lb-rhs (depth):
-1.06579 (5), -0.98174 (5), -0.95970 (5), -0.92443 (5), -0.79518 (5), -0.72675 (5), -0.63770 (5), -0.61386 (5), -0.59729 (5), -0.48985 (5), -0.47291 (5), -0.38879 (5), -0.30962 (5), -0.30736 (5), -0.26951 (5), -0.24942 (5), -0.19075 (5), -0.17654 (5), -0.16006 (5), -0.15972 (5), 
Length of domains: 26
Current (lb-rhs): -1.065791130065918
104 domains visited
Time: pickout 0.0106    decision 0.0620    set_bounds 0.0022    solve 0.7994    add 0.0028    
Accumulated time: pickout 0.0351    decision 0.2813    set_bounds 0.0088    solve 1.9419    add 0.0201    
Cumulative time: 2.328272819519043

BaB round 6
batch: 26
splitting decisions: 
split level 0: [/input-3, 2] [/input-3, 2] [/input-3, 2] [/input-3, 2] [/input-3, 2] [/input-3, 2] [/input-3, 2] [/input-3, 2] [/input-3, 2] [/input-3, 2] 
best_l after optimization: -9.216079711914062
beta sum per layer: [54.55914306640625, 31.050743103027344]
alpha/beta optimization time: 0.7426540851593018
pruning_in_iteration open status: True
ratio of positive domain = 28 / 52 = 0.5384615384615384
pruning-in-iteration extra time: 0.04200387001037598
torch.Size([52, 1])
Time: prepare 0.0026    bound 0.7437    transfer 0.0018    finalize 0.0058    func 0.7540    
Accumulated time: func 2.6924    prepare 0.0666    bound 2.6368    transfer 0.0077    finalize 0.0317    
max lb tensor(9.99999975e-05) min lb tensor(-0.94325829)
Number of Verified Splits: 28 of 52
Current worst splitting domains lb-rhs (depth):
-0.94326 (6), -0.86313 (6), -0.83678 (6), -0.80267 (6), -0.65779 (6), -0.58686 (6), -0.50484 (6), -0.47807 (6), -0.46913 (6), -0.46108 (6), -0.40862 (6), -0.34452 (6), -0.33018 (6), -0.26286 (6), -0.24757 (6), -0.24310 (6), -0.19382 (6), -0.17220 (6), -0.15585 (6), -0.10865 (6), 
Length of domains: 24
Current (lb-rhs): -0.9432582855224609
156 domains visited
Time: pickout 0.0144    decision 0.0624    set_bounds 0.0019    solve 0.7547    add 0.0030    
Accumulated time: pickout 0.0495    decision 0.3437    set_bounds 0.0107    solve 2.6966    add 0.0232    
Cumulative time: 3.165039539337158

BaB round 7
batch: 24
splitting decisions: 
split level 0: [/input-3, 50] [/input-3, 50] [/input-3, 50] [/input-3, 50] [/input-3, 50] [/input-3, 50] [/input-3, 50] [/input-3, 50] [/input-3, 50] [/input-3, 50] 
best_l after optimization: -11.179372787475586
beta sum per layer: [37.954620361328125, 38.59446716308594]
alpha/beta optimization time: 0.7141890525817871
pruning_in_iteration open status: True
ratio of positive domain = 16 / 48 = 0.33333333333333337
pruning-in-iteration extra time: 0.04445147514343262
torch.Size([48, 1])
Time: prepare 0.0027    bound 0.7157    transfer 0.0014    finalize 0.0048    func 0.7247    
Accumulated time: func 3.4171    prepare 0.0765    bound 3.3525    transfer 0.0091    finalize 0.0365    
max lb tensor(9.99999975e-05) min lb tensor(-0.78640985)
Number of Verified Splits: 16 of 48
Current worst splitting domains lb-rhs (depth):
-0.78641 (7), -0.78154 (7), -0.70526 (7), -0.70267 (7), -0.68286 (7), -0.66731 (7), -0.64664 (7), -0.63829 (7), -0.54522 (7), -0.47174 (7), -0.42399 (7), -0.39178 (7), -0.35524 (7), -0.34911 (7), -0.34791 (7), -0.31513 (7), -0.30589 (7), -0.28445 (7), -0.27654 (7), -0.22945 (7), 
Length of domains: 32
Current (lb-rhs): -0.786409854888916
204 domains visited
Time: pickout 0.0105    decision 0.0648    set_bounds 0.0021    solve 0.7256    add 0.0018    
Accumulated time: pickout 0.0599    decision 0.4085    set_bounds 0.0129    solve 3.4222    add 0.0250    
Cumulative time: 3.9701125621795654

BaB round 8
batch: 32
splitting decisions: 
split level 0: [/input, 244] [/input, 244] [/input, 244] [/input, 244] [/input, 244] [/input, 244] [/input, 244] [/input, 244] [/input, 244] [/input, 244] 
best_l after optimization: -11.24913215637207
beta sum per layer: [56.9448356628418, 51.594879150390625]
alpha/beta optimization time: 0.5846526622772217
pruning_in_iteration open status: True
ratio of positive domain = 30 / 64 = 0.46875
pruning-in-iteration extra time: 0.033721923828125
torch.Size([64, 1])
Time: prepare 0.0043    bound 0.5858    transfer 0.0004    finalize 0.0013    func 0.5918    
Accumulated time: func 4.0089    prepare 0.0883    bound 3.9383    transfer 0.0095    finalize 0.0378    
max lb tensor(9.99999975e-05) min lb tensor(-0.66579032)
Number of Verified Splits: 30 of 64
Current worst splitting domains lb-rhs (depth):
-0.66579 (8), -0.65653 (8), -0.58900 (8), -0.58478 (8), -0.56250 (8), -0.54170 (8), -0.52694 (8), -0.51578 (8), -0.50495 (8), -0.49730 (8), -0.44163 (8), -0.43572 (8), -0.42197 (8), -0.39261 (8), -0.39152 (8), -0.36952 (8), -0.36506 (8), -0.35407 (8), -0.30799 (8), -0.27674 (8), 
Length of domains: 34
Current (lb-rhs): -0.665790319442749
268 domains visited
Time: pickout 0.0139    decision 0.0721    set_bounds 0.0035    solve 0.5924    add 0.0013    
Accumulated time: pickout 0.0738    decision 0.4806    set_bounds 0.0163    solve 4.0145    add 0.0263    
Cumulative time: 4.653517246246338

BaB round 9
batch: 34
splitting decisions: 
split level 0: [/input, 217] [/input, 217] [/input, 217] [/input, 217] [/input-3, 123] [/input, 244] [/input, 244] [/input, 244] [/input-3, 9] [/input-3, 9] 
best_l after optimization: -11.500783920288086
beta sum per layer: [68.44049072265625, 47.535667419433594]
alpha/beta optimization time: 0.4743058681488037
pruning_in_iteration open status: True
ratio of positive domain = 23 / 68 = 0.3382352941176471
pruning-in-iteration extra time: 0.024700164794921875
torch.Size([68, 1])
Time: prepare 0.0027    bound 0.4753    transfer 0.0004    finalize 0.0017    func 0.4801    
Accumulated time: func 4.4890    prepare 0.0934    bound 4.4136    transfer 0.0098    finalize 0.0395    
max lb tensor(9.99999975e-05) min lb tensor(-0.56292653)
Number of Verified Splits: 23 of 68
Current worst splitting domains lb-rhs (depth):
-0.56293 (9), -0.53923 (9), -0.51215 (9), -0.49115 (9), -0.45925 (9), -0.44007 (9), -0.43871 (9), -0.43118 (9), -0.41438 (9), -0.41204 (9), -0.39616 (9), -0.39564 (9), -0.37790 (9), -0.36665 (9), -0.35044 (9), -0.33876 (9), -0.32049 (9), -0.30784 (9), -0.28878 (9), -0.28403 (9), 
Length of domains: 45
Current (lb-rhs): -0.5629265308380127
336 domains visited
Time: pickout 0.0059    decision 0.0302    set_bounds 0.0023    solve 0.4812    add 0.0016    
Accumulated time: pickout 0.0797    decision 0.5108    set_bounds 0.0186    solve 4.4957    add 0.0279    
Cumulative time: 5.174903154373169

BaB round 10
batch: 45
splitting decisions: 
split level 0: [/input-3, 9] [/input-3, 9] [/input-3, 9] [/input-3, 9] [/input, 244] [/input-3, 123] [/input-3, 123] [/input-3, 123] [/input-3, 123] [/input-3, 123] 
best_l after optimization: -9.024897575378418
beta sum per layer: [78.84910583496094, 49.318572998046875]
alpha/beta optimization time: 0.46828413009643555
pruning_in_iteration open status: True
ratio of positive domain = 47 / 90 = 0.5222222222222221
pruning-in-iteration extra time: 0.026163339614868164
torch.Size([90, 1])
Time: prepare 0.0029    bound 0.4694    transfer 0.0003    finalize 0.0015    func 0.4742    
Accumulated time: func 4.9632    prepare 0.0987    bound 4.8829    transfer 0.0102    finalize 0.0410    
max lb tensor(9.99999975e-05) min lb tensor(-0.43850851)
Number of Verified Splits: 47 of 90
Current worst splitting domains lb-rhs (depth):
-0.43851 (10), -0.42683 (10), -0.41784 (10), -0.41541 (10), -0.36059 (10), -0.35201 (10), -0.34760 (10), -0.34289 (10), -0.32659 (10), -0.31002 (10), -0.30090 (10), -0.29976 (10), -0.29214 (10), -0.27701 (10), -0.27452 (10), -0.27290 (10), -0.26379 (10), -0.25657 (10), -0.25194 (10), -0.24884 (10), 
Length of domains: 43
Current (lb-rhs): -0.4385085105895996
426 domains visited
Time: pickout 0.0134    decision 0.0331    set_bounds 0.0030    solve 0.4747    add 0.0012    
Accumulated time: pickout 0.0932    decision 0.5439    set_bounds 0.0217    solve 4.9705    add 0.0291    
Cumulative time: 5.700720548629761

BaB round 11
batch: 43
splitting decisions: 
split level 0: [/input-3, 123] [/input-3, 123] [/input-3, 123] [/input-3, 123] [/input, 217] [/input, 217] [/input, 217] [/input, 125] [/input, 244] [/input, 244] 
best_l after optimization: -5.36618709564209
beta sum per layer: [79.0176010131836, 22.280704498291016]
alpha/beta optimization time: 0.4778151512145996
pruning_in_iteration open status: True
ratio of positive domain = 50 / 86 = 0.5813953488372092
pruning-in-iteration extra time: 0.027601957321166992
torch.Size([86, 1])
Time: prepare 0.0032    bound 0.4788    transfer 0.0004    finalize 0.0015    func 0.4840    
Accumulated time: func 5.4472    prepare 0.1046    bound 5.3617    transfer 0.0105    finalize 0.0425    
max lb tensor(9.99999975e-05) min lb tensor(-0.34309006)
Number of Verified Splits: 50 of 86
Current worst splitting domains lb-rhs (depth):
-0.34309 (11), -0.33321 (11), -0.32560 (11), -0.32487 (11), -0.26505 (11), -0.25929 (11), -0.25591 (11), -0.25193 (11), -0.22569 (11), -0.21375 (11), -0.20624 (11), -0.20140 (11), -0.18907 (11), -0.18208 (11), -0.17701 (11), -0.17695 (11), -0.16593 (11), -0.16143 (11), -0.15780 (11), -0.15654 (11), 
Length of domains: 36
Current (lb-rhs): -0.3430900573730469
512 domains visited
Time: pickout 0.0076    decision 0.0356    set_bounds 0.0033    solve 0.4845    add 0.0012    
Accumulated time: pickout 0.1007    decision 0.5795    set_bounds 0.0249    solve 5.4550    add 0.0303    
Cumulative time: 6.23322606086731

BaB round 12
batch: 36
splitting decisions: 
split level 0: [/input-3, 65] [/input-3, 65] [/input-3, 65] [/input, 125] [/input-3, 65] [/input-3, 65] [/input-3, 65] [/input-3, 65] [/input-3, 65] [/input-3, 65] 
best_l after optimization: -2.72831392288208
beta sum per layer: [61.2945442199707, 7.055147171020508]
alpha/beta optimization time: 0.7115960121154785
pruning_in_iteration open status: True
ratio of positive domain = 50 / 72 = 0.6944444444444444
pruning-in-iteration extra time: 0.040429115295410156
torch.Size([72, 1])
Time: prepare 0.0026    bound 0.7132    transfer 0.0013    finalize 0.0045    func 0.7216    
Accumulated time: func 6.1688    prepare 0.1101    bound 6.0749    transfer 0.0118    finalize 0.0471    
max lb tensor(9.99999975e-05) min lb tensor(-0.24790525)
Number of Verified Splits: 50 of 72
Current worst splitting domains lb-rhs (depth):
-0.24791 (12), -0.24239 (12), -0.23837 (12), -0.23630 (12), -0.16831 (12), -0.16657 (12), -0.16487 (12), -0.15920 (12), -0.12470 (12), -0.11503 (12), -0.10869 (12), -0.10779 (12), -0.08819 (12), -0.08645 (12), -0.08289 (12), -0.08090 (12), -0.07108 (12), -0.06978 (12), -0.06926 (12), -0.06705 (12), 
Length of domains: 22
Current (lb-rhs): -0.24790525436401367
584 domains visited
Time: pickout 0.0074    decision 0.0354    set_bounds 0.0025    solve 0.7225    add 0.0019    
Accumulated time: pickout 0.1081    decision 0.6149    set_bounds 0.0274    solve 6.1776    add 0.0322    
Cumulative time: 7.003345251083374

BaB round 13
batch: 22
splitting decisions: 
split level 0: [/input-3, 59] [/input-3, 59] [/input-3, 59] [/input-3, 59] [/input, 125] [/input, 125] [/input-3, 123] [/input-3, 59] [/input, 125] [/input-3, 59] 
best_l after optimization: -0.978386640548706
beta sum per layer: [20.80963134765625, 1.6772369146347046]
alpha/beta optimization time: 0.7520325183868408
pruning_in_iteration open status: True
ratio of positive domain = 32 / 44 = 0.7272727272727273
pruning-in-iteration extra time: 0.04462003707885742
torch.Size([44, 1])
Time: prepare 0.0028    bound 0.7537    transfer 0.0026    finalize 0.0054    func 0.7646    
Accumulated time: func 6.9334    prepare 0.1207    bound 6.8286    transfer 0.0144    finalize 0.0525    
max lb tensor(9.99999975e-05) min lb tensor(-0.15445733)
Number of Verified Splits: 32 of 44
Current worst splitting domains lb-rhs (depth):
-0.15446 (13), -0.15138 (13), -0.14997 (13), -0.14567 (13), -0.07477 (13), -0.07192 (13), -0.07140 (13), -0.06905 (13), -0.03150 (13), -0.02507 (13), -0.01871 (13), -0.01770 (13), 
Length of domains: 12
Current (lb-rhs): -0.15445733070373535
628 domains visited
Time: pickout 0.0106    decision 0.0695    set_bounds 0.0024    solve 0.7654    add 0.0024    
Accumulated time: pickout 0.1187    decision 0.6843    set_bounds 0.0298    solve 6.9430    add 0.0346    
Cumulative time: 7.853870630264282

BaB round 14
batch: 12
splitting decisions: 
split level 0: [/input, 125] [/input-3, 65] [/input-3, 59] [/input, 125] [/input, 125] [/input-3, 59] [/input, 125] [/input, 125] [/input, 217] [/input, 125] 
best_l after optimization: -0.2376469075679779
beta sum per layer: [3.0867533683776855, 0.051177553832530975]
alpha/beta optimization time: 0.7062768936157227
pruning_in_iteration open status: True
ratio of positive domain = 20 / 24 = 0.8333333333333334
pruning-in-iteration extra time: 0.04835152626037598
torch.Size([24, 1])
Time: prepare 0.0030    bound 0.7126    transfer 0.0015    finalize 0.0052    func 0.7224    
Accumulated time: func 7.6558    prepare 0.1316    bound 7.5412    transfer 0.0159    finalize 0.0578    
max lb tensor(9.99999975e-05) min lb tensor(-0.06329870)
Number of Verified Splits: 20 of 24
Current worst splitting domains lb-rhs (depth):
-0.06330 (14), -0.06019 (14), -0.06000 (14), -0.05616 (14), 
Length of domains: 4
Current (lb-rhs): -0.06329870223999023
652 domains visited
Time: pickout 0.0113    decision 0.0622    set_bounds 0.0028    solve 0.7230    add 0.0014    
Accumulated time: pickout 0.1300    decision 0.7466    set_bounds 0.0326    solve 7.6660    add 0.0360    
Time out!!!!!!!!
Result: unknown in 12.7912 seconds

 %%%%%%%%%%%%%%%%%%%%%%%%%%%%%%%%%%% idx: 6, vnnlib ID: 46 %%%%%%%%%%%%%%%%%%%%%%%%%%%%%%%%%%%
Finished vnnlib processing in 0.007479 seconds
Attack parameters: initialization=uniform, steps=100, restarts=30, alpha=0.007500000298023224, GAMA=False
PGD attack margin (first 2 examples and 10 specs):
 tensor([[19.43345642,  9.43889999,  6.18731165,  6.50904989, 10.86111069,
         14.65733910,  8.18658829,  6.75368500, 11.28997612]], device='cuda:0')
Total number of violation:  0
Processing batch 1/1...
  0%|          | 0/100 [00:00<?, ?it/s]  9%|▉         | 9/100 [00:00<00:01, 89.78it/s] 18%|█▊        | 18/100 [00:00<00:00, 86.02it/s] 28%|██▊       | 28/100 [00:00<00:00, 88.60it/s] 37%|███▋      | 37/100 [00:00<00:00, 87.05it/s] 46%|████▌     | 46/100 [00:00<00:00, 86.53it/s] 55%|█████▌    | 55/100 [00:00<00:00, 86.17it/s] 64%|██████▍   | 64/100 [00:00<00:00, 87.18it/s] 73%|███████▎  | 73/100 [00:00<00:00, 87.24it/s] 82%|████████▏ | 82/100 [00:00<00:00, 86.46it/s] 91%|█████████ | 91/100 [00:01<00:00, 85.83it/s]100%|██████████| 100/100 [00:01<00:00, 83.16it/s]100%|██████████| 100/100 [00:01<00:00, 85.73it/s]
PGD attack margin (first 2 examples and 10 specs):
 tensor([[14.88147449,  5.23360968,  0.47301579,  2.74934387,  5.28269386,
         10.96861267,  3.40574265,  1.89927006,  5.42469883]], device='cuda:0')
Total number of violation:  0
Attack finished in 1.1945 seconds.
PGD attack failed
verified_status unknown
verified_success False
Model: BoundedModule(
  (/0): BoundInput(name=/0, inputs=[], perturbed=True)
  (/7): BoundParams(name=/7, inputs=[], perturbed=False)
  (/8): BoundParams(name=/8, inputs=[], perturbed=False)
  (/9): BoundParams(name=/9, inputs=[], perturbed=False)
  (/10): BoundParams(name=/10, inputs=[], perturbed=False)
  (/11): BoundParams(name=/11, inputs=[], perturbed=False)
  (/12): BoundParams(name=/12, inputs=[], perturbed=False)
  (/13): BoundFlatten(name=/13, inputs=[/0], perturbed=True)
  (/input): BoundLinear(name=/input, inputs=[/13, /7, /8], perturbed=True)
  (/15): BoundRelu(name=/15, inputs=[/input], perturbed=True)
  (/input-3): BoundLinear(name=/input-3, inputs=[/15, /9, /10], perturbed=True)
  (/17): BoundRelu(name=/17, inputs=[/input-3], perturbed=True)
  (/18): BoundLinear(name=/18, inputs=[/17, /11, /12], perturbed=True)
)
Original output in the first batch: tensor([[-12.51408482,   6.38444471,  -2.14759278,   1.19972932,  -0.81726742,
          -3.62789559,  -8.02997780,  -1.36966765,   0.63906342,  -4.60418415]],
       device='cuda:0')
Split layers:
Nonlinear functions:
   BoundRelu(name=/15, inputs=[/input], perturbed=True)
   BoundRelu(name=/17, inputs=[/input-3], perturbed=True)
build batch [1/1]
layer /15 using sparse-features alpha with shape [112]; unstable size 112; total size 256 ([1, 256])
layer /15 start_node /input-3 using sparse-spec alpha [2, 62, 1, 112] with unstable size 61 total_size 128 output_shape torch.Size([128])
layer /15 start_node /18 using full alpha [2, 9, 1, 112] with unstable size None total_size 9 output_shape 9
layer /17 using sparse-features alpha with shape [61]; unstable size 61; total size 128 ([1, 128])
layer /17 start_node /18 using full alpha [2, 9, 1, 61] with unstable size None total_size 9 output_shape 9
Optimizable variables initialized.
initial CROWN bounds (first 10 items): [11.207408905029297, 1.327911376953125, -4.2818427085876465, -0.33592700958251953, 0.5838117599487305, 7.520413398742676, 0.08974790573120117, -1.4204721450805664, 1.0947322845458984]
prune_after_crown optimization in use
  original spec size = torch.Size([1, 9])
  pruned spec size = torch.Size([1, 3])
Using alpha-CROWN to initialize bounds.
Early stop at 60th iter due to 10 iterations no improvement!
best_l after optimization: -5.42042875289917
alpha/beta optimization time: 1.4095096588134766
initial alpha-crown bounds (first 10 items): [-4.167672157287598, 0.023073673248291016, -1.2758305072784424]
Global lower bound: -4.167672157287598
torch.Size([1, 3])
7 / 9 OR specs are verified.
Verified OR indices (first 10 items): [0, 1, 3, 4, 5, 6, 8]
Verified OR lbs (first 10 items): [[inf], [inf], [0.023073673248291016], [inf], [inf], [inf], [inf]]
Unverified OR indices (first 10 items): [2, 7]
Unverified OR lbs (first 10 items): [[-4.167672157287598], [-1.2758305072784424]]
###### Verifying property Instance 6 ######
Batch size: 2
First 10 spec matrices
C: tensor([[[ 0.,  1.,  0., -1.,  0.,  0.,  0.,  0.,  0.,  0.]],

        [[ 0.,  1.,  0.,  0.,  0.,  0.,  0.,  0., -1.,  0.]]], device='cuda:0')
RHS: tensor([[0.],
        [0.]], device='cuda:0')
OR spec sizes: tensor([1, 1], device='cuda:0', dtype=torch.int32)
Remaining timeout: 8.973216533660889
Model prediction is: tensor([-12.51408482,   6.38444471,  -2.14759278,   1.19972932,  -0.81726742,
         -3.62789559,  -8.02997780,  -1.36966765,   0.63906342,  -4.60418415],
       device='cuda:0')
Activation BaB batch 1/1 
build_with_refined_bounds batch [1/1]
Optimizable variables initialized.
all alpha initialized
directly get lb and ub from refined bounds
c shape: torch.Size([2, 1, 10])
lA shapes: [torch.Size([2, 1, 256]), torch.Size([2, 1, 128])]
torch.Size([2, 1])
(alpha-)CROWN with fixed intermediate bounds: tensor([[-4.16767216],
        [-1.27583051]], device='cuda:0') tensor([[inf],
        [inf]], device='cuda:0')
Intermediate layers: /input,/input-3
Keeping alphas for these layers: ['/18']
Node /15 input 0: size torch.Size([256]) unstable 112
Node /17 input 0: size torch.Size([128]) unstable 61
-----------------
# of unstable neurons: 173
-----------------

BaB round 1
batch: 2
splitting decisions: 
split level 0: [/input, 172] [/input-3, 80] 
best_l after optimization: -10.032001495361328
beta sum per layer: [0.0, 0.011999408714473248]
alpha/beta optimization time: 0.5948333740234375
pruning_in_iteration open status: False
ratio of positive domain = 0 / 4 = 0.0
pruning-in-iteration extra time: 0.0003135204315185547
torch.Size([4, 1])
Time: prepare 0.0019    bound 0.5959    transfer 0.0018    finalize 0.0071    func 0.6068    
Accumulated time: func 0.6068    prepare 0.0103    bound 0.5959    transfer 0.0018    finalize 0.0071    
max lb tensor(-1.11251330) min lb tensor(-3.91765547)
Number of Verified Splits: 0 of 4
Current worst splitting domains lb-rhs (depth):
-3.91766 (1), -3.87625 (1), -1.12558 (1), -1.11251 (1), 
Length of domains: 4
Current (lb-rhs): -3.9176554679870605
4 domains visited
Time: pickout 0.0009    decision 0.0468    set_bounds 0.0011    solve 0.6074    add 0.0109    
Accumulated time: pickout 0.0009    decision 0.0468    set_bounds 0.0011    solve 0.6074    add 0.0109    
Cumulative time: 0.7083590030670166

BaB round 2
batch: 4
splitting decisions: 
split level 0: [/input, 71] [/input-3, 74] [/input, 71] [/input, 160] 
best_l after optimization: -17.916000366210938
beta sum per layer: [1.3807063102722168, 1.3053836822509766]
alpha/beta optimization time: 0.5651655197143555
pruning_in_iteration open status: False
ratio of positive domain = 0 / 8 = 0.0
pruning-in-iteration extra time: 0.0004968643188476562
torch.Size([8, 1])
Time: prepare 0.0021    bound 0.5665    transfer 0.0012    finalize 0.0048    func 0.5748    
Accumulated time: func 1.1815    prepare 0.0219    bound 1.1625    transfer 0.0030    finalize 0.0119    
max lb tensor(-0.55927181) min lb tensor(-3.67663050)
Number of Verified Splits: 0 of 8
Current worst splitting domains lb-rhs (depth):
-3.67663 (2), -3.67453 (2), -3.64159 (2), -3.62494 (2), -0.99852 (2), -0.99391 (2), -0.74661 (2), -0.55927 (2), 
Length of domains: 8
Current (lb-rhs): -3.6766304969787598
12 domains visited
Time: pickout 0.0075    decision 0.0526    set_bounds 0.0017    solve 0.5755    add 0.0015    
Accumulated time: pickout 0.0084    decision 0.0993    set_bounds 0.0028    solve 1.1830    add 0.0124    
Cumulative time: 1.3472318649291992

BaB round 3
batch: 8
splitting decisions: 
split level 0: [/input, 160] [/input, 160] [/input, 160] [/input-3, 74] [/input, 160] [/input, 160] [/input, 160] [/input-3, 74] 
best_l after optimization: -27.212295532226562
beta sum per layer: [12.154802322387695, 3.7781851291656494]
alpha/beta optimization time: 0.5635590553283691
pruning_in_iteration open status: False
ratio of positive domain = 0 / 16 = 0.0
pruning-in-iteration extra time: 0.00046253204345703125
torch.Size([16, 1])
Time: prepare 0.0023    bound 0.5648    transfer 0.0008    finalize 0.0054    func 0.5733    
Accumulated time: func 1.7548    prepare 0.0313    bound 1.7273    transfer 0.0038    finalize 0.0174    
max lb tensor(-0.24061418) min lb tensor(-3.47317505)
Number of Verified Splits: 0 of 16
Current worst splitting domains lb-rhs (depth):
-3.47318 (3), -3.47222 (3), -3.43427 (3), -3.41562 (3), -2.27310 (3), -2.25336 (3), -2.20788 (3), -2.19556 (3), -0.88517 (3), -0.87569 (3), -0.64317 (3), -0.59798 (3), -0.49449 (3), -0.38474 (3), -0.36527 (3), -0.24061 (3), 
Length of domains: 16
Current (lb-rhs): -3.473175048828125
28 domains visited
Time: pickout 0.0094    decision 0.0503    set_bounds 0.0016    solve 0.5739    add 0.0022    
Accumulated time: pickout 0.0179    decision 0.1496    set_bounds 0.0044    solve 1.7569    add 0.0146    
Cumulative time: 1.9847886562347412

BaB round 4
batch: 16
splitting decisions: 
split level 0: [/input-3, 36] [/input-3, 27] [/input-3, 36] [/input-3, 27] [/input-3, 36] [/input-3, 27] [/input-3, 36] [/input-3, 27] [/input-3, 36] [/input-3, 27] 
best_l after optimization: -46.95667266845703
beta sum per layer: [38.46795654296875, 16.13111114501953]
alpha/beta optimization time: 0.5799686908721924
pruning_in_iteration open status: False
ratio of positive domain = 1 / 32 = 0.03125
pruning-in-iteration extra time: 0.00032901763916015625
torch.Size([32, 1])
Time: prepare 0.0026    bound 0.5811    transfer 0.0016    finalize 0.0074    func 0.5927    
Accumulated time: func 2.3476    prepare 0.0414    bound 2.3084    transfer 0.0054    finalize 0.0248    
max lb tensor(0.00721717) min lb tensor(-3.32616425)
Number of Verified Splits: 1 of 32
Current worst splitting domains lb-rhs (depth):
-3.32616 (4), -3.32395 (4), -3.27643 (4), -3.25858 (4), -3.21959 (4), -3.21463 (4), -3.21081 (4), -3.19430 (4), -2.01228 (4), -2.00717 (4), -1.95734 (4), -1.94290 (4), -1.85961 (4), -1.83081 (4), -1.79702 (4), -1.75333 (4), -0.77331 (4), -0.76152 (4), -0.62345 (4), -0.60335 (4), 
Length of domains: 31
Current (lb-rhs): -3.3261642456054688
60 domains visited
Time: pickout 0.0128    decision 0.0568    set_bounds 0.0014    solve 0.5935    add 0.0017    
Accumulated time: pickout 0.0306    decision 0.2064    set_bounds 0.0058    solve 2.3503    add 0.0162    
Cumulative time: 2.651038646697998

BaB round 5
batch: 31
splitting decisions: 
split level 0: [/input-3, 0] [/input-3, 66] [/input-3, 0] [/input-3, 66] [/input-3, 0] [/input-3, 66] [/input-3, 0] [/input-3, 66] [/input-3, 0] [/input-3, 66] 
best_l after optimization: -75.91279602050781
beta sum per layer: [80.12278747558594, 51.73847961425781]
alpha/beta optimization time: 0.5582928657531738
pruning_in_iteration open status: False
ratio of positive domain = 6 / 62 = 0.09677419354838712
pruning-in-iteration extra time: 0.0003180503845214844
torch.Size([62, 1])
Time: prepare 0.0032    bound 0.5594    transfer 0.0008    finalize 0.0043    func 0.5678    
Accumulated time: func 2.9154    prepare 0.0536    bound 2.8678    transfer 0.0062    finalize 0.0291    
max lb tensor(0.09549999) min lb tensor(-3.20600224)
Number of Verified Splits: 6 of 62
Current worst splitting domains lb-rhs (depth):
-3.20600 (5), -3.19609 (5), -3.14218 (5), -3.13092 (5), -3.08401 (5), -3.07917 (5), -3.07556 (5), -3.05894 (5), -2.55335 (5), -2.54409 (5), -2.53562 (5), -2.51457 (5), -2.48971 (5), -2.48692 (5), -2.48354 (5), -2.47014 (5), -1.89033 (5), -1.88716 (5), -1.82332 (5), -1.80583 (5), 
Length of domains: 56
Current (lb-rhs): -3.2060022354125977
122 domains visited
Time: pickout 0.0118    decision 0.0724    set_bounds 0.0022    solve 0.5684    add 0.0027    
Accumulated time: pickout 0.0424    decision 0.2788    set_bounds 0.0081    solve 2.9188    add 0.0189    
Cumulative time: 3.3087403774261475

BaB round 6
batch: 56
splitting decisions: 
split level 0: [/input-3, 40] [/input-3, 31] [/input-3, 40] [/input, 71] [/input-3, 40] [/input, 130] [/input-3, 40] [/input, 71] [/input-3, 74] [/input, 71] 
best_l after optimization: -118.10304260253906
beta sum per layer: [146.33119201660156, 122.91697692871094]
alpha/beta optimization time: 0.43035364151000977
pruning_in_iteration open status: False
ratio of positive domain = 14 / 112 = 0.125
pruning-in-iteration extra time: 0.00014925003051757812
torch.Size([112, 1])
Time: prepare 0.0050    bound 0.4313    transfer 0.0002    finalize 0.0016    func 0.4382    
Accumulated time: func 3.3536    prepare 0.0667    bound 3.2991    transfer 0.0064    finalize 0.0307    
max lb tensor(0.33610892) min lb tensor(-3.12607336)
Number of Verified Splits: 14 of 112
Current worst splitting domains lb-rhs (depth):
-3.12607 (6), -3.10926 (6), -3.04816 (6), -3.04199 (6), -2.98659 (6), -2.98605 (6), -2.97546 (6), -2.96330 (6), -2.39246 (6), -2.38137 (6), -2.37432 (6), -2.35299 (6), -2.32048 (6), -2.31951 (6), -2.31822 (6), -2.30809 (6), -2.30333 (6), -2.29674 (6), -2.26351 (6), -2.26010 (6), 
Length of domains: 98
Current (lb-rhs): -3.1260733604431152
234 domains visited
Time: pickout 0.0159    decision 0.0798    set_bounds 0.0041    solve 0.4387    add 0.0014    
Accumulated time: pickout 0.0583    decision 0.3586    set_bounds 0.0122    solve 3.3575    add 0.0203    
Cumulative time: 3.8489067554473877

BaB round 7
batch: 64
splitting decisions: 
split level 0: [/input-3, 36] [/input-3, 74] [/input-3, 51] [/input-3, 40] [/input-3, 36] [/input-3, 74] [/input-3, 102] [/input-3, 51] [/input-3, 102] [/input, 130] 
best_l after optimization: -80.93737030029297
beta sum per layer: [186.81398010253906, 216.80618286132812]
alpha/beta optimization time: 0.4355440139770508
pruning_in_iteration open status: True
ratio of positive domain = 31 / 128 = 0.2421875
pruning-in-iteration extra time: 0.015888690948486328
torch.Size([128, 1])
Time: prepare 0.0039    bound 0.4366    transfer 0.0004    finalize 0.0019    func 0.4428    
Accumulated time: func 3.7965    prepare 0.0727    bound 3.7357    transfer 0.0067    finalize 0.0326    
max lb tensor(9.99999975e-05) min lb tensor(-2.28963375)
Number of Verified Splits: 31 of 128
Current worst splitting domains lb-rhs (depth):
-3.12607 (6), -3.10926 (6), -3.04816 (6), -3.04199 (6), -2.98659 (6), -2.98605 (6), -2.97546 (6), -2.96330 (6), -2.39246 (6), -2.37432 (6), -2.32048 (6), -2.31951 (6), -2.28963 (7), -2.26564 (7), -2.22487 (7), -2.21031 (7), -2.18350 (7), -2.17843 (7), -2.16931 (7), -2.16099 (7), 
Length of domains: 131
Current (lb-rhs): -3.1260733604431152
362 domains visited
Time: pickout 0.0101    decision 0.0341    set_bounds 0.0042    solve 0.4435    add 0.0011    
Accumulated time: pickout 0.0684    decision 0.3927    set_bounds 0.0164    solve 3.8010    add 0.0213    
current_vram/total_varm: 0.0GB/8.6GB, batch_size increase to 128
Cumulative time: 4.342433452606201

BaB round 8
batch: 128
splitting decisions: 
split level 0: [/input-3, 31] [/input-3, 74] [/input-3, 16] [/input-3, 102] [/input-3, 40] [/input-3, 74] [/input-3, 31] [/input-3, 40] [/input, 130] [/input-3, 40] 
best_l after optimization: -171.82972717285156
beta sum per layer: [388.74383544921875, 467.9871826171875]
alpha/beta optimization time: 0.4853377342224121
pruning_in_iteration open status: True
ratio of positive domain = 63 / 256 = 0.24609375
pruning-in-iteration extra time: 0.02182292938232422
torch.Size([256, 1])
Time: prepare 0.0066    bound 0.4865    transfer 0.0004    finalize 0.0025    func 0.4960    
Accumulated time: func 4.2924    prepare 0.0828    bound 4.2222    transfer 0.0071    finalize 0.0350    
max lb tensor(9.99999975e-05) min lb tensor(-3.04611206)
Number of Verified Splits: 63 of 256
Current worst splitting domains lb-rhs (depth):
-3.10926 (6), -3.04816 (6), -3.04611 (7), -2.96478 (7), -2.91325 (7), -2.91265 (7), -2.89453 (7), -2.88387 (7), -2.30191 (7), -2.29260 (7), -2.23151 (7), -2.23113 (7), -2.19198 (8), -2.17095 (8), -2.11776 (8), -2.11103 (8), -2.10172 (8), -2.07707 (8), -2.07198 (8), -2.06998 (8), 
Length of domains: 196
Current (lb-rhs): -3.109255790710449
618 domains visited
Time: pickout 0.0186    decision 0.0445    set_bounds 0.0081    solve 0.4965    add 0.0012    
Accumulated time: pickout 0.0870    decision 0.4372    set_bounds 0.0245    solve 4.2976    add 0.0226    
current_vram/total_varm: 0.1GB/8.6GB, batch_size increase to 256
Cumulative time: 4.912071704864502

BaB round 9
batch: 196
splitting decisions: 
split level 0: [/input-3, 74] [/input, 71] [/input-3, 102] [/input, 130] [/input, 57] [/input-3, 122] [/input-3, 74] [/input-3, 31] [/input-3, 102] [/input-3, 36] 
best_l after optimization: -258.382080078125
beta sum per layer: [673.4912109375, 784.8366088867188]
alpha/beta optimization time: 0.47641587257385254
pruning_in_iteration open status: True
ratio of positive domain = 121 / 392 = 0.3086734693877551
pruning-in-iteration extra time: 0.025481224060058594
torch.Size([392, 1])
Time: prepare 0.0093    bound 0.4775    transfer 0.0004    finalize 0.0030    func 0.4906    
Accumulated time: func 4.7831    prepare 0.0948    bound 4.6996    transfer 0.0076    finalize 0.0380    
max lb tensor(9.99999975e-05) min lb tensor(-3.03521204)
Number of Verified Splits: 121 of 392
Current worst splitting domains lb-rhs (depth):
-3.03521 (7), -2.97116 (7), -2.96195 (8), -2.88716 (8), -2.81478 (8), -2.81324 (8), -2.79553 (8), -2.78407 (8), -2.61704 (8), -2.60716 (8), -2.57851 (8), -2.57087 (8), -2.54814 (8), -2.43879 (8), -2.20173 (8), -2.19785 (8), -2.12935 (8), -2.12492 (8), -2.11600 (9), -2.09910 (8), 
Length of domains: 271
Current (lb-rhs): -3.0352120399475098
1010 domains visited
Time: pickout 0.0235    decision 0.0622    set_bounds 0.0104    solve 0.4915    add 0.0017    
Accumulated time: pickout 0.1104    decision 0.4994    set_bounds 0.0350    solve 4.7891    add 0.0242    
Cumulative time: 5.501842260360718

BaB round 10
batch: 256
splitting decisions: 
split level 0: [/input, 77] [/input-3, 31] [/input-3, 102] [/input-3, 31] [/input, 78] [/input-3, 102] [/input, 78] [/input-3, 31] [/input-3, 31] [/input-3, 102] 
best_l after optimization: -306.813720703125
beta sum per layer: [990.341552734375, 1210.7322998046875]
alpha/beta optimization time: 0.7017989158630371
pruning_in_iteration open status: True
ratio of positive domain = 146 / 512 = 0.28515625
pruning-in-iteration extra time: 0.0379791259765625
torch.Size([512, 1])
Time: prepare 0.0146    bound 0.7030    transfer 0.0005    finalize 0.0042    func 0.7225    
Accumulated time: func 5.5055    prepare 0.1166    bound 5.4027    transfer 0.0081    finalize 0.0422    
max lb tensor(0.00061941) min lb tensor(-2.89252329)
Number of Verified Splits: 146 of 512
Current worst splitting domains lb-rhs (depth):
-3.03521 (7), -2.96195 (8), -2.89252 (8), -2.81324 (8), -2.79672 (9), -2.70307 (9), -2.68070 (9), -2.67417 (9), -2.67383 (9), -2.66717 (9), -2.66686 (9), -2.64910 (9), -2.49617 (9), -2.49345 (9), -2.48962 (9), -2.47855 (9), -2.46639 (9), -2.46222 (9), -2.44704 (9), -2.43595 (8), 
Length of domains: 381
Current (lb-rhs): -3.0352120399475098
1522 domains visited
Time: pickout 0.0302    decision 0.2645    set_bounds 0.0137    solve 0.7231    add 0.0015    
Accumulated time: pickout 0.1407    decision 0.7638    set_bounds 0.0486    solve 5.5122    add 0.0257    
current_vram/total_varm: 0.1GB/8.6GB, batch_size increase to 512
Cumulative time: 6.535690069198608

BaB round 11
batch: 381
splitting decisions: 
split level 0: [/input, 57] [/input, 130] [/input-3, 74] [/input-3, 36] [/input, 78] [/input-3, 36] [/input, 77] [/input, 168] [/input-3, 122] [/input, 78] 
best_l after optimization: -500.08697509765625
beta sum per layer: [1412.9447021484375, 2019.7655029296875]
alpha/beta optimization time: 0.4919905662536621
pruning_in_iteration open status: True
ratio of positive domain = 187 / 762 = 0.24540682414698167
pruning-in-iteration extra time: 0.02509593963623047
torch.Size([762, 1])
Time: prepare 0.0165    bound 0.4932    transfer 0.0005    finalize 0.0054    func 0.5157    
Accumulated time: func 6.0213    prepare 0.1379    bound 5.8958    transfer 0.0086    finalize 0.0477    
max lb tensor(9.99999975e-05) min lb tensor(-2.95077562)
Number of Verified Splits: 187 of 762
Current worst splitting domains lb-rhs (depth):
-2.95078 (8), -2.85049 (9), -2.81532 (9), -2.79895 (9), -2.70543 (9), -2.68581 (10), -2.63425 (10), -2.62862 (9), -2.59778 (10), -2.57757 (10), -2.57148 (10), -2.57050 (10), -2.56972 (10), -2.56228 (10), -2.54403 (10), -2.52428 (8), -2.51876 (10), -2.49288 (10), -2.48281 (10), -2.48121 (10), 
Length of domains: 575
Current (lb-rhs): -2.950775623321533
2284 domains visited
Time: pickout 0.0447    decision 0.0837    set_bounds 0.0170    solve 0.5164    add 0.0012    
Accumulated time: pickout 0.1854    decision 0.8476    set_bounds 0.0656    solve 6.0286    add 0.0269    
Cumulative time: 7.199542999267578

BaB round 12
batch: 512
splitting decisions: 
split level 0: [/input-3, 65] [/input, 240] [/input, 135] [/input-3, 102] [/input-3, 127] [/input-3, 127] [/input, 78] [/input-3, 27] [/input-3, 31] [/input-3, 65] 
best_l after optimization: -649.388671875
beta sum per layer: [1966.1212158203125, 3059.220458984375]
alpha/beta optimization time: 0.47750258445739746
pruning_in_iteration open status: True
ratio of positive domain = 305 / 1024 = 0.2978515625
pruning-in-iteration extra time: 0.025203227996826172
torch.Size([1024, 1])
Time: prepare 0.0212    bound 0.4785    transfer 0.0006    finalize 0.0070    func 0.5074    
Accumulated time: func 6.5287    prepare 0.1614    bound 6.3743    transfer 0.0092    finalize 0.0546    
max lb tensor(9.99999975e-05) min lb tensor(-2.72386169)
Number of Verified Splits: 305 of 1024
Current worst splitting domains lb-rhs (depth):
-2.95078 (8), -2.85049 (9), -2.81532 (9), -2.72386 (10), -2.70543 (9), -2.68581 (10), -2.56972 (10), -2.56228 (10), -2.55075 (11), -2.54403 (10), -2.54032 (10), -2.52060 (11), -2.50609 (11), -2.49896 (11), -2.48597 (11), -2.45158 (10), -2.44301 (11), -2.41629 (11), -2.40752 (11), -2.39657 (11), 
Length of domains: 782
Current (lb-rhs): -2.950775623321533
3308 domains visited
Time: pickout 0.0569    decision 0.0988    set_bounds 0.0286    solve 0.5082    add 0.0016    
Accumulated time: pickout 0.2423    decision 0.9464    set_bounds 0.0942    solve 6.5368    add 0.0285    
current_vram/total_varm: 0.2GB/8.6GB, batch_size increase to 1024
Cumulative time: 7.8951191902160645

BaB round 13
batch: 782
splitting decisions: 
split level 0: [/input, 78] [/input-3, 36] [/input, 77] [/input-3, 122] [/input, 168] [/input-3, 31] [/input, 243] [/input, 78] [/input, 168] [/input-3, 51] 
best_l after optimization: -1146.863525390625
beta sum per layer: [3370.6005859375, 4937.55615234375]
alpha/beta optimization time: 0.4401509761810303
pruning_in_iteration open status: True
ratio of positive domain = 342 / 1564 = 0.21867007672634275
pruning-in-iteration extra time: 0.015918970108032227
torch.Size([1564, 1])
Time: prepare 0.0329    bound 0.4412    transfer 0.0007    finalize 0.0111    func 0.4860    
Accumulated time: func 7.0146    prepare 0.1974    bound 6.8155    transfer 0.0099    finalize 0.0657    
max lb tensor(9.99999975e-05) min lb tensor(-2.84179306)
Number of Verified Splits: 342 of 1564
Current worst splitting domains lb-rhs (depth):
-2.84179 (9), -2.78688 (9), -2.76858 (10), -2.70278 (10), -2.68578 (10), -2.64953 (11), -2.62745 (10), -2.60804 (11), -2.59079 (10), -2.49307 (11), -2.49246 (11), -2.47177 (11), -2.44589 (12), -2.44319 (12), -2.43790 (11), -2.42871 (12), -2.42348 (12), -2.42342 (12), -2.38496 (11), -2.37218 (12), 
Length of domains: 1222
Current (lb-rhs): -2.8417930603027344
4872 domains visited
Time: pickout 0.0843    decision 0.1504    set_bounds 0.0359    solve 0.4870    add 0.0056    
Accumulated time: pickout 0.3266    decision 1.0968    set_bounds 0.1301    solve 7.0238    add 0.0341    
Cumulative time: 8.660111904144287

BaB round 14
batch: 1024
splitting decisions: 
split level 0: [/input-3, 31] [/input-3, 25] [/input, 169] [/input, 169] [/input, 169] [/input-3, 25] [/input, 240] [/input, 168] [/input-3, 74] [/input-3, 25] 
best_l after optimization: -1396.010498046875
beta sum per layer: [5126.9111328125, 6964.0908203125]
alpha/beta optimization time: 0.39359116554260254
pruning_in_iteration open status: False
ratio of positive domain = 400 / 2048 = 0.1953125
pruning-in-iteration extra time: 0.00014352798461914062
torch.Size([2048, 1])
Time: prepare 0.0429    bound 0.3947    transfer 0.0007    finalize 0.0132    func 0.4516    
Accumulated time: func 7.4663    prepare 0.2444    bound 7.2102    transfer 0.0106    finalize 0.0789    
max lb tensor(1.00034332) min lb tensor(-2.71179342)
Number of Verified Splits: 401 of 2048
Current worst splitting domains lb-rhs (depth):
-2.84179 (9), -2.76858 (10), -2.71179 (10), -2.68578 (10), -2.62745 (10), -2.60988 (11), -2.60804 (11), -2.54558 (12), -2.51239 (11), -2.50899 (12), -2.49307 (11), -2.49246 (11), -2.47177 (11), -2.46931 (11), -2.44589 (12), -2.42871 (12), -2.42839 (10), -2.42342 (12), -2.38496 (11), -2.36074 (12), 
Length of domains: 1845
Current (lb-rhs): -2.8417930603027344
6920 domains visited
Time: pickout 0.1043    decision 0.1807    set_bounds 0.0476    solve 0.4533    add 0.0031    
Accumulated time: pickout 0.4309    decision 1.2774    set_bounds 0.1777    solve 7.4771    add 0.0372    
current_vram/total_varm: 0.3GB/8.6GB, batch_size increase to 2048
Time out!!!!!!!!
Result: unknown in 12.4883 seconds

 %%%%%%%%%%%%%%%%%%%%%%%%%%%%%%%%%%% idx: 7, vnnlib ID: 47 %%%%%%%%%%%%%%%%%%%%%%%%%%%%%%%%%%%
Finished vnnlib processing in 0.003913 seconds
Attack parameters: initialization=uniform, steps=100, restarts=30, alpha=0.007500000298023224, GAMA=False
PGD attack margin (first 2 examples and 10 specs):
 tensor([[14.60480881,  7.76892757, 11.89156914, 11.69394684, 14.67492485,
         10.68241692, 12.75881386, 13.43326187, 22.05479431]], device='cuda:0')
Total number of violation:  0
Processing batch 1/1...
  0%|          | 0/100 [00:00<?, ?it/s] 20%|██        | 20/100 [00:00<00:00, 189.32it/s] 42%|████▏     | 42/100 [00:00<00:00, 204.11it/s] 65%|██████▌   | 65/100 [00:00<00:00, 211.81it/s] 88%|████████▊ | 88/100 [00:00<00:00, 216.87it/s]100%|██████████| 100/100 [00:00<00:00, 212.01it/s]
PGD attack margin (first 2 examples and 10 specs):
 tensor([[10.56814194,  5.19908428,  8.22229862,  7.00977612,  9.44679737,
          6.01683331,  9.18485737,  9.04214764, 16.00684738]], device='cuda:0')
Total number of violation:  0
Attack finished in 0.4811 seconds.
PGD attack failed
verified_status unknown
verified_success False
Model: BoundedModule(
  (/0): BoundInput(name=/0, inputs=[], perturbed=True)
  (/7): BoundParams(name=/7, inputs=[], perturbed=False)
  (/8): BoundParams(name=/8, inputs=[], perturbed=False)
  (/9): BoundParams(name=/9, inputs=[], perturbed=False)
  (/10): BoundParams(name=/10, inputs=[], perturbed=False)
  (/11): BoundParams(name=/11, inputs=[], perturbed=False)
  (/12): BoundParams(name=/12, inputs=[], perturbed=False)
  (/13): BoundFlatten(name=/13, inputs=[/0], perturbed=True)
  (/input): BoundLinear(name=/input, inputs=[/13, /7, /8], perturbed=True)
  (/15): BoundRelu(name=/15, inputs=[/input], perturbed=True)
  (/input-3): BoundLinear(name=/input-3, inputs=[/15, /9, /10], perturbed=True)
  (/17): BoundRelu(name=/17, inputs=[/input-3], perturbed=True)
  (/18): BoundLinear(name=/18, inputs=[/17, /11, /12], perturbed=True)
)
Original output in the first batch: tensor([[ -4.53285074,   2.31200194,  10.07730770,  -1.34700036,  -1.77698314,
          -4.27106905,  -0.55103123,  -2.58731532,  -2.91117001, -11.71636200]],
       device='cuda:0')
Split layers:
Nonlinear functions:
   BoundRelu(name=/15, inputs=[/input], perturbed=True)
   BoundRelu(name=/17, inputs=[/input-3], perturbed=True)
build batch [1/1]
layer /15 using sparse-features alpha with shape [113]; unstable size 113; total size 256 ([1, 256])
layer /15 start_node /input-3 using sparse-spec alpha [2, 59, 1, 113] with unstable size 58 total_size 128 output_shape torch.Size([128])
layer /15 start_node /18 using full alpha [2, 9, 1, 113] with unstable size None total_size 9 output_shape 9
layer /17 using sparse-features alpha with shape [58]; unstable size 58; total size 128 ([1, 128])
layer /17 start_node /18 using full alpha [2, 9, 1, 58] with unstable size None total_size 9 output_shape 9
Optimizable variables initialized.
initial CROWN bounds (first 10 items): [6.885630130767822, 2.700371265411377, 4.916657447814941, 3.4636640548706055, 5.292098522186279, 1.9472064971923828, 6.295353412628174, 5.763540267944336, 12.624526977539062]
Verified with initial CROWN!
verified with init bound!
Result: safe-incomplete in 0.5810 seconds

 %%%%%%%%%%%%%%%%%%%%%%%%%%%%%%%%%%% idx: 8, vnnlib ID: 48 %%%%%%%%%%%%%%%%%%%%%%%%%%%%%%%%%%%
Finished vnnlib processing in 0.002568 seconds
Attack parameters: initialization=uniform, steps=100, restarts=30, alpha=0.007500000298023224, GAMA=False
PGD attack margin (first 2 examples and 10 specs):
 tensor([[32.27968216, 23.74755669, 30.14279747, 28.57232666, 19.97717476,
         30.53073311, 22.89800644, 20.61956215, 16.57260132]], device='cuda:0')
Total number of violation:  0
Processing batch 1/1...
  0%|          | 0/100 [00:00<?, ?it/s] 21%|██        | 21/100 [00:00<00:00, 203.01it/s] 43%|████▎     | 43/100 [00:00<00:00, 209.69it/s] 65%|██████▌   | 65/100 [00:00<00:00, 213.17it/s] 87%|████████▋ | 87/100 [00:00<00:00, 207.54it/s]100%|██████████| 100/100 [00:00<00:00, 206.48it/s]
PGD attack margin (first 2 examples and 10 specs):
 tensor([[27.14439392, 19.96158600, 24.84983444, 21.64538193, 13.78044605,
         24.77396011, 19.11822891, 13.90552044, 11.62130833]], device='cuda:0')
Total number of violation:  0
Attack finished in 0.4942 seconds.
PGD attack failed
verified_status unknown
verified_success False
Model: BoundedModule(
  (/0): BoundInput(name=/0, inputs=[], perturbed=True)
  (/7): BoundParams(name=/7, inputs=[], perturbed=False)
  (/8): BoundParams(name=/8, inputs=[], perturbed=False)
  (/9): BoundParams(name=/9, inputs=[], perturbed=False)
  (/10): BoundParams(name=/10, inputs=[], perturbed=False)
  (/11): BoundParams(name=/11, inputs=[], perturbed=False)
  (/12): BoundParams(name=/12, inputs=[], perturbed=False)
  (/13): BoundFlatten(name=/13, inputs=[/0], perturbed=True)
  (/input): BoundLinear(name=/input, inputs=[/13, /7, /8], perturbed=True)
  (/15): BoundRelu(name=/15, inputs=[/input], perturbed=True)
  (/input-3): BoundLinear(name=/input-3, inputs=[/15, /9, /10], perturbed=True)
  (/17): BoundRelu(name=/17, inputs=[/input-3], perturbed=True)
  (/18): BoundLinear(name=/18, inputs=[/17, /11, /12], perturbed=True)
)
Original output in the first batch: tensor([[-13.85408115,  -5.55948067, -11.52900124,  -9.63717651,  17.67809296,
          -1.34997821, -12.10140228,  -4.58971024,  -1.80103827,   1.96170390]],
       device='cuda:0')
Split layers:
Nonlinear functions:
   BoundRelu(name=/15, inputs=[/input], perturbed=True)
   BoundRelu(name=/17, inputs=[/input-3], perturbed=True)
build batch [1/1]
layer /15 using sparse-features alpha with shape [68]; unstable size 68; total size 256 ([1, 256])
layer /15 start_node /input-3 using sparse-spec alpha [2, 38, 1, 68] with unstable size 37 total_size 128 output_shape torch.Size([128])
layer /15 start_node /18 using full alpha [2, 9, 1, 68] with unstable size None total_size 9 output_shape 9
layer /17 using sparse-features alpha with shape [37]; unstable size 37; total size 128 ([1, 128])
layer /17 start_node /18 using full alpha [2, 9, 1, 37] with unstable size None total_size 9 output_shape 9
Optimizable variables initialized.
initial CROWN bounds (first 10 items): [23.71628761291504, 17.44407844543457, 21.613357543945312, 18.386486053466797, 10.61992073059082, 21.756608963012695, 16.569684982299805, 10.830061912536621, 8.602642059326172]
Verified with initial CROWN!
verified with init bound!
Result: safe-incomplete in 0.5967 seconds

 %%%%%%%%%%%%%%%%%%%%%%%%%%%%%%%%%%% idx: 9, vnnlib ID: 49 %%%%%%%%%%%%%%%%%%%%%%%%%%%%%%%%%%%
Finished vnnlib processing in 0.002450 seconds
Attack parameters: initialization=uniform, steps=100, restarts=30, alpha=0.007500000298023224, GAMA=False
PGD attack margin (first 2 examples and 10 specs):
 tensor([[15.38944435, 17.44343567, 16.18253899, 20.05566025, 18.06305695,
         18.48752022, 12.58260250, 17.45327377,  8.15297985]], device='cuda:0')
Total number of violation:  0
Processing batch 1/1...
  0%|          | 0/100 [00:00<?, ?it/s] 20%|██        | 20/100 [00:00<00:00, 196.21it/s] 42%|████▏     | 42/100 [00:00<00:00, 203.66it/s] 64%|██████▍   | 64/100 [00:00<00:00, 206.96it/s] 85%|████████▌ | 85/100 [00:00<00:00, 204.11it/s]100%|██████████| 100/100 [00:00<00:00, 203.82it/s]
PGD attack margin (first 2 examples and 10 specs):
 tensor([[10.88574028, 13.53596783, 11.33242989, 14.21923733, 13.32433319,
         13.35806179,  8.58394146, 11.62423897,  3.86434174]], device='cuda:0')
Total number of violation:  0
Attack finished in 0.5001 seconds.
PGD attack failed
verified_status unknown
verified_success False
Model: BoundedModule(
  (/0): BoundInput(name=/0, inputs=[], perturbed=True)
  (/7): BoundParams(name=/7, inputs=[], perturbed=False)
  (/8): BoundParams(name=/8, inputs=[], perturbed=False)
  (/9): BoundParams(name=/9, inputs=[], perturbed=False)
  (/10): BoundParams(name=/10, inputs=[], perturbed=False)
  (/11): BoundParams(name=/11, inputs=[], perturbed=False)
  (/12): BoundParams(name=/12, inputs=[], perturbed=False)
  (/13): BoundFlatten(name=/13, inputs=[/0], perturbed=True)
  (/input): BoundLinear(name=/input, inputs=[/13, /7, /8], perturbed=True)
  (/15): BoundRelu(name=/15, inputs=[/input], perturbed=True)
  (/input-3): BoundLinear(name=/input-3, inputs=[/15, /9, /10], perturbed=True)
  (/17): BoundRelu(name=/17, inputs=[/input-3], perturbed=True)
  (/18): BoundLinear(name=/18, inputs=[/17, /11, /12], perturbed=True)
)
Original output in the first batch: tensor([[-3.65433359, -5.97036076, -4.38055372, -7.88219881, 11.09085941,
         -5.99575233, -6.67183876, -1.17105412, -5.19535828,  3.78048801]],
       device='cuda:0')
Split layers:
Nonlinear functions:
   BoundRelu(name=/15, inputs=[/input], perturbed=True)
   BoundRelu(name=/17, inputs=[/input-3], perturbed=True)
build batch [1/1]
layer /15 using sparse-features alpha with shape [96]; unstable size 96; total size 256 ([1, 256])
layer /15 start_node /input-3 using sparse-spec alpha [2, 58, 1, 96] with unstable size 57 total_size 128 output_shape torch.Size([128])
layer /15 start_node /18 using full alpha [2, 9, 1, 96] with unstable size None total_size 9 output_shape 9
layer /17 using sparse-features alpha with shape [57]; unstable size 57; total size 128 ([1, 128])
layer /17 start_node /18 using full alpha [2, 9, 1, 57] with unstable size None total_size 9 output_shape 9
Optimizable variables initialized.
initial CROWN bounds (first 10 items): [6.968874454498291, 9.674156188964844, 6.732741355895996, 9.62031078338623, 9.140579223632812, 9.160564422607422, 4.370128154754639, 7.314976692199707, -0.08457422256469727]
prune_after_crown optimization in use
  original spec size = torch.Size([1, 9])
  pruned spec size = torch.Size([1, 1])
Using alpha-CROWN to initialize bounds.

all verified at 3th iter
best_l after optimization: 0.014524459838867188
alpha/beta optimization time: 0.05636096000671387
initial alpha-crown bounds (first 10 items): [0.014524459838867188]
Global lower bound: 0.014524459838867188
torch.Size([1, 1])
verified with init bound!
Result: safe-incomplete in 0.6608 seconds
############# Summary #############
Final verified acc: 50.0% (total 10 examples)
Problem instances count: 10 , total verified (safe/unsat): 5 , total falsified (unsafe/sat): 1 , timeout: 4
mean time for ALL instances (total 10):5.686230909876573, max time: 12.814309120178223
mean time for verified SAFE instances(total 5): 1.254631471633911, max time: 2.9502108097076416
mean time for verified (SAFE + UNSAFE) instances (total 6): 1.056792974472046, max time: 2.9502108097076416
mean time for verified SAFE + TIMEOUT instances (total 9): 6.310529496934679, max time: 12.814309120178223 
mean time for verified UNSAFE instances (total 1): 0.06760048866271973, max time: 0.06760048866271973
unknown (total 4), index: [0, 1, 5, 6]
safe-incomplete (total 4), index: [2, 7, 8, 9]
unsafe-pgd (total 1), index: [3]
safe (total 1), index: [4]
