INFO     20:23:39     [tensor_storage.py:70] Hugepage enabled for branch-and-bound domains.
Configurations:

general:
  device: cuda
  seed: 100
  conv_mode: patches
  deterministic: false
  double_fp: false
  loss_reduction_func: sum
  sparse_alpha: true
  sparse_interm: true
  save_adv_example: false
  verify_onnxruntime_output: false
  eval_adv_example: false
  onnx_adv_example: false
  show_adv_example: false
  precompile_jit: false
  reset_seed_after_precompile: false
  prepare_only: false
  complete_verifier: auto
  enable_incomplete_verification: true
  csv_name: null
  results_file: out.txt
  root_path: ''
  deterministic_opt: false
  graph_optimizer: 'Customized("custom_graph_optimizer", "default_optimizer")'
  buffer_has_batchdim: false
  save_output: false
  output_file: out.pkl
  return_optimized_model: false
  store_all_specs_on_cpu: false
  adhoc_tuning: null
model:
  name: null
  path: null
  onnx_path: ../saved_models/mnist_fcnn.onnx
  onnx_path_prefix: ''
  cache_onnx_conversion: false
  debug_onnx: false
  onnx_quirks: null
  input_shape: null
  onnx_loader: default_onnx_and_vnnlib_loader
  onnx_optimization_flags: []
  onnx_vnnlib_joint_optimization_flags: none
  check_optimized: false
  flatten_final_output: false
  optimize_graph: null
  with_jacobian: false
  bound_opts: null
data:
  start: 90
  end: 100
  select_instance: null
  num_outputs: 10
  mean: 0.0
  std: 1.0
  pkl_path: null
  dataset: MNIST
  data_filter_path: null
  data_idx_file: null
specification:
  type: lp
  robustness_type: verified-acc
  norm: .inf
  epsilon: 0.05
  epsilon_min: 0.0
  vnnlib_path: null
  vnnlib_path_prefix: ''
  shrink_eps: null
  rhs_offset: null
solver:
  batch_size: 64
  auto_enlarge_batch_size: false
  batched_crown_auto_enlarge_max_vram_ratio: 0.9
  min_batch_size_ratio: 0.1
  use_float64_in_last_iteration: false
  early_stop_patience: 10
  start_save_best: 0.5
  bound_prop_method: alpha-crown
  init_bound_prop_method: same
  prune_after_crown: true
  optimize_disjuncts_separately: false
  build_batch_size: 1000000
  skip_with_refined_bound: true
  forward_before_compute_bounds: false
  crown:
    batch_size: 1000000000
    max_crown_size: 1000000000
    activation_bound_option: adaptive
    compare_crown_with_ibp: false
  alpha-crown:
    alpha: true
    lr_alpha: 0.1
    iteration: 100
    share_alphas: false
    lr_decay: 0.98
    full_conv_alpha: true
    max_coeff_mul: .inf
    matmul_share_alphas: false
    disable_optimization: []
    max_time: 1.0
    alpha_dtype: float16
    input_split_alpha_iteration: 5
    input_split_lr_alpha: 0.05
  invprop:
    apply_output_constraints_to: []
    tighten_input_bounds: false
    best_of_oc_and_no_oc: false
    directly_optimize: []
    oc_lr: 0.1
    share_gammas: false
  beta-crown:
    lr_alpha: 0.01
    lr_beta: 0.05
    lr_decay: 0.98
    optimizer: adam
    iteration: 50
    beta: true
    beta_warmup: true
    enable_opt_interm_bounds: false
    all_node_split_LP: false
  forward:
    refine: false
    max_dim: 10000
    reset_threshold: 1.0
  mip:
    unstable_neuron_threshold: 0
    parallel_solvers: 2
    solver_threads: 1
    refine_neuron_timeout: 5.0
    refine_neuron_time_percentage: 0.8
    early_stop: true
    adv_warmup: true
    mip_solver: gurobi
    skip_unsafe: false
    topk_filter: 1.0
    sliding_window: -1
    extra_constraint: false
    refine_neuron_timeout_increasement: 0
    timeout_neuron_percentage: 0.3
    remaining_timeout_threshold: 1
    remove_unstable_neurons: false
    formulation: mip
    output_cut: false
bab:
  max_domains: .inf
  decision_thresh: 0
  timeout: 12.0
  timeout_scale: 1
  max_iterations: -1
  override_timeout: null
  get_upper_bound: false
  pruning_in_iteration: true
  pruning_in_iteration_ratio: 0.2
  sort_targets: false
  batched_domain_list: true
  optimized_interm: ''
  interm_transfer: true
  recompute_interm: false
  sort_domain_interval: -1
  vanilla_crown: false
  tree_traversal: depth_first
  hugetensor_allocator: true
  cut:
    enabled: false
    cuts_path: null
    bab_cut: false
    lp_cut: false
    lr: 0.01
    lr_decay: 1.0
    iteration: 100
    bab_iteration: -1
    early_stop_patience: -1
    lr_beta: 0.02
    number_cuts: 50
    topk_cuts_in_filter: 1000
    batch_size_primal: 100
    max_num: 1000000000
    patches_cut: false
    cplex_cuts: false
    cplex_cuts_wait: 0
    cplex_cuts_revpickup: true
    cut_reference_bounds: true
    fix_intermediate_bounds: false
    manual_cuts: null
    biccos:
      enabled: false
      auto_param: true
      constraint_strengthening: true
      drop_ratio: 0.5
      max_infer_iter: 20
      max_domain: 10000.0
      heuristic: neuron_influence_score
      save_cuts: false
      multi_tree_branching:
        enabled: false
        restore_best_tree: true
        keep_n_best_domains: 50
        target_batch_size: 200
        iterations: 3
  clip_n_verify:
    rearrange_constraints: false
    alpha_crown: false
    prune: false
    final_layer: false
    clip_input_domain:
      enabled: false
      clip_type: relaxed
      clip_neuron_selection_type: ratio
      clip_neuron_selection_value: -1.0
      clip_iterations: 1
      clip_calculate_volume_metrics: false
    clip_interm_domain:
      enabled: false
      with_input: false
      clip_in_alpha_crown: false
      topk_objective: 20
  branching:
    method: babsr
    candidates: 3
    reduceop: min
    enable_intermediate_bound_opt: false
    branching_input_and_activation: false
    branching_input_and_activation_order: [input, relu]
    branching_input_iterations: 30
    branching_relu_iterations: 50
    nonlinear_split:
      method: bbps
      disable: false
      branching_point_method: uniform
      num_branches: 2
      filter: false
      filter_beta: false
      filter_clamp: false
      filter_batch_size: 10000
      filter_iterations: 25
      relu_only: false
      loose_tanh_threshold: null
      branching_point:
        db_path: branching_points.pt
        num_iterations: 1000
        batch_size: 1000000
        range_l: -5.0
        range_u: 5.0
        log_interval: 100
        step_size_1d: 0.01
        step_size: 0.2
    input_split:
      split_hint: null
      enable: false
      reorder_bab: false
      input_dim_threshold: 20
      adv_check: 0
      split_partitions: 2
      sb_margin_weight: 1.0
      sb_sum: false
      sb_primary_spec: null
      bf_backup_thresh: -1
      bf_rhs_offset: 0
      bf_iters: 1000000000.0
      bf_batch_size: 100000
      bf_zero_crossing_score: false
      touch_zero_score: 0
      ibp_enhancement: true
      compare_with_old_bounds: true
      update_rhs_with_attack: false
      sb_coeff_thresh: 0.001
      sort_index: null
      sort_descending: true
      show_progress: false
      presplit_domains: null
      skip_getting_worst_domain: false
  attack:
    enabled: false
    beam_candidates: 8
    beam_depth: 7
    max_dive_fix_ratio: 0.8
    min_local_free_ratio: 0.2
    mip_start_iteration: 5
    mip_timeout: 30.0
    adv_pool_threshold: null
    refined_mip_attacker: false
    refined_batch_size: null
attack:
  general_attack: true
  pgd_order: skip
  pgd_steps: 100
  pgd_restarts: 30
  pgd_batch_size: 100000000
  pgd_early_stop: true
  pgd_lr_decay: 0.99
  pgd_alpha: auto
  pgd_alpha_scale: false
  pgd_loss_mode: null
  pgd_restart_when_stuck: false
  enable_mip_attack: false
  adv_saver: default_adv_saver
  adv_verifier: default_adv_verifier
  early_stop_condition: default_early_stop_condition
  adv_example_finalizer: default_adv_example_finalizer
  pgd_loss: default_pgd_loss
  cex_path: ./test_cex.txt
  attack_mode: PGD
  attack_tolerance: 0.0
  attack_func: attack_with_general_specs
  gama_lambda: 10.0
  gama_decay: 0.9
  input_split:
    pgd_steps: 100
    pgd_restarts: 30
    pgd_alpha: auto
  input_split_check_adv:
    enabled: auto
    pgd_steps: 5
    pgd_restarts: 5
    pgd_alpha: auto
    max_num_domains: 10
debug:
  view_model: false
  lp_test: null
  rescale_vnnlib_ptb: null
  test_optimized_bounds: false
  test_optimized_bounds_after_n_iterations: 0
  print_verbose_decisions: false
  biccos_mip_sanity_check: false
  sanity_check: 0
  z_split_enabled: false
  save_minimal_config: null
  save_minimal_config_omit_keys: []

/home/han/miniconda3/envs/alpha-beta-crown/lib/python3.10/site-packages/onnx2pytorch/convert/layer.py:29: UserWarning: The given NumPy array is not writable, and PyTorch does not support non-writable tensors. This means writing to this tensor will result in undefined behavior. You may want to copy the array to protect its data or make it writable before converting it to a tensor. This type of warning will be suppressed for the rest of this program. (Triggered internally at ../torch/csrc/utils/tensor_numpy.cpp:206.)
  layer.weight.data = torch.from_numpy(numpy_helper.to_array(weight))
/home/han/miniconda3/envs/alpha-beta-crown/lib/python3.10/site-packages/onnx2pytorch/convert/model.py:151: UserWarning: Using experimental implementation that allows 'batch_size > 1'.Batchnorm layers could potentially produce false outputs.
  warnings.warn(
Experiments at Fri Apr  3 20:23:39 2026 on LAPTOP-RGROMBPB
Loading onnx ../saved_models/mnist_fcnn.onnx with quirks {}
Finished onnx model loading in 0.0271 seconds
ConvertModel(
  (Flatten_/flatten/Flatten_output_0): Flatten()
  (Gemm_/fc1/Gemm_output_0): Linear(in_features=784, out_features=256, bias=True)
  (Relu_/relu1/Relu_output_0): ReLU()
  (Gemm_/fc2/Gemm_output_0): Linear(in_features=256, out_features=128, bias=True)
  (Relu_/relu2/Relu_output_0): ReLU()
  (Gemm_output): Linear(in_features=128, out_features=10, bias=True)
)
Parameters:
  Gemm_/fc1/Gemm_output_0.weight: shape torch.Size([256, 784])
  Gemm_/fc1/Gemm_output_0.bias: shape torch.Size([256])
  Gemm_/fc2/Gemm_output_0.weight: shape torch.Size([128, 256])
  Gemm_/fc2/Gemm_output_0.bias: shape torch.Size([128])
  Gemm_output.weight: shape torch.Size([10, 128])
  Gemm_output.bias: shape torch.Size([10])
Trying generic MNIST/CIFAR data loader.
/home/han/alpha-beta-CROWN/complete_verifier/specifications.py:342: UserWarning: Creating a tensor from a list of numpy.ndarrays is extremely slow. Please consider converting the list to a single numpy.ndarray with numpy.array() before converting to a tensor. (Triggered internally at ../torch/csrc/utils/tensor_new.cpp:278.)
  x_range_list = torch.Tensor(x_range_list).to(dtype=dtype, device=device).view(input_shape + [2])
Internal results will be saved to out.txt.

 %%%%%%%%%%%%%%%%%%%%%%%%%%%%%%%%%%% idx: 0, vnnlib ID: 90 %%%%%%%%%%%%%%%%%%%%%%%%%%%%%%%%%%%
Finished vnnlib processing in 0.586376 seconds
Disabling Clip-and-Verify because it does not support bab-refine!
Model: BoundedModule(
  (/0): BoundInput(name=/0, inputs=[], perturbed=True)
  (/7): BoundParams(name=/7, inputs=[], perturbed=False)
  (/8): BoundParams(name=/8, inputs=[], perturbed=False)
  (/9): BoundParams(name=/9, inputs=[], perturbed=False)
  (/10): BoundParams(name=/10, inputs=[], perturbed=False)
  (/11): BoundParams(name=/11, inputs=[], perturbed=False)
  (/12): BoundParams(name=/12, inputs=[], perturbed=False)
  (/13): BoundFlatten(name=/13, inputs=[/0], perturbed=True)
  (/input): BoundLinear(name=/input, inputs=[/13, /7, /8], perturbed=True)
  (/15): BoundRelu(name=/15, inputs=[/input], perturbed=True)
  (/input-3): BoundLinear(name=/input-3, inputs=[/15, /9, /10], perturbed=True)
  (/17): BoundRelu(name=/17, inputs=[/input-3], perturbed=True)
  (/18): BoundLinear(name=/18, inputs=[/17, /11, /12], perturbed=True)
)
Original output in the first batch: tensor([[ -2.49367023,  -6.30059147,  -2.87391114,   9.94760132, -10.22492123,
           0.54601759, -12.91351032,  -7.50336456,   2.70740366,   0.99559194]],
       device='cuda:0')
Split layers:
Nonlinear functions:
   BoundRelu(name=/15, inputs=[/input], perturbed=True)
   BoundRelu(name=/17, inputs=[/input-3], perturbed=True)
build batch [1/1]
layer /15 using sparse-features alpha with shape [137]; unstable size 137; total size 256 ([1, 256])
layer /15 start_node /input-3 using sparse-spec alpha [2, 86, 1, 137] with unstable size 85 total_size 128 output_shape torch.Size([128])
layer /15 start_node /18 using full alpha [2, 9, 1, 137] with unstable size None total_size 9 output_shape 9
layer /17 using sparse-features alpha with shape [85]; unstable size 85; total size 128 ([1, 128])
layer /17 start_node /18 using full alpha [2, 9, 1, 85] with unstable size None total_size 9 output_shape 9
Optimizable variables initialized.
initial CROWN bounds (first 10 items): [-5.768914222717285, 0.30194664001464844, -1.9909849166870117, 0.6240940093994141, -5.087403297424316, 3.360383987426758, -0.45067501068115234, -6.128931045532227, -8.474286079406738]
prune_after_crown optimization in use
  original spec size = torch.Size([1, 9])
  pruned spec size = torch.Size([1, 6])
Using alpha-CROWN to initialize bounds.
Early stop at 89th iter due to 10 iterations no improvement!
best_l after optimization: -22.502105712890625
alpha/beta optimization time: 2.578927516937256
initial alpha-crown bounds (first 10 items): [-4.798652172088623, -1.3550004959106445, -4.462367057800293, 0.480621337890625, -5.551296710968018, -6.8154096603393555]
Global lower bound: -6.8154096603393555
torch.Size([1, 6])
4 / 9 OR specs are verified.
Verified OR indices (first 10 items): [1, 3, 5, 6]
Verified OR lbs (first 10 items): [[inf], [inf], [inf], [0.480621337890625]]
Unverified OR indices (first 10 items): [0, 2, 4, 7, 8]
Unverified OR lbs (first 10 items): [[-4.798652172088623], [-1.3550004959106445], [-4.462367057800293], [-5.551296710968018], [-6.8154096603393555]]
Start solving intermediate bounds with MIP...
layer /15 using sparse-features alpha with shape [137]; unstable size 137; total size 256 ([1, 256])
layer /15 start_node /input-3 using sparse-spec alpha [2, 86, 1, 137] with unstable size 85 total_size 128 output_shape torch.Size([128])
layer /15 start_node /18 using full alpha [2, 5, 1, 137] with unstable size None total_size 5 output_shape 5
layer /17 using sparse-features alpha with shape [85]; unstable size 85; total size 128 ([1, 128])
layer /17 start_node /18 using full alpha [2, 5, 1, 85] with unstable size None total_size 5 output_shape 5
Optimizable variables initialized.
Restricted license - for non-production use only - expires 2027-11-29
INFO     20:23:45     [solver_module.py:123] Restricted license - for non-production use only - expires 2027-11-29
mip_multi_proc: 2, mip_threads: 1,total threads used: 2, mip_perneuron_refine_timeout: 5.0
[total time budget for MIP: 9.600000000000001]

refine the bounds for layer  /15
maximum relu layer improved by MIP so far 0
refine the bounds for layer  /17
current relu layer: /17, idx: 1
timeout for this layer is 5.0
Removed 0 unstable neurons in MIP based on the coefficient matrix.
PGD done for relu layer 1
Solving MIP for lay/input-3_11,[-2.1999356746673584,4.270909786224365]=>[-1.0673999926175657,2.971793155972324] (2,-1; 9,-1), time: 5.3932s, #vars: 1445, #constrs: 795, improved: True
Solving MIP for lay/input-3_20,[-3.304366111755371,1.9700452089309692]=>[-2.3114531179779356,0.7556942386192899] (2,-1; 2,-1), time: 7.0713s, #vars: 1445, #constrs: 795, improved: True
Solving MIP for lay/input-3_71,[-3.4798707962036133,1.6911365985870361]=>[-2.5260537924864117,0.6095634862041475] (9,-1; 2,-1), time: 9.2371s, #vars: 1445, #constrs: 795, improved: True
Solving MIP for lay/input-3_43,[-2.2985947132110596,2.530937910079956]=>[-1.1703360579319593,1.5321614648900224] (2,-1; 9,-1), time: 9.5112s, #vars: 1445, #constrs: 795, improved: True
/home/han/alpha-beta-CROWN/auto_LiRPA/auto_LiRPA/beta_crown.py:52: DeprecationWarning: __array__ implementation doesn't accept a copy keyword, so passing copy=False failed. __array__ must implement 'dtype' and 'copy' keyword arguments. To learn more, see the migration guide https://numpy.org/devdocs/numpy_2_0_migration_guide.html#adapting-to-changes-in-the-copy-keyword
  sign_numpy[bi, :split_len] = split_coeffs
MIP improved 4 nodes out of 83 unstable nodes for layer /17, time 17.8113
MIP got 0 timeout nodes out of 83 nodes for layer /17
maximum relu layer improved by MIP so far 1
Refine time 17.9652 exceeds the limit 9.600000000000001, stop refining.
MIP finished with 17.965176582336426s
Run final alpha-CROWN after MIP solving on layer 5 and relu idx 2
0 /input torch.Size([1, 256])
1 /input-3 torch.Size([1, 128])
Early stop at 44th iter due to 10 iterations no improvement!
best_l after optimization: -20.27323341369629
alpha/beta optimization time: 2.0333452224731445
alpha-CROWN with intermediate bounds improved by MIP: tensor([[-4.23185253, -1.03682137, -3.96099186, -4.94676113, -6.09680653]],
       device='cuda:0') None
torch.Size([1, 5])
refined global lb: tensor([[-4.23185253],
        [-1.03682137],
        [-3.96099186],
        [-4.94676113],
        [-6.09680653]], device='cuda:0') min: tensor(-6.09680653, device='cuda:0')
0 / 5 OR specs are verified.
Verified OR indices (first 10 items): []
Verified OR lbs (first 10 items): []
Unverified OR indices (first 10 items): [0, 1, 2, 3, 4]
Unverified OR lbs (first 10 items): [[-4.2318525314331055], [-1.0368213653564453], [-3.960991859436035], [-4.946761131286621], [-6.096806526184082]]
###### Verifying property Instance 0 ######
Batch size: 5
First 10 spec matrices
C: tensor([[[-1.,  0.,  0.,  1.,  0.,  0.,  0.,  0.,  0.,  0.]],

        [[ 0.,  0., -1.,  1.,  0.,  0.,  0.,  0.,  0.,  0.]],

        [[ 0.,  0.,  0.,  1.,  0., -1.,  0.,  0.,  0.,  0.]],

        [[ 0.,  0.,  0.,  1.,  0.,  0.,  0.,  0., -1.,  0.]],

        [[ 0.,  0.,  0.,  1.,  0.,  0.,  0.,  0.,  0., -1.]]], device='cuda:0')
RHS: tensor([[0.],
        [0.],
        [0.],
        [0.],
        [0.]], device='cuda:0')
OR spec sizes: tensor([1, 1, 1, 1, 1], device='cuda:0', dtype=torch.int32)
Remaining timeout: -12.242589235305786
Model prediction is: tensor([ -2.49367023,  -6.30059147,  -2.87391114,   9.94760132, -10.22492123,
          0.54601759, -12.91351032,  -7.50336456,   2.70740366,   0.99559194],
       device='cuda:0')
Activation BaB batch 1/1 
build_with_refined_bounds batch [1/1]
Optimizable variables initialized.
all alpha initialized
directly get lb and ub from refined bounds
c shape: torch.Size([5, 1, 10])
lA shapes: [torch.Size([5, 1, 256]), torch.Size([5, 1, 128])]
torch.Size([5, 1])
(alpha-)CROWN with fixed intermediate bounds: tensor([[-4.23185253],
        [-1.03682137],
        [-3.96099186],
        [-4.94676113],
        [-6.09680653]], device='cuda:0') tensor([[inf],
        [inf],
        [inf],
        [inf],
        [inf]], device='cuda:0')
Intermediate layers: /input,/input-3
Keeping alphas for these layers: ['/18']
Node /15 input 0: size torch.Size([256]) unstable 137
Node /17 input 0: size torch.Size([128]) unstable 83
-----------------
# of unstable neurons: 220
-----------------

BaB round 1
batch: 5
splitting decisions: 
split level 0: [/input, 10] [/input, 104] [/input, 116] [/input-3, 96] [/input, 10] 
best_l after optimization: -35.556854248046875
beta sum per layer: [0.9721691608428955, 0.8868893384933472]
alpha/beta optimization time: 0.8501319885253906
pruning_in_iteration open status: False
ratio of positive domain = 0 / 10 = 0.0
pruning-in-iteration extra time: 0.00044274330139160156
torch.Size([10, 1])
Time: prepare 0.0030    bound 0.8514    transfer 0.0008    finalize 0.0060    func 0.8613    
Accumulated time: func 0.8613    prepare 0.0113    bound 0.8514    transfer 0.0008    finalize 0.0060    
max lb tensor(-0.61727047) min lb tensor(-5.64185333)
Number of Verified Splits: 0 of 10
Current worst splitting domains lb-rhs (depth):
-5.64185 (1), -5.39158 (1), -4.77716 (1), -4.27729 (1), -3.77554 (1), -3.54549 (1), -3.53111 (1), -3.34980 (1), -0.64975 (1), -0.61727 (1), 
Length of domains: 10
Current (lb-rhs): -5.641853332519531
10 domains visited
Time: pickout 0.0015    decision 0.1533    set_bounds 0.0014    solve 0.8620    add 0.0050    
Accumulated time: pickout 0.0015    decision 0.1533    set_bounds 0.0014    solve 0.8620    add 0.0050    
Time out!!!!!!!!
Result: unknown in 25.3078 seconds

 %%%%%%%%%%%%%%%%%%%%%%%%%%%%%%%%%%% idx: 1, vnnlib ID: 91 %%%%%%%%%%%%%%%%%%%%%%%%%%%%%%%%%%%
Finished vnnlib processing in 0.013766 seconds
Disabling Clip-and-Verify because it does not support bab-refine!
Model: BoundedModule(
  (/0): BoundInput(name=/0, inputs=[], perturbed=True)
  (/7): BoundParams(name=/7, inputs=[], perturbed=False)
  (/8): BoundParams(name=/8, inputs=[], perturbed=False)
  (/9): BoundParams(name=/9, inputs=[], perturbed=False)
  (/10): BoundParams(name=/10, inputs=[], perturbed=False)
  (/11): BoundParams(name=/11, inputs=[], perturbed=False)
  (/12): BoundParams(name=/12, inputs=[], perturbed=False)
  (/13): BoundFlatten(name=/13, inputs=[/0], perturbed=True)
  (/input): BoundLinear(name=/input, inputs=[/13, /7, /8], perturbed=True)
  (/15): BoundRelu(name=/15, inputs=[/input], perturbed=True)
  (/input-3): BoundLinear(name=/input-3, inputs=[/15, /9, /10], perturbed=True)
  (/17): BoundRelu(name=/17, inputs=[/input-3], perturbed=True)
  (/18): BoundLinear(name=/18, inputs=[/17, /11, /12], perturbed=True)
)
Original output in the first batch: tensor([[-4.73514271, -1.43562484, -3.17378497, -1.78992569, -3.73911214,
          2.58311200,  7.66632557, -8.26592636, -0.39566705, -6.44908905]],
       device='cuda:0')
Split layers:
Nonlinear functions:
   BoundRelu(name=/15, inputs=[/input], perturbed=True)
   BoundRelu(name=/17, inputs=[/input-3], perturbed=True)
build batch [1/1]
layer /15 using sparse-features alpha with shape [171]; unstable size 171; total size 256 ([1, 256])
layer /15 start_node /input-3 using sparse-spec alpha [2, 107, 1, 171] with unstable size 106 total_size 128 output_shape torch.Size([128])
layer /15 start_node /18 using full alpha [2, 9, 1, 171] with unstable size None total_size 9 output_shape 9
layer /17 using sparse-features alpha with shape [106]; unstable size 106; total size 128 ([1, 128])
layer /17 start_node /18 using full alpha [2, 9, 1, 106] with unstable size None total_size 9 output_shape 9
Optimizable variables initialized.
initial CROWN bounds (first 10 items): [-4.980469703674316, -11.4291410446167, -13.901961326599121, -16.402963638305664, -10.538969039916992, -15.77427864074707, -10.99869155883789, -13.173596382141113, -11.609383583068848]
prune_after_crown optimization in use
  original spec size = torch.Size([1, 9])
  pruned spec size = torch.Size([1, 9])
Using alpha-CROWN to initialize bounds.
best_l after optimization: -98.23724365234375
alpha/beta optimization time: 2.8628153800964355
initial alpha-crown bounds (first 10 items): [-4.303692817687988, -10.104331970214844, -13.041460037231445, -14.772307395935059, -9.496186256408691, -14.426944732666016, -10.025260925292969, -11.848496437072754, -10.218570709228516]
Global lower bound: -14.772307395935059
torch.Size([1, 9])
0 / 9 OR specs are verified.
Verified OR indices (first 10 items): []
Verified OR lbs (first 10 items): []
Unverified OR indices (first 10 items): [0, 1, 2, 3, 4, 5, 6, 7, 8]
Unverified OR lbs (first 10 items): [[-4.303692817687988], [-10.104331970214844], [-13.041460037231445], [-14.772307395935059], [-9.496186256408691], [-14.426944732666016], [-10.025260925292969], [-11.848496437072754], [-10.218570709228516]]
Start solving intermediate bounds with MIP...
layer /15 using sparse-features alpha with shape [171]; unstable size 171; total size 256 ([1, 256])
layer /15 start_node /input-3 using sparse-spec alpha [2, 107, 1, 171] with unstable size 106 total_size 128 output_shape torch.Size([128])
layer /15 start_node /18 using full alpha [2, 9, 1, 171] with unstable size None total_size 9 output_shape 9
layer /17 using sparse-features alpha with shape [106]; unstable size 106; total size 128 ([1, 128])
layer /17 start_node /18 using full alpha [2, 9, 1, 106] with unstable size None total_size 9 output_shape 9
Optimizable variables initialized.
mip_multi_proc: 2, mip_threads: 1,total threads used: 2, mip_perneuron_refine_timeout: 5.0
[total time budget for MIP: 9.600000000000001]

refine the bounds for layer  /15
maximum relu layer improved by MIP so far 0
refine the bounds for layer  /17
current relu layer: /17, idx: 1
timeout for this layer is 5.0
Removed 0 unstable neurons in MIP based on the coefficient matrix.
PGD done for relu layer 1
Solving MIP for lay/input-3_15,[-3.0085573196411133,2.1492271423339844]=>[-2.413453332510542,0.9784972362046013] (2,-1; 9,-1), time: 5.6670s, #vars: 1513, #constrs: 897, improved: True
Solving MIP for lay/input-3_36,[-4.185373306274414,3.685267686843872]=>[-2.6003643891919914,2.222223952300758] (9,-1; 9,-1), time: 10.0076s, #vars: 1513, #constrs: 897, improved: True
Solving MIP for lay/input-3_119,[-3.319732666015625,2.33770489692688]=>[-2.3625174412591416,1.1316196672308814] (2,-1; 9,-1), time: 9.8866s, #vars: 1513, #constrs: 897, improved: True
MIP improved 3 nodes out of 104 unstable nodes for layer /17, time 16.9733
MIP got 1 timeout nodes out of 104 nodes for layer /17
maximum relu layer improved by MIP so far 1
Refine time 17.2901 exceeds the limit 9.600000000000001, stop refining.
MIP finished with 17.290131330490112s
Run final alpha-CROWN after MIP solving on layer 5 and relu idx 2
0 /input torch.Size([1, 256])
1 /input-3 torch.Size([1, 128])
best_l after optimization: -93.28514099121094
alpha/beta optimization time: 6.281878232955933
alpha-CROWN with intermediate bounds improved by MIP: tensor([[ -4.19764519,  -9.68016624, -12.53070068, -14.33076000,  -8.75295353,
         -13.63127136,  -9.36797714, -11.37963390,  -9.41402817]],
       device='cuda:0') None
torch.Size([1, 9])
refined global lb: tensor([[ -4.19764519],
        [ -9.68016624],
        [-12.53070068],
        [-14.33076000],
        [ -8.75295353],
        [-13.63127136],
        [ -9.36797714],
        [-11.37963390],
        [ -9.41402817]], device='cuda:0') min: tensor(-14.33076000, device='cuda:0')
0 / 9 OR specs are verified.
Verified OR indices (first 10 items): []
Verified OR lbs (first 10 items): []
Unverified OR indices (first 10 items): [0, 1, 2, 3, 4, 5, 6, 7, 8]
Unverified OR lbs (first 10 items): [[-4.19764518737793], [-9.680166244506836], [-12.53070068359375], [-14.33076000213623], [-8.75295352935791], [-13.631271362304688], [-9.367977142333984], [-11.379633903503418], [-9.41402816772461]]
###### Verifying property Instance 1 ######
Batch size: 9
First 10 spec matrices
C: tensor([[[-1.,  0.,  0.,  0.,  0.,  0.,  1.,  0.,  0.,  0.]],

        [[ 0., -1.,  0.,  0.,  0.,  0.,  1.,  0.,  0.,  0.]],

        [[ 0.,  0., -1.,  0.,  0.,  0.,  1.,  0.,  0.,  0.]],

        [[ 0.,  0.,  0., -1.,  0.,  0.,  1.,  0.,  0.,  0.]],

        [[ 0.,  0.,  0.,  0., -1.,  0.,  1.,  0.,  0.,  0.]],

        [[ 0.,  0.,  0.,  0.,  0., -1.,  1.,  0.,  0.,  0.]],

        [[ 0.,  0.,  0.,  0.,  0.,  0.,  1., -1.,  0.,  0.]],

        [[ 0.,  0.,  0.,  0.,  0.,  0.,  1.,  0., -1.,  0.]],

        [[ 0.,  0.,  0.,  0.,  0.,  0.,  1.,  0.,  0., -1.]]], device='cuda:0')
RHS: tensor([[0.],
        [0.],
        [0.],
        [0.],
        [0.],
        [0.],
        [0.],
        [0.],
        [0.]], device='cuda:0')
OR spec sizes: tensor([1, 1, 1, 1, 1, 1, 1, 1, 1], device='cuda:0', dtype=torch.int32)
Remaining timeout: -15.279321908950806
Model prediction is: tensor([-4.73514271, -1.43562484, -3.17378497, -1.78992569, -3.73911214,
         2.58311200,  7.66632557, -8.26592636, -0.39566705, -6.44908905],
       device='cuda:0')
Activation BaB batch 1/1 
build_with_refined_bounds batch [1/1]
Optimizable variables initialized.
all alpha initialized
directly get lb and ub from refined bounds
c shape: torch.Size([9, 1, 10])
lA shapes: [torch.Size([9, 1, 256]), torch.Size([9, 1, 128])]
torch.Size([9, 1])
(alpha-)CROWN with fixed intermediate bounds: tensor([[ -4.19764519],
        [ -9.68016624],
        [-12.53070068],
        [-14.33076000],
        [ -8.75295353],
        [-13.63127136],
        [ -9.36797714],
        [-11.37963390],
        [ -9.41402817]], device='cuda:0') tensor([[inf],
        [inf],
        [inf],
        [inf],
        [inf],
        [inf],
        [inf],
        [inf],
        [inf]], device='cuda:0')
Intermediate layers: /input,/input-3
Keeping alphas for these layers: ['/18']
Node /15 input 0: size torch.Size([256]) unstable 171
Node /17 input 0: size torch.Size([128]) unstable 104
-----------------
# of unstable neurons: 275
-----------------

BaB round 1
batch: 9
splitting decisions: 
split level 0: [/input, 71] [/input, 125] [/input, 71] [/input, 125] [/input-3, 34] [/input, 125] [/input, 120] [/input, 125] [/input, 71] 
best_l after optimization: -176.66046142578125
beta sum per layer: [1.5111316442489624, 0.9938188195228577]
alpha/beta optimization time: 0.7112112045288086
pruning_in_iteration open status: False
ratio of positive domain = 0 / 18 = 0.0
pruning-in-iteration extra time: 0.0009636878967285156
torch.Size([18, 1])
Time: prepare 0.0023    bound 0.7132    transfer 0.0012    finalize 0.0060    func 0.7228    
Accumulated time: func 0.7228    prepare 0.0071    bound 0.7132    transfer 0.0012    finalize 0.0060    
max lb tensor(-3.62697601) min lb tensor(-13.83331108)
Number of Verified Splits: 0 of 18
Current worst splitting domains lb-rhs (depth):
-13.83331 (1), -13.55780 (1), -13.25291 (1), -13.08805 (1), -11.99888 (1), -11.92453 (1), -11.11425 (1), -10.76982 (1), -9.25153 (1), -9.08002 (1), -9.04213 (1), -8.96936 (1), -8.87939 (1), -8.67372 (1), -8.39521 (1), -7.33848 (1), -3.86409 (1), -3.62698 (1), 
Length of domains: 18
Current (lb-rhs): -13.833311080932617
18 domains visited
Time: pickout 0.0020    decision 0.0414    set_bounds 0.0026    solve 0.7236    add 0.0091    
Accumulated time: pickout 0.0020    decision 0.0414    set_bounds 0.0026    solve 0.7236    add 0.0091    
Time out!!!!!!!!
Result: unknown in 28.1118 seconds

 %%%%%%%%%%%%%%%%%%%%%%%%%%%%%%%%%%% idx: 2, vnnlib ID: 92 %%%%%%%%%%%%%%%%%%%%%%%%%%%%%%%%%%%
Finished vnnlib processing in 0.009644 seconds
Disabling Clip-and-Verify because it does not support bab-refine!
Model: BoundedModule(
  (/0): BoundInput(name=/0, inputs=[], perturbed=True)
  (/7): BoundParams(name=/7, inputs=[], perturbed=False)
  (/8): BoundParams(name=/8, inputs=[], perturbed=False)
  (/9): BoundParams(name=/9, inputs=[], perturbed=False)
  (/10): BoundParams(name=/10, inputs=[], perturbed=False)
  (/11): BoundParams(name=/11, inputs=[], perturbed=False)
  (/12): BoundParams(name=/12, inputs=[], perturbed=False)
  (/13): BoundFlatten(name=/13, inputs=[/0], perturbed=True)
  (/input): BoundLinear(name=/input, inputs=[/13, /7, /8], perturbed=True)
  (/15): BoundRelu(name=/15, inputs=[/input], perturbed=True)
  (/input-3): BoundLinear(name=/input-3, inputs=[/15, /9, /10], perturbed=True)
  (/17): BoundRelu(name=/17, inputs=[/input-3], perturbed=True)
  (/18): BoundLinear(name=/18, inputs=[/17, /11, /12], perturbed=True)
)
Original output in the first batch: tensor([[-5.23608446, -2.91356993, -2.18130946, -1.62182844,  1.06952965,
         -3.02408576, -7.34769201, -2.14680862,  0.13913655,  5.03790569]],
       device='cuda:0')
Split layers:
Nonlinear functions:
   BoundRelu(name=/15, inputs=[/input], perturbed=True)
   BoundRelu(name=/17, inputs=[/input-3], perturbed=True)
build batch [1/1]
layer /15 using sparse-features alpha with shape [224]; unstable size 224; total size 256 ([1, 256])
layer /15 start_node /input-3 using full alpha [2, 128, 1, 224] with unstable size 124 total_size 128 output_shape torch.Size([128])
layer /15 start_node /18 using full alpha [2, 9, 1, 224] with unstable size None total_size 9 output_shape 9
layer /17 using full alpha with shape torch.Size([128]); unstable size 124; total size 128 ([1, 128])
layer /17 start_node /18 using full alpha [2, 9, 1, 128] with unstable size None total_size 9 output_shape 9
Optimizable variables initialized.
initial CROWN bounds (first 10 items): [-19.979223251342773, -25.25735092163086, -29.379058837890625, -25.33197021484375, -23.792911529541016, -25.522022247314453, -25.328989028930664, -26.969879150390625, -24.272987365722656]
prune_after_crown optimization in use
  original spec size = torch.Size([1, 9])
  pruned spec size = torch.Size([1, 9])
Using alpha-CROWN to initialize bounds.
best_l after optimization: -187.90994262695312
alpha/beta optimization time: 4.39156699180603
initial alpha-crown bounds (first 10 items): [-16.11553955078125, -21.161516189575195, -24.719655990600586, -20.92596435546875, -20.37687110900879, -21.88018798828125, -20.572519302368164, -21.928302764892578, -20.229373931884766]
Global lower bound: -24.719655990600586
torch.Size([1, 9])
0 / 9 OR specs are verified.
Verified OR indices (first 10 items): []
Verified OR lbs (first 10 items): []
Unverified OR indices (first 10 items): [0, 1, 2, 3, 4, 5, 6, 7, 8]
Unverified OR lbs (first 10 items): [[-16.11553955078125], [-21.161516189575195], [-24.719655990600586], [-20.92596435546875], [-20.37687110900879], [-21.88018798828125], [-20.572519302368164], [-21.928302764892578], [-20.229373931884766]]
Start solving intermediate bounds with MIP...
layer /15 using sparse-features alpha with shape [224]; unstable size 224; total size 256 ([1, 256])
layer /15 start_node /input-3 using full alpha [2, 128, 1, 224] with unstable size 124 total_size 128 output_shape torch.Size([128])
layer /15 start_node /18 using full alpha [2, 9, 1, 224] with unstable size None total_size 9 output_shape 9
layer /17 using full alpha with shape torch.Size([128]); unstable size 124; total size 128 ([1, 128])
layer /17 start_node /18 using full alpha [2, 9, 1, 128] with unstable size None total_size 9 output_shape 9
Optimizable variables initialized.
mip_multi_proc: 2, mip_threads: 1,total threads used: 2, mip_perneuron_refine_timeout: 5.0
[total time budget for MIP: 9.600000000000001]

refine the bounds for layer  /15
maximum relu layer improved by MIP so far 0
refine the bounds for layer  /17
current relu layer: /17, idx: 1
timeout for this layer is 5.0
Removed 0 unstable neurons in MIP based on the coefficient matrix.
PGD done for relu layer 1
Solving MIP for lay/input-3_110,[-2.8886051177978516,4.549654006958008]=>[-1.82046120704245,3.056119355745748] (9,-1; 9,-1), time: 10.0131s, #vars: 1619, #constrs: 1056, improved: True
Solving MIP for lay/input-3_118,[-3.4488272666931152,4.425929069519043]=>[-2.3092971401022524,2.851546870133411] (9,-1; 9,-1), time: 10.0247s, #vars: 1619, #constrs: 1056, improved: True
MIP improved 2 nodes out of 124 unstable nodes for layer /17, time 11.9128
MIP got 2 timeout nodes out of 124 nodes for layer /17
maximum relu layer improved by MIP so far 1
Refine time 12.2117 exceeds the limit 9.600000000000001, stop refining.
MIP finished with 12.21174144744873s
Run final alpha-CROWN after MIP solving on layer 5 and relu idx 2
0 /input torch.Size([1, 256])
1 /input-3 torch.Size([1, 128])
best_l after optimization: -184.46237182617188
alpha/beta optimization time: 4.45359206199646
alpha-CROWN with intermediate bounds improved by MIP: tensor([[-15.68552589, -20.86914825, -24.42368889, -20.60563278, -19.86894035,
         -21.49407387, -20.08403778, -21.49133301, -19.93998337]],
       device='cuda:0') None
torch.Size([1, 9])
refined global lb: tensor([[-15.68552589],
        [-20.86914825],
        [-24.42368889],
        [-20.60563278],
        [-19.86894035],
        [-21.49407387],
        [-20.08403778],
        [-21.49133301],
        [-19.93998337]], device='cuda:0') min: tensor(-24.42368889, device='cuda:0')
0 / 9 OR specs are verified.
Verified OR indices (first 10 items): []
Verified OR lbs (first 10 items): []
Unverified OR indices (first 10 items): [0, 1, 2, 3, 4, 5, 6, 7, 8]
Unverified OR lbs (first 10 items): [[-15.685525894165039], [-20.86914825439453], [-24.423688888549805], [-20.605632781982422], [-19.868940353393555], [-21.49407386779785], [-20.08403778076172], [-21.4913330078125], [-19.939983367919922]]
###### Verifying property Instance 2 ######
Batch size: 9
First 10 spec matrices
C: tensor([[[-1.,  0.,  0.,  0.,  0.,  0.,  0.,  0.,  0.,  1.]],

        [[ 0., -1.,  0.,  0.,  0.,  0.,  0.,  0.,  0.,  1.]],

        [[ 0.,  0., -1.,  0.,  0.,  0.,  0.,  0.,  0.,  1.]],

        [[ 0.,  0.,  0., -1.,  0.,  0.,  0.,  0.,  0.,  1.]],

        [[ 0.,  0.,  0.,  0., -1.,  0.,  0.,  0.,  0.,  1.]],

        [[ 0.,  0.,  0.,  0.,  0., -1.,  0.,  0.,  0.,  1.]],

        [[ 0.,  0.,  0.,  0.,  0.,  0., -1.,  0.,  0.,  1.]],

        [[ 0.,  0.,  0.,  0.,  0.,  0.,  0., -1.,  0.,  1.]],

        [[ 0.,  0.,  0.,  0.,  0.,  0.,  0.,  0., -1.,  1.]]], device='cuda:0')
RHS: tensor([[0.],
        [0.],
        [0.],
        [0.],
        [0.],
        [0.],
        [0.],
        [0.],
        [0.]], device='cuda:0')
OR spec sizes: tensor([1, 1, 1, 1, 1, 1, 1, 1, 1], device='cuda:0', dtype=torch.int32)
Remaining timeout: -10.683194160461426
Model prediction is: tensor([-5.23608446, -2.91356993, -2.18130946, -1.62182844,  1.06952965,
        -3.02408576, -7.34769201, -2.14680862,  0.13913655,  5.03790569],
       device='cuda:0')
Activation BaB batch 1/1 
build_with_refined_bounds batch [1/1]
Optimizable variables initialized.
all alpha initialized
directly get lb and ub from refined bounds
c shape: torch.Size([9, 1, 10])
lA shapes: [torch.Size([9, 1, 256]), torch.Size([9, 1, 128])]
torch.Size([9, 1])
(alpha-)CROWN with fixed intermediate bounds: tensor([[-15.68552589],
        [-20.86914825],
        [-24.42368889],
        [-20.60563278],
        [-19.86894035],
        [-21.49407387],
        [-20.08403778],
        [-21.49133301],
        [-19.93998337]], device='cuda:0') tensor([[inf],
        [inf],
        [inf],
        [inf],
        [inf],
        [inf],
        [inf],
        [inf],
        [inf]], device='cuda:0')
Intermediate layers: /input,/input-3
Keeping alphas for these layers: ['/18']
Node /15 input 0: size torch.Size([256]) unstable 224
Node /17 input 0: size torch.Size([128]) unstable 124
-----------------
# of unstable neurons: 348
-----------------

BaB round 1
batch: 9
splitting decisions: 
split level 0: [/input-3, 11] [/input-3, 34] [/input-3, 34] [/input, 120] [/input-3, 34] [/input, 135] [/input-3, 102] [/input, 231] [/input-3, 48] 
best_l after optimization: -351.4478759765625
beta sum per layer: [1.5626790523529053, 5.641784191131592]
alpha/beta optimization time: 0.8013482093811035
pruning_in_iteration open status: False
ratio of positive domain = 0 / 18 = 0.0
pruning-in-iteration extra time: 0.0008435249328613281
torch.Size([18, 1])
Time: prepare 0.0045    bound 0.8033    transfer 0.0008    finalize 0.0058    func 0.8145    
Accumulated time: func 0.8145    prepare 0.0131    bound 0.8033    transfer 0.0008    finalize 0.0058    
max lb tensor(-14.19340038) min lb tensor(-23.96303177)
Number of Verified Splits: 0 of 18
Current worst splitting domains lb-rhs (depth):
-23.96303 (1), -22.04939 (1), -21.16981 (1), -20.95375 (1), -20.92654 (1), -20.54772 (1), -20.44773 (1), -20.30054 (1), -19.79503 (1), -19.70810 (1), -19.61390 (1), -19.49094 (1), -19.37869 (1), -18.77977 (1), -17.73342 (1), -16.99948 (1), -15.39661 (1), -14.19340 (1), 
Length of domains: 18
Current (lb-rhs): -23.963031768798828
18 domains visited
Time: pickout 0.0037    decision 0.0672    set_bounds 0.0022    solve 0.8173    add 0.0092    
Accumulated time: pickout 0.0037    decision 0.0672    set_bounds 0.0022    solve 0.8173    add 0.0092    
Time out!!!!!!!!
Result: unknown in 23.6504 seconds

 %%%%%%%%%%%%%%%%%%%%%%%%%%%%%%%%%%% idx: 3, vnnlib ID: 93 %%%%%%%%%%%%%%%%%%%%%%%%%%%%%%%%%%%
Finished vnnlib processing in 0.013408 seconds
Disabling Clip-and-Verify because it does not support bab-refine!
Model: BoundedModule(
  (/0): BoundInput(name=/0, inputs=[], perturbed=True)
  (/7): BoundParams(name=/7, inputs=[], perturbed=False)
  (/8): BoundParams(name=/8, inputs=[], perturbed=False)
  (/9): BoundParams(name=/9, inputs=[], perturbed=False)
  (/10): BoundParams(name=/10, inputs=[], perturbed=False)
  (/11): BoundParams(name=/11, inputs=[], perturbed=False)
  (/12): BoundParams(name=/12, inputs=[], perturbed=False)
  (/13): BoundFlatten(name=/13, inputs=[/0], perturbed=True)
  (/input): BoundLinear(name=/input, inputs=[/13, /7, /8], perturbed=True)
  (/15): BoundRelu(name=/15, inputs=[/input], perturbed=True)
  (/input-3): BoundLinear(name=/input-3, inputs=[/15, /9, /10], perturbed=True)
  (/17): BoundRelu(name=/17, inputs=[/input-3], perturbed=True)
  (/18): BoundLinear(name=/18, inputs=[/17, /11, /12], perturbed=True)
)
Original output in the first batch: tensor([[ -1.95327723,  -6.85901928,  -2.42709041,  10.91558743, -10.96868038,
           1.26865745, -16.50358772,  -6.60532093,  -0.46323165,   2.00142384]],
       device='cuda:0')
Split layers:
Nonlinear functions:
   BoundRelu(name=/15, inputs=[/input], perturbed=True)
   BoundRelu(name=/17, inputs=[/input-3], perturbed=True)
build batch [1/1]
layer /15 using sparse-features alpha with shape [137]; unstable size 137; total size 256 ([1, 256])
layer /15 start_node /input-3 using sparse-spec alpha [2, 82, 1, 137] with unstable size 81 total_size 128 output_shape torch.Size([128])
layer /15 start_node /18 using full alpha [2, 9, 1, 137] with unstable size None total_size 9 output_shape 9
layer /17 using sparse-features alpha with shape [81]; unstable size 81; total size 128 ([1, 128])
layer /17 start_node /18 using full alpha [2, 9, 1, 81] with unstable size None total_size 9 output_shape 9
Optimizable variables initialized.
initial CROWN bounds (first 10 items): [-5.152583122253418, 0.8702812194824219, -2.81931209564209, 2.4268856048583984, -7.435747146606445, 6.373117446899414, -1.0958776473999023, -2.394804000854492, -7.211933135986328]
prune_after_crown optimization in use
  original spec size = torch.Size([1, 9])
  pruned spec size = torch.Size([1, 6])
Using alpha-CROWN to initialize bounds.
best_l after optimization: -19.402870178222656
alpha/beta optimization time: 2.766490936279297
initial alpha-crown bounds (first 10 items): [-3.6645188331604004, -1.4358339309692383, -6.638144016265869, -0.04681682586669922, -1.7517848014831543, -5.865771293640137]
Global lower bound: -6.638144016265869
torch.Size([1, 6])
3 / 9 OR specs are verified.
Verified OR indices (first 10 items): [1, 3, 5]
Verified OR lbs (first 10 items): [[inf], [inf], [inf]]
Unverified OR indices (first 10 items): [0, 2, 4, 6, 7, 8]
Unverified OR lbs (first 10 items): [[-3.6645188331604004], [-1.4358339309692383], [-6.638144016265869], [-0.04681682586669922], [-1.7517848014831543], [-5.865771293640137]]
Start solving intermediate bounds with MIP...
layer /15 using sparse-features alpha with shape [137]; unstable size 137; total size 256 ([1, 256])
layer /15 start_node /input-3 using sparse-spec alpha [2, 82, 1, 137] with unstable size 81 total_size 128 output_shape torch.Size([128])
layer /15 start_node /18 using full alpha [2, 6, 1, 137] with unstable size None total_size 6 output_shape 6
layer /17 using sparse-features alpha with shape [81]; unstable size 81; total size 128 ([1, 128])
layer /17 start_node /18 using full alpha [2, 6, 1, 81] with unstable size None total_size 6 output_shape 6
Optimizable variables initialized.
mip_multi_proc: 2, mip_threads: 1,total threads used: 2, mip_perneuron_refine_timeout: 5.0
[total time budget for MIP: 9.600000000000001]

refine the bounds for layer  /15
maximum relu layer improved by MIP so far 0
refine the bounds for layer  /17
current relu layer: /17, idx: 1
timeout for this layer is 5.0
Removed 0 unstable neurons in MIP based on the coefficient matrix.
PGD done for relu layer 1
Solving MIP for lay/input-3_20,[-2.9906840324401855,2.1080377101898193]=>[-1.852965820660545,1.1852304658795745] (2,-1; 2,-1), time: 9.1327s, #vars: 1445, #constrs: 795, improved: True
Solving MIP for lay/input-3_11,[-2.3710107803344727,3.937626361846924]=>[-0.9441689031245122,2.7481761853809488] (9,-1; 9,-1), time: 10.0081s, #vars: 1445, #constrs: 795, improved: True
MIP improved 2 nodes out of 79 unstable nodes for layer /17, time 11.1855
MIP got 1 timeout nodes out of 79 nodes for layer /17
maximum relu layer improved by MIP so far 1
Refine time 11.4245 exceeds the limit 9.600000000000001, stop refining.
MIP finished with 11.424482822418213s
Run final alpha-CROWN after MIP solving on layer 5 and relu idx 2
0 /input torch.Size([1, 256])
1 /input-3 torch.Size([1, 128])
best_l after optimization: -17.95990753173828
alpha/beta optimization time: 1.5246915817260742
alpha-CROWN with intermediate bounds improved by MIP: tensor([[-3.28234816, -1.21122074, -6.59143448,  0.05650043, -1.37257290,
         -5.55883265]], device='cuda:0') None
torch.Size([1, 6])
refined global lb: tensor([[-3.28234816],
        [-1.21122074],
        [-6.59143448],
        [ 0.05650043],
        [-1.37257290],
        [-5.55883265]], device='cuda:0') min: tensor(-6.59143448, device='cuda:0')
1 / 6 OR specs are verified.
Verified OR indices (first 10 items): [3]
Verified OR lbs (first 10 items): [[0.05650043487548828]]
Unverified OR indices (first 10 items): [0, 1, 2, 4, 5]
Unverified OR lbs (first 10 items): [[-3.282348155975342], [-1.2112207412719727], [-6.591434478759766], [-1.372572898864746], [-5.55883264541626]]
###### Verifying property Instance 3 ######
Batch size: 5
First 10 spec matrices
C: tensor([[[-1.,  0.,  0.,  1.,  0.,  0.,  0.,  0.,  0.,  0.]],

        [[ 0.,  0., -1.,  1.,  0.,  0.,  0.,  0.,  0.,  0.]],

        [[ 0.,  0.,  0.,  1.,  0., -1.,  0.,  0.,  0.,  0.]],

        [[ 0.,  0.,  0.,  1.,  0.,  0.,  0.,  0., -1.,  0.]],

        [[ 0.,  0.,  0.,  1.,  0.,  0.,  0.,  0.,  0., -1.]]], device='cuda:0')
RHS: tensor([[0.],
        [0.],
        [0.],
        [0.],
        [0.]], device='cuda:0')
OR spec sizes: tensor([1, 1, 1, 1, 1], device='cuda:0', dtype=torch.int32)
Remaining timeout: -4.565200090408325
Model prediction is: tensor([ -1.95327723,  -6.85901928,  -2.42709041,  10.91558743, -10.96868038,
          1.26865745, -16.50358772,  -6.60532093,  -0.46323165,   2.00142384],
       device='cuda:0')
Activation BaB batch 1/1 
build_with_refined_bounds batch [1/1]
Optimizable variables initialized.
all alpha initialized
directly get lb and ub from refined bounds
c shape: torch.Size([5, 1, 10])
lA shapes: [torch.Size([5, 1, 256]), torch.Size([5, 1, 128])]
torch.Size([5, 1])
(alpha-)CROWN with fixed intermediate bounds: tensor([[-3.28234816],
        [-1.21122074],
        [-6.59143448],
        [-1.37257290],
        [-5.55883265]], device='cuda:0') tensor([[inf],
        [inf],
        [inf],
        [inf],
        [inf]], device='cuda:0')
Intermediate layers: /input,/input-3
Keeping alphas for these layers: ['/18']
Node /15 input 0: size torch.Size([256]) unstable 137
Node /17 input 0: size torch.Size([128]) unstable 79
-----------------
# of unstable neurons: 216
-----------------

BaB round 1
batch: 5
splitting decisions: 
split level 0: [/input-3, 98] [/input-3, 104] [/input-3, 71] [/input, 147] [/input-3, 71] 
best_l after optimization: -29.669750213623047
beta sum per layer: [0.6684024930000305, 3.9493250846862793]
alpha/beta optimization time: 0.8217487335205078
pruning_in_iteration open status: False
ratio of positive domain = 0 / 10 = 0.0
pruning-in-iteration extra time: 0.0005292892456054688
torch.Size([10, 1])
Time: prepare 0.0026    bound 0.8240    transfer 0.0017    finalize 0.0041    func 0.8324    
Accumulated time: func 0.8324    prepare 0.0064    bound 0.8240    transfer 0.0017    finalize 0.0041    
max lb tensor(-0.63285923) min lb tensor(-6.30144119)
Number of Verified Splits: 0 of 10
Current worst splitting domains lb-rhs (depth):
-6.30144 (1), -5.25619 (1), -5.18877 (1), -4.48153 (1), -2.99341 (1), -1.76125 (1), -1.12803 (1), -1.00505 (1), -0.92122 (1), -0.63286 (1), 
Length of domains: 10
Current (lb-rhs): -6.301441192626953
10 domains visited
Time: pickout 0.0014    decision 0.0334    set_bounds 0.0015    solve 0.8334    add 0.0094    
Accumulated time: pickout 0.0014    decision 0.0334    set_bounds 0.0015    solve 0.8334    add 0.0094    
Time out!!!!!!!!
Result: unknown in 17.4829 seconds

 %%%%%%%%%%%%%%%%%%%%%%%%%%%%%%%%%%% idx: 4, vnnlib ID: 94 %%%%%%%%%%%%%%%%%%%%%%%%%%%%%%%%%%%
Finished vnnlib processing in 0.008208 seconds
Disabling Clip-and-Verify because it does not support bab-refine!
Model: BoundedModule(
  (/0): BoundInput(name=/0, inputs=[], perturbed=True)
  (/7): BoundParams(name=/7, inputs=[], perturbed=False)
  (/8): BoundParams(name=/8, inputs=[], perturbed=False)
  (/9): BoundParams(name=/9, inputs=[], perturbed=False)
  (/10): BoundParams(name=/10, inputs=[], perturbed=False)
  (/11): BoundParams(name=/11, inputs=[], perturbed=False)
  (/12): BoundParams(name=/12, inputs=[], perturbed=False)
  (/13): BoundFlatten(name=/13, inputs=[/0], perturbed=True)
  (/input): BoundLinear(name=/input, inputs=[/13, /7, /8], perturbed=True)
  (/15): BoundRelu(name=/15, inputs=[/input], perturbed=True)
  (/input-3): BoundLinear(name=/input-3, inputs=[/15, /9, /10], perturbed=True)
  (/17): BoundRelu(name=/17, inputs=[/input-3], perturbed=True)
  (/18): BoundLinear(name=/18, inputs=[/17, /11, /12], perturbed=True)
)
Original output in the first batch: tensor([[-10.04502392,   7.42535114,  -2.05771136,  -2.72664070,  -0.06833220,
          -6.53789711,  -5.47460413,  -1.82146215,   1.71765983,  -5.98615646]],
       device='cuda:0')
Split layers:
Nonlinear functions:
   BoundRelu(name=/15, inputs=[/input], perturbed=True)
   BoundRelu(name=/17, inputs=[/input-3], perturbed=True)
build batch [1/1]
layer /15 using sparse-features alpha with shape [163]; unstable size 163; total size 256 ([1, 256])
layer /15 start_node /input-3 using sparse-spec alpha [2, 100, 1, 163] with unstable size 99 total_size 128 output_shape torch.Size([128])
layer /15 start_node /18 using full alpha [2, 9, 1, 163] with unstable size None total_size 9 output_shape 9
layer /17 using sparse-features alpha with shape [99]; unstable size 99; total size 128 ([1, 128])
layer /17 start_node /18 using full alpha [2, 9, 1, 99] with unstable size None total_size 9 output_shape 9
Optimizable variables initialized.
initial CROWN bounds (first 10 items): [-0.7222394943237305, -8.076518058776855, -10.742905616760254, -7.433711051940918, -7.377954483032227, -4.881874084472656, -7.235161781311035, -11.902887344360352, -6.149201393127441]
prune_after_crown optimization in use
  original spec size = torch.Size([1, 9])
  pruned spec size = torch.Size([1, 9])
Using alpha-CROWN to initialize bounds.
best_l after optimization: -53.718414306640625
alpha/beta optimization time: 2.8529245853424072
initial alpha-crown bounds (first 10 items): [0.27254581451416016, -6.992135047912598, -9.236501693725586, -6.84604549407959, -6.082157135009766, -3.499272346496582, -5.963644504547119, -10.521581649780273, -4.849626541137695]
Global lower bound: -10.521581649780273
torch.Size([1, 9])
1 / 9 OR specs are verified.
Verified OR indices (first 10 items): [0]
Verified OR lbs (first 10 items): [[0.27254581451416016]]
Unverified OR indices (first 10 items): [1, 2, 3, 4, 5, 6, 7, 8]
Unverified OR lbs (first 10 items): [[-6.992135047912598], [-9.236501693725586], [-6.84604549407959], [-6.082157135009766], [-3.499272346496582], [-5.963644504547119], [-10.521581649780273], [-4.849626541137695]]
Start solving intermediate bounds with MIP...
layer /15 using sparse-features alpha with shape [163]; unstable size 163; total size 256 ([1, 256])
layer /15 start_node /input-3 using sparse-spec alpha [2, 100, 1, 163] with unstable size 99 total_size 128 output_shape torch.Size([128])
layer /15 start_node /18 using full alpha [2, 8, 1, 163] with unstable size None total_size 8 output_shape 8
layer /17 using sparse-features alpha with shape [99]; unstable size 99; total size 128 ([1, 128])
layer /17 start_node /18 using full alpha [2, 8, 1, 99] with unstable size None total_size 8 output_shape 8
Optimizable variables initialized.
mip_multi_proc: 2, mip_threads: 1,total threads used: 2, mip_perneuron_refine_timeout: 5.0
[total time budget for MIP: 9.600000000000001]

refine the bounds for layer  /15
maximum relu layer improved by MIP so far 0
refine the bounds for layer  /17
current relu layer: /17, idx: 1
timeout for this layer is 5.0
Removed 0 unstable neurons in MIP based on the coefficient matrix.
PGD done for relu layer 1
Solving MIP for lay/input-3_73,[-3.4420745372772217,3.561643362045288]=>[-1.7960863311967323,2.4355883792903508] (9,-1; 2,-1), time: 9.7897s, #vars: 1497, #constrs: 873, improved: True
Solving MIP for lay/input-3_35,[-4.501362323760986,1.9742625951766968]=>[-3.1408796954563747,0.8774032284334315] (9,-1; 9,-1), time: 10.0073s, #vars: 1497, #constrs: 873, improved: True
MIP improved 2 nodes out of 94 unstable nodes for layer /17, time 11.5667
MIP got 1 timeout nodes out of 94 nodes for layer /17
maximum relu layer improved by MIP so far 1
Refine time 11.8448 exceeds the limit 9.600000000000001, stop refining.
MIP finished with 11.844785690307617s
Run final alpha-CROWN after MIP solving on layer 5 and relu idx 2
0 /input torch.Size([1, 256])
1 /input-3 torch.Size([1, 128])
best_l after optimization: -51.84674835205078
alpha/beta optimization time: 5.872741937637329
alpha-CROWN with intermediate bounds improved by MIP: tensor([[ -6.65964699,  -9.15821171,  -6.51374102,  -5.67309761,  -3.21573830,
          -5.61022139, -10.32641506,  -4.68967533]], device='cuda:0') None
torch.Size([1, 8])
refined global lb: tensor([[ -6.65964699],
        [ -9.15821171],
        [ -6.51374102],
        [ -5.67309761],
        [ -3.21573830],
        [ -5.61022139],
        [-10.32641506],
        [ -4.68967533]], device='cuda:0') min: tensor(-10.32641506, device='cuda:0')
0 / 8 OR specs are verified.
Verified OR indices (first 10 items): []
Verified OR lbs (first 10 items): []
Unverified OR indices (first 10 items): [0, 1, 2, 3, 4, 5, 6, 7]
Unverified OR lbs (first 10 items): [[-6.659646987915039], [-9.158211708068848], [-6.5137410163879395], [-5.673097610473633], [-3.215738296508789], [-5.6102213859558105], [-10.326415061950684], [-4.689675331115723]]
###### Verifying property Instance 4 ######
Batch size: 8
First 10 spec matrices
C: tensor([[[ 0.,  1., -1.,  0.,  0.,  0.,  0.,  0.,  0.,  0.]],

        [[ 0.,  1.,  0., -1.,  0.,  0.,  0.,  0.,  0.,  0.]],

        [[ 0.,  1.,  0.,  0., -1.,  0.,  0.,  0.,  0.,  0.]],

        [[ 0.,  1.,  0.,  0.,  0., -1.,  0.,  0.,  0.,  0.]],

        [[ 0.,  1.,  0.,  0.,  0.,  0., -1.,  0.,  0.,  0.]],

        [[ 0.,  1.,  0.,  0.,  0.,  0.,  0., -1.,  0.,  0.]],

        [[ 0.,  1.,  0.,  0.,  0.,  0.,  0.,  0., -1.,  0.]],

        [[ 0.,  1.,  0.,  0.,  0.,  0.,  0.,  0.,  0., -1.]]], device='cuda:0')
RHS: tensor([[0.],
        [0.],
        [0.],
        [0.],
        [0.],
        [0.],
        [0.],
        [0.]], device='cuda:0')
OR spec sizes: tensor([1, 1, 1, 1, 1, 1, 1, 1], device='cuda:0', dtype=torch.int32)
Remaining timeout: -9.445568799972534
Model prediction is: tensor([-10.04502392,   7.42535114,  -2.05771136,  -2.72664070,  -0.06833220,
         -6.53789711,  -5.47460413,  -1.82146215,   1.71765983,  -5.98615646],
       device='cuda:0')
Activation BaB batch 1/1 
build_with_refined_bounds batch [1/1]
Optimizable variables initialized.
all alpha initialized
directly get lb and ub from refined bounds
c shape: torch.Size([8, 1, 10])
lA shapes: [torch.Size([8, 1, 256]), torch.Size([8, 1, 128])]
torch.Size([8, 1])
(alpha-)CROWN with fixed intermediate bounds: tensor([[ -6.65964699],
        [ -9.15821171],
        [ -6.51374102],
        [ -5.67309761],
        [ -3.21573830],
        [ -5.61022139],
        [-10.32641506],
        [ -4.68967533]], device='cuda:0') tensor([[inf],
        [inf],
        [inf],
        [inf],
        [inf],
        [inf],
        [inf],
        [inf]], device='cuda:0')
Intermediate layers: /input,/input-3
Keeping alphas for these layers: ['/18']
Node /15 input 0: size torch.Size([256]) unstable 163
Node /17 input 0: size torch.Size([128]) unstable 94
-----------------
# of unstable neurons: 257
-----------------

BaB round 1
batch: 8
splitting decisions: 
split level 0: [/input, 71] [/input, 160] [/input-3, 36] [/input, 172] [/input-3, 102] [/input-3, 74] [/input-3, 74] [/input-3, 36] 
best_l after optimization: -92.21829986572266
beta sum per layer: [0.13075710833072662, 4.1552605628967285]
alpha/beta optimization time: 0.7033786773681641
pruning_in_iteration open status: False
ratio of positive domain = 0 / 16 = 0.0
pruning-in-iteration extra time: 0.0007798671722412109
torch.Size([16, 1])
Time: prepare 0.0063    bound 0.7056    transfer 0.0018    finalize 0.0073    func 0.7210    
Accumulated time: func 0.7210    prepare 0.0120    bound 0.7056    transfer 0.0018    finalize 0.0073    
max lb tensor(-0.49754906) min lb tensor(-10.04244900)
Number of Verified Splits: 0 of 16
Current worst splitting domains lb-rhs (depth):
-10.04245 (1), -9.88168 (1), -8.54599 (1), -8.31499 (1), -6.26620 (1), -6.23381 (1), -6.05901 (1), -5.57512 (1), -5.37929 (1), -5.17474 (1), -5.07295 (1), -4.66756 (1), -4.43984 (1), -3.27626 (1), -2.79087 (1), -0.49755 (1), 
Length of domains: 16
Current (lb-rhs): -10.042448997497559
16 domains visited
Time: pickout 0.0027    decision 0.0523    set_bounds 0.0037    solve 0.7217    add 0.0084    
Accumulated time: pickout 0.0027    decision 0.0523    set_bounds 0.0037    solve 0.7217    add 0.0084    
Time out!!!!!!!!
Result: unknown in 22.2842 seconds

 %%%%%%%%%%%%%%%%%%%%%%%%%%%%%%%%%%% idx: 5, vnnlib ID: 95 %%%%%%%%%%%%%%%%%%%%%%%%%%%%%%%%%%%
Finished vnnlib processing in 0.013373 seconds
Disabling Clip-and-Verify because it does not support bab-refine!
Model: BoundedModule(
  (/0): BoundInput(name=/0, inputs=[], perturbed=True)
  (/7): BoundParams(name=/7, inputs=[], perturbed=False)
  (/8): BoundParams(name=/8, inputs=[], perturbed=False)
  (/9): BoundParams(name=/9, inputs=[], perturbed=False)
  (/10): BoundParams(name=/10, inputs=[], perturbed=False)
  (/11): BoundParams(name=/11, inputs=[], perturbed=False)
  (/12): BoundParams(name=/12, inputs=[], perturbed=False)
  (/13): BoundFlatten(name=/13, inputs=[/0], perturbed=True)
  (/input): BoundLinear(name=/input, inputs=[/13, /7, /8], perturbed=True)
  (/15): BoundRelu(name=/15, inputs=[/input], perturbed=True)
  (/input-3): BoundLinear(name=/input-3, inputs=[/15, /9, /10], perturbed=True)
  (/17): BoundRelu(name=/17, inputs=[/input-3], perturbed=True)
  (/18): BoundLinear(name=/18, inputs=[/17, /11, /12], perturbed=True)
)
Original output in the first batch: tensor([[-5.47395849, -5.50856972, -4.42375946, -6.32476759,  9.07921219,
         -2.04883623, -5.27672529, -4.94795275, -2.11927891,  2.52577734]],
       device='cuda:0')
Split layers:
Nonlinear functions:
   BoundRelu(name=/15, inputs=[/input], perturbed=True)
   BoundRelu(name=/17, inputs=[/input-3], perturbed=True)
build batch [1/1]
layer /15 using sparse-features alpha with shape [121]; unstable size 121; total size 256 ([1, 256])
layer /15 start_node /input-3 using sparse-spec alpha [2, 89, 1, 121] with unstable size 88 total_size 128 output_shape torch.Size([128])
layer /15 start_node /18 using full alpha [2, 9, 1, 121] with unstable size None total_size 9 output_shape 9
layer /17 using sparse-features alpha with shape [88]; unstable size 88; total size 128 ([1, 128])
layer /17 start_node /18 using full alpha [2, 9, 1, 88] with unstable size None total_size 9 output_shape 9
Optimizable variables initialized.
initial CROWN bounds (first 10 items): [-3.8828601837158203, -0.5980901718139648, -4.651363372802734, -4.855094909667969, -8.778772354125977, -4.158559799194336, -2.9738378524780273, -7.684116363525391, -12.649212837219238]
prune_after_crown optimization in use
  original spec size = torch.Size([1, 9])
  pruned spec size = torch.Size([1, 9])
Using alpha-CROWN to initialize bounds.
best_l after optimization: -42.836463928222656
alpha/beta optimization time: 3.0221657752990723
initial alpha-crown bounds (first 10 items): [-3.5549917221069336, -0.1728200912475586, -4.024977207183838, -4.11067008972168, -7.658565044403076, -3.478780746459961, -2.2812509536743164, -6.497664451599121, -11.056745529174805]
Global lower bound: -11.056745529174805
torch.Size([1, 9])
0 / 9 OR specs are verified.
Verified OR indices (first 10 items): []
Verified OR lbs (first 10 items): []
Unverified OR indices (first 10 items): [0, 1, 2, 3, 4, 5, 6, 7, 8]
Unverified OR lbs (first 10 items): [[-3.5549917221069336], [-0.1728200912475586], [-4.024977207183838], [-4.11067008972168], [-7.658565044403076], [-3.478780746459961], [-2.2812509536743164], [-6.497664451599121], [-11.056745529174805]]
Start solving intermediate bounds with MIP...
layer /15 using sparse-features alpha with shape [121]; unstable size 121; total size 256 ([1, 256])
layer /15 start_node /input-3 using sparse-spec alpha [2, 89, 1, 121] with unstable size 88 total_size 128 output_shape torch.Size([128])
layer /15 start_node /18 using full alpha [2, 9, 1, 121] with unstable size None total_size 9 output_shape 9
layer /17 using sparse-features alpha with shape [88]; unstable size 88; total size 128 ([1, 128])
layer /17 start_node /18 using full alpha [2, 9, 1, 88] with unstable size None total_size 9 output_shape 9
Optimizable variables initialized.
mip_multi_proc: 2, mip_threads: 1,total threads used: 2, mip_perneuron_refine_timeout: 5.0
[total time budget for MIP: 9.600000000000001]

refine the bounds for layer  /15
maximum relu layer improved by MIP so far 0
refine the bounds for layer  /17
current relu layer: /17, idx: 1
timeout for this layer is 5.0
Removed 0 unstable neurons in MIP based on the coefficient matrix.
PGD done for relu layer 1
Solving MIP for lay/input-3_81,[-2.804455518722534,2.66294264793396]=>[-1.9820152055075573,1.5861006383404446] (2,-1; 2,-1), time: 4.0287s, #vars: 1413, #constrs: 747, improved: True
Solving MIP for lay/input-3_126,[-1.5130372047424316,2.057047128677368]=>[-1.0353230695942266,1.0548986684761021] (2,-1; 9,-1), time: 6.8914s, #vars: 1413, #constrs: 747, improved: True
Solving MIP for lay/input-3_104,[-1.9368634223937988,3.4153025150299072]=>[-1.5175005064532936,2.01910349047135] (2,-1; 2,-1), time: 3.9138s, #vars: 1413, #constrs: 747, improved: True
Solving MIP for lay/input-3_25,[-3.554253101348877,1.654974341392517]=>[-3.0309515641123266,0.33821899924249343] (2,-1; 9,-1), time: 6.5449s, #vars: 1413, #constrs: 747, improved: True
Solving MIP for lay/input-3_47,[-3.0430641174316406,1.2976893186569214]=>[-2.3575265142297854,0.29921322405500195] (2,-1; 9,-1), time: 6.6544s, #vars: 1413, #constrs: 747, improved: True
MIP improved 5 nodes out of 88 unstable nodes for layer /17, time 15.7333
MIP got 0 timeout nodes out of 88 nodes for layer /17
maximum relu layer improved by MIP so far 1
Refine time 16.0367 exceeds the limit 9.600000000000001, stop refining.
MIP finished with 16.036720275878906s
Run final alpha-CROWN after MIP solving on layer 5 and relu idx 2
0 /input torch.Size([1, 256])
1 /input-3 torch.Size([1, 128])
best_l after optimization: -36.901206970214844
alpha/beta optimization time: 3.6726086139678955
alpha-CROWN with intermediate bounds improved by MIP: tensor([[ -2.98602581,   0.40027428,  -3.11486053,  -3.57770157,  -6.94963646,
          -2.91438389,  -1.35327148,  -5.92251968, -10.48308086]],
       device='cuda:0') None
torch.Size([1, 9])
refined global lb: tensor([[ -2.98602581],
        [  0.40027428],
        [ -3.11486053],
        [ -3.57770157],
        [ -6.94963646],
        [ -2.91438389],
        [ -1.35327148],
        [ -5.92251968],
        [-10.48308086]], device='cuda:0') min: tensor(-10.48308086, device='cuda:0')
1 / 9 OR specs are verified.
Verified OR indices (first 10 items): [1]
Verified OR lbs (first 10 items): [[0.40027427673339844]]
Unverified OR indices (first 10 items): [0, 2, 3, 4, 5, 6, 7, 8]
Unverified OR lbs (first 10 items): [[-2.986025810241699], [-3.1148605346679688], [-3.5777015686035156], [-6.949636459350586], [-2.914383888244629], [-1.353271484375], [-5.922519683837891], [-10.483080863952637]]
###### Verifying property Instance 5 ######
Batch size: 8
First 10 spec matrices
C: tensor([[[-1.,  0.,  0.,  0.,  1.,  0.,  0.,  0.,  0.,  0.]],

        [[ 0.,  0., -1.,  0.,  1.,  0.,  0.,  0.,  0.,  0.]],

        [[ 0.,  0.,  0., -1.,  1.,  0.,  0.,  0.,  0.,  0.]],

        [[ 0.,  0.,  0.,  0.,  1., -1.,  0.,  0.,  0.,  0.]],

        [[ 0.,  0.,  0.,  0.,  1.,  0., -1.,  0.,  0.,  0.]],

        [[ 0.,  0.,  0.,  0.,  1.,  0.,  0., -1.,  0.,  0.]],

        [[ 0.,  0.,  0.,  0.,  1.,  0.,  0.,  0., -1.,  0.]],

        [[ 0.,  0.,  0.,  0.,  1.,  0.,  0.,  0.,  0., -1.]]], device='cuda:0')
RHS: tensor([[0.],
        [0.],
        [0.],
        [0.],
        [0.],
        [0.],
        [0.],
        [0.]], device='cuda:0')
OR spec sizes: tensor([1, 1, 1, 1, 1, 1, 1, 1], device='cuda:0', dtype=torch.int32)
Remaining timeout: -11.618769884109497
Model prediction is: tensor([-5.47395849, -5.50856972, -4.42375946, -6.32476759,  9.07921219,
        -2.04883623, -5.27672529, -4.94795275, -2.11927891,  2.52577734],
       device='cuda:0')
Activation BaB batch 1/1 
build_with_refined_bounds batch [1/1]
Optimizable variables initialized.
all alpha initialized
directly get lb and ub from refined bounds
c shape: torch.Size([8, 1, 10])
lA shapes: [torch.Size([8, 1, 256]), torch.Size([8, 1, 128])]
torch.Size([8, 1])
(alpha-)CROWN with fixed intermediate bounds: tensor([[ -2.98602581],
        [ -3.11486053],
        [ -3.57770157],
        [ -6.94963646],
        [ -2.91438389],
        [ -1.35327148],
        [ -5.92251968],
        [-10.48308086]], device='cuda:0') tensor([[inf],
        [inf],
        [inf],
        [inf],
        [inf],
        [inf],
        [inf],
        [inf]], device='cuda:0')
Intermediate layers: /input,/input-3
Keeping alphas for these layers: ['/18']
Node /15 input 0: size torch.Size([256]) unstable 121
Node /17 input 0: size torch.Size([128]) unstable 88
-----------------
# of unstable neurons: 209
-----------------

BaB round 1
batch: 8
splitting decisions: 
split level 0: [/input, 135] [/input, 54] [/input, 57] [/input, 135] [/input, 173] [/input, 54] [/input, 239] [/input, 141] 
best_l after optimization: -64.98970794677734
beta sum per layer: [2.4471182823181152, 0.0]
alpha/beta optimization time: 0.666867733001709
pruning_in_iteration open status: False
ratio of positive domain = 0 / 16 = 0.0
pruning-in-iteration extra time: 0.0011212825775146484
torch.Size([16, 1])
Time: prepare 0.0020    bound 0.6689    transfer 0.0033    finalize 0.0126    func 0.6870    
Accumulated time: func 0.6870    prepare 0.0067    bound 0.6689    transfer 0.0033    finalize 0.0126    
max lb tensor(-0.66152859) min lb tensor(-10.27918530)
Number of Verified Splits: 0 of 16
Current worst splitting domains lb-rhs (depth):
-10.27919 (1), -8.79242 (1), -6.06380 (1), -5.82538 (1), -5.57475 (1), -5.50482 (1), -3.11251 (1), -3.08364 (1), -2.69852 (1), -2.63806 (1), -2.54538 (1), -2.52877 (1), -2.42620 (1), -2.24000 (1), -1.01475 (1), -0.66153 (1), 
Length of domains: 16
Current (lb-rhs): -10.27918529510498
16 domains visited
Time: pickout 0.0021    decision 0.0376    set_bounds 0.0013    solve 0.6880    add 0.0077    
Accumulated time: pickout 0.0021    decision 0.0376    set_bounds 0.0013    solve 0.6880    add 0.0077    
Time out!!!!!!!!
Result: unknown in 24.3990 seconds

 %%%%%%%%%%%%%%%%%%%%%%%%%%%%%%%%%%% idx: 6, vnnlib ID: 96 %%%%%%%%%%%%%%%%%%%%%%%%%%%%%%%%%%%
Finished vnnlib processing in 0.011747 seconds
Disabling Clip-and-Verify because it does not support bab-refine!
Model: BoundedModule(
  (/0): BoundInput(name=/0, inputs=[], perturbed=True)
  (/7): BoundParams(name=/7, inputs=[], perturbed=False)
  (/8): BoundParams(name=/8, inputs=[], perturbed=False)
  (/9): BoundParams(name=/9, inputs=[], perturbed=False)
  (/10): BoundParams(name=/10, inputs=[], perturbed=False)
  (/11): BoundParams(name=/11, inputs=[], perturbed=False)
  (/12): BoundParams(name=/12, inputs=[], perturbed=False)
  (/13): BoundFlatten(name=/13, inputs=[/0], perturbed=True)
  (/input): BoundLinear(name=/input, inputs=[/13, /7, /8], perturbed=True)
  (/15): BoundRelu(name=/15, inputs=[/input], perturbed=True)
  (/input-3): BoundLinear(name=/input-3, inputs=[/15, /9, /10], perturbed=True)
  (/17): BoundRelu(name=/17, inputs=[/input-3], perturbed=True)
  (/18): BoundLinear(name=/18, inputs=[/17, /11, /12], perturbed=True)
)
Original output in the first batch: tensor([[-7.53880358,  2.53574824, -3.30548716,  0.94008392, -0.92384702,
         -1.84918845, -6.71817064, -0.63641721,  0.63106519,  0.03651765]],
       device='cuda:0')
Split layers:
Nonlinear functions:
   BoundRelu(name=/15, inputs=[/input], perturbed=True)
   BoundRelu(name=/17, inputs=[/input-3], perturbed=True)
build batch [1/1]
layer /15 using sparse-features alpha with shape [202]; unstable size 202; total size 256 ([1, 256])
layer /15 start_node /input-3 using full alpha [2, 128, 1, 202] with unstable size 123 total_size 128 output_shape torch.Size([128])
layer /15 start_node /18 using full alpha [2, 9, 1, 202] with unstable size None total_size 9 output_shape 9
layer /17 using full alpha with shape torch.Size([128]); unstable size 123; total size 128 ([1, 128])
layer /17 start_node /18 using full alpha [2, 9, 1, 128] with unstable size None total_size 9 output_shape 9
Optimizable variables initialized.
initial CROWN bounds (first 10 items): [-12.340714454650879, -14.597208023071289, -21.259679794311523, -16.17975425720215, -20.856571197509766, -12.069890975952148, -17.457015991210938, -17.257253646850586, -20.998172760009766]
prune_after_crown optimization in use
  original spec size = torch.Size([1, 9])
  pruned spec size = torch.Size([1, 9])
Using alpha-CROWN to initialize bounds.
best_l after optimization: -131.98770141601562
alpha/beta optimization time: 2.6817386150360107
initial alpha-crown bounds (first 10 items): [-10.904794692993164, -12.812042236328125, -18.32448387145996, -13.334537506103516, -17.803096771240234, -10.422578811645508, -15.033864974975586, -15.824819564819336, -17.52749252319336]
Global lower bound: -18.32448387145996
torch.Size([1, 9])
0 / 9 OR specs are verified.
Verified OR indices (first 10 items): []
Verified OR lbs (first 10 items): []
Unverified OR indices (first 10 items): [0, 1, 2, 3, 4, 5, 6, 7, 8]
Unverified OR lbs (first 10 items): [[-10.904794692993164], [-12.812042236328125], [-18.32448387145996], [-13.334537506103516], [-17.803096771240234], [-10.422578811645508], [-15.033864974975586], [-15.824819564819336], [-17.52749252319336]]
Start solving intermediate bounds with MIP...
layer /15 using sparse-features alpha with shape [202]; unstable size 202; total size 256 ([1, 256])
layer /15 start_node /input-3 using full alpha [2, 128, 1, 202] with unstable size 123 total_size 128 output_shape torch.Size([128])
layer /15 start_node /18 using full alpha [2, 9, 1, 202] with unstable size None total_size 9 output_shape 9
layer /17 using full alpha with shape torch.Size([128]); unstable size 123; total size 128 ([1, 128])
layer /17 start_node /18 using full alpha [2, 9, 1, 128] with unstable size None total_size 9 output_shape 9
Optimizable variables initialized.
mip_multi_proc: 2, mip_threads: 1,total threads used: 2, mip_perneuron_refine_timeout: 5.0
[total time budget for MIP: 9.600000000000001]

refine the bounds for layer  /15
maximum relu layer improved by MIP so far 0
refine the bounds for layer  /17
current relu layer: /17, idx: 1
timeout for this layer is 5.0
Removed 0 unstable neurons in MIP based on the coefficient matrix.
PGD done for relu layer 1
Solving MIP for lay/input-3_102,[-5.6147003173828125,3.56896710395813]=>[-4.090415940527483,2.0743213510068386] (9,-1; 9,-1), time: 10.0119s, #vars: 1575, #constrs: 990, improved: True
Solving MIP for lay/input-3_36,[-3.8063669204711914,4.573256969451904]=>[-2.344208095050887,3.0304569146648332] (9,-1; 9,-1), time: 10.0146s, #vars: 1575, #constrs: 990, improved: True
MIP improved 2 nodes out of 123 unstable nodes for layer /17, time 9.3349
MIP got 2 timeout nodes out of 123 nodes for layer /17
maximum relu layer improved by MIP so far 1
MIP finished with 9.581243753433228s
Run final alpha-CROWN after MIP solving on layer 5 and relu idx 2
0 /input torch.Size([1, 256])
1 /input-3 torch.Size([1, 128])
best_l after optimization: -129.56607055664062
alpha/beta optimization time: 3.932992935180664
alpha-CROWN with intermediate bounds improved by MIP: tensor([[-10.59926891, -12.63798523, -18.02286339, -13.04977989, -17.54975510,
          -9.97776890, -14.96350765, -15.65571880, -17.10942841]],
       device='cuda:0') None
torch.Size([1, 9])
refined global lb: tensor([[-10.59926891],
        [-12.63798523],
        [-18.02286339],
        [-13.04977989],
        [-17.54975510],
        [ -9.97776890],
        [-14.96350765],
        [-15.65571880],
        [-17.10942841]], device='cuda:0') min: tensor(-18.02286339, device='cuda:0')
0 / 9 OR specs are verified.
Verified OR indices (first 10 items): []
Verified OR lbs (first 10 items): []
Unverified OR indices (first 10 items): [0, 1, 2, 3, 4, 5, 6, 7, 8]
Unverified OR lbs (first 10 items): [[-10.599268913269043], [-12.637985229492188], [-18.022863388061523], [-13.049779891967773], [-17.549755096435547], [-9.977768898010254], [-14.963507652282715], [-15.655718803405762], [-17.10942840576172]]
###### Verifying property Instance 6 ######
Batch size: 9
First 10 spec matrices
C: tensor([[[-1.,  1.,  0.,  0.,  0.,  0.,  0.,  0.,  0.,  0.]],

        [[ 0.,  1., -1.,  0.,  0.,  0.,  0.,  0.,  0.,  0.]],

        [[ 0.,  1.,  0., -1.,  0.,  0.,  0.,  0.,  0.,  0.]],

        [[ 0.,  1.,  0.,  0., -1.,  0.,  0.,  0.,  0.,  0.]],

        [[ 0.,  1.,  0.,  0.,  0., -1.,  0.,  0.,  0.,  0.]],

        [[ 0.,  1.,  0.,  0.,  0.,  0., -1.,  0.,  0.,  0.]],

        [[ 0.,  1.,  0.,  0.,  0.,  0.,  0., -1.,  0.,  0.]],

        [[ 0.,  1.,  0.,  0.,  0.,  0.,  0.,  0., -1.,  0.]],

        [[ 0.,  1.,  0.,  0.,  0.,  0.,  0.,  0.,  0., -1.]]], device='cuda:0')
RHS: tensor([[0.],
        [0.],
        [0.],
        [0.],
        [0.],
        [0.],
        [0.],
        [0.],
        [0.]], device='cuda:0')
OR spec sizes: tensor([1, 1, 1, 1, 1, 1, 1, 1, 1], device='cuda:0', dtype=torch.int32)
Remaining timeout: -5.1078267097473145
Model prediction is: tensor([-7.53880358,  2.53574824, -3.30548716,  0.94008392, -0.92384702,
        -1.84918845, -6.71817064, -0.63641721,  0.63106519,  0.03651765],
       device='cuda:0')
Activation BaB batch 1/1 
build_with_refined_bounds batch [1/1]
Optimizable variables initialized.
all alpha initialized
directly get lb and ub from refined bounds
c shape: torch.Size([9, 1, 10])
lA shapes: [torch.Size([9, 1, 256]), torch.Size([9, 1, 128])]
torch.Size([9, 1])
(alpha-)CROWN with fixed intermediate bounds: tensor([[-10.59926891],
        [-12.63798523],
        [-18.02286339],
        [-13.04977989],
        [-17.54975510],
        [ -9.97776890],
        [-14.96350765],
        [-15.65571880],
        [-17.10942841]], device='cuda:0') tensor([[inf],
        [inf],
        [inf],
        [inf],
        [inf],
        [inf],
        [inf],
        [inf],
        [inf]], device='cuda:0')
Intermediate layers: /input,/input-3
Keeping alphas for these layers: ['/18']
Node /15 input 0: size torch.Size([256]) unstable 202
Node /17 input 0: size torch.Size([128]) unstable 123
-----------------
# of unstable neurons: 325
-----------------

BaB round 1
batch: 9
splitting decisions: 
split level 0: [/input-3, 102] [/input-3, 73] [/input, 160] [/input-3, 73] [/input, 135] [/input-3, 105] [/input-3, 35] [/input-3, 35] [/input-3, 27] 
best_l after optimization: -243.18167114257812
beta sum per layer: [0.9327361583709717, 5.3821330070495605]
alpha/beta optimization time: 0.6068816184997559
pruning_in_iteration open status: False
ratio of positive domain = 0 / 18 = 0.0
pruning-in-iteration extra time: 0.000415802001953125
torch.Size([18, 1])
Time: prepare 0.0034    bound 0.6082    transfer 0.0011    finalize 0.0081    func 0.6208    
Accumulated time: func 0.6208    prepare 0.0093    bound 0.6082    transfer 0.0011    finalize 0.0081    
max lb tensor(-8.44504929) min lb tensor(-17.71758461)
Number of Verified Splits: 0 of 18
Current worst splitting domains lb-rhs (depth):
-17.71758 (1), -17.09170 (1), -17.06957 (1), -16.91874 (1), -16.75568 (1), -15.34338 (1), -14.61129 (1), -14.41873 (1), -13.96463 (1), -13.94205 (1), -12.78995 (1), -12.18947 (1), -11.93861 (1), -10.27051 (1), -9.99931 (1), -9.98487 (1), -9.73053 (1), -8.44505 (1), 
Length of domains: 18
Current (lb-rhs): -17.71758460998535
18 domains visited
Time: pickout 0.0018    decision 0.0390    set_bounds 0.0024    solve 0.6216    add 0.0063    
Accumulated time: pickout 0.0018    decision 0.0390    set_bounds 0.0024    solve 0.6216    add 0.0063    
Time out!!!!!!!!
Result: unknown in 17.8169 seconds

 %%%%%%%%%%%%%%%%%%%%%%%%%%%%%%%%%%% idx: 7, vnnlib ID: 97 %%%%%%%%%%%%%%%%%%%%%%%%%%%%%%%%%%%
Finished vnnlib processing in 0.009081 seconds
Disabling Clip-and-Verify because it does not support bab-refine!
Model: BoundedModule(
  (/0): BoundInput(name=/0, inputs=[], perturbed=True)
  (/7): BoundParams(name=/7, inputs=[], perturbed=False)
  (/8): BoundParams(name=/8, inputs=[], perturbed=False)
  (/9): BoundParams(name=/9, inputs=[], perturbed=False)
  (/10): BoundParams(name=/10, inputs=[], perturbed=False)
  (/11): BoundParams(name=/11, inputs=[], perturbed=False)
  (/12): BoundParams(name=/12, inputs=[], perturbed=False)
  (/13): BoundFlatten(name=/13, inputs=[/0], perturbed=True)
  (/input): BoundLinear(name=/input, inputs=[/13, /7, /8], perturbed=True)
  (/15): BoundRelu(name=/15, inputs=[/input], perturbed=True)
  (/input-3): BoundLinear(name=/input-3, inputs=[/15, /9, /10], perturbed=True)
  (/17): BoundRelu(name=/17, inputs=[/input-3], perturbed=True)
  (/18): BoundLinear(name=/18, inputs=[/17, /11, /12], perturbed=True)
)
Original output in the first batch: tensor([[ -5.97013855,  -0.98666036,   4.25714684,   3.21881127,  -3.24217725,
         -11.26309299, -13.34436703,  11.34296799,  -3.60218334,  -7.69610500]],
       device='cuda:0')
Split layers:
Nonlinear functions:
   BoundRelu(name=/15, inputs=[/input], perturbed=True)
   BoundRelu(name=/17, inputs=[/input-3], perturbed=True)
build batch [1/1]
layer /15 using sparse-features alpha with shape [144]; unstable size 144; total size 256 ([1, 256])
layer /15 start_node /input-3 using sparse-spec alpha [2, 94, 1, 144] with unstable size 93 total_size 128 output_shape torch.Size([128])
layer /15 start_node /18 using full alpha [2, 9, 1, 144] with unstable size None total_size 9 output_shape 9
layer /17 using sparse-features alpha with shape [93]; unstable size 93; total size 128 ([1, 128])
layer /17 start_node /18 using full alpha [2, 9, 1, 93] with unstable size None total_size 9 output_shape 9
Optimizable variables initialized.
initial CROWN bounds (first 10 items): [-1.2972135543823242, -2.5339488983154297, -9.45451831817627, -8.676963806152344, -3.1488208770751953, -0.5189113616943359, -1.3673591613769531, -5.081864356994629, 0.17770099639892578]
prune_after_crown optimization in use
  original spec size = torch.Size([1, 9])
  pruned spec size = torch.Size([1, 8])
Using alpha-CROWN to initialize bounds.
best_l after optimization: -23.434722900390625
alpha/beta optimization time: 2.6094868183135986
initial alpha-crown bounds (first 10 items): [-0.24457836151123047, -1.6041994094848633, -8.405214309692383, -8.028532028198242, -1.9452199935913086, 0.4383087158203125, 0.45070552825927734, -4.095993995666504]
Global lower bound: -8.405214309692383
torch.Size([1, 8])
3 / 9 OR specs are verified.
Verified OR indices (first 10 items): [5, 6, 8]
Verified OR lbs (first 10 items): [[0.4383087158203125], [0.45070552825927734], [inf]]
Unverified OR indices (first 10 items): [0, 1, 2, 3, 4, 7]
Unverified OR lbs (first 10 items): [[-0.24457836151123047], [-1.6041994094848633], [-8.405214309692383], [-8.028532028198242], [-1.9452199935913086], [-4.095993995666504]]
Start solving intermediate bounds with MIP...
layer /15 using sparse-features alpha with shape [144]; unstable size 144; total size 256 ([1, 256])
layer /15 start_node /input-3 using sparse-spec alpha [2, 94, 1, 144] with unstable size 93 total_size 128 output_shape torch.Size([128])
layer /15 start_node /18 using full alpha [2, 6, 1, 144] with unstable size None total_size 6 output_shape 6
layer /17 using sparse-features alpha with shape [93]; unstable size 93; total size 128 ([1, 128])
layer /17 start_node /18 using full alpha [2, 6, 1, 93] with unstable size None total_size 6 output_shape 6
Optimizable variables initialized.
mip_multi_proc: 2, mip_threads: 1,total threads used: 2, mip_perneuron_refine_timeout: 5.0
[total time budget for MIP: 9.600000000000001]

refine the bounds for layer  /15
maximum relu layer improved by MIP so far 0
refine the bounds for layer  /17
current relu layer: /17, idx: 1
timeout for this layer is 5.0
Removed 0 unstable neurons in MIP based on the coefficient matrix.
PGD done for relu layer 1
Solving MIP for lay/input-3_40,[-3.877924919128418,2.2984509468078613]=>[-3.4260229930298847,0.8140270442917523] (2,-1; 9,-1), time: 5.8087s, #vars: 1459, #constrs: 816, improved: True
Solving MIP for lay/input-3_102,[-5.331954002380371,2.8016629219055176]=>[-3.617442455481882,1.5712447349032186] (2,-1; 2,-1), time: 8.6494s, #vars: 1459, #constrs: 816, improved: True
Solving MIP for lay/input-3_101,[-3.6503114700317383,1.963224172592163]=>[-2.565433319567836,1.2075697834434387] (2,-1; 2,-1), time: 6.5459s, #vars: 1459, #constrs: 816, improved: True
Solving MIP for lay/input-3_11,[-2.932508945465088,2.8564367294311523]=>[-1.6242024174210148,1.7368862065160617] (2,-1; 2,-1), time: 9.5021s, #vars: 1459, #constrs: 816, improved: True
MIP improved 4 nodes out of 93 unstable nodes for layer /17, time 19.3062
MIP got 0 timeout nodes out of 93 nodes for layer /17
maximum relu layer improved by MIP so far 1
Refine time 19.5378 exceeds the limit 9.600000000000001, stop refining.
MIP finished with 19.537800312042236s
Run final alpha-CROWN after MIP solving on layer 5 and relu idx 2
0 /input torch.Size([1, 256])
1 /input-3 torch.Size([1, 128])
Early stop at 46th iter due to 10 iterations no improvement!
best_l after optimization: -21.084747314453125
alpha/beta optimization time: 2.0901567935943604
alpha-CROWN with intermediate bounds improved by MIP: tensor([[ 0.70194626, -1.07480145, -8.09665680, -7.39243841, -1.64352226,
         -3.57927322]], device='cuda:0') None
torch.Size([1, 6])
refined global lb: tensor([[ 0.70194626],
        [-1.07480145],
        [-8.09665680],
        [-7.39243841],
        [-1.64352226],
        [-3.57927322]], device='cuda:0') min: tensor(-8.09665680, device='cuda:0')
1 / 6 OR specs are verified.
Verified OR indices (first 10 items): [0]
Verified OR lbs (first 10 items): [[0.7019462585449219]]
Unverified OR indices (first 10 items): [1, 2, 3, 4, 5]
Unverified OR lbs (first 10 items): [[-1.0748014450073242], [-8.096656799316406], [-7.3924384117126465], [-1.6435222625732422], [-3.579273223876953]]
###### Verifying property Instance 7 ######
Batch size: 5
First 10 spec matrices
C: tensor([[[ 0., -1.,  0.,  0.,  0.,  0.,  0.,  1.,  0.,  0.]],

        [[ 0.,  0., -1.,  0.,  0.,  0.,  0.,  1.,  0.,  0.]],

        [[ 0.,  0.,  0., -1.,  0.,  0.,  0.,  1.,  0.,  0.]],

        [[ 0.,  0.,  0.,  0., -1.,  0.,  0.,  1.,  0.,  0.]],

        [[ 0.,  0.,  0.,  0.,  0.,  0.,  0.,  1., -1.,  0.]]], device='cuda:0')
RHS: tensor([[0.],
        [0.],
        [0.],
        [0.],
        [0.]], device='cuda:0')
OR spec sizes: tensor([1, 1, 1, 1, 1], device='cuda:0', dtype=torch.int32)
Remaining timeout: -13.06436538696289
Model prediction is: tensor([ -5.97013855,  -0.98666036,   4.25714684,   3.21881127,  -3.24217725,
        -11.26309299, -13.34436703,  11.34296799,  -3.60218334,  -7.69610500],
       device='cuda:0')
Activation BaB batch 1/1 
build_with_refined_bounds batch [1/1]
Optimizable variables initialized.
all alpha initialized
directly get lb and ub from refined bounds
c shape: torch.Size([5, 1, 10])
lA shapes: [torch.Size([5, 1, 256]), torch.Size([5, 1, 128])]
torch.Size([5, 1])
(alpha-)CROWN with fixed intermediate bounds: tensor([[-1.07480145],
        [-8.09665680],
        [-7.39243841],
        [-1.64352226],
        [-3.57927322]], device='cuda:0') tensor([[inf],
        [inf],
        [inf],
        [inf],
        [inf]], device='cuda:0')
Intermediate layers: /input,/input-3
Keeping alphas for these layers: ['/18']
Node /15 input 0: size torch.Size([256]) unstable 144
Node /17 input 0: size torch.Size([128]) unstable 93
-----------------
# of unstable neurons: 237
-----------------

BaB round 1
batch: 5
splitting decisions: 
split level 0: [/input-3, 6] [/input-3, 34] [/input, 160] [/input-3, 70] [/input-3, 6] 
best_l after optimization: -39.175357818603516
beta sum per layer: [0.3179490864276886, 0.6017714738845825]
alpha/beta optimization time: 0.6454591751098633
pruning_in_iteration open status: False
ratio of positive domain = 0 / 10 = 0.0
pruning-in-iteration extra time: 0.0002989768981933594
torch.Size([10, 1])
Time: prepare 0.0026    bound 0.6468    transfer 0.0013    finalize 0.0047    func 0.6555    
Accumulated time: func 0.6555    prepare 0.0076    bound 0.6468    transfer 0.0013    finalize 0.0047    
max lb tensor(-0.64182758) min lb tensor(-7.79171419)
Number of Verified Splits: 0 of 10
Current worst splitting domains lb-rhs (depth):
-7.79171 (1), -7.52030 (1), -6.95517 (1), -6.63337 (1), -3.26724 (1), -3.22644 (1), -1.24266 (1), -1.24128 (1), -0.65536 (1), -0.64183 (1), 
Length of domains: 10
Current (lb-rhs): -7.791714191436768
10 domains visited
Time: pickout 0.0015    decision 0.0386    set_bounds 0.0024    solve 0.6564    add 0.0060    
Accumulated time: pickout 0.0015    decision 0.0386    set_bounds 0.0024    solve 0.6564    add 0.0060    
Time out!!!!!!!!
Result: unknown in 25.8098 seconds

 %%%%%%%%%%%%%%%%%%%%%%%%%%%%%%%%%%% idx: 8, vnnlib ID: 98 %%%%%%%%%%%%%%%%%%%%%%%%%%%%%%%%%%%
Finished vnnlib processing in 0.010354 seconds
Disabling Clip-and-Verify because it does not support bab-refine!
Model: BoundedModule(
  (/0): BoundInput(name=/0, inputs=[], perturbed=True)
  (/7): BoundParams(name=/7, inputs=[], perturbed=False)
  (/8): BoundParams(name=/8, inputs=[], perturbed=False)
  (/9): BoundParams(name=/9, inputs=[], perturbed=False)
  (/10): BoundParams(name=/10, inputs=[], perturbed=False)
  (/11): BoundParams(name=/11, inputs=[], perturbed=False)
  (/12): BoundParams(name=/12, inputs=[], perturbed=False)
  (/13): BoundFlatten(name=/13, inputs=[/0], perturbed=True)
  (/input): BoundLinear(name=/input, inputs=[/13, /7, /8], perturbed=True)
  (/15): BoundRelu(name=/15, inputs=[/input], perturbed=True)
  (/input-3): BoundLinear(name=/input-3, inputs=[/15, /9, /10], perturbed=True)
  (/17): BoundRelu(name=/17, inputs=[/input-3], perturbed=True)
  (/18): BoundLinear(name=/18, inputs=[/17, /11, /12], perturbed=True)
)
Original output in the first batch: tensor([[ 2.51527762, -2.15500522, -2.99167418, -5.98199320, -2.52678871,
          1.18797565,  6.43147373, -4.18512821, -2.44369531, -4.23040247]],
       device='cuda:0')
Split layers:
Nonlinear functions:
   BoundRelu(name=/15, inputs=[/input], perturbed=True)
   BoundRelu(name=/17, inputs=[/input-3], perturbed=True)
build batch [1/1]
layer /15 using sparse-features alpha with shape [157]; unstable size 157; total size 256 ([1, 256])
layer /15 start_node /input-3 using sparse-spec alpha [2, 99, 1, 157] with unstable size 98 total_size 128 output_shape torch.Size([128])
layer /15 start_node /18 using full alpha [2, 9, 1, 157] with unstable size None total_size 9 output_shape 9
layer /17 using sparse-features alpha with shape [98]; unstable size 98; total size 128 ([1, 128])
layer /17 start_node /18 using full alpha [2, 9, 1, 98] with unstable size None total_size 9 output_shape 9
Optimizable variables initialized.
initial CROWN bounds (first 10 items): [-11.113222122192383, -9.856939315795898, -11.894532203674316, -8.24870491027832, -9.13612174987793, -12.1493501663208, -12.937005043029785, -7.09602689743042, -7.895458221435547]
prune_after_crown optimization in use
  original spec size = torch.Size([1, 9])
  pruned spec size = torch.Size([1, 9])
Using alpha-CROWN to initialize bounds.
best_l after optimization: -80.03450775146484
alpha/beta optimization time: 0.6412353515625
initial alpha-crown bounds (first 10 items): [-9.812467575073242, -8.90228271484375, -10.719098091125488, -7.098163604736328, -7.719099521636963, -11.56633472442627, -11.549413681030273, -6.139554977416992, -6.528092384338379]
Global lower bound: -11.56633472442627
torch.Size([1, 9])
0 / 9 OR specs are verified.
Verified OR indices (first 10 items): []
Verified OR lbs (first 10 items): []
Unverified OR indices (first 10 items): [0, 1, 2, 3, 4, 5, 6, 7, 8]
Unverified OR lbs (first 10 items): [[-9.812467575073242], [-8.90228271484375], [-10.719098091125488], [-7.098163604736328], [-7.719099521636963], [-11.56633472442627], [-11.549413681030273], [-6.139554977416992], [-6.528092384338379]]
Start solving intermediate bounds with MIP...
layer /15 using sparse-features alpha with shape [157]; unstable size 157; total size 256 ([1, 256])
layer /15 start_node /input-3 using sparse-spec alpha [2, 99, 1, 157] with unstable size 98 total_size 128 output_shape torch.Size([128])
layer /15 start_node /18 using full alpha [2, 9, 1, 157] with unstable size None total_size 9 output_shape 9
layer /17 using sparse-features alpha with shape [98]; unstable size 98; total size 128 ([1, 128])
layer /17 start_node /18 using full alpha [2, 9, 1, 98] with unstable size None total_size 9 output_shape 9
Optimizable variables initialized.
mip_multi_proc: 2, mip_threads: 1,total threads used: 2, mip_perneuron_refine_timeout: 5.0
[total time budget for MIP: 9.600000000000001]

refine the bounds for layer  /15
maximum relu layer improved by MIP so far 0
refine the bounds for layer  /17
current relu layer: /17, idx: 1
timeout for this layer is 5.0
Removed 0 unstable neurons in MIP based on the coefficient matrix.
PGD done for relu layer 1
Solving MIP for lay/input-3_15,[-2.073993682861328,2.57135272026062]=>[-1.3161569301133658,1.5604055739632614] (2,-1; 9,-1), time: 8.2324s, #vars: 1485, #constrs: 855, improved: True
Solving MIP for lay/input-3_14,[-2.275883197784424,2.5289957523345947]=>[-1.4918504508661121,1.3690314125777996] (9,-1; 9,-1), time: 10.0071s, #vars: 1485, #constrs: 855, improved: True
Solving MIP for lay/input-3_61,[-2.1752243041992188,3.5808944702148438]=>[-1.5499334053321896,2.003284972623874] (2,-1; 9,-1), time: 7.7368s, #vars: 1485, #constrs: 855, improved: True
MIP improved 3 nodes out of 96 unstable nodes for layer /17, time 17.2080
MIP got 1 timeout nodes out of 96 nodes for layer /17
maximum relu layer improved by MIP so far 1
Refine time 17.4635 exceeds the limit 9.600000000000001, stop refining.
MIP finished with 17.463507175445557s
Run final alpha-CROWN after MIP solving on layer 5 and relu idx 2
0 /input torch.Size([1, 256])
1 /input-3 torch.Size([1, 128])
best_l after optimization: -76.09890747070312
alpha/beta optimization time: 3.9867608547210693
alpha-CROWN with intermediate bounds improved by MIP: tensor([[ -9.68150902,  -8.35187912, -10.28705978,  -6.58932257,  -7.43645620,
         -10.94198036, -10.92533684,  -5.80029488,  -6.08507347]],
       device='cuda:0') None
torch.Size([1, 9])
refined global lb: tensor([[ -9.68150902],
        [ -8.35187912],
        [-10.28705978],
        [ -6.58932257],
        [ -7.43645620],
        [-10.94198036],
        [-10.92533684],
        [ -5.80029488],
        [ -6.08507347]], device='cuda:0') min: tensor(-10.94198036, device='cuda:0')
0 / 9 OR specs are verified.
Verified OR indices (first 10 items): []
Verified OR lbs (first 10 items): []
Unverified OR indices (first 10 items): [0, 1, 2, 3, 4, 5, 6, 7, 8]
Unverified OR lbs (first 10 items): [[-9.681509017944336], [-8.351879119873047], [-10.287059783935547], [-6.589322566986084], [-7.436456203460693], [-10.941980361938477], [-10.925336837768555], [-5.800294876098633], [-6.085073471069336]]
###### Verifying property Instance 8 ######
Batch size: 9
First 10 spec matrices
C: tensor([[[-1.,  0.,  0.,  0.,  0.,  0.,  1.,  0.,  0.,  0.]],

        [[ 0., -1.,  0.,  0.,  0.,  0.,  1.,  0.,  0.,  0.]],

        [[ 0.,  0., -1.,  0.,  0.,  0.,  1.,  0.,  0.,  0.]],

        [[ 0.,  0.,  0., -1.,  0.,  0.,  1.,  0.,  0.,  0.]],

        [[ 0.,  0.,  0.,  0., -1.,  0.,  1.,  0.,  0.,  0.]],

        [[ 0.,  0.,  0.,  0.,  0., -1.,  1.,  0.,  0.,  0.]],

        [[ 0.,  0.,  0.,  0.,  0.,  0.,  1., -1.,  0.,  0.]],

        [[ 0.,  0.,  0.,  0.,  0.,  0.,  1.,  0., -1.,  0.]],

        [[ 0.,  0.,  0.,  0.,  0.,  0.,  1.,  0.,  0., -1.]]], device='cuda:0')
RHS: tensor([[0.],
        [0.],
        [0.],
        [0.],
        [0.],
        [0.],
        [0.],
        [0.],
        [0.]], device='cuda:0')
OR spec sizes: tensor([1, 1, 1, 1, 1, 1, 1, 1, 1], device='cuda:0', dtype=torch.int32)
Remaining timeout: -11.015388011932373
Model prediction is: tensor([ 2.51527762, -2.15500522, -2.99167418, -5.98199320, -2.52678871,
         1.18797565,  6.43147373, -4.18512821, -2.44369531, -4.23040247],
       device='cuda:0')
Activation BaB batch 1/1 
build_with_refined_bounds batch [1/1]
Optimizable variables initialized.
all alpha initialized
directly get lb and ub from refined bounds
c shape: torch.Size([9, 1, 10])
lA shapes: [torch.Size([9, 1, 256]), torch.Size([9, 1, 128])]
torch.Size([9, 1])
(alpha-)CROWN with fixed intermediate bounds: tensor([[ -9.68150902],
        [ -8.35187912],
        [-10.28705978],
        [ -6.58932257],
        [ -7.43645620],
        [-10.94198036],
        [-10.92533684],
        [ -5.80029488],
        [ -6.08507347]], device='cuda:0') tensor([[inf],
        [inf],
        [inf],
        [inf],
        [inf],
        [inf],
        [inf],
        [inf],
        [inf]], device='cuda:0')
Intermediate layers: /input,/input-3
Keeping alphas for these layers: ['/18']
Node /15 input 0: size torch.Size([256]) unstable 157
Node /17 input 0: size torch.Size([128]) unstable 96
-----------------
# of unstable neurons: 253
-----------------

BaB round 1
batch: 9
splitting decisions: 
split level 0: [/input-3, 63] [/input, 125] [/input-3, 34] [/input, 125] [/input-3, 36] [/input, 132] [/input, 104] [/input, 132] [/input-3, 36] 
best_l after optimization: -141.9603271484375
beta sum per layer: [1.594808578491211, 1.9300081729888916]
alpha/beta optimization time: 0.6089613437652588
pruning_in_iteration open status: False
ratio of positive domain = 0 / 18 = 0.0
pruning-in-iteration extra time: 0.0003485679626464844
torch.Size([18, 1])
Time: prepare 0.0033    bound 0.6102    transfer 0.0013    finalize 0.0054    func 0.6203    
Accumulated time: func 0.6203    prepare 0.0087    bound 0.6102    transfer 0.0013    finalize 0.0054    
max lb tensor(-5.44948864) min lb tensor(-10.51677227)
Number of Verified Splits: 0 of 18
Current worst splitting domains lb-rhs (depth):
-10.51677 (1), -10.50854 (1), -10.45123 (1), -10.38130 (1), -9.80510 (1), -9.73637 (1), -9.52120 (1), -8.01068 (1), -7.85861 (1), -7.53304 (1), -7.03297 (1), -6.75863 (1), -6.14545 (1), -5.71236 (1), -5.59092 (1), -5.48607 (1), -5.46161 (1), -5.44949 (1), 
Length of domains: 18
Current (lb-rhs): -10.516772270202637
18 domains visited
Time: pickout 0.0018    decision 0.0388    set_bounds 0.0017    solve 0.6214    add 0.0093    
Accumulated time: pickout 0.0018    decision 0.0388    set_bounds 0.0017    solve 0.6214    add 0.0093    
Time out!!!!!!!!
Result: unknown in 23.7334 seconds

 %%%%%%%%%%%%%%%%%%%%%%%%%%%%%%%%%%% idx: 9, vnnlib ID: 99 %%%%%%%%%%%%%%%%%%%%%%%%%%%%%%%%%%%
Finished vnnlib processing in 0.011764 seconds
Disabling Clip-and-Verify because it does not support bab-refine!
Model: BoundedModule(
  (/0): BoundInput(name=/0, inputs=[], perturbed=True)
  (/7): BoundParams(name=/7, inputs=[], perturbed=False)
  (/8): BoundParams(name=/8, inputs=[], perturbed=False)
  (/9): BoundParams(name=/9, inputs=[], perturbed=False)
  (/10): BoundParams(name=/10, inputs=[], perturbed=False)
  (/11): BoundParams(name=/11, inputs=[], perturbed=False)
  (/12): BoundParams(name=/12, inputs=[], perturbed=False)
  (/13): BoundFlatten(name=/13, inputs=[/0], perturbed=True)
  (/input): BoundLinear(name=/input, inputs=[/13, /7, /8], perturbed=True)
  (/15): BoundRelu(name=/15, inputs=[/input], perturbed=True)
  (/input-3): BoundLinear(name=/input-3, inputs=[/15, /9, /10], perturbed=True)
  (/17): BoundRelu(name=/17, inputs=[/input-3], perturbed=True)
  (/18): BoundLinear(name=/18, inputs=[/17, /11, /12], perturbed=True)
)
Original output in the first batch: tensor([[ -4.14678669,  -8.99657631,  -5.57649994,  -1.21436572,  -0.79234773,
          -5.68930435, -14.52043724,  -0.21953587,  -3.08347106,  11.64215088]],
       device='cuda:0')
Split layers:
Nonlinear functions:
   BoundRelu(name=/15, inputs=[/input], perturbed=True)
   BoundRelu(name=/17, inputs=[/input-3], perturbed=True)
build batch [1/1]
layer /15 using sparse-features alpha with shape [124]; unstable size 124; total size 256 ([1, 256])
layer /15 start_node /input-3 using sparse-spec alpha [2, 82, 1, 124] with unstable size 81 total_size 128 output_shape torch.Size([128])
layer /15 start_node /18 using full alpha [2, 9, 1, 124] with unstable size None total_size 9 output_shape 9
layer /17 using sparse-features alpha with shape [81]; unstable size 81; total size 128 ([1, 128])
layer /17 start_node /18 using full alpha [2, 9, 1, 81] with unstable size None total_size 9 output_shape 9
Optimizable variables initialized.
initial CROWN bounds (first 10 items): [-0.9511814117431641, 1.067225456237793, -3.912109375, -5.481622695922852, -7.486332893371582, -2.052824020385742, 3.9767379760742188, -8.795126914978027, -3.217477798461914]
prune_after_crown optimization in use
  original spec size = torch.Size([1, 9])
  pruned spec size = torch.Size([1, 7])
Using alpha-CROWN to initialize bounds.
best_l after optimization: -25.82752799987793
alpha/beta optimization time: 2.4500017166137695
initial alpha-crown bounds (first 10 items): [0.1345987319946289, -2.9697933197021484, -4.6108598709106445, -6.8705291748046875, -1.376194953918457, -7.353520393371582, -2.781229019165039]
Global lower bound: -7.353520393371582
torch.Size([1, 7])
3 / 9 OR specs are verified.
Verified OR indices (first 10 items): [0, 1, 6]
Verified OR lbs (first 10 items): [[0.1345987319946289], [inf], [inf]]
Unverified OR indices (first 10 items): [2, 3, 4, 5, 7, 8]
Unverified OR lbs (first 10 items): [[-2.9697933197021484], [-4.6108598709106445], [-6.8705291748046875], [-1.376194953918457], [-7.353520393371582], [-2.781229019165039]]
Start solving intermediate bounds with MIP...
layer /15 using sparse-features alpha with shape [124]; unstable size 124; total size 256 ([1, 256])
layer /15 start_node /input-3 using sparse-spec alpha [2, 82, 1, 124] with unstable size 81 total_size 128 output_shape torch.Size([128])
layer /15 start_node /18 using full alpha [2, 6, 1, 124] with unstable size None total_size 6 output_shape 6
layer /17 using sparse-features alpha with shape [81]; unstable size 81; total size 128 ([1, 128])
layer /17 start_node /18 using full alpha [2, 6, 1, 81] with unstable size None total_size 6 output_shape 6
Optimizable variables initialized.
mip_multi_proc: 2, mip_threads: 1,total threads used: 2, mip_perneuron_refine_timeout: 5.0
[total time budget for MIP: 9.600000000000001]

refine the bounds for layer  /15
maximum relu layer improved by MIP so far 0
refine the bounds for layer  /17
current relu layer: /17, idx: 1
timeout for this layer is 5.0
Removed 0 unstable neurons in MIP based on the coefficient matrix.
PGD done for relu layer 1
Solving MIP for lay/input-3_99,[-2.5315535068511963,2.369750738143921]=>[-2.064787745240581,1.0897008227226423] (2,-1; 2,-1), time: 5.1943s, #vars: 1419, #constrs: 756, improved: True
Solving MIP for lay/input-3_110,[-3.555816650390625,2.0517735481262207]=>[-2.9321783233696923,0.6816805339195994] (2,-1; 9,-1), time: 7.0608s, #vars: 1419, #constrs: 756, improved: True
Solving MIP for lay/input-3_48,[-3.715604782104492,2.7798635959625244]=>[-2.8050455452300223,1.502655660742237] (2,-1; 2,-1), time: 3.5271s, #vars: 1419, #constrs: 756, improved: True
Solving MIP for lay/input-3_34,[-2.6439123153686523,2.7876272201538086]=>[-1.8582893447433624,1.6701232895075868] (2,-1; 2,-1), time: 5.1963s, #vars: 1419, #constrs: 756, improved: True
Solving MIP for lay/input-3_54,[-2.8334996700286865,2.2782206535339355]=>[-2.3465308382276278,0.9180334594539817] (2,-1; 9,-1), time: 6.8873s, #vars: 1419, #constrs: 756, improved: True
MIP improved 5 nodes out of 79 unstable nodes for layer /17, time 15.5330
MIP got 0 timeout nodes out of 79 nodes for layer /17
maximum relu layer improved by MIP so far 1
Refine time 15.8263 exceeds the limit 9.600000000000001, stop refining.
MIP finished with 15.826402425765991s
Run final alpha-CROWN after MIP solving on layer 5 and relu idx 2
0 /input torch.Size([1, 256])
1 /input-3 torch.Size([1, 128])
best_l after optimization: -19.459354400634766
alpha/beta optimization time: 5.8560192584991455
alpha-CROWN with intermediate bounds improved by MIP: tensor([[-1.59777641, -3.50722885, -5.78767586, -0.57716274, -6.27489567,
         -1.71461487]], device='cuda:0') None
torch.Size([1, 6])
refined global lb: tensor([[-1.59777641],
        [-3.50722885],
        [-5.78767586],
        [-0.57716274],
        [-6.27489567],
        [-1.71461487]], device='cuda:0') min: tensor(-6.27489567, device='cuda:0')
0 / 6 OR specs are verified.
Verified OR indices (first 10 items): []
Verified OR lbs (first 10 items): []
Unverified OR indices (first 10 items): [0, 1, 2, 3, 4, 5]
Unverified OR lbs (first 10 items): [[-1.5977764129638672], [-3.5072288513183594], [-5.787675857543945], [-0.5771627426147461], [-6.274895668029785], [-1.7146148681640625]]
###### Verifying property Instance 9 ######
Batch size: 6
First 10 spec matrices
C: tensor([[[ 0.,  0., -1.,  0.,  0.,  0.,  0.,  0.,  0.,  1.]],

        [[ 0.,  0.,  0., -1.,  0.,  0.,  0.,  0.,  0.,  1.]],

        [[ 0.,  0.,  0.,  0., -1.,  0.,  0.,  0.,  0.,  1.]],

        [[ 0.,  0.,  0.,  0.,  0., -1.,  0.,  0.,  0.,  1.]],

        [[ 0.,  0.,  0.,  0.,  0.,  0.,  0., -1.,  0.,  1.]],

        [[ 0.,  0.,  0.,  0.,  0.,  0.,  0.,  0., -1.,  1.]]], device='cuda:0')
RHS: tensor([[0.],
        [0.],
        [0.],
        [0.],
        [0.],
        [0.]], device='cuda:0')
OR spec sizes: tensor([1, 1, 1, 1, 1, 1], device='cuda:0', dtype=torch.int32)
Remaining timeout: -13.534849166870117
Model prediction is: tensor([ -4.14678669,  -8.99657631,  -5.57649994,  -1.21436572,  -0.79234773,
         -5.68930435, -14.52043724,  -0.21953587,  -3.08347106,  11.64215088],
       device='cuda:0')
Activation BaB batch 1/1 
build_with_refined_bounds batch [1/1]
Optimizable variables initialized.
all alpha initialized
directly get lb and ub from refined bounds
c shape: torch.Size([6, 1, 10])
lA shapes: [torch.Size([6, 1, 256]), torch.Size([6, 1, 128])]
torch.Size([6, 1])
(alpha-)CROWN with fixed intermediate bounds: tensor([[-1.59777641],
        [-3.50722885],
        [-5.78767586],
        [-0.57716274],
        [-6.27489567],
        [-1.71461487]], device='cuda:0') tensor([[inf],
        [inf],
        [inf],
        [inf],
        [inf],
        [inf]], device='cuda:0')
Intermediate layers: /input,/input-3
Keeping alphas for these layers: ['/18']
Node /15 input 0: size torch.Size([256]) unstable 124
Node /17 input 0: size torch.Size([128]) unstable 79
-----------------
# of unstable neurons: 203
-----------------

BaB round 1
batch: 6
splitting decisions: 
split level 0: [/input, 239] [/input, 239] [/input, 238] [/input, 222] [/input, 238] [/input, 239] 
best_l after optimization: -29.36843490600586
beta sum per layer: [5.2428693771362305, 0.0]
alpha/beta optimization time: 0.7344129085540771
pruning_in_iteration open status: False
ratio of positive domain = 0 / 12 = 0.0
pruning-in-iteration extra time: 0.0004291534423828125
torch.Size([12, 1])
Time: prepare 0.0042    bound 0.7360    transfer 0.0012    finalize 0.0061    func 0.7478    
Accumulated time: func 0.7478    prepare 0.0141    bound 0.7360    transfer 0.0012    finalize 0.0061    
max lb tensor(-0.06042576) min lb tensor(-5.90149212)
Number of Verified Splits: 0 of 12
Current worst splitting domains lb-rhs (depth):
-5.90149 (1), -5.23081 (1), -5.12272 (1), -3.62553 (1), -3.14220 (1), -2.68370 (1), -1.24882 (1), -1.12511 (1), -0.60634 (1), -0.38106 (1), -0.24022 (1), -0.06043 (1), 
Length of domains: 12
Current (lb-rhs): -5.901492118835449
12 domains visited
Time: pickout 0.0034    decision 0.0578    set_bounds 0.0020    solve 0.7503    add 0.0118    
Accumulated time: pickout 0.0034    decision 0.0578    set_bounds 0.0020    solve 0.7503    add 0.0118    
Time out!!!!!!!!
Result: unknown in 26.4270 seconds
############# Summary #############
Final verified acc: 0.0% (total 10 examples)
Problem instances count: 10 , total verified (safe/unsat): 0 , total falsified (unsafe/sat): 0 , timeout: 10
mean time for ALL instances (total 10):23.502296739631362, max time: 28.111839056015015
unknown (total 10), index: [0, 1, 2, 3, 4, 5, 6, 7, 8, 9]
