INFO     17:15:42     [tensor_storage.py:70] Hugepage enabled for branch-and-bound domains.
Configurations:

general:
  device: cuda
  seed: 100
  conv_mode: patches
  deterministic: false
  double_fp: false
  loss_reduction_func: sum
  sparse_alpha: true
  sparse_interm: true
  save_adv_example: false
  verify_onnxruntime_output: false
  eval_adv_example: false
  onnx_adv_example: false
  show_adv_example: false
  precompile_jit: false
  reset_seed_after_precompile: false
  prepare_only: false
  complete_verifier: bab
  enable_incomplete_verification: true
  csv_name: null
  results_file: out.txt
  root_path: ''
  deterministic_opt: false
  graph_optimizer: 'Customized("custom_graph_optimizer", "default_optimizer")'
  buffer_has_batchdim: false
  save_output: false
  output_file: out.pkl
  return_optimized_model: false
  store_all_specs_on_cpu: false
  adhoc_tuning: null
model:
  name: cifar_marabou_small
  path: models/marabou_cifar10/cifar_marabou_small.pth
  onnx_path: null
  onnx_path_prefix: ''
  cache_onnx_conversion: false
  debug_onnx: false
  onnx_quirks: null
  input_shape: null
  onnx_loader: default_onnx_and_vnnlib_loader
  onnx_optimization_flags: []
  onnx_vnnlib_joint_optimization_flags: none
  check_optimized: false
  flatten_final_output: false
  optimize_graph: null
  with_jacobian: false
  bound_opts: null
data:
  start: 0
  end: 20
  select_instance: null
  num_outputs: 10
  mean: 0.0
  std: 1.0
  pkl_path: null
  dataset: CIFAR
  data_filter_path: null
  data_idx_file: null
specification:
  type: lp
  robustness_type: verified-acc
  norm: .inf
  epsilon: 0.00784313725
  epsilon_min: 0.0
  vnnlib_path: null
  vnnlib_path_prefix: ''
  shrink_eps: null
  rhs_offset: null
solver:
  batch_size: 2048
  auto_enlarge_batch_size: true
  batched_crown_auto_enlarge_max_vram_ratio: 0.9
  min_batch_size_ratio: 0.1
  use_float64_in_last_iteration: false
  early_stop_patience: 10
  start_save_best: 0.5
  bound_prop_method: alpha-crown
  init_bound_prop_method: same
  prune_after_crown: true
  optimize_disjuncts_separately: false
  build_batch_size: 1000000
  skip_with_refined_bound: true
  forward_before_compute_bounds: false
  crown:
    batch_size: 1000000000
    max_crown_size: 1000000000
    activation_bound_option: adaptive
    compare_crown_with_ibp: false
  alpha-crown:
    alpha: true
    lr_alpha: 0.1
    iteration: 50
    share_alphas: false
    lr_decay: 0.98
    full_conv_alpha: true
    max_coeff_mul: .inf
    matmul_share_alphas: false
    disable_optimization: []
    max_time: 1.0
    alpha_dtype: float16
    input_split_alpha_iteration: 5
    input_split_lr_alpha: 0.05
  invprop:
    apply_output_constraints_to: []
    tighten_input_bounds: false
    best_of_oc_and_no_oc: false
    directly_optimize: []
    oc_lr: 0.1
    share_gammas: false
  beta-crown:
    lr_alpha: 0.01
    lr_beta: 0.05
    lr_decay: 0.98
    optimizer: adam
    iteration: 20
    beta: true
    beta_warmup: true
    enable_opt_interm_bounds: false
    all_node_split_LP: false
  forward:
    refine: false
    max_dim: 10000
    reset_threshold: 1.0
  mip:
    unstable_neuron_threshold: 0
    parallel_solvers: null
    solver_threads: 1
    refine_neuron_timeout: 15
    refine_neuron_time_percentage: 0.8
    early_stop: true
    adv_warmup: true
    mip_solver: gurobi
    skip_unsafe: false
    topk_filter: 1.0
    sliding_window: -1
    extra_constraint: false
    refine_neuron_timeout_increasement: 0
    timeout_neuron_percentage: 0.3
    remaining_timeout_threshold: 1
    remove_unstable_neurons: false
    formulation: mip
    output_cut: false
bab:
  max_domains: .inf
  decision_thresh: 0
  timeout: 60
  timeout_scale: 1
  max_iterations: -1
  override_timeout: null
  get_upper_bound: false
  pruning_in_iteration: true
  pruning_in_iteration_ratio: 0.2
  sort_targets: false
  batched_domain_list: true
  optimized_interm: ''
  interm_transfer: true
  recompute_interm: false
  sort_domain_interval: -1
  vanilla_crown: false
  tree_traversal: depth_first
  hugetensor_allocator: true
  cut:
    enabled: false
    cuts_path: null
    bab_cut: false
    lp_cut: false
    lr: 0.01
    lr_decay: 1.0
    iteration: 100
    bab_iteration: -1
    early_stop_patience: -1
    lr_beta: 0.02
    number_cuts: 50
    topk_cuts_in_filter: 1000
    batch_size_primal: 100
    max_num: 1000000000
    patches_cut: false
    cplex_cuts: false
    cplex_cuts_wait: 0
    cplex_cuts_revpickup: true
    cut_reference_bounds: true
    fix_intermediate_bounds: false
    manual_cuts: null
    biccos:
      enabled: false
      auto_param: true
      constraint_strengthening: true
      drop_ratio: 0.5
      max_infer_iter: 20
      max_domain: 10000.0
      heuristic: neuron_influence_score
      save_cuts: false
      multi_tree_branching:
        enabled: false
        restore_best_tree: true
        keep_n_best_domains: 50
        target_batch_size: 200
        iterations: 3
  clip_n_verify:
    rearrange_constraints: false
    alpha_crown: false
    prune: false
    final_layer: false
    clip_input_domain:
      enabled: false
      clip_type: relaxed
      clip_neuron_selection_type: ratio
      clip_neuron_selection_value: -1.0
      clip_iterations: 1
      clip_calculate_volume_metrics: false
    clip_interm_domain:
      enabled: false
      with_input: false
      clip_in_alpha_crown: false
      topk_objective: 20
  branching:
    method: kfsb
    candidates: 5
    reduceop: min
    enable_intermediate_bound_opt: false
    branching_input_and_activation: false
    branching_input_and_activation_order: [input, relu]
    branching_input_iterations: 30
    branching_relu_iterations: 50
    nonlinear_split:
      method: bbps
      disable: false
      branching_point_method: uniform
      num_branches: 2
      filter: false
      filter_beta: false
      filter_clamp: false
      filter_batch_size: 10000
      filter_iterations: 25
      relu_only: false
      loose_tanh_threshold: null
      branching_point:
        db_path: branching_points.pt
        num_iterations: 1000
        batch_size: 1000000
        range_l: -5.0
        range_u: 5.0
        log_interval: 100
        step_size_1d: 0.01
        step_size: 0.2
    input_split:
      split_hint: null
      enable: false
      reorder_bab: false
      input_dim_threshold: 20
      adv_check: 0
      split_partitions: 2
      sb_margin_weight: 1.0
      sb_sum: false
      sb_primary_spec: null
      bf_backup_thresh: -1
      bf_rhs_offset: 0
      bf_iters: 1000000000.0
      bf_batch_size: 100000
      bf_zero_crossing_score: false
      touch_zero_score: 0
      ibp_enhancement: true
      compare_with_old_bounds: true
      update_rhs_with_attack: false
      sb_coeff_thresh: 0.001
      sort_index: null
      sort_descending: true
      show_progress: false
      presplit_domains: null
      skip_getting_worst_domain: false
  attack:
    enabled: false
    beam_candidates: 8
    beam_depth: 7
    max_dive_fix_ratio: 0.8
    min_local_free_ratio: 0.2
    mip_start_iteration: 5
    mip_timeout: 30.0
    adv_pool_threshold: null
    refined_mip_attacker: false
    refined_batch_size: null
attack:
  general_attack: true
  pgd_order: before
  pgd_steps: 50
  pgd_restarts: 10
  pgd_batch_size: 100000000
  pgd_early_stop: true
  pgd_lr_decay: 0.99
  pgd_alpha: auto
  pgd_alpha_scale: false
  pgd_loss_mode: null
  pgd_restart_when_stuck: false
  enable_mip_attack: false
  adv_saver: default_adv_saver
  adv_verifier: default_adv_verifier
  early_stop_condition: default_early_stop_condition
  adv_example_finalizer: default_adv_example_finalizer
  pgd_loss: default_pgd_loss
  cex_path: ./test_cex.txt
  attack_mode: PGD
  attack_tolerance: 0.0
  attack_func: attack_with_general_specs
  gama_lambda: 10.0
  gama_decay: 0.9
  input_split:
    pgd_steps: 100
    pgd_restarts: 30
    pgd_alpha: auto
  input_split_check_adv:
    enabled: auto
    pgd_steps: 5
    pgd_restarts: 5
    pgd_alpha: auto
    max_num_domains: 10
debug:
  view_model: false
  lp_test: null
  rescale_vnnlib_ptb: null
  test_optimized_bounds: false
  test_optimized_bounds_after_n_iterations: 0
  print_verbose_decisions: false
  biccos_mip_sanity_check: false
  sanity_check: 0
  z_split_enabled: false
  save_minimal_config: null
  save_minimal_config_omit_keys: []
/home/han/alpha-beta-CROWN/complete_verifier/load_model.py:341: FutureWarning: You are using `torch.load` with `weights_only=False` (the current default value), which uses the default pickle module implicitly. It is possible to construct malicious pickle data which will execute arbitrary code during unpickling (See https://github.com/pytorch/pytorch/blob/main/SECURITY.md#untrusted-models for more details). In a future release, the default value for `weights_only` will be flipped to `True`. This limits the functions that could be executed during unpickling. Arbitrary objects will no longer be allowed to be loaded via this mode unless they are explicitly allowlisted by the user via `torch.serialization.add_safe_globals`. We recommend you start setting `weights_only=True` for any use case where you don't have full control of the loaded file. Please open an issue on GitHub for any issues related to this experimental feature.
  sd = torch.load(expand_path(arguments.Config["model"]["path"]),

Experiments at Fri Apr 10 17:15:42 2026 on LAPTOP-RGROMBPB
Sequential(
  (0): Conv2d(3, 8, kernel_size=(4, 4), stride=(2, 2))
  (1): ReLU()
  (2): Conv2d(8, 16, kernel_size=(4, 4), stride=(2, 2))
  (3): ReLU()
  (4): Flatten(start_dim=1, end_dim=-1)
  (5): Linear(in_features=576, out_features=128, bias=True)
  (6): ReLU()
  (7): Linear(in_features=128, out_features=64, bias=True)
  (8): ReLU()
  (9): Linear(in_features=64, out_features=10, bias=True)
)
Parameters:
  0.weight: shape torch.Size([8, 3, 4, 4])
  0.bias: shape torch.Size([8])
  2.weight: shape torch.Size([16, 8, 4, 4])
  2.bias: shape torch.Size([16])
  5.weight: shape torch.Size([128, 576])
  5.bias: shape torch.Size([128])
  7.weight: shape torch.Size([64, 128])
  7.bias: shape torch.Size([64])
  9.weight: shape torch.Size([10, 64])
  9.bias: shape torch.Size([10])
Trying generic MNIST/CIFAR data loader.
Files already downloaded and verified
/home/han/alpha-beta-CROWN/complete_verifier/specifications.py:342: UserWarning: Creating a tensor from a list of numpy.ndarrays is extremely slow. Please consider converting the list to a single numpy.ndarray with numpy.array() before converting to a tensor. (Triggered internally at ../torch/csrc/utils/tensor_new.cpp:278.)
  x_range_list = torch.Tensor(x_range_list).to(dtype=dtype, device=device).view(input_shape + [2])
Internal results will be saved to out.txt.

 %%%%%%%%%%%%%%%%%%%%%%%%%%%%%%%%%%% idx: 0, vnnlib ID: 0 %%%%%%%%%%%%%%%%%%%%%%%%%%%%%%%%%%%
Finished vnnlib processing in 1.095637 seconds
Attack parameters: initialization=uniform, steps=50, restarts=10, alpha=0.001960787922143936, GAMA=False
PGD attack margin (first 2 examples and 10 specs):
 tensor([[ 4.00930691,  4.82296705,  2.71129417,  3.36771441, -0.13351583,
          2.50718808,  2.09737301,  3.45878267,  3.58023167]], device='cuda:0')
Total number of violation:  1
Clean input adversarial, attack skipped.

Checking and Saving Counterexample in check_and_save_cex

verified_status unsafe-pgd
verified_success True
Result: unsafe-pgd in 2.3843 seconds

 %%%%%%%%%%%%%%%%%%%%%%%%%%%%%%%%%%% idx: 1, vnnlib ID: 1 %%%%%%%%%%%%%%%%%%%%%%%%%%%%%%%%%%%
Finished vnnlib processing in 0.010372 seconds
Attack parameters: initialization=uniform, steps=50, restarts=10, alpha=0.001960787922143936, GAMA=False
PGD attack margin (first 2 examples and 10 specs):
 tensor([[ 1.95600796, -0.59160423,  8.14140987,  8.93486977, 10.00251293,
         11.03941536, 12.85385895, 11.90630913,  2.84626675]], device='cuda:0')
Total number of violation:  1
Clean input adversarial, attack skipped.

Checking and Saving Counterexample in check_and_save_cex

verified_status unsafe-pgd
verified_success True
Result: unsafe-pgd in 0.0277 seconds

 %%%%%%%%%%%%%%%%%%%%%%%%%%%%%%%%%%% idx: 2, vnnlib ID: 2 %%%%%%%%%%%%%%%%%%%%%%%%%%%%%%%%%%%
Finished vnnlib processing in 0.006528 seconds
Attack parameters: initialization=uniform, steps=50, restarts=10, alpha=0.001960787922143936, GAMA=False
PGD attack margin (first 2 examples and 10 specs):
 tensor([[1.39615023, 1.80646837, 4.70606995, 5.08610630, 5.57026958, 6.11420250,
         7.17149925, 5.70984268, 2.76121449]], device='cuda:0')
Total number of violation:  0
Processing batch 1/1...
  0%|          | 0/50 [00:00<?, ?it/s]  2%|▏         | 1/50 [00:00<00:21,  2.23it/s]  2%|▏         | 1/50 [00:00<00:22,  2.21it/s]
pgd early stop
PGD attack margin (first 2 examples and 10 specs):
 tensor([[ 0.85115039, -1.42190111,  2.83077240,  2.22430301,  3.37686896,
          3.12191319,  3.30935812,  3.04857922, -1.01534009]], device='cuda:0')
Total number of violation:  2
Attack finished in 0.4878 seconds.
PGD attack succeeded!

Checking and Saving Counterexample in check_and_save_cex

verified_status unsafe-pgd
verified_success True
Result: unsafe-pgd in 0.4957 seconds

 %%%%%%%%%%%%%%%%%%%%%%%%%%%%%%%%%%% idx: 3, vnnlib ID: 3 %%%%%%%%%%%%%%%%%%%%%%%%%%%%%%%%%%%
Finished vnnlib processing in 0.005347 seconds
Attack parameters: initialization=uniform, steps=50, restarts=10, alpha=0.001960787922143936, GAMA=False
PGD attack margin (first 2 examples and 10 specs):
 tensor([[ 2.05548477,  2.52286768,  4.33392048,  3.66095042,  5.60778093,
          5.47131062,  5.43753815, -0.80562186,  2.58825445]], device='cuda:0')
Total number of violation:  1
Clean input adversarial, attack skipped.

Checking and Saving Counterexample in check_and_save_cex

verified_status unsafe-pgd
verified_success True
Result: unsafe-pgd in 0.0101 seconds

 %%%%%%%%%%%%%%%%%%%%%%%%%%%%%%%%%%% idx: 4, vnnlib ID: 4 %%%%%%%%%%%%%%%%%%%%%%%%%%%%%%%%%%%
Finished vnnlib processing in 0.005025 seconds
Attack parameters: initialization=uniform, steps=50, restarts=10, alpha=0.001960787922143936, GAMA=False
PGD attack margin (first 2 examples and 10 specs):
 tensor([[ 7.07927895,  7.86970520,  1.62131214,  1.55564475, -0.83090830,
          2.12932444,  3.70044565,  8.20129681,  7.99515057]], device='cuda:0')
Total number of violation:  1
Clean input adversarial, attack skipped.

Checking and Saving Counterexample in check_and_save_cex

verified_status unsafe-pgd
verified_success True
Result: unsafe-pgd in 0.0093 seconds

 %%%%%%%%%%%%%%%%%%%%%%%%%%%%%%%%%%% idx: 5, vnnlib ID: 5 %%%%%%%%%%%%%%%%%%%%%%%%%%%%%%%%%%%
Finished vnnlib processing in 0.004349 seconds
Attack parameters: initialization=uniform, steps=50, restarts=10, alpha=0.001960787922143936, GAMA=False
PGD attack margin (first 2 examples and 10 specs):
 tensor([[4.09507036, 4.52339363, 2.20037746, 1.01857376, 2.24467611, 1.97742629,
         3.26799154, 5.08768368, 4.04368639]], device='cuda:0')
Total number of violation:  0
Processing batch 1/1...
  0%|          | 0/50 [00:00<?, ?it/s]  2%|▏         | 1/50 [00:00<00:00, 97.67it/s]
pgd early stop
PGD attack margin (first 2 examples and 10 specs):
 tensor([[ 0.84348518,  2.16941929,  0.09144402, -0.65066737,  0.35065484,
         -0.08971959,  0.92827475,  1.52079713,  1.58573759]], device='cuda:0')
Total number of violation:  2
Attack finished in 0.0214 seconds.
PGD attack succeeded!

Checking and Saving Counterexample in check_and_save_cex

verified_status unsafe-pgd
verified_success True
Result: unsafe-pgd in 0.0267 seconds

 %%%%%%%%%%%%%%%%%%%%%%%%%%%%%%%%%%% idx: 6, vnnlib ID: 6 %%%%%%%%%%%%%%%%%%%%%%%%%%%%%%%%%%%
Finished vnnlib processing in 0.004358 seconds
Attack parameters: initialization=uniform, steps=50, restarts=10, alpha=0.001960787922143936, GAMA=False
PGD attack margin (first 2 examples and 10 specs):
 tensor([[ 2.38177466,  3.18774223,  1.34816968,  4.05975151,  1.65216124,
          4.48637581,  2.57087040,  3.53751397, -0.20342016]], device='cuda:0')
Total number of violation:  1
Clean input adversarial, attack skipped.

Checking and Saving Counterexample in check_and_save_cex

verified_status unsafe-pgd
verified_success True
Result: unsafe-pgd in 0.0083 seconds

 %%%%%%%%%%%%%%%%%%%%%%%%%%%%%%%%%%% idx: 7, vnnlib ID: 7 %%%%%%%%%%%%%%%%%%%%%%%%%%%%%%%%%%%
Finished vnnlib processing in 0.004665 seconds
Attack parameters: initialization=uniform, steps=50, restarts=10, alpha=0.001960787922143936, GAMA=False
PGD attack margin (first 2 examples and 10 specs):
 tensor([[5.01289415, 6.03438854, 1.64368725, 2.64846277, 1.88940501, 4.31263685,
         5.43191910, 6.10601902, 5.19557524]], device='cuda:0')
Total number of violation:  0
Processing batch 1/1...
  0%|          | 0/50 [00:00<?, ?it/s]  2%|▏         | 1/50 [00:00<00:00, 81.36it/s]
pgd early stop
PGD attack margin (first 2 examples and 10 specs):
 tensor([[ 2.81441784,  4.83908939, -0.38501012,  1.08782423, -0.29931235,
          2.15973330,  3.13316870,  3.25374269,  3.56824017]], device='cuda:0')
Total number of violation:  2
Attack finished in 0.0234 seconds.
PGD attack succeeded!

Checking and Saving Counterexample in check_and_save_cex

verified_status unsafe-pgd
verified_success True
Result: unsafe-pgd in 0.0291 seconds

 %%%%%%%%%%%%%%%%%%%%%%%%%%%%%%%%%%% idx: 8, vnnlib ID: 8 %%%%%%%%%%%%%%%%%%%%%%%%%%%%%%%%%%%
Finished vnnlib processing in 0.004649 seconds
Attack parameters: initialization=uniform, steps=50, restarts=10, alpha=0.001960787922143936, GAMA=False
PGD attack margin (first 2 examples and 10 specs):
 tensor([[ 4.52933121,  6.90034103,  1.58436513,  2.70535898, -0.35294366,
          3.04044938,  2.30538321,  6.65990162,  5.69763756]], device='cuda:0')
Total number of violation:  1
Clean input adversarial, attack skipped.

Checking and Saving Counterexample in check_and_save_cex

verified_status unsafe-pgd
verified_success True
Result: unsafe-pgd in 0.0096 seconds

 %%%%%%%%%%%%%%%%%%%%%%%%%%%%%%%%%%% idx: 9, vnnlib ID: 9 %%%%%%%%%%%%%%%%%%%%%%%%%%%%%%%%%%%
Finished vnnlib processing in 0.004519 seconds
Attack parameters: initialization=uniform, steps=50, restarts=10, alpha=0.001960787922143936, GAMA=False
PGD attack margin (first 2 examples and 10 specs):
 tensor([[4.44534874, 5.51311016, 5.31614304, 6.25291014, 6.31333542, 5.19737244,
         6.90084934, 3.17254114, 2.04885173]], device='cuda:0')
Total number of violation:  0
Processing batch 1/1...
  0%|          | 0/50 [00:00<?, ?it/s] 32%|███▏      | 16/50 [00:00<00:00, 152.96it/s] 66%|██████▌   | 33/50 [00:00<00:00, 161.37it/s]100%|██████████| 50/50 [00:00<00:00, 164.96it/s]
/home/han/alpha-beta-CROWN/auto_LiRPA/auto_LiRPA/beta_crown.py:52: DeprecationWarning: __array__ implementation doesn't accept a copy keyword, so passing copy=False failed. __array__ must implement 'dtype' and 'copy' keyword arguments. To learn more, see the migration guide https://numpy.org/devdocs/numpy_2_0_migration_guide.html#adapting-to-changes-in-the-copy-keyword
  sign_numpy[bi, :split_len] = split_coeffs
PGD attack margin (first 2 examples and 10 specs):
 tensor([[2.81415963, 3.46608901, 2.91325855, 3.85534000, 3.69050026, 3.38918257,
         4.58319855, 1.38348150, 0.78922331]], device='cuda:0')
Total number of violation:  0
Attack finished in 0.3148 seconds.
PGD attack failed
verified_status unknown
verified_success False
Model: BoundedModule(
  (/input-1): BoundInput(name=/input-1, inputs=[], perturbed=True)
  (/1): BoundParams(name=/1, inputs=[], perturbed=False)
  (/2): BoundParams(name=/2, inputs=[], perturbed=False)
  (/3): BoundParams(name=/3, inputs=[], perturbed=False)
  (/4): BoundParams(name=/4, inputs=[], perturbed=False)
  (/5): BoundParams(name=/5, inputs=[], perturbed=False)
  (/6): BoundParams(name=/6, inputs=[], perturbed=False)
  (/7): BoundParams(name=/7, inputs=[], perturbed=False)
  (/8): BoundParams(name=/8, inputs=[], perturbed=False)
  (/9): BoundParams(name=/9, inputs=[], perturbed=False)
  (/10): BoundParams(name=/10, inputs=[], perturbed=False)
  (/input): BoundConv(name=/input, inputs=[/input-1, /1, /2], perturbed=True)
  (/input-4): BoundRelu(name=/input-4, inputs=[/input], perturbed=True)
  (/input-8): BoundConv(name=/input-8, inputs=[/input-4, /3, /4], perturbed=True)
  (/14): BoundRelu(name=/14, inputs=[/input-8], perturbed=True)
  (/15): BoundFlatten(name=/15, inputs=[/14], perturbed=True)
  (/input-12): BoundLinear(name=/input-12, inputs=[/15, /5, /6], perturbed=True)
  (/17): BoundRelu(name=/17, inputs=[/input-12], perturbed=True)
  (/input-16): BoundLinear(name=/input-16, inputs=[/17, /7, /8], perturbed=True)
  (/19): BoundRelu(name=/19, inputs=[/input-16], perturbed=True)
  (/20): BoundLinear(name=/20, inputs=[/19, /9, /10], perturbed=True)
)
Original output in the first batch: tensor([[-0.76355934,  3.62702155, -1.82418144, -1.62325621, -2.57115245,
         -2.63598776, -1.55568337, -3.21473813,  0.50621200,  1.59072757]],
       device='cuda:0')
Split layers:
Nonlinear functions:
   BoundRelu(name=/input-4, inputs=[/input], perturbed=True)
   BoundRelu(name=/14, inputs=[/input-8], perturbed=True)
   BoundRelu(name=/17, inputs=[/input-12], perturbed=True)
   BoundRelu(name=/19, inputs=[/input-16], perturbed=True)
build batch [1/1]
layer /input-4 using sparse-features alpha with shape [301]; unstable size 301; total size 1800 ([1, 8, 15, 15])
layer /input-4 start_node /input-8 using sparse-spec alpha [2, 163, 1, 301] with unstable size 162 total_size 576 output_shape (16, 6, 6)
layer /input-4 start_node /input-12 using sparse-spec alpha [2, 85, 1, 301] with unstable size 84 total_size 128 output_shape torch.Size([128])
layer /input-4 start_node /input-16 using full alpha [2, 64, 1, 301] with unstable size 64 total_size 64 output_shape torch.Size([64])
layer /input-4 start_node /20 using full alpha [2, 9, 1, 301] with unstable size None total_size 9 output_shape 9
layer /14 using sparse-features alpha with shape [162]; unstable size 162; total size 576 ([1, 16, 6, 6])
layer /14 start_node /input-12 using sparse-spec alpha [2, 85, 1, 162] with unstable size 84 total_size 128 output_shape torch.Size([128])
layer /14 start_node /input-16 using full alpha [2, 64, 1, 162] with unstable size 64 total_size 64 output_shape torch.Size([64])
layer /14 start_node /20 using full alpha [2, 9, 1, 162] with unstable size None total_size 9 output_shape 9
layer /17 using sparse-features alpha with shape [84]; unstable size 84; total size 128 ([1, 128])
layer /17 start_node /input-16 using full alpha [2, 64, 1, 84] with unstable size 64 total_size 64 output_shape torch.Size([64])
layer /17 start_node /20 using full alpha [2, 9, 1, 84] with unstable size None total_size 9 output_shape 9
layer /19 using full alpha with shape torch.Size([64]); unstable size 64; total size 64 ([1, 64])
layer /19 start_node /20 using full alpha [2, 9, 1, 64] with unstable size None total_size 9 output_shape 9
Optimizable variables initialized.
initial CROWN bounds (first 10 items): [-10.85291576385498, -10.165046691894531, -9.337955474853516, -10.114712715148926, -8.90078067779541, -8.218645095825195, -8.475154876708984, -10.576473236083984, -7.207056045532227]
prune_after_crown optimization in use
  original spec size = torch.Size([1, 9])
  pruned spec size = torch.Size([1, 9])
Using alpha-CROWN to initialize bounds.
best_l after optimization: -44.54883575439453
alpha/beta optimization time: 6.504222631454468
initial alpha-crown bounds (first 10 items): [-6.484668254852295, -5.812593460083008, -4.594806671142578, -4.835359573364258, -4.197246074676514, -4.475301742553711, -3.4713387489318848, -5.796943187713623, -4.8805766105651855]
Global lower bound: -6.484668254852295
torch.Size([1, 9])
0 / 9 OR specs are verified.
Verified OR indices (first 10 items): []
Verified OR lbs (first 10 items): []
Unverified OR indices (first 10 items): [0, 1, 2, 3, 4, 5, 6, 7, 8]
Unverified OR lbs (first 10 items): [[-6.484668254852295], [-5.812593460083008], [-4.594806671142578], [-4.835359573364258], [-4.197246074676514], [-4.475301742553711], [-3.4713387489318848], [-5.796943187713623], [-4.8805766105651855]]
###### Verifying property Instance 9 ######
Batch size: 9
First 10 spec matrices
C: tensor([[[-1.,  1.,  0.,  0.,  0.,  0.,  0.,  0.,  0.,  0.]],

        [[ 0.,  1., -1.,  0.,  0.,  0.,  0.,  0.,  0.,  0.]],

        [[ 0.,  1.,  0., -1.,  0.,  0.,  0.,  0.,  0.,  0.]],

        [[ 0.,  1.,  0.,  0., -1.,  0.,  0.,  0.,  0.,  0.]],

        [[ 0.,  1.,  0.,  0.,  0., -1.,  0.,  0.,  0.,  0.]],

        [[ 0.,  1.,  0.,  0.,  0.,  0., -1.,  0.,  0.,  0.]],

        [[ 0.,  1.,  0.,  0.,  0.,  0.,  0., -1.,  0.,  0.]],

        [[ 0.,  1.,  0.,  0.,  0.,  0.,  0.,  0., -1.,  0.]],

        [[ 0.,  1.,  0.,  0.,  0.,  0.,  0.,  0.,  0., -1.]]], device='cuda:0')
RHS: tensor([[0.],
        [0.],
        [0.],
        [0.],
        [0.],
        [0.],
        [0.],
        [0.],
        [0.]], device='cuda:0')
OR spec sizes: tensor([1, 1, 1, 1, 1, 1, 1, 1, 1], device='cuda:0', dtype=torch.int32)
Remaining timeout: 50.7081778049469
Model prediction is: tensor([-0.76355934,  3.62702155, -1.82418144, -1.62325621, -2.57115245,
        -2.63598776, -1.55568337, -3.21473813,  0.50621200,  1.59072757],
       device='cuda:0')
Activation BaB batch 1/1 
build_with_refined_bounds batch [1/1]
Optimizable variables initialized.
all alpha initialized
directly get lb and ub from refined bounds
c shape: torch.Size([9, 1, 10])
lA shapes: [torch.Size([9, 1, 8, 15, 15]), torch.Size([9, 1, 16, 6, 6]), torch.Size([9, 1, 128]), torch.Size([9, 1, 64])]
torch.Size([9, 1])
(alpha-)CROWN with fixed intermediate bounds: tensor([[-6.48466825],
        [-5.81259346],
        [-4.59480667],
        [-4.83535957],
        [-4.19724607],
        [-4.47530174],
        [-3.47133875],
        [-5.79694319],
        [-4.88057661]], device='cuda:0') tensor([[inf],
        [inf],
        [inf],
        [inf],
        [inf],
        [inf],
        [inf],
        [inf],
        [inf]], device='cuda:0')
Intermediate layers: /input,/input-8,/input-12,/input-16
Keeping alphas for these layers: ['/20']
Node /input-4 input 0: size torch.Size([8, 15, 15]) unstable 301
Node /14 input 0: size torch.Size([16, 6, 6]) unstable 159
Node /17 input 0: size torch.Size([128]) unstable 80
Node /19 input 0: size torch.Size([64]) unstable 61
-----------------
# of unstable neurons: 601
-----------------

BaB round 1
batch: 9
splitting decisions: 
split level 0: [/input-16, 11] [/input-16, 61] [/input-16, 10] [/input-16, 61] [/input-16, 11] [/input-16, 33] [/input-16, 61] [/input-16, 10] [/input-16, 23] 
split level 1: [/input-16, 9] [/input-16, 36] [/input-16, 61] [/input-16, 10] [/input-16, 61] [/input-16, 36] [/input-16, 36] [/input-16, 61] [/input-16, 12] 
split level 2: [/input-16, 18] [/input-16, 11] [/input-16, 36] [/input-16, 11] [/input-16, 36] [/input-16, 61] [/input-16, 18] [/input-16, 7] [/input-16, 36] 
split level 3: [/input-16, 12] [/input-16, 50] [/input-16, 11] [/input-16, 8] [/input-16, 10] [/input-16, 21] [/input-16, 8] [/input-16, 9] [/input-16, 50] 
best_l after optimization: -475.4072265625
beta sum per layer: [0.0, 0.0, 0.0, 58.82275390625]
alpha/beta optimization time: 1.1501686573028564
pruning_in_iteration open status: False
ratio of positive domain = 0 / 144 = 0.0
pruning-in-iteration extra time: 0.0010297298431396484
torch.Size([144, 1])
Time: prepare 0.0095    bound 1.1544    transfer 0.0089    finalize 0.0269    func 1.2006    
Accumulated time: func 1.2006    prepare 0.0293    bound 1.1544    transfer 0.0089    finalize 0.0269    
max lb tensor(-1.49800491) min lb tensor(-5.49979353)
Number of Verified Splits: 0 of 144
Current worst splitting domains lb-rhs (depth):
-5.49979 (4), -5.43800 (4), -5.36987 (4), -5.19807 (4), -5.19384 (4), -5.17949 (4), -5.05943 (4), -5.05634 (4), -5.04277 (4), -5.03977 (4), -4.94874 (4), -4.89387 (4), -4.84029 (4), -4.80810 (4), -4.72208 (4), -4.66636 (4), -4.65839 (4), -4.60858 (4), -4.39786 (4), -4.26783 (4), 
Length of domains: 144
Current (lb-rhs): -5.499793529510498
144 domains visited
Time: pickout 0.0105    decision 0.6676    set_bounds 0.0069    solve 1.2069    add 0.0195    
Accumulated time: pickout 0.0105    decision 0.6676    set_bounds 0.0069    solve 1.2069    add 0.0195    
Cumulative time: 1.9556288719177246

BaB round 2
batch: 144
splitting decisions: 
split level 0: [/input-16, 34] [/input-16, 7] [/input-16, 8] [/input-16, 36] [/input-16, 18] [/input-16, 11] [/input-16, 9] [/input-16, 23] [/input-16, 21] [/input-16, 21] 
best_l after optimization: -839.9134521484375
beta sum per layer: [0.0, 0.0, 0.0, 212.2799530029297]
alpha/beta optimization time: 0.36864733695983887
pruning_in_iteration open status: False
ratio of positive domain = 0 / 288 = 0.0
pruning-in-iteration extra time: 0.00012731552124023438
torch.Size([288, 1])
Time: prepare 0.0103    bound 0.3703    transfer 0.0041    finalize 0.0148    func 0.3996    
Accumulated time: func 1.6002    prepare 0.0610    bound 1.5247    transfer 0.0130    finalize 0.0416    
max lb tensor(-0.87913704) min lb tensor(-5.18987417)
Number of Verified Splits: 0 of 288
Current worst splitting domains lb-rhs (depth):
-5.18987 (5), -5.17632 (5), -5.14557 (5), -5.09946 (5), -5.08490 (5), -5.03318 (5), -4.96777 (5), -4.86514 (5), -4.85264 (5), -4.84801 (5), -4.83235 (5), -4.81435 (5), -4.75795 (5), -4.73147 (5), -4.69784 (5), -4.68927 (5), -4.68841 (5), -4.68719 (5), -4.66172 (5), -4.65096 (5), 
Length of domains: 288
Current (lb-rhs): -5.189874172210693
432 domains visited
Time: pickout 0.0508    decision 0.2799    set_bounds 0.0091    solve 0.4004    add 0.0078    
Accumulated time: pickout 0.0613    decision 0.9475    set_bounds 0.0160    solve 1.6073    add 0.0273    
Cumulative time: 2.7040419578552246

BaB round 3
batch: 288
splitting decisions: 
split level 0: [/input-16, 63] [/input-16, 52] [/input-16, 18] [/input-16, 18] [/input-16, 50] [/input-16, 10] [/input-16, 7] [/input-16, 18] [/input-16, 10] [/input-16, 52] 
best_l after optimization: -1468.4365234375
beta sum per layer: [0.0, 0.0, 0.8200686573982239, 677.979248046875]
alpha/beta optimization time: 0.4207267761230469
pruning_in_iteration open status: False
ratio of positive domain = 0 / 576 = 0.0
pruning-in-iteration extra time: 0.0003285408020019531
torch.Size([576, 1])
Time: prepare 0.0158    bound 0.4231    transfer 0.0155    finalize 0.0256    func 0.4805    
Accumulated time: func 2.0806    prepare 0.0818    bound 1.9478    transfer 0.0284    finalize 0.0672    
max lb tensor(-0.34403610) min lb tensor(-4.92697954)
Number of Verified Splits: 0 of 576
Current worst splitting domains lb-rhs (depth):
-4.92698 (6), -4.88406 (6), -4.84092 (6), -4.83195 (6), -4.83027 (6), -4.82973 (6), -4.82788 (6), -4.81072 (6), -4.80875 (6), -4.77510 (6), -4.72428 (6), -4.67387 (6), -4.65645 (6), -4.65625 (6), -4.59979 (6), -4.59932 (6), -4.57119 (6), -4.57002 (6), -4.55256 (6), -4.53649 (6), 
Length of domains: 576
Current (lb-rhs): -4.9269795417785645
1008 domains visited
Time: pickout 0.0619    decision 0.1038    set_bounds 0.0137    solve 0.4872    add 0.0239    
Accumulated time: pickout 0.1232    decision 1.0513    set_bounds 0.0297    solve 2.0944    add 0.0512    
Cumulative time: 3.4034106731414795

BaB round 4
batch: 576
splitting decisions: 
split level 0: [/input-16, 41] [/input-16, 18] [/input-16, 21] [/input-16, 7] [/input-16, 7] [/input-16, 18] [/input-16, 10] [/input-16, 52] [/input-16, 63] [/input-16, 50] 
best_l after optimization: -2523.47998046875
beta sum per layer: [0.0, 0.0, 7.560521602630615, 2023.65625]
alpha/beta optimization time: 0.2859652042388916
pruning_in_iteration open status: False
ratio of positive domain = 5 / 1152 = 0.00434027777777779
pruning-in-iteration extra time: 0.0002110004425048828
torch.Size([1152, 1])
Time: prepare 0.0254    bound 0.2875    transfer 0.0042    finalize 0.0278    func 0.3452    
Accumulated time: func 2.4258    prepare 0.1205    bound 2.2353    transfer 0.0326    finalize 0.0950    
max lb tensor(0.04960632) min lb tensor(-4.66622543)
Number of Verified Splits: 5 of 1152
Current worst splitting domains lb-rhs (depth):
-4.66623 (7), -4.65434 (7), -4.65061 (7), -4.59720 (7), -4.59219 (7), -4.58289 (7), -4.55617 (7), -4.55458 (7), -4.54936 (7), -4.54127 (7), -4.54112 (7), -4.53933 (7), -4.51429 (7), -4.50639 (7), -4.50480 (7), -4.49090 (7), -4.49040 (7), -4.48804 (7), -4.47753 (7), -4.41245 (7), 
Length of domains: 1147
Current (lb-rhs): -4.666225433349609
2160 domains visited
Time: pickout 0.1725    decision 0.1862    set_bounds 0.0278    solve 0.3462    add 0.0178    
Accumulated time: pickout 0.2957    decision 1.2376    set_bounds 0.0575    solve 2.4406    add 0.0690    
Cumulative time: 4.155362844467163

BaB round 5
batch: 1147
splitting decisions: 
split level 0: [/input-16, 21] [/input-16, 33] [/input-16, 7] [/input-16, 21] [/input-16, 20] [/input-16, 34] [/input-16, 20] [/input-16, 8] [/input-16, 16] [/input-16, 63] 
best_l after optimization: -4230.1201171875
beta sum per layer: [0.0, 0.0, 48.166099548339844, 5447.23046875]
alpha/beta optimization time: 0.5199229717254639
pruning_in_iteration open status: False
ratio of positive domain = 45 / 2294 = 0.01961639058413256
pruning-in-iteration extra time: 0.0004265308380126953
torch.Size([2294, 1])
Time: prepare 0.0535    bound 0.5225    transfer 0.0350    finalize 0.0806    func 0.6927    
Accumulated time: func 3.1185    prepare 0.1882    bound 2.7579    transfer 0.0676    finalize 0.1756    
max lb tensor(0.40040874) min lb tensor(-4.42277145)
Number of Verified Splits: 45 of 2294
Current worst splitting domains lb-rhs (depth):
-4.42277 (8), -4.42182 (8), -4.40454 (8), -4.36539 (8), -4.35339 (8), -4.35011 (8), -4.31361 (8), -4.31245 (8), -4.30481 (8), -4.30165 (8), -4.29984 (8), -4.28009 (8), -4.27439 (8), -4.27403 (8), -4.25411 (8), -4.25284 (8), -4.25274 (8), -4.25105 (8), -4.24534 (8), -4.24484 (8), 
Length of domains: 2249
Current (lb-rhs): -4.422771453857422
4454 domains visited
Time: pickout 0.2100    decision 0.2935    set_bounds 0.0561    solve 0.7001    add 0.0419    
Accumulated time: pickout 0.5057    decision 1.5311    set_bounds 0.1136    solve 3.1407    add 0.1108    
Cumulative time: 5.479936838150024

BaB round 6
batch: 2048
splitting decisions: 
split level 0: [/input-16, 18] [/input-16, 63] [/input-16, 41] [/input-12, 60] [/input-12, 118] [/input-12, 60] [/input-12, 118] [/input-12, 60] [/input-16, 8] [/input-16, 63] 
best_l after optimization: -6293.8466796875
beta sum per layer: [0.0, 0.0, 296.385009765625, 11857.1181640625]
alpha/beta optimization time: 0.7732195854187012
pruning_in_iteration open status: False
ratio of positive domain = 231 / 4096 = 0.056396484375
pruning-in-iteration extra time: 0.00019669532775878906
torch.Size([4096, 1])
Time: prepare 0.1018    bound 0.7758    transfer 0.0682    finalize 0.8600    func 1.8064    
Accumulated time: func 4.9250    prepare 0.3143    bound 3.5336    transfer 0.1358    finalize 1.0356    
max lb tensor(0.63167000) min lb tensor(-4.17915630)
Number of Verified Splits: 231 of 4096
Current worst splitting domains lb-rhs (depth):
-4.17916 (9), -4.17827 (9), -4.15174 (9), -4.13711 (9), -4.12572 (9), -4.10379 (9), -4.09881 (9), -4.09842 (8), -4.09329 (9), -4.08138 (9), -4.06600 (9), -4.06290 (9), -4.05522 (9), -4.04571 (9), -4.04475 (9), -4.04184 (8), -4.04087 (9), -4.03979 (9), -4.03421 (9), -4.02952 (9), 
Length of domains: 4066
Current (lb-rhs): -4.179156303405762
8550 domains visited
Time: pickout 0.4139    decision 0.5115    set_bounds 0.0966    solve 1.8123    add 0.1306    
Accumulated time: pickout 0.9196    decision 2.0426    set_bounds 0.2102    solve 4.9530    add 0.2414    
current_vram/total_varm: 2.5GB/8.6GB, batch_size increase to 4096
Cumulative time: 8.542433261871338

BaB round 7
batch: 4066
splitting decisions: 
split level 0: [/input-16, 52] [/input-12, 60] [/input-16, 23] [/input-12, 60] [/input-16, 8] [/input-16, 20] [/input-16, 11] [/input-12, 64] [/input-16, 15] [/input-16, 41] 
best_l after optimization: -10418.947265625
beta sum per layer: [0.0, 0.0, 1199.928466796875, 27948.16796875]
alpha/beta optimization time: 1.5906860828399658
pruning_in_iteration open status: False
ratio of positive domain = 1025 / 8132 = 0.12604525332021643
pruning-in-iteration extra time: 0.0002906322479248047
torch.Size([8132, 1])
Time: prepare 0.4927    bound 1.6000    transfer 0.1125    finalize 0.2787    func 2.4865    
Accumulated time: func 7.4115    prepare 0.8643    bound 5.1336    transfer 0.2483    finalize 1.3143    
max lb tensor(0.84137154) min lb tensor(-3.95531893)
Number of Verified Splits: 1025 of 8132
Current worst splitting domains lb-rhs (depth):
-3.95532 (10), -3.94517 (10), -3.94090 (10), -3.93570 (10), -3.92201 (10), -3.88437 (10), -3.87231 (10), -3.87144 (10), -3.86592 (10), -3.85329 (10), -3.84577 (10), -3.84565 (10), -3.83315 (10), -3.83278 (10), -3.82933 (10), -3.82751 (10), -3.82622 (9), -3.82232 (10), -3.82165 (10), -3.81227 (10), 
Length of domains: 7107
Current (lb-rhs): -3.9553189277648926
16682 domains visited
Time: pickout 0.9240    decision 1.9953    set_bounds 0.2592    solve 2.4981    add 0.0997    
Accumulated time: pickout 1.8436    decision 4.0379    set_bounds 0.4694    solve 7.4512    add 0.3411    
Cumulative time: 14.420963764190674

BaB round 8
batch: 4096
splitting decisions: 
split level 0: [/input-12, 118] [/input-12, 60] [/input-16, 23] [/input-16, 55] [/input-12, 7] [/input-16, 2] [/input-16, 38] [/input-16, 41] [/input-16, 39] [/input-12, 60] 
best_l after optimization: -9355.3681640625
beta sum per layer: [0.0, 2.37564754486084, 1538.03125, 28662.107421875]
alpha/beta optimization time: 1.4772844314575195
pruning_in_iteration open status: False
ratio of positive domain = 1187 / 8192 = 0.1448974609375
pruning-in-iteration extra time: 0.00045490264892578125
torch.Size([8192, 1])
Time: prepare 0.4831    bound 1.4888    transfer 0.1115    finalize 0.2929    func 2.3803    
Accumulated time: func 9.7918    prepare 1.3960    bound 6.6224    transfer 0.3598    finalize 1.6073    
max lb tensor(1.07948112) min lb tensor(-3.72632360)
Number of Verified Splits: 1187 of 8192
Current worst splitting domains lb-rhs (depth):
-3.94090 (10), -3.92201 (10), -3.87231 (10), -3.85329 (10), -3.84577 (10), -3.82622 (9), -3.80029 (10), -3.76197 (10), -3.72632 (11), -3.70914 (9), -3.70442 (11), -3.69731 (11), -3.69043 (11), -3.67695 (11), -3.67568 (10), -3.67445 (10), -3.66085 (11), -3.65991 (10), -3.65646 (11), -3.65297 (10), 
Length of domains: 10016
Current (lb-rhs): -3.9408984184265137
24874 domains visited
Time: pickout 1.1696    decision 2.6736    set_bounds 0.3276    solve 2.3933    add 0.2109    
Accumulated time: pickout 3.0133    decision 6.7114    set_bounds 0.7969    solve 9.8445    add 0.5520    
Cumulative time: 21.349618673324585

BaB round 9
batch: 4096
splitting decisions: 
split level 0: [/input-16, 50] [/input-12, 65] [/input-12, 108] [/input-16, 38] [/input-16, 41] [/input-16, 23] [/input-8, 231] [/input-12, 22] [/input-16, 0] [/input-16, 41] 
best_l after optimization: -8328.8994140625
beta sum per layer: [0.0, 1.0193876028060913, 1799.9215087890625, 28399.658203125]
alpha/beta optimization time: 1.5753819942474365
pruning_in_iteration open status: False
ratio of positive domain = 1445 / 8192 = 0.1763916015625
pruning-in-iteration extra time: 0.00039577484130859375
torch.Size([8192, 1])
Time: prepare 0.3566    bound 1.5788    transfer 0.1237    finalize 1.7062    func 3.7671    
Accumulated time: func 13.5589    prepare 1.8077    bound 8.2012    transfer 0.4835    finalize 3.3134    
max lb tensor(1.13883018) min lb tensor(-3.46480894)
Number of Verified Splits: 1445 of 8192
Current worst splitting domains lb-rhs (depth):
-3.94090 (10), -3.92201 (10), -3.87231 (10), -3.85329 (10), -3.84577 (10), -3.82622 (9), -3.80029 (10), -3.76197 (10), -3.72632 (11), -3.70914 (9), -3.69731 (11), -3.67695 (11), -3.67568 (10), -3.67445 (10), -3.65991 (10), -3.65297 (10), -3.64974 (11), -3.63536 (10), -3.63382 (10), -3.61511 (10), 
Length of domains: 12667
Current (lb-rhs): -3.9408984184265137
33066 domains visited
Time: pickout 2.8207    decision 1.5287    set_bounds 0.5295    solve 3.7884    add 0.2386    
Accumulated time: pickout 5.8339    decision 8.2402    set_bounds 1.3265    solve 13.6329    add 0.7906    
Cumulative time: 30.389841318130493

BaB round 10
batch: 4096
splitting decisions: 
split level 0: [/input-16, 7] [/input-16, 39] [/input-16, 16] [/input-16, 14] [/input-16, 55] [/input-16, 41] [/input-16, 39] [/input-16, 9] [/input-16, 7] [/input-16, 0] 
best_l after optimization: -7894.9482421875
beta sum per layer: [0.0, 1.6276562213897705, 1802.2420654296875, 28652.53125]
alpha/beta optimization time: 1.7711808681488037
pruning_in_iteration open status: True
ratio of positive domain = 1716 / 8192 = 0.20947265625
pruning-in-iteration extra time: 0.007255077362060547
torch.Size([8192, 1])
Time: prepare 0.3552    bound 1.7802    transfer 0.1443    finalize 0.4422    func 2.7251    
Accumulated time: func 16.2840    prepare 2.2048    bound 9.9814    transfer 0.6278    finalize 3.7556    
max lb tensor(0.01191711) min lb tensor(-3.21573591)
Number of Verified Splits: 1716 of 8192
Current worst splitting domains lb-rhs (depth):
-3.94090 (10), -3.92201 (10), -3.87231 (10), -3.85329 (10), -3.84577 (10), -3.82622 (9), -3.80029 (10), -3.76197 (10), -3.72632 (11), -3.70914 (9), -3.69731 (11), -3.67695 (11), -3.67568 (10), -3.67445 (10), -3.65991 (10), -3.65297 (10), -3.64974 (11), -3.63536 (10), -3.63382 (10), -3.61511 (10), 
Length of domains: 15047
Current (lb-rhs): -3.9408984184265137
41258 domains visited
Time: pickout 1.1714    decision 2.9573    set_bounds 0.6271    solve 2.7446    add 0.2218    
Accumulated time: pickout 7.0053    decision 11.1974    set_bounds 1.9536    solve 16.3775    add 1.0123    
Cumulative time: 38.461026668548584

BaB round 11
batch: 4096
splitting decisions: 
split level 0: [/input-16, 33] [/input-8, 231] [/input-16, 7] [/input-12, 66] [/input-12, 22] [/input-12, 108] [/input-16, 48] [/input-8, 178] [/input-12, 26] [/input-16, 14] 
best_l after optimization: -7620.2490234375
beta sum per layer: [0.0, 0.0, 1923.626708984375, 30841.302734375]
alpha/beta optimization time: 1.6006357669830322
pruning_in_iteration open status: False
ratio of positive domain = 1492 / 8192 = 0.18212890625
pruning-in-iteration extra time: 0.00022482872009277344
torch.Size([8192, 1])
Time: prepare 0.4217    bound 1.6093    transfer 0.1179    finalize 0.3561    func 2.5075    
Accumulated time: func 18.7915    prepare 2.6678    bound 11.5907    transfer 0.7457    finalize 4.1117    
max lb tensor(0.75976825) min lb tensor(-3.01451778)
Number of Verified Splits: 1494 of 8192
Current worst splitting domains lb-rhs (depth):
-3.94090 (10), -3.92201 (10), -3.87231 (10), -3.85329 (10), -3.84577 (10), -3.82622 (9), -3.80029 (10), -3.76197 (10), -3.72632 (11), -3.70914 (9), -3.69731 (11), -3.67695 (11), -3.67568 (10), -3.67445 (10), -3.65991 (10), -3.65297 (10), -3.64974 (11), -3.63536 (10), -3.63382 (10), -3.61511 (10), 
Length of domains: 17649
Current (lb-rhs): -3.9408984184265137
49450 domains visited
Time: pickout 1.1234    decision 2.7330    set_bounds 0.6973    solve 2.5248    add 0.5660    
Accumulated time: pickout 8.1286    decision 13.9304    set_bounds 2.6509    solve 18.9023    add 1.5784    
Cumulative time: 46.47305154800415

BaB round 12
batch: 4096
splitting decisions: 
split level 0: [/input-16, 55] [/input-12, 22] [/input-12, 108] [/input-16, 55] [/input-12, 26] [/input-16, 2] [/input-16, 8] [/input-16, 31] [/input-12, 65] [/input-12, 60] 
best_l after optimization: -7345.490234375
beta sum per layer: [0.0, 0.1969701498746872, 2054.103515625, 32343.7890625]
alpha/beta optimization time: 1.4954743385314941
pruning_in_iteration open status: False
ratio of positive domain = 1217 / 8192 = 0.1485595703125
pruning-in-iteration extra time: 0.00038170814514160156
torch.Size([8192, 1])
Time: prepare 0.3431    bound 1.4990    transfer 0.1298    finalize 0.5318    func 2.5082    
Accumulated time: func 21.2997    prepare 3.0664    bound 13.0897    transfer 0.8754    finalize 4.6435    
max lb tensor(0.80052757) min lb tensor(-2.84754467)
Number of Verified Splits: 1222 of 8192
Current worst splitting domains lb-rhs (depth):
-3.94090 (10), -3.92201 (10), -3.87231 (10), -3.85329 (10), -3.84577 (10), -3.82622 (9), -3.80029 (10), -3.76197 (10), -3.72632 (11), -3.70914 (9), -3.69731 (11), -3.67695 (11), -3.67568 (10), -3.67445 (10), -3.65991 (10), -3.65297 (10), -3.64974 (11), -3.63536 (10), -3.63382 (10), -3.61511 (10), 
Length of domains: 20523
Current (lb-rhs): -3.9408984184265137
57642 domains visited
Time: pickout 1.0933    decision 3.2141    set_bounds 0.4439    solve 2.5579    add 0.2304    
Accumulated time: pickout 9.2219    decision 17.1445    set_bounds 3.0948    solve 21.4602    add 1.8088    
Time out!!!!!!!!
Result: unknown in 63.9099 seconds

 %%%%%%%%%%%%%%%%%%%%%%%%%%%%%%%%%%% idx: 10, vnnlib ID: 10 %%%%%%%%%%%%%%%%%%%%%%%%%%%%%%%%%%%
Finished vnnlib processing in 0.012600 seconds
Attack parameters: initialization=uniform, steps=50, restarts=10, alpha=0.001960787922143936, GAMA=False
PGD attack margin (first 2 examples and 10 specs):
 tensor([[5.46946144, 0.67684847, 0.59551752, 0.55297178, 0.56506801, 2.76975727,
         2.52597737, 1.20468116, 4.17220831]], device='cuda:0')
Total number of violation:  0
Processing batch 1/1...
  0%|          | 0/50 [00:00<?, ?it/s]  2%|▏         | 1/50 [00:00<00:01, 36.24it/s]
pgd early stop
PGD attack margin (first 2 examples and 10 specs):
 tensor([[ 4.44852161, -0.07705313, -0.62858188, -0.28730857, -0.83779538,
          1.70156133,  1.08570647, -0.29193771,  2.97158670]], device='cuda:0')
Total number of violation:  5
Attack finished in 0.0591 seconds.
PGD attack succeeded!

Checking and Saving Counterexample in check_and_save_cex

verified_status unsafe-pgd
verified_success True
Result: unsafe-pgd in 0.0761 seconds

 %%%%%%%%%%%%%%%%%%%%%%%%%%%%%%%%%%% idx: 11, vnnlib ID: 11 %%%%%%%%%%%%%%%%%%%%%%%%%%%%%%%%%%%
Finished vnnlib processing in 0.004421 seconds
Attack parameters: initialization=uniform, steps=50, restarts=10, alpha=0.001960787922143936, GAMA=False
PGD attack margin (first 2 examples and 10 specs):
 tensor([[5.38309193, 2.60828686, 6.23599958, 4.99443054, 6.08359766, 5.63450575,
         5.45161057, 6.06871414, 4.44213867]], device='cuda:0')
Total number of violation:  0
Processing batch 1/1...
  0%|          | 0/50 [00:00<?, ?it/s] 38%|███▊      | 19/50 [00:00<00:00, 186.04it/s] 76%|███████▌  | 38/50 [00:00<00:00, 182.07it/s]100%|██████████| 50/50 [00:00<00:00, 185.87it/s]
PGD attack margin (first 2 examples and 10 specs):
 tensor([[3.96767998, 0.83255243, 4.86365604, 3.36238122, 4.59407139, 3.82411575,
         3.51987982, 3.90339518, 2.77409029]], device='cuda:0')
Total number of violation:  0
Attack finished in 0.2793 seconds.
PGD attack failed
verified_status unknown
verified_success False
Model: BoundedModule(
  (/input-1): BoundInput(name=/input-1, inputs=[], perturbed=True)
  (/1): BoundParams(name=/1, inputs=[], perturbed=False)
  (/2): BoundParams(name=/2, inputs=[], perturbed=False)
  (/3): BoundParams(name=/3, inputs=[], perturbed=False)
  (/4): BoundParams(name=/4, inputs=[], perturbed=False)
  (/5): BoundParams(name=/5, inputs=[], perturbed=False)
  (/6): BoundParams(name=/6, inputs=[], perturbed=False)
  (/7): BoundParams(name=/7, inputs=[], perturbed=False)
  (/8): BoundParams(name=/8, inputs=[], perturbed=False)
  (/9): BoundParams(name=/9, inputs=[], perturbed=False)
  (/10): BoundParams(name=/10, inputs=[], perturbed=False)
  (/input): BoundConv(name=/input, inputs=[/input-1, /1, /2], perturbed=True)
  (/input-4): BoundRelu(name=/input-4, inputs=[/input], perturbed=True)
  (/input-8): BoundConv(name=/input-8, inputs=[/input-4, /3, /4], perturbed=True)
  (/14): BoundRelu(name=/14, inputs=[/input-8], perturbed=True)
  (/15): BoundFlatten(name=/15, inputs=[/14], perturbed=True)
  (/input-12): BoundLinear(name=/input-12, inputs=[/15, /5, /6], perturbed=True)
  (/17): BoundRelu(name=/17, inputs=[/input-12], perturbed=True)
  (/input-16): BoundLinear(name=/input-16, inputs=[/17, /7, /8], perturbed=True)
  (/19): BoundRelu(name=/19, inputs=[/input-16], perturbed=True)
  (/20): BoundLinear(name=/20, inputs=[/19, /9, /10], perturbed=True)
)
Original output in the first batch: tensor([[-1.61557937,  1.11543524, -2.45089030, -1.23925829, -2.30929255,
         -1.87377024, -1.71706843, -2.27912259, -0.67789519,  3.73258257]],
       device='cuda:0')
Split layers:
Nonlinear functions:
   BoundRelu(name=/input-4, inputs=[/input], perturbed=True)
   BoundRelu(name=/14, inputs=[/input-8], perturbed=True)
   BoundRelu(name=/17, inputs=[/input-12], perturbed=True)
   BoundRelu(name=/19, inputs=[/input-16], perturbed=True)
build batch [1/1]
layer /input-4 using sparse-features alpha with shape [393]; unstable size 393; total size 1800 ([1, 8, 15, 15])
layer /input-4 start_node /input-8 using sparse-spec alpha [2, 197, 1, 393] with unstable size 196 total_size 576 output_shape (16, 6, 6)
layer /input-4 start_node /input-12 using sparse-spec alpha [2, 90, 1, 393] with unstable size 89 total_size 128 output_shape torch.Size([128])
layer /input-4 start_node /input-16 using full alpha [2, 64, 1, 393] with unstable size 64 total_size 64 output_shape torch.Size([64])
layer /input-4 start_node /20 using full alpha [2, 9, 1, 393] with unstable size None total_size 9 output_shape 9
layer /14 using sparse-features alpha with shape [196]; unstable size 196; total size 576 ([1, 16, 6, 6])
layer /14 start_node /input-12 using sparse-spec alpha [2, 90, 1, 196] with unstable size 89 total_size 128 output_shape torch.Size([128])
layer /14 start_node /input-16 using full alpha [2, 64, 1, 196] with unstable size 64 total_size 64 output_shape torch.Size([64])
layer /14 start_node /20 using full alpha [2, 9, 1, 196] with unstable size None total_size 9 output_shape 9
layer /17 using sparse-features alpha with shape [89]; unstable size 89; total size 128 ([1, 128])
layer /17 start_node /input-16 using full alpha [2, 64, 1, 89] with unstable size 64 total_size 64 output_shape torch.Size([64])
layer /17 start_node /20 using full alpha [2, 9, 1, 89] with unstable size None total_size 9 output_shape 9
layer /19 using full alpha with shape torch.Size([64]); unstable size 64; total size 64 ([1, 64])
layer /19 start_node /20 using full alpha [2, 9, 1, 64] with unstable size None total_size 9 output_shape 9
Optimizable variables initialized.
initial CROWN bounds (first 10 items): [-9.891436576843262, -10.123723030090332, -8.924810409545898, -8.096282958984375, -8.419532775878906, -8.909914016723633, -9.437026977539062, -9.604162216186523, -10.118542671203613]
prune_after_crown optimization in use
  original spec size = torch.Size([1, 9])
  pruned spec size = torch.Size([1, 9])
Using alpha-CROWN to initialize bounds.
best_l after optimization: -38.163551330566406
alpha/beta optimization time: 3.1613516807556152
initial alpha-crown bounds (first 10 items): [-4.985755920410156, -5.33314323425293, -3.8687310218811035, -3.3341774940490723, -3.273432731628418, -3.827846050262451, -4.488212585449219, -4.2185187339782715, -4.833734512329102]
Global lower bound: -5.33314323425293
torch.Size([1, 9])
0 / 9 OR specs are verified.
Verified OR indices (first 10 items): []
Verified OR lbs (first 10 items): []
Unverified OR indices (first 10 items): [0, 1, 2, 3, 4, 5, 6, 7, 8]
Unverified OR lbs (first 10 items): [[-4.985755920410156], [-5.33314323425293], [-3.8687310218811035], [-3.3341774940490723], [-3.273432731628418], [-3.827846050262451], [-4.488212585449219], [-4.2185187339782715], [-4.833734512329102]]
###### Verifying property Instance 11 ######
Batch size: 9
First 10 spec matrices
C: tensor([[[-1.,  0.,  0.,  0.,  0.,  0.,  0.,  0.,  0.,  1.]],

        [[ 0., -1.,  0.,  0.,  0.,  0.,  0.,  0.,  0.,  1.]],

        [[ 0.,  0., -1.,  0.,  0.,  0.,  0.,  0.,  0.,  1.]],

        [[ 0.,  0.,  0., -1.,  0.,  0.,  0.,  0.,  0.,  1.]],

        [[ 0.,  0.,  0.,  0., -1.,  0.,  0.,  0.,  0.,  1.]],

        [[ 0.,  0.,  0.,  0.,  0., -1.,  0.,  0.,  0.,  1.]],

        [[ 0.,  0.,  0.,  0.,  0.,  0., -1.,  0.,  0.,  1.]],

        [[ 0.,  0.,  0.,  0.,  0.,  0.,  0., -1.,  0.,  1.]],

        [[ 0.,  0.,  0.,  0.,  0.,  0.,  0.,  0., -1.,  1.]]], device='cuda:0')
RHS: tensor([[0.],
        [0.],
        [0.],
        [0.],
        [0.],
        [0.],
        [0.],
        [0.],
        [0.]], device='cuda:0')
OR spec sizes: tensor([1, 1, 1, 1, 1, 1, 1, 1, 1], device='cuda:0', dtype=torch.int32)
Remaining timeout: 54.621065616607666
Model prediction is: tensor([-1.61557937,  1.11543524, -2.45089030, -1.23925829, -2.30929255,
        -1.87377024, -1.71706843, -2.27912259, -0.67789519,  3.73258257],
       device='cuda:0')
Activation BaB batch 1/1 
build_with_refined_bounds batch [1/1]
Optimizable variables initialized.
all alpha initialized
directly get lb and ub from refined bounds
c shape: torch.Size([9, 1, 10])
lA shapes: [torch.Size([9, 1, 8, 15, 15]), torch.Size([9, 1, 16, 6, 6]), torch.Size([9, 1, 128]), torch.Size([9, 1, 64])]
torch.Size([9, 1])
(alpha-)CROWN with fixed intermediate bounds: tensor([[-4.98575592],
        [-5.33314323],
        [-3.86873102],
        [-3.33417749],
        [-3.27343273],
        [-3.82784605],
        [-4.48821259],
        [-4.21851873],
        [-4.83373451]], device='cuda:0') tensor([[inf],
        [inf],
        [inf],
        [inf],
        [inf],
        [inf],
        [inf],
        [inf],
        [inf]], device='cuda:0')
Intermediate layers: /input,/input-8,/input-12,/input-16
Keeping alphas for these layers: ['/20']
Node /input-4 input 0: size torch.Size([8, 15, 15]) unstable 393
Node /14 input 0: size torch.Size([16, 6, 6]) unstable 194
Node /17 input 0: size torch.Size([128]) unstable 83
Node /19 input 0: size torch.Size([64]) unstable 60
-----------------
# of unstable neurons: 730
-----------------

BaB round 1
batch: 9
splitting decisions: 
split level 0: [/input-16, 38] [/input-16, 56] [/input-16, 20] [/input-16, 49] [/input-16, 20] [/input-16, 20] [/input-16, 20] [/input-16, 20] [/input-16, 7] 
split level 1: [/input-16, 55] [/input-16, 4] [/input-16, 39] [/input-16, 25] [/input-16, 24] [/input-16, 49] [/input-12, 97] [/input-16, 56] [/input-16, 56] 
split level 2: [/input-16, 41] [/input-16, 60] [/input-16, 41] [/input-16, 24] [/input-16, 41] [/input-16, 7] [/input-16, 55] [/input-16, 41] [/input-16, 4] 
split level 3: [/input-12, 106] [/input-16, 47] [/input-16, 56] [/input-16, 44] [/input-12, 97] [/input-12, 66] [/input-16, 60] [/input-16, 4] [/input-16, 39] 
best_l after optimization: -366.394775390625
beta sum per layer: [0.0, 0.0, 16.561290740966797, 55.22338104248047]
alpha/beta optimization time: 1.0823380947113037
pruning_in_iteration open status: False
ratio of positive domain = 0 / 144 = 0.0
pruning-in-iteration extra time: 0.0011000633239746094
torch.Size([144, 1])
Time: prepare 0.0119    bound 1.0871    transfer 0.0114    finalize 0.0322    func 1.1431    
Accumulated time: func 1.1431    prepare 0.0456    bound 1.0871    transfer 0.0114    finalize 0.0322    
max lb tensor(-1.36980152) min lb tensor(-4.40569448)
Number of Verified Splits: 0 of 144
Current worst splitting domains lb-rhs (depth):
-4.40569 (4), -4.14762 (4), -4.14480 (4), -4.11089 (4), -4.10141 (4), -3.92714 (4), -3.84527 (4), -3.81795 (4), -3.80049 (4), -3.75710 (4), -3.75668 (4), -3.72145 (4), -3.66536 (4), -3.64586 (4), -3.62501 (4), -3.62193 (4), -3.60715 (4), -3.59073 (4), -3.54594 (4), -3.53831 (4), 
Length of domains: 144
Current (lb-rhs): -4.405694484710693
144 domains visited
Time: pickout 0.0116    decision 0.3962    set_bounds 0.0105    solve 1.1488    add 0.0232    
Accumulated time: pickout 0.0116    decision 0.3962    set_bounds 0.0105    solve 1.1488    add 0.0232    
Cumulative time: 1.7454471588134766

BaB round 2
batch: 144
splitting decisions: 
split level 0: [/input-16, 4] [/input-16, 40] [/input-16, 17] [/input-16, 20] [/input-16, 60] [/input-16, 11] [/input-16, 47] [/input-12, 103] [/input-16, 44] [/input-16, 4] 
best_l after optimization: -618.4073486328125
beta sum per layer: [0.0, 0.0, 64.73880767822266, 201.64556884765625]
alpha/beta optimization time: 0.4125828742980957
pruning_in_iteration open status: False
ratio of positive domain = 0 / 288 = 0.0
pruning-in-iteration extra time: 0.0002353191375732422
torch.Size([288, 1])
Time: prepare 0.0133    bound 0.4143    transfer 0.0118    finalize 0.0247    func 0.4641    
Accumulated time: func 1.6072    prepare 0.0845    bound 1.5014    transfer 0.0232    finalize 0.0569    
max lb tensor(-0.61832333) min lb tensor(-4.17508602)
Number of Verified Splits: 0 of 288
Current worst splitting domains lb-rhs (depth):
-4.17509 (5), -4.03203 (5), -3.94014 (5), -3.90449 (5), -3.87037 (5), -3.85279 (5), -3.76217 (5), -3.75821 (5), -3.75576 (5), -3.59905 (5), -3.59768 (5), -3.59607 (5), -3.56837 (5), -3.56374 (5), -3.55990 (5), -3.55232 (5), -3.48046 (5), -3.47676 (5), -3.45660 (5), -3.45278 (5), 
Length of domains: 288
Current (lb-rhs): -4.17508602142334
432 domains visited
Time: pickout 0.0750    decision 0.3492    set_bounds 0.0110    solve 0.4651    add 0.0184    
Accumulated time: pickout 0.0865    decision 0.7454    set_bounds 0.0214    solve 1.6139    add 0.0416    
Cumulative time: 2.6653082370758057

BaB round 3
batch: 288
splitting decisions: 
split level 0: [/input-16, 11] [/input-16, 37] [/input-16, 7] [/input-16, 7] [/input-16, 39] [/input-16, 48] [/input-16, 56] [/input-16, 49] [/input-16, 60] [/input-16, 11] 
best_l after optimization: -1010.3662109375
beta sum per layer: [0.0, 0.0, 200.9733123779297, 616.0213623046875]
alpha/beta optimization time: -0.1433546543121338
pruning_in_iteration open status: False
ratio of positive domain = 0 / 576 = 0.0
pruning-in-iteration extra time: 0.0002551078796386719
torch.Size([576, 1])
Time: prepare 0.0279    bound -0.1409    transfer 0.0216    finalize 0.0466    func -0.0446    
Accumulated time: func 1.5626    prepare 0.1292    bound 1.3605    transfer 0.0448    finalize 0.1035    
max lb tensor(-0.03901291) min lb tensor(-3.99023104)
Number of Verified Splits: 0 of 576
Current worst splitting domains lb-rhs (depth):
-3.99023 (6), -3.85073 (6), -3.84583 (6), -3.81972 (6), -3.72177 (6), -3.70857 (6), -3.67400 (6), -3.62688 (6), -3.62567 (6), -3.60494 (6), -3.56123 (6), -3.53698 (6), -3.53059 (6), -3.51102 (6), -3.50602 (6), -3.49365 (6), -3.38647 (6), -3.36672 (6), -3.34037 (6), -3.33617 (6), 
Length of domains: 576
Current (lb-rhs): -3.9902310371398926
1008 domains visited
Time: pickout 0.1883    decision 0.2009    set_bounds 0.0229    solve -0.0385    add 0.0326    
Accumulated time: pickout 0.2749    decision 0.9463    set_bounds 0.0444    solve 1.5755    add 0.0741    
Cumulative time: 3.074855327606201

BaB round 4
batch: 576
splitting decisions: 
split level 0: [/input-12, 97] [/input-16, 62] [/input-16, 4] [/input-16, 8] [/input-16, 18] [/input-16, 44] [/input-16, 4] [/input-16, 18] [/input-16, 40] [/input-12, 97] 
best_l after optimization: -1564.0465087890625
beta sum per layer: [0.0, 0.0, 555.3709716796875, 1747.35400390625]
alpha/beta optimization time: 0.4158012866973877
pruning_in_iteration open status: False
ratio of positive domain = 51 / 1152 = 0.04427083333333337
pruning-in-iteration extra time: 0.0002307891845703125
torch.Size([1152, 1])
Time: prepare 0.0365    bound 0.4176    transfer 0.0803    finalize 0.1060    func 0.6416    
Accumulated time: func 2.2043    prepare 0.1764    bound 1.7781    transfer 0.1250    finalize 0.2095    
max lb tensor(0.35811996) min lb tensor(-3.80191922)
Number of Verified Splits: 51 of 1152
Current worst splitting domains lb-rhs (depth):
-3.80192 (7), -3.79112 (7), -3.66587 (7), -3.65373 (7), -3.63378 (7), -3.63131 (7), -3.54463 (7), -3.53200 (7), -3.51923 (7), -3.51562 (7), -3.49517 (7), -3.48091 (7), -3.46981 (7), -3.42507 (7), -3.41189 (7), -3.38878 (7), -3.35551 (7), -3.34665 (7), -3.33544 (7), -3.33455 (7), 
Length of domains: 1101
Current (lb-rhs): -3.8019192218780518
2160 domains visited
Time: pickout 0.1437    decision 0.2031    set_bounds 0.0367    solve 0.6565    add 0.0585    
Accumulated time: pickout 0.4186    decision 1.1495    set_bounds 0.0811    solve 2.2320    add 0.1326    
Cumulative time: 4.195703744888306

BaB round 5
batch: 1101
splitting decisions: 
split level 0: [/input-16, 51] [/input-16, 13] [/input-16, 51] [/input-16, 11] [/input-16, 4] [/input-16, 24] [/input-16, 44] [/input-16, 7] [/input-16, 62] [/input-16, 51] 
best_l after optimization: -2242.0751953125
beta sum per layer: [0.0, 0.0, 1170.71630859375, 4303.126953125]
alpha/beta optimization time: 0.48123717308044434
pruning_in_iteration open status: False
ratio of positive domain = 270 / 2202 = 0.12261580381471393
pruning-in-iteration extra time: 0.0001990795135498047
torch.Size([2202, 1])
Time: prepare 0.0736    bound 0.4849    transfer 0.0679    finalize 0.2064    func 0.8342    
Accumulated time: func 3.0385    prepare 0.2682    bound 2.2629    transfer 0.1929    finalize 0.4158    
max lb tensor(0.67002296) min lb tensor(-3.62973404)
Number of Verified Splits: 270 of 2202
Current worst splitting domains lb-rhs (depth):
-3.62973 (8), -3.61649 (8), -3.55907 (8), -3.52033 (8), -3.49979 (8), -3.49205 (8), -3.47873 (8), -3.46288 (8), -3.42943 (8), -3.39413 (8), -3.37832 (8), -3.36702 (8), -3.36095 (8), -3.35932 (8), -3.35446 (8), -3.33876 (8), -3.30130 (8), -3.29737 (8), -3.27409 (8), -3.27392 (8), 
Length of domains: 1932
Current (lb-rhs): -3.6297340393066406
4362 domains visited
Time: pickout 0.2895    decision 0.4162    set_bounds 0.0796    solve 0.8516    add 0.0940    
Accumulated time: pickout 0.7081    decision 1.5656    set_bounds 0.1607    solve 3.0836    add 0.2266    
Cumulative time: 5.968329906463623

BaB round 6
batch: 1932
splitting decisions: 
split level 0: [/input-12, 125] [/input-12, 97] [/input-16, 24] [/input-16, 19] [/input-16, 25] [/input-12, 103] [/input-16, 54] [/input-16, 5] [/input-12, 77] [/input-16, 59] 
best_l after optimization: -3096.81494140625
beta sum per layer: [0.0, 0.0, 2115.485595703125, 8790.7998046875]
alpha/beta optimization time: 0.8545916080474854
pruning_in_iteration open status: False
ratio of positive domain = 666 / 3864 = 0.172360248447205
pruning-in-iteration extra time: 0.0002694129943847656
torch.Size([3864, 1])
Time: prepare 1.2135    bound 0.8600    transfer 0.0957    finalize 0.1812    func 2.3519    
Accumulated time: func 5.3903    prepare 1.5054    bound 3.1229    transfer 0.2886    finalize 0.5970    
max lb tensor(0.78496742) min lb tensor(-3.46668911)
Number of Verified Splits: 668 of 3864
Current worst splitting domains lb-rhs (depth):
-3.46669 (9), -3.44850 (9), -3.39424 (9), -3.35954 (9), -3.35375 (9), -3.33365 (9), -3.32655 (9), -3.31648 (9), -3.30399 (9), -3.24217 (9), -3.24020 (9), -3.23334 (9), -3.22201 (9), -3.21790 (9), -3.21465 (9), -3.20826 (9), -3.20220 (9), -3.20011 (9), -3.17374 (9), -3.13016 (9), 
Length of domains: 3196
Current (lb-rhs): -3.466689109802246
8226 domains visited
Time: pickout 0.4777    decision 0.5779    set_bounds 0.1342    solve 2.3613    add 0.0681    
Accumulated time: pickout 1.1857    decision 2.1436    set_bounds 0.2949    solve 5.4449    add 0.2947    
Cumulative time: 9.629100322723389

BaB round 7
batch: 2048
splitting decisions: 
split level 0: [/input-16, 37] [/input-16, 48] [/input-16, 18] [/input-16, 56] [/input-16, 51] [/input-16, 24] [/input-16, 56] [/input-16, 19] [/input-16, 5] [/input-16, 17] 
best_l after optimization: -2695.918701171875
beta sum per layer: [0.0, 0.0, 2202.34375, 9756.9140625]
alpha/beta optimization time: 0.9257032871246338
pruning_in_iteration open status: True
ratio of positive domain = 1030 / 4096 = 0.25146484375
pruning-in-iteration extra time: 0.02039027214050293
torch.Size([4096, 1])
Time: prepare 0.1501    bound 0.9368    transfer 0.1491    finalize 0.2536    func 1.4925    
Accumulated time: func 6.8828    prepare 1.6831    bound 4.0597    transfer 0.4377    finalize 0.8506    
max lb tensor(0.00546217) min lb tensor(-3.24376273)
Number of Verified Splits: 1030 of 4096
Current worst splitting domains lb-rhs (depth):
-3.46669 (9), -3.44850 (9), -3.35954 (9), -3.35375 (9), -3.33365 (9), -3.31648 (9), -3.30399 (9), -3.24376 (10), -3.24217 (9), -3.24020 (9), -3.22201 (9), -3.21790 (9), -3.21465 (9), -3.20826 (9), -3.20011 (9), -3.19461 (10), -3.17374 (9), -3.15452 (10), -3.13482 (10), -3.10021 (9), 
Length of domains: 4214
Current (lb-rhs): -3.466689109802246
12322 domains visited
Time: pickout 0.4243    decision 0.7533    set_bounds 0.2637    solve 1.5057    add 0.1311    
Accumulated time: pickout 1.6100    decision 2.8968    set_bounds 0.5586    solve 6.9506    add 0.4258    
current_vram/total_varm: 3.1GB/8.6GB, batch_size increase to 4096
Cumulative time: 12.809099435806274

BaB round 8
batch: 4096
splitting decisions: 
split level 0: [/input-16, 24] [/input-16, 37] [/input-16, 18] [/input-16, 54] [/input-16, 19] [/input-12, 125] [/input-16, 59] [/input-16, 51] [/input-16, 37] [/input-16, 44] 
best_l after optimization: -5200.76953125
beta sum per layer: [0.0, 0.0, 4830.20751953125, 20504.72265625]
alpha/beta optimization time: 1.4587552547454834
pruning_in_iteration open status: True
ratio of positive domain = 2266 / 8192 = 0.276611328125
pruning-in-iteration extra time: 0.023397207260131836
torch.Size([8192, 1])
Time: prepare 0.5088    bound 1.4700    transfer 0.1089    finalize 0.3503    func 2.4410    
Accumulated time: func 9.3238    prepare 2.2549    bound 5.5297    transfer 0.5466    finalize 1.2009    
max lb tensor(0.00658417) min lb tensor(-3.31177044)
Number of Verified Splits: 2266 of 8192
Current worst splitting domains lb-rhs (depth):
-3.44850 (9), -3.31177 (10), -3.22201 (9), -3.20831 (10), -3.20398 (10), -3.16946 (10), -3.15823 (10), -3.14874 (10), -3.11696 (10), -3.10772 (10), -3.09797 (11), -3.07958 (10), -3.07841 (10), -3.07496 (10), -3.05929 (10), -3.05079 (11), -3.04975 (9), -3.04851 (10), -3.03896 (10), -3.02460 (10), 
Length of domains: 6044
Current (lb-rhs): -3.448500871658325
20514 domains visited
Time: pickout 2.5449    decision 1.3416    set_bounds 1.2696    solve 2.4605    add 0.1391    
Accumulated time: pickout 4.1549    decision 4.2385    set_bounds 1.8282    solve 9.4111    add 0.5649    
Cumulative time: 20.716078281402588

BaB round 9
batch: 4096
splitting decisions: 
split level 0: [/input-16, 38] [/input-16, 18] [/input-16, 18] [/input-16, 54] [/input-16, 5] [/input-16, 34] [/input-16, 13] [/input-12, 63] [/input-16, 27] [/input-16, 13] 
best_l after optimization: -4751.9833984375
beta sum per layer: [0.0, 0.0, 4676.8486328125, 22424.935546875]
alpha/beta optimization time: 1.4631478786468506
pruning_in_iteration open status: True
ratio of positive domain = 2592 / 8192 = 0.31640625
pruning-in-iteration extra time: 0.02424335479736328
torch.Size([8192, 1])
Time: prepare 0.2889    bound 1.4706    transfer 0.1200    finalize 0.3210    func 2.2030    
Accumulated time: func 11.5268    prepare 2.5811    bound 7.0003    transfer 0.6665    finalize 1.5219    
max lb tensor(0.01203346) min lb tensor(-2.96219587)
Number of Verified Splits: 2592 of 8192
Current worst splitting domains lb-rhs (depth):
-3.44850 (9), -3.31177 (10), -3.22201 (9), -3.20831 (10), -3.20398 (10), -3.16946 (10), -3.15823 (10), -3.14874 (10), -3.10772 (10), -3.09797 (11), -3.07958 (10), -3.07841 (10), -3.07496 (10), -3.04975 (9), -3.04851 (10), -3.03896 (10), -3.01775 (10), -2.99656 (11), -2.97260 (11), -2.96220 (11), 
Length of domains: 7548
Current (lb-rhs): -3.448500871658325
28706 domains visited
Time: pickout 1.4002    decision 2.2096    set_bounds 0.4169    solve 2.2195    add 0.1184    
Accumulated time: pickout 5.5551    decision 6.4481    set_bounds 2.2451    solve 11.6306    add 0.6833    
Cumulative time: 27.206809282302856

BaB round 10
batch: 4096
splitting decisions: 
split level 0: [/input-16, 51] [/input-16, 25] [/input-16, 51] [/input-16, 32] [/input-16, 18] [/input-16, 25] [/input-16, 25] [/input-16, 37] [/input-16, 51] [/input-16, 18] 
best_l after optimization: -4729.5185546875
beta sum per layer: [0.0, 0.0, 4772.31640625, 25204.3203125]
alpha/beta optimization time: 1.3869740962982178
pruning_in_iteration open status: True
ratio of positive domain = 2399 / 8192 = 0.2928466796875
pruning-in-iteration extra time: 0.02115035057067871
torch.Size([8192, 1])
Time: prepare 0.6367    bound 1.3959    transfer 0.1199    finalize 1.4461    func 3.6037    
Accumulated time: func 15.1305    prepare 3.2551    bound 8.3962    transfer 0.7864    finalize 2.9681    
max lb tensor(0.01776314) min lb tensor(-2.75856209)
Number of Verified Splits: 2399 of 8192
Current worst splitting domains lb-rhs (depth):
-3.44850 (9), -3.31177 (10), -3.22201 (9), -3.20831 (10), -3.20398 (10), -3.16946 (10), -3.15823 (10), -3.14874 (10), -3.10772 (10), -3.09797 (11), -3.07958 (10), -3.07841 (10), -3.07496 (10), -3.04975 (9), -3.04851 (10), -3.03896 (10), -3.01775 (10), -2.99656 (11), -2.97260 (11), -2.96220 (11), 
Length of domains: 9245
Current (lb-rhs): -3.448500871658325
36898 domains visited
Time: pickout 2.2973    decision 1.4015    set_bounds 0.3729    solve 3.6461    add -0.2583    
Accumulated time: pickout 7.8524    decision 7.8496    set_bounds 2.6181    solve 15.2767    add 0.4250    
Cumulative time: 34.93819260597229

BaB round 11
batch: 4096
splitting decisions: 
split level 0: [/input-16, 38] [/input-16, 51] [/input-16, 32] [/input-16, 62] [/input-16, 25] [/input-16, 38] [/input-16, 62] [/input-16, 51] [/input-16, 25] [/input-16, 5] 
best_l after optimization: -4573.4501953125
beta sum per layer: [0.0, 0.0, 4776.6181640625, 27848.421875]
alpha/beta optimization time: 1.5814085006713867
pruning_in_iteration open status: True
ratio of positive domain = 2041 / 8192 = 0.2491455078125
pruning-in-iteration extra time: 0.019330739974975586
torch.Size([8192, 1])
Time: prepare 0.3722    bound 1.5931    transfer 0.1556    finalize 0.4534    func 2.5778    
Accumulated time: func 17.7082    prepare 3.6810    bound 9.9894    transfer 0.9420    finalize 3.4215    
max lb tensor(0.01082134) min lb tensor(-2.55330539)
Number of Verified Splits: 2041 of 8192
Current worst splitting domains lb-rhs (depth):
-3.44850 (9), -3.31177 (10), -3.22201 (9), -3.20831 (10), -3.20398 (10), -3.16946 (10), -3.15823 (10), -3.14874 (10), -3.10772 (10), -3.09797 (11), -3.07958 (10), -3.07841 (10), -3.07496 (10), -3.04975 (9), -3.04851 (10), -3.03896 (10), -3.01775 (10), -2.99656 (11), -2.97260 (11), -2.96220 (11), 
Length of domains: 11300
Current (lb-rhs): -3.448500871658325
45090 domains visited
Time: pickout 1.3292    decision 1.3338    set_bounds 2.1399    solve 2.5998    add 0.1362    
Accumulated time: pickout 9.1816    decision 9.1834    set_bounds 4.7580    solve 17.8765    add 0.5612    
Cumulative time: 42.6271915435791

BaB round 12
batch: 4096
splitting decisions: 
split level 0: [/input-16, 18] [/input-16, 37] [/input-16, 62] [/input-12, 125] [/input-16, 25] [/input-12, 36] [/input-16, 62] [/input-16, 18] [/input-16, 32] [/input-16, 62] 
best_l after optimization: -4038.802490234375
beta sum per layer: [0.0, 0.0, 4246.1767578125, 28886.94140625]
alpha/beta optimization time: 1.7318756580352783
pruning_in_iteration open status: True
ratio of positive domain = 1789 / 8192 = 0.2183837890625
pruning-in-iteration extra time: 0.01837611198425293
torch.Size([8192, 1])
Time: prepare 0.3355    bound 1.7397    transfer 0.1585    finalize 0.4890    func 2.7260    
Accumulated time: func 20.4342    prepare 4.0617    bound 11.7291    transfer 1.1006    finalize 3.9105    
max lb tensor(0.01030207) min lb tensor(-2.31648302)
Number of Verified Splits: 1789 of 8192
Current worst splitting domains lb-rhs (depth):
-3.44850 (9), -3.31177 (10), -3.22201 (9), -3.20831 (10), -3.20398 (10), -3.16946 (10), -3.15823 (10), -3.14874 (10), -3.10772 (10), -3.09797 (11), -3.07958 (10), -3.07841 (10), -3.07496 (10), -3.04975 (9), -3.04851 (10), -3.03896 (10), -3.01775 (10), -2.99656 (11), -2.97260 (11), -2.96220 (11), 
Length of domains: 13607
Current (lb-rhs): -3.448500871658325
53282 domains visited
Time: pickout 1.3294    decision 3.2636    set_bounds 0.7749    solve 2.7453    add 0.1724    
Accumulated time: pickout 10.5110    decision 12.4470    set_bounds 5.5329    solve 20.6218    add 0.7336    
Cumulative time: 51.421828508377075

BaB round 13
batch: 4096
splitting decisions: 
split level 0: [/input-12, 97] [/input-16, 13] [/input-12, 94] [/input-16, 62] [/input-16, 62] [/input-16, 51] [/input-16, 37] [/input-16, 59] [/input-12, 94] [/input-12, 76] 
best_l after optimization: -3223.27587890625
beta sum per layer: [0.0, 0.0, 3571.1142578125, 28349.89453125]
alpha/beta optimization time: 1.6079285144805908
pruning_in_iteration open status: True
ratio of positive domain = 1989 / 8192 = 0.2427978515625
pruning-in-iteration extra time: 0.020635604858398438
torch.Size([8192, 1])
Time: prepare 0.7772    bound 1.6210    transfer 0.1054    finalize 0.3609    func 2.8672    
Accumulated time: func 23.3014    prepare 4.8825    bound 13.3501    transfer 1.2059    finalize 4.2713    
max lb tensor(0.01299644) min lb tensor(-2.16162109)
Number of Verified Splits: 1989 of 8192
Current worst splitting domains lb-rhs (depth):
-3.44850 (9), -3.31177 (10), -3.22201 (9), -3.20831 (10), -3.20398 (10), -3.16946 (10), -3.15823 (10), -3.14874 (10), -3.10772 (10), -3.09797 (11), -3.07958 (10), -3.07841 (10), -3.07496 (10), -3.04975 (9), -3.04851 (10), -3.03896 (10), -3.01775 (10), -2.99656 (11), -2.97260 (11), -2.96220 (11), 
Length of domains: 15714
Current (lb-rhs): -3.448500871658325
61474 domains visited
Time: pickout 2.4726    decision 1.4371    set_bounds 0.4192    solve 4.3696    add 0.2049    
Accumulated time: pickout 12.9835    decision 13.8841    set_bounds 5.9522    solve 24.9914    add 0.9385    
Time out!!!!!!!!
Result: unknown in 66.7118 seconds

 %%%%%%%%%%%%%%%%%%%%%%%%%%%%%%%%%%% idx: 12, vnnlib ID: 12 %%%%%%%%%%%%%%%%%%%%%%%%%%%%%%%%%%%
Finished vnnlib processing in 0.046643 seconds
Attack parameters: initialization=uniform, steps=50, restarts=10, alpha=0.001960787922143936, GAMA=False
PGD attack margin (first 2 examples and 10 specs):
 tensor([[5.65739727, 5.29833221, 2.08491755, 0.39851356, 1.20999241, 0.80530143,
         1.92580009, 5.71035004, 5.28247261]], device='cuda:0')
Total number of violation:  0
Processing batch 1/1...
  0%|          | 0/50 [00:00<?, ?it/s]  2%|▏         | 1/50 [00:00<00:04, 10.14it/s]
pgd early stop
PGD attack margin (first 2 examples and 10 specs):
 tensor([[ 3.62752962,  2.55638719,  0.93906778, -0.41959810, -0.38391614,
         -1.58825457,  0.86153585,  3.35750175,  2.93793440]], device='cuda:0')
Total number of violation:  3
Attack finished in 0.2234 seconds.
PGD attack succeeded!

Checking and Saving Counterexample in check_and_save_cex

verified_status unsafe-pgd
verified_success True
Result: unsafe-pgd in 0.2819 seconds

 %%%%%%%%%%%%%%%%%%%%%%%%%%%%%%%%%%% idx: 13, vnnlib ID: 13 %%%%%%%%%%%%%%%%%%%%%%%%%%%%%%%%%%%
Finished vnnlib processing in 0.022151 seconds
Attack parameters: initialization=uniform, steps=50, restarts=10, alpha=0.001960787922143936, GAMA=False
PGD attack margin (first 2 examples and 10 specs):
 tensor([[5.24656010, 5.01466274, 3.90173459, 3.16657114, 4.35042572, 2.23111200,
         4.25422049, 7.56335545, 4.50942230]], device='cuda:0')
Total number of violation:  0
Processing batch 1/1...
  0%|          | 0/50 [00:00<?, ?it/s]  6%|▌         | 3/50 [00:00<00:01, 27.34it/s] 12%|█▏        | 6/50 [00:00<00:01, 25.68it/s] 20%|██        | 10/50 [00:00<00:01, 28.99it/s] 24%|██▍       | 12/50 [00:00<00:01, 28.81it/s]
pgd early stop
PGD attack margin (first 2 examples and 10 specs):
 tensor([[ 3.45785713e+00,  2.90223837e+00,  1.89779925e+00,  8.18389833e-01,
          3.12799883e+00, -3.76701355e-05,  1.93600345e+00,  5.28219700e+00,
          2.41857314e+00]], device='cuda:0')
Total number of violation:  1
Attack finished in 0.4862 seconds.
PGD attack succeeded!

Checking and Saving Counterexample in check_and_save_cex

verified_status unsafe-pgd
verified_success True
Result: unsafe-pgd in 0.5144 seconds

 %%%%%%%%%%%%%%%%%%%%%%%%%%%%%%%%%%% idx: 14, vnnlib ID: 14 %%%%%%%%%%%%%%%%%%%%%%%%%%%%%%%%%%%
Finished vnnlib processing in 0.016420 seconds
Attack parameters: initialization=uniform, steps=50, restarts=10, alpha=0.001960787922143936, GAMA=False
PGD attack margin (first 2 examples and 10 specs):
 tensor([[4.31064892, 2.11264706, 4.02949858, 3.72845078, 6.39675045, 3.30534792,
         5.41791153, 3.82196236, 4.56182480]], device='cuda:0')
Total number of violation:  0
Processing batch 1/1...
  0%|          | 0/50 [00:00<?, ?it/s] 10%|█         | 5/50 [00:00<00:00, 46.66it/s] 20%|██        | 10/50 [00:00<00:00, 47.17it/s] 30%|███       | 15/50 [00:00<00:00, 46.17it/s] 40%|████      | 20/50 [00:00<00:00, 31.34it/s] 48%|████▊     | 24/50 [00:00<00:00, 28.14it/s] 58%|█████▊    | 29/50 [00:00<00:00, 31.75it/s] 68%|██████▊   | 34/50 [00:00<00:00, 35.87it/s] 78%|███████▊  | 39/50 [00:01<00:00, 39.47it/s] 88%|████████▊ | 44/50 [00:01<00:00, 41.95it/s]100%|██████████| 50/50 [00:01<00:00, 44.85it/s]100%|██████████| 50/50 [00:01<00:00, 39.01it/s]
PGD attack margin (first 2 examples and 10 specs):
 tensor([[2.49917865, 0.58871472, 2.14021206, 2.12226939, 5.00154638, 1.69733644,
         3.48486376, 2.12606573, 2.79701662]], device='cuda:0')
Total number of violation:  0
Attack finished in 1.3499 seconds.
PGD attack failed
verified_status unknown
verified_success False
Model: BoundedModule(
  (/input-1): BoundInput(name=/input-1, inputs=[], perturbed=True)
  (/1): BoundParams(name=/1, inputs=[], perturbed=False)
  (/2): BoundParams(name=/2, inputs=[], perturbed=False)
  (/3): BoundParams(name=/3, inputs=[], perturbed=False)
  (/4): BoundParams(name=/4, inputs=[], perturbed=False)
  (/5): BoundParams(name=/5, inputs=[], perturbed=False)
  (/6): BoundParams(name=/6, inputs=[], perturbed=False)
  (/7): BoundParams(name=/7, inputs=[], perturbed=False)
  (/8): BoundParams(name=/8, inputs=[], perturbed=False)
  (/9): BoundParams(name=/9, inputs=[], perturbed=False)
  (/10): BoundParams(name=/10, inputs=[], perturbed=False)
  (/input): BoundConv(name=/input, inputs=[/input-1, /1, /2], perturbed=True)
  (/input-4): BoundRelu(name=/input-4, inputs=[/input], perturbed=True)
  (/input-8): BoundConv(name=/input-8, inputs=[/input-4, /3, /4], perturbed=True)
  (/14): BoundRelu(name=/14, inputs=[/input-8], perturbed=True)
  (/15): BoundFlatten(name=/15, inputs=[/14], perturbed=True)
  (/input-12): BoundLinear(name=/input-12, inputs=[/15, /5, /6], perturbed=True)
  (/17): BoundRelu(name=/17, inputs=[/input-12], perturbed=True)
  (/input-16): BoundLinear(name=/input-16, inputs=[/17, /7, /8], perturbed=True)
  (/19): BoundRelu(name=/19, inputs=[/input-16], perturbed=True)
  (/20): BoundLinear(name=/20, inputs=[/19, /9, /10], perturbed=True)
)
Original output in the first batch: tensor([[-1.26300645,  0.91014189, -0.99124449, -0.67944014, -3.35895658,
         -0.25251856, -2.39617133, -0.76740307, -1.50914264,  3.00196838]],
       device='cuda:0')
Split layers:
Nonlinear functions:
   BoundRelu(name=/input-4, inputs=[/input], perturbed=True)
   BoundRelu(name=/14, inputs=[/input-8], perturbed=True)
   BoundRelu(name=/17, inputs=[/input-12], perturbed=True)
   BoundRelu(name=/19, inputs=[/input-16], perturbed=True)
build batch [1/1]
layer /input-4 using sparse-features alpha with shape [394]; unstable size 394; total size 1800 ([1, 8, 15, 15])
layer /input-4 start_node /input-8 using sparse-spec alpha [2, 202, 1, 394] with unstable size 201 total_size 576 output_shape (16, 6, 6)
layer /input-4 start_node /input-12 using sparse-spec alpha [2, 83, 1, 394] with unstable size 82 total_size 128 output_shape torch.Size([128])
layer /input-4 start_node /input-16 using full alpha [2, 64, 1, 394] with unstable size 63 total_size 64 output_shape torch.Size([64])
layer /input-4 start_node /20 using full alpha [2, 9, 1, 394] with unstable size None total_size 9 output_shape 9
layer /14 using sparse-features alpha with shape [201]; unstable size 201; total size 576 ([1, 16, 6, 6])
layer /14 start_node /input-12 using sparse-spec alpha [2, 83, 1, 201] with unstable size 82 total_size 128 output_shape torch.Size([128])
layer /14 start_node /input-16 using full alpha [2, 64, 1, 201] with unstable size 63 total_size 64 output_shape torch.Size([64])
layer /14 start_node /20 using full alpha [2, 9, 1, 201] with unstable size None total_size 9 output_shape 9
layer /17 using sparse-features alpha with shape [82]; unstable size 82; total size 128 ([1, 128])
layer /17 start_node /input-16 using full alpha [2, 64, 1, 82] with unstable size 63 total_size 64 output_shape torch.Size([64])
layer /17 start_node /20 using full alpha [2, 9, 1, 82] with unstable size None total_size 9 output_shape 9
layer /19 using full alpha with shape torch.Size([64]); unstable size 63; total size 64 ([1, 64])
layer /19 start_node /20 using full alpha [2, 9, 1, 64] with unstable size None total_size 9 output_shape 9
Optimizable variables initialized.
initial CROWN bounds (first 10 items): [-10.997572898864746, -8.738239288330078, -13.77195930480957, -10.053596496582031, -9.80864429473877, -11.655582427978516, -10.5759859085083, -12.050435066223145, -9.459722518920898]
prune_after_crown optimization in use
  original spec size = torch.Size([1, 9])
  pruned spec size = torch.Size([1, 9])
Using alpha-CROWN to initialize bounds.
best_l after optimization: -51.660430908203125
alpha/beta optimization time: 3.1466891765594482
initial alpha-crown bounds (first 10 items): [-5.834674835205078, -5.708479881286621, -6.795989036560059, -5.26979398727417, -4.200771808624268, -6.574254989624023, -5.385616779327393, -6.812561988830566, -5.078288555145264]
Global lower bound: -6.812561988830566
torch.Size([1, 9])
0 / 9 OR specs are verified.
Verified OR indices (first 10 items): []
Verified OR lbs (first 10 items): []
Unverified OR indices (first 10 items): [0, 1, 2, 3, 4, 5, 6, 7, 8]
Unverified OR lbs (first 10 items): [[-5.834674835205078], [-5.708479881286621], [-6.795989036560059], [-5.26979398727417], [-4.200771808624268], [-6.574254989624023], [-5.385616779327393], [-6.812561988830566], [-5.078288555145264]]
###### Verifying property Instance 14 ######
Batch size: 9
First 10 spec matrices
C: tensor([[[-1.,  0.,  0.,  0.,  0.,  0.,  0.,  0.,  0.,  1.]],

        [[ 0., -1.,  0.,  0.,  0.,  0.,  0.,  0.,  0.,  1.]],

        [[ 0.,  0., -1.,  0.,  0.,  0.,  0.,  0.,  0.,  1.]],

        [[ 0.,  0.,  0., -1.,  0.,  0.,  0.,  0.,  0.,  1.]],

        [[ 0.,  0.,  0.,  0., -1.,  0.,  0.,  0.,  0.,  1.]],

        [[ 0.,  0.,  0.,  0.,  0., -1.,  0.,  0.,  0.,  1.]],

        [[ 0.,  0.,  0.,  0.,  0.,  0., -1.,  0.,  0.,  1.]],

        [[ 0.,  0.,  0.,  0.,  0.,  0.,  0., -1.,  0.,  1.]],

        [[ 0.,  0.,  0.,  0.,  0.,  0.,  0.,  0., -1.,  1.]]], device='cuda:0')
RHS: tensor([[0.],
        [0.],
        [0.],
        [0.],
        [0.],
        [0.],
        [0.],
        [0.],
        [0.]], device='cuda:0')
OR spec sizes: tensor([1, 1, 1, 1, 1, 1, 1, 1, 1], device='cuda:0', dtype=torch.int32)
Remaining timeout: 53.45208501815796
Model prediction is: tensor([-1.26300645,  0.91014189, -0.99124449, -0.67944014, -3.35895658,
        -0.25251856, -2.39617133, -0.76740307, -1.50914264,  3.00196838],
       device='cuda:0')
Activation BaB batch 1/1 
build_with_refined_bounds batch [1/1]
Optimizable variables initialized.
all alpha initialized
directly get lb and ub from refined bounds
c shape: torch.Size([9, 1, 10])
lA shapes: [torch.Size([9, 1, 8, 15, 15]), torch.Size([9, 1, 16, 6, 6]), torch.Size([9, 1, 128]), torch.Size([9, 1, 64])]
torch.Size([9, 1])
(alpha-)CROWN with fixed intermediate bounds: tensor([[-5.83467484],
        [-5.70847988],
        [-6.79598904],
        [-5.26979399],
        [-4.20077181],
        [-6.57425499],
        [-5.38561678],
        [-6.81256199],
        [-5.07828856]], device='cuda:0') tensor([[inf],
        [inf],
        [inf],
        [inf],
        [inf],
        [inf],
        [inf],
        [inf],
        [inf]], device='cuda:0')
Intermediate layers: /input,/input-8,/input-12,/input-16
Keeping alphas for these layers: ['/20']
Node /input-4 input 0: size torch.Size([8, 15, 15]) unstable 394
Node /14 input 0: size torch.Size([16, 6, 6]) unstable 195
Node /17 input 0: size torch.Size([128]) unstable 75
Node /19 input 0: size torch.Size([64]) unstable 63
-----------------
# of unstable neurons: 727
-----------------

BaB round 1
batch: 9
splitting decisions: 
split level 0: [/input-16, 38] [/input-16, 47] [/input-16, 20] [/input-16, 49] [/input-16, 61] [/input-16, 20] [/input-16, 20] [/input-16, 56] [/input-16, 61] 
split level 1: [/input-16, 61] [/input-16, 56] [/input-16, 41] [/input-16, 25] [/input-16, 7] [/input-16, 11] [/input-16, 34] [/input-16, 30] [/input-16, 56] 
split level 2: [/input-16, 34] [/input-16, 5] [/input-16, 39] [/input-16, 61] [/input-16, 20] [/input-16, 49] [/input-16, 61] [/input-16, 20] [/input-16, 7] 
split level 3: [/input-16, 55] [/input-16, 59] [/input-16, 61] [/input-16, 44] [/input-16, 11] [/input-16, 24] [/input-16, 55] [/input-16, 49] [/input-16, 62] 
best_l after optimization: -557.6829833984375
beta sum per layer: [0.0, 0.0, 0.0, 60.51918411254883]
alpha/beta optimization time: 1.0123093128204346
pruning_in_iteration open status: False
ratio of positive domain = 0 / 144 = 0.0
pruning-in-iteration extra time: 0.0017862319946289062
torch.Size([144, 1])
Time: prepare 0.0090    bound 1.0185    transfer 0.0156    finalize 0.0436    func 1.0874    
Accumulated time: func 1.0874    prepare 0.0400    bound 1.0185    transfer 0.0156    finalize 0.0436    
max lb tensor(-1.99527454) min lb tensor(-5.55008602)
Number of Verified Splits: 0 of 144
Current worst splitting domains lb-rhs (depth):
-5.55009 (4), -5.46220 (4), -5.42239 (4), -5.29151 (4), -5.28685 (4), -5.28431 (4), -5.23518 (4), -5.21862 (4), -5.20386 (4), -5.19054 (4), -5.18563 (4), -5.12518 (4), -5.12333 (4), -5.11236 (4), -4.95526 (4), -4.94909 (4), -4.94306 (4), -4.92302 (4), -4.91118 (4), -4.88030 (4), 
Length of domains: 144
Current (lb-rhs): -5.55008602142334
144 domains visited
Time: pickout 0.0149    decision 0.3284    set_bounds 0.0138    solve 1.0943    add 0.0293    
Accumulated time: pickout 0.0149    decision 0.3284    set_bounds 0.0138    solve 1.0943    add 0.0293    
Cumulative time: 1.6584796905517578

BaB round 2
batch: 144
splitting decisions: 
split level 0: [/input-16, 11] [/input-16, 60] [/input-16, 7] [/input-16, 11] [/input-16, 24] [/input-16, 44] [/input-16, 49] [/input-16, 7] [/input-16, 44] [/input-16, 11] 
best_l after optimization: -994.0773315429688
beta sum per layer: [0.0, 0.0, 0.4109644293785095, 180.57232666015625]
alpha/beta optimization time: 0.42070746421813965
pruning_in_iteration open status: False
ratio of positive domain = 0 / 288 = 0.0
pruning-in-iteration extra time: 0.00012755393981933594
torch.Size([288, 1])
Time: prepare 0.0134    bound 0.4226    transfer 0.0107    finalize 0.0243    func 0.4712    
Accumulated time: func 1.5585    prepare 0.0795    bound 1.4411    transfer 0.0263    finalize 0.0679    
max lb tensor(-1.02475166) min lb tensor(-5.14099407)
Number of Verified Splits: 0 of 288
Current worst splitting domains lb-rhs (depth):
-5.14099 (5), -5.08066 (5), -5.07322 (5), -5.02886 (5), -4.98182 (5), -4.96014 (5), -4.94971 (5), -4.92408 (5), -4.90906 (5), -4.90482 (5), -4.85686 (5), -4.85008 (5), -4.84803 (5), -4.81819 (5), -4.81526 (5), -4.80728 (5), -4.80520 (5), -4.80001 (5), -4.79613 (5), -4.77799 (5), 
Length of domains: 288
Current (lb-rhs): -5.140994071960449
432 domains visited
Time: pickout 0.0926    decision 0.3334    set_bounds 0.0150    solve 0.4721    add 0.0136    
Accumulated time: pickout 0.1075    decision 0.6617    set_bounds 0.0288    solve 1.5664    add 0.0429    
Cumulative time: 2.586162567138672

BaB round 3
batch: 288
splitting decisions: 
split level 0: [/input-16, 41] [/input-16, 37] [/input-16, 56] [/input-16, 7] [/input-16, 30] [/input-16, 7] [/input-16, 47] [/input-16, 41] [/input-16, 39] [/input-16, 41] 
best_l after optimization: -1767.9306640625
beta sum per layer: [0.0, 0.0, 3.4236977100372314, 509.88531494140625]
alpha/beta optimization time: 0.3700902462005615
pruning_in_iteration open status: False
ratio of positive domain = 0 / 576 = 0.0
pruning-in-iteration extra time: 0.0007071495056152344
torch.Size([576, 1])
Time: prepare 0.0313    bound 0.3729    transfer 0.0264    finalize 0.0518    func 0.4828    
Accumulated time: func 2.0413    prepare 0.1267    bound 1.8141    transfer 0.0527    finalize 0.1197    
max lb tensor(-0.27820587) min lb tensor(-4.77597237)
Number of Verified Splits: 0 of 576
Current worst splitting domains lb-rhs (depth):
-4.77597 (6), -4.76583 (6), -4.75752 (6), -4.74009 (6), -4.68831 (6), -4.64080 (6), -4.62963 (6), -4.62445 (6), -4.61685 (6), -4.59555 (6), -4.59248 (6), -4.57256 (6), -4.57176 (6), -4.55444 (6), -4.55304 (6), -4.54810 (6), -4.54354 (6), -4.53964 (6), -4.52897 (6), -4.51732 (6), 
Length of domains: 576
Current (lb-rhs): -4.775972366333008
1008 domains visited
Time: pickout 0.1874    decision 0.1942    set_bounds 0.0299    solve 0.4878    add 0.0277    
Accumulated time: pickout 0.2948    decision 0.8559    set_bounds 0.0586    solve 2.0542    add 0.0706    
Cumulative time: 3.516352653503418

BaB round 4
batch: 576
splitting decisions: 
split level 0: [/input-16, 17] [/input-12, 99] [/input-16, 17] [/input-16, 20] [/input-16, 8] [/input-16, 30] [/input-16, 60] [/input-16, 61] [/input-12, 47] [/input-16, 27] 
best_l after optimization: -3088.90869140625
beta sum per layer: [0.0, 0.0, 23.18301773071289, 1401.9346923828125]
alpha/beta optimization time: 0.5044798851013184
pruning_in_iteration open status: False
ratio of positive domain = 13 / 1152 = 0.01128472222222221
pruning-in-iteration extra time: 0.0002841949462890625
torch.Size([1152, 1])
Time: prepare 0.0340    bound 0.5073    transfer 0.0491    finalize 0.1055    func 0.6966    
Accumulated time: func 2.7378    prepare 0.1714    bound 2.3214    transfer 0.1017    finalize 0.2251    
max lb tensor(0.09624004) min lb tensor(-4.52556229)
Number of Verified Splits: 13 of 1152
Current worst splitting domains lb-rhs (depth):
-4.52556 (7), -4.45360 (7), -4.43543 (7), -4.39966 (7), -4.39800 (7), -4.37979 (7), -4.37889 (7), -4.35174 (7), -4.32127 (7), -4.30702 (7), -4.30316 (7), -4.28970 (7), -4.27163 (7), -4.26168 (7), -4.26158 (7), -4.26048 (7), -4.25712 (7), -4.24624 (7), -4.23766 (7), -4.22095 (7), 
Length of domains: 1139
Current (lb-rhs): -4.525562286376953
2160 domains visited
Time: pickout 0.1716    decision 0.1980    set_bounds 0.0416    solve 0.7082    add 0.0560    
Accumulated time: pickout 0.4665    decision 1.0539    set_bounds 0.1002    solve 2.7624    add 0.1266    
Cumulative time: 4.705870628356934

BaB round 5
batch: 1139
splitting decisions: 
split level 0: [/input-16, 7] [/input-16, 32] [/input-16, 11] [/input-16, 37] [/input-16, 60] [/input-16, 62] [/input-16, 11] [/input-16, 59] [/input-16, 4] [/input-16, 17] 
best_l after optimization: -5350.91650390625
beta sum per layer: [0.0, 0.0, 98.32323455810547, 3426.928955078125]
alpha/beta optimization time: 0.6395490169525146
pruning_in_iteration open status: False
ratio of positive domain = 39 / 2278 = 0.017120280948200173
pruning-in-iteration extra time: 0.0002639293670654297
torch.Size([2278, 1])
Time: prepare 0.0666    bound 0.6426    transfer 0.0649    finalize 0.1587    func 0.9341    
Accumulated time: func 3.6720    prepare 0.2546    bound 2.9639    transfer 0.1666    finalize 0.3839    
max lb tensor(0.35046625) min lb tensor(-4.24390793)
Number of Verified Splits: 39 of 2278
Current worst splitting domains lb-rhs (depth):
-4.24391 (8), -4.19350 (8), -4.18782 (8), -4.15069 (8), -4.12298 (8), -4.11423 (8), -4.10797 (8), -4.10778 (8), -4.09799 (8), -4.09248 (8), -4.08999 (8), -4.08889 (8), -4.06840 (8), -4.06558 (8), -4.04841 (8), -4.03431 (8), -4.03257 (8), -4.02445 (8), -4.02296 (8), -4.01940 (8), 
Length of domains: 2239
Current (lb-rhs): -4.243907928466797
4438 domains visited
Time: pickout 0.3036    decision 0.3713    set_bounds 0.0750    solve 0.9430    add 0.0603    
Accumulated time: pickout 0.7701    decision 1.4253    set_bounds 0.1752    solve 3.7054    add 0.1868    
Cumulative time: 6.485832691192627

BaB round 6
batch: 2048
splitting decisions: 
split level 0: [/input-16, 24] [/input-16, 31] [/input-16, 62] [/input-16, 49] [/input-16, 8] [/input-16, 4] [/input-16, 7] [/input-16, 37] [/input-16, 34] [/input-16, 24] 
best_l after optimization: -8356.4736328125
beta sum per layer: [0.0, 0.0, 270.86865234375, 7238.4345703125]
alpha/beta optimization time: 0.9959347248077393
pruning_in_iteration open status: False
ratio of positive domain = 63 / 4096 = 0.015380859375
pruning-in-iteration extra time: 0.00026917457580566406
torch.Size([4096, 1])
Time: prepare 0.1937    bound 1.0019    transfer 0.0789    finalize 0.2260    func 1.5030    
Accumulated time: func 5.1750    prepare 0.4805    bound 3.9658    transfer 0.2455    finalize 0.6099    
max lb tensor(0.48816490) min lb tensor(-3.95434952)
Number of Verified Splits: 64 of 4096
Current worst splitting domains lb-rhs (depth):
-3.95435 (9), -3.95357 (9), -3.94314 (9), -3.93472 (8), -3.91773 (9), -3.91184 (8), -3.90475 (9), -3.89601 (8), -3.89522 (8), -3.88555 (9), -3.88039 (9), -3.87061 (8), -3.86995 (9), -3.85859 (9), -3.84787 (9), -3.84706 (9), -3.83143 (9), -3.83062 (9), -3.83032 (9), -3.82613 (9), 
Length of domains: 4223
Current (lb-rhs): -3.9543495178222656
8534 domains visited
Time: pickout 0.5623    decision 0.8182    set_bounds 1.8275    solve 1.5136    add 0.1162    
Accumulated time: pickout 1.3323    decision 2.2435    set_bounds 2.0028    solve 5.2190    add 0.3030    
current_vram/total_varm: 2.4GB/8.6GB, batch_size increase to 4096
Cumulative time: 11.369810104370117

BaB round 7
batch: 4096
splitting decisions: 
split level 0: [/input-16, 7] [/input-12, 47] [/input-16, 34] [/input-16, 24] [/input-16, 8] [/input-16, 56] [/input-16, 56] [/input-12, 36] [/input-16, 39] [/input-16, 17] 
best_l after optimization: -14060.490234375
beta sum per layer: [0.0, 0.0, 851.0450439453125, 17689.638671875]
alpha/beta optimization time: 1.722937822341919
pruning_in_iteration open status: False
ratio of positive domain = 443 / 8192 = 0.0540771484375
pruning-in-iteration extra time: 0.0004963874816894531
torch.Size([8192, 1])
Time: prepare 0.3086    bound 1.7327    transfer 0.1684    finalize 0.4495    func 2.6628    
Accumulated time: func 7.8378    prepare 0.8393    bound 5.6985    transfer 0.4140    finalize 1.0594    
max lb tensor(0.49193954) min lb tensor(-3.74130535)
Number of Verified Splits: 443 of 8192
Current worst splitting domains lb-rhs (depth):
-3.91184 (8), -3.89601 (8), -3.89522 (8), -3.87061 (8), -3.82092 (8), -3.78536 (8), -3.74131 (10), -3.73138 (10), -3.71218 (10), -3.69950 (10), -3.69887 (10), -3.69567 (9), -3.69158 (8), -3.68568 (8), -3.68523 (8), -3.68480 (10), -3.66063 (10), -3.65950 (10), -3.65944 (10), -3.65454 (9), 
Length of domains: 7876
Current (lb-rhs): -3.911839485168457
16726 domains visited
Time: pickout 1.3506    decision 2.4249    set_bounds 0.4868    solve 2.6786    add 0.1703    
Accumulated time: pickout 2.6830    decision 4.6683    set_bounds 2.4896    solve 7.8976    add 0.4732    
Cumulative time: 18.60004210472107

BaB round 8
batch: 4096
splitting decisions: 
split level 0: [/input-12, 80] [/input-16, 8] [/input-16, 31] [/input-12, 69] [/input-12, 47] [/input-16, 48] [/input-12, 11] [/input-16, 32] [/input-16, 27] [/input-16, 48] 
best_l after optimization: -11812.6650390625
beta sum per layer: [0.0, 0.0, 849.2080078125, 21224.265625]
alpha/beta optimization time: 1.5354790687561035
pruning_in_iteration open status: False
ratio of positive domain = 531 / 8192 = 0.0648193359375
pruning-in-iteration extra time: 0.0002243518829345703
torch.Size([8192, 1])
Time: prepare 0.3580    bound 1.5440    transfer 0.1014    finalize 0.5119    func 2.5187    
Accumulated time: func 10.3565    prepare 1.2356    bound 7.2425    transfer 0.5154    finalize 1.5713    
max lb tensor(0.49612045) min lb tensor(-3.48418570)
Number of Verified Splits: 531 of 8192
Current worst splitting domains lb-rhs (depth):
-3.91184 (8), -3.89601 (8), -3.89522 (8), -3.87061 (8), -3.82092 (8), -3.78536 (8), -3.74131 (10), -3.73138 (10), -3.69950 (10), -3.69887 (10), -3.69158 (8), -3.68568 (8), -3.68523 (8), -3.68480 (10), -3.65944 (10), -3.65454 (9), -3.64172 (8), -3.62802 (10), -3.62496 (8), -3.62302 (8), 
Length of domains: 11441
Current (lb-rhs): -3.911839485168457
24918 domains visited
Time: pickout 3.1959    decision 1.4931    set_bounds 0.7329    solve 3.3775    add 0.4483    
Accumulated time: pickout 5.8789    decision 6.1614    set_bounds 3.2225    solve 11.2751    add 0.9215    
Cumulative time: 28.05594229698181

BaB round 9
batch: 4096
splitting decisions: 
split level 0: [/input-16, 17] [/input-16, 32] [/input-16, 37] [/input-16, 27] [/input-16, 19] [/input-16, 37] [/input-16, 11] [/input-16, 40] [/input-16, 11] [/input-16, 13] 
best_l after optimization: -9629.677734375
beta sum per layer: [0.0, 0.0, 737.0411987304688, 24741.9375]
alpha/beta optimization time: 1.68021821975708
pruning_in_iteration open status: False
ratio of positive domain = 1043 / 8192 = 0.1273193359375
pruning-in-iteration extra time: 0.00045418739318847656
torch.Size([8192, 1])
Time: prepare 0.6241    bound 1.6896    transfer 0.1136    finalize 0.5393    func 2.9702    
Accumulated time: func 13.3267    prepare 1.8974    bound 8.9321    transfer 0.6290    finalize 2.1105    
max lb tensor(0.59645128) min lb tensor(-3.27477121)
Number of Verified Splits: 1047 of 8192
Current worst splitting domains lb-rhs (depth):
-3.91184 (8), -3.89601 (8), -3.89522 (8), -3.87061 (8), -3.82092 (8), -3.78536 (8), -3.74131 (10), -3.73138 (10), -3.69950 (10), -3.69887 (10), -3.69158 (8), -3.68568 (8), -3.68523 (8), -3.68480 (10), -3.65944 (10), -3.65454 (9), -3.64172 (8), -3.62802 (10), -3.62496 (8), -3.62302 (8), 
Length of domains: 14490
Current (lb-rhs): -3.911839485168457
33110 domains visited
Time: pickout 1.4429    decision 0.9602    set_bounds 1.5338    solve 2.9941    add 0.1979    
Accumulated time: pickout 7.3218    decision 7.1217    set_bounds 4.7563    solve 14.2692    add 1.1194    
Cumulative time: 35.35550236701965

BaB round 10
batch: 4096
splitting decisions: 
split level 0: [/input-16, 39] [/input-12, 87] [/input-12, 69] [/input-16, 8] [/input-16, 51] [/input-16, 40] [/input-16, 4] [/input-16, 39] [/input-16, 19] [/input-12, 69] 
best_l after optimization: -8355.322265625
beta sum per layer: [0.0, 0.0, 581.4266357421875, 27084.802734375]
alpha/beta optimization time: 1.7355678081512451
pruning_in_iteration open status: False
ratio of positive domain = 1359 / 8192 = 0.1658935546875
pruning-in-iteration extra time: 0.0003807544708251953
torch.Size([8192, 1])
Time: prepare 0.2825    bound 1.7446    transfer 0.1261    finalize 0.4449    func 2.6013    
Accumulated time: func 15.9280    prepare 2.2294    bound 10.6766    transfer 0.7551    finalize 2.5554    
max lb tensor(0.80373907) min lb tensor(-3.08223581)
Number of Verified Splits: 1366 of 8192
Current worst splitting domains lb-rhs (depth):
-3.91184 (8), -3.89601 (8), -3.89522 (8), -3.87061 (8), -3.82092 (8), -3.78536 (8), -3.74131 (10), -3.73138 (10), -3.69950 (10), -3.69887 (10), -3.69158 (8), -3.68568 (8), -3.68523 (8), -3.68480 (10), -3.65944 (10), -3.65454 (9), -3.64172 (8), -3.62802 (10), -3.62496 (8), -3.62302 (8), 
Length of domains: 17220
Current (lb-rhs): -3.911839485168457
41302 domains visited
Time: pickout 1.5633    decision 3.3900    set_bounds 0.6362    solve 2.6164    add 0.4316    
Accumulated time: pickout 8.8851    decision 10.5116    set_bounds 5.3925    solve 16.8856    add 1.5510    
Cumulative time: 44.17094659805298

BaB round 11
batch: 4096
splitting decisions: 
split level 0: [/input-16, 51] [/input-16, 40] [/input-16, 4] [/input-16, 40] [/input-16, 37] [/input-16, 19] [/input-12, 69] [/input-16, 5] [/input-16, 44] [/input-16, 40] 
best_l after optimization: -7426.19091796875
beta sum per layer: [0.0, 0.0, 519.176025390625, 29107.88671875]
alpha/beta optimization time: 1.6132872104644775
pruning_in_iteration open status: False
ratio of positive domain = 1101 / 8192 = 0.1343994140625
pruning-in-iteration extra time: 0.0002319812774658203
torch.Size([8192, 1])
Time: prepare 0.3241    bound 1.6199    transfer 0.1353    finalize 0.5486    func 2.6308    
Accumulated time: func 18.5588    prepare 2.6095    bound 12.2965    transfer 0.8905    finalize 3.1040    
max lb tensor(0.95324802) min lb tensor(-2.83965492)
Number of Verified Splits: 1105 of 8192
Current worst splitting domains lb-rhs (depth):
-3.91184 (8), -3.89601 (8), -3.89522 (8), -3.87061 (8), -3.82092 (8), -3.78536 (8), -3.74131 (10), -3.73138 (10), -3.69950 (10), -3.69887 (10), -3.69158 (8), -3.68568 (8), -3.68523 (8), -3.68480 (10), -3.65944 (10), -3.65454 (9), -3.64172 (8), -3.62802 (10), -3.62496 (8), -3.62302 (8), 
Length of domains: 20211
Current (lb-rhs): -3.911839485168457
49494 domains visited
Time: pickout 1.6488    decision 3.7913    set_bounds 0.5487    solve 2.6487    add 0.1784    
Accumulated time: pickout 10.5338    decision 14.3029    set_bounds 5.9412    solve 19.5343    add 1.7294    
Cumulative time: 53.157612800598145

BaB round 12
batch: 4096
splitting decisions: 
split level 0: [/input-12, 47] [/input-16, 24] [/input-16, 18] [/input-16, 51] [/input-16, 24] [/input-16, 19] [/input-12, 80] [/input-16, 25] [/input-16, 8] [/input-16, 4] 
best_l after optimization: -6032.1201171875
beta sum per layer: [0.0, 0.0, 511.350830078125, 31148.470703125]
alpha/beta optimization time: 1.4940834045410156
pruning_in_iteration open status: False
ratio of positive domain = 905 / 8192 = 0.1104736328125
pruning-in-iteration extra time: 0.00025725364685058594
torch.Size([8192, 1])
Time: prepare 0.2999    bound 1.4977    transfer 0.1263    finalize 0.4751    func 2.4016    
Accumulated time: func 20.9604    prepare 2.9735    bound 13.7942    transfer 1.0168    finalize 3.5791    
max lb tensor(1.35898972) min lb tensor(-2.64109564)
Number of Verified Splits: 912 of 8192
Current worst splitting domains lb-rhs (depth):
-3.91184 (8), -3.89601 (8), -3.89522 (8), -3.87061 (8), -3.82092 (8), -3.78536 (8), -3.74131 (10), -3.73138 (10), -3.69950 (10), -3.69887 (10), -3.69158 (8), -3.68568 (8), -3.68523 (8), -3.68480 (10), -3.65944 (10), -3.65454 (9), -3.64172 (8), -3.62802 (10), -3.62496 (8), -3.62302 (8), 
Length of domains: 23395
Current (lb-rhs): -3.911839485168457
57686 domains visited
Time: pickout 1.7338    decision 3.1064    set_bounds 0.4463    solve 2.4203    add 0.1458    
Accumulated time: pickout 12.2677    decision 17.4093    set_bounds 6.3874    solve 21.9545    add 1.8752    
Time out!!!!!!!!
Result: unknown in 68.0355 seconds

 %%%%%%%%%%%%%%%%%%%%%%%%%%%%%%%%%%% idx: 15, vnnlib ID: 15 %%%%%%%%%%%%%%%%%%%%%%%%%%%%%%%%%%%
Finished vnnlib processing in 0.010175 seconds
Attack parameters: initialization=uniform, steps=50, restarts=10, alpha=0.001960787922143936, GAMA=False
PGD attack margin (first 2 examples and 10 specs):
 tensor([[1.82357693, 3.47412968, 1.23270416, 0.33529094, 0.60922146, 0.44045919,
         0.51491135, 2.44827485, 4.08937740]], device='cuda:0')
Total number of violation:  0
Processing batch 1/1...
  0%|          | 0/50 [00:00<?, ?it/s]  2%|▏         | 1/50 [00:00<00:01, 47.54it/s]
pgd early stop
PGD attack margin (first 2 examples and 10 specs):
 tensor([[ 0.23272935,  1.38031840, -0.59497917, -1.53496099, -2.35092497,
         -1.68255198, -1.73375869, -0.41142482,  2.07444882]], device='cuda:0')
Total number of violation:  6
Attack finished in 0.0442 seconds.
PGD attack succeeded!

Checking and Saving Counterexample in check_and_save_cex

verified_status unsafe-pgd
verified_success True
Result: unsafe-pgd in 0.0578 seconds

 %%%%%%%%%%%%%%%%%%%%%%%%%%%%%%%%%%% idx: 16, vnnlib ID: 16 %%%%%%%%%%%%%%%%%%%%%%%%%%%%%%%%%%%
Finished vnnlib processing in 0.005426 seconds
Attack parameters: initialization=uniform, steps=50, restarts=10, alpha=0.001960787922143936, GAMA=False
PGD attack margin (first 2 examples and 10 specs):
 tensor([[ 4.64000225,  3.66239214,  2.48250103, -0.05892849,  4.37504673,
          2.55683112,  2.39427733,  3.90433931,  3.07498646]], device='cuda:0')
Total number of violation:  1
Clean input adversarial, attack skipped.

Checking and Saving Counterexample in check_and_save_cex

verified_status unsafe-pgd
verified_success True
Result: unsafe-pgd in 0.0112 seconds

 %%%%%%%%%%%%%%%%%%%%%%%%%%%%%%%%%%% idx: 17, vnnlib ID: 17 %%%%%%%%%%%%%%%%%%%%%%%%%%%%%%%%%%%
Finished vnnlib processing in 0.005023 seconds
Attack parameters: initialization=uniform, steps=50, restarts=10, alpha=0.001960787922143936, GAMA=False
PGD attack margin (first 2 examples and 10 specs):
 tensor([[ 2.49642968,  3.72159052,  1.92575300, -0.10664874,  1.59386504,
          0.83078301,  2.29074430,  2.68670845,  0.39354414]], device='cuda:0')
Total number of violation:  1
Clean input adversarial, attack skipped.

Checking and Saving Counterexample in check_and_save_cex

verified_status unsafe-pgd
verified_success True
Result: unsafe-pgd in 0.0113 seconds

 %%%%%%%%%%%%%%%%%%%%%%%%%%%%%%%%%%% idx: 18, vnnlib ID: 18 %%%%%%%%%%%%%%%%%%%%%%%%%%%%%%%%%%%
Finished vnnlib processing in 0.004793 seconds
Attack parameters: initialization=uniform, steps=50, restarts=10, alpha=0.001960787922143936, GAMA=False
PGD attack margin (first 2 examples and 10 specs):
 tensor([[2.72066045, 2.64162159, 5.90630341, 6.42486334, 6.06209993, 7.58031797,
         7.84744215, 8.11094093, 3.02728558]], device='cuda:0')
Total number of violation:  0
Processing batch 1/1...
  0%|          | 0/50 [00:00<?, ?it/s] 34%|███▍      | 17/50 [00:00<00:00, 163.18it/s]100%|██████████| 50/50 [-00:00<00:00, -675.61it/s]
PGD attack margin (first 2 examples and 10 specs):
 tensor([[0.95715880, 0.25660682, 4.14785385, 4.50172043, 3.86635780, 5.51511192,
         4.95507240, 5.33245707, 0.56155872]], device='cuda:0')
Total number of violation:  0
Attack finished in -0.0343 seconds.
PGD attack failed
verified_status unknown
verified_success False
Model: BoundedModule(
  (/input-1): BoundInput(name=/input-1, inputs=[], perturbed=True)
  (/1): BoundParams(name=/1, inputs=[], perturbed=False)
  (/2): BoundParams(name=/2, inputs=[], perturbed=False)
  (/3): BoundParams(name=/3, inputs=[], perturbed=False)
  (/4): BoundParams(name=/4, inputs=[], perturbed=False)
  (/5): BoundParams(name=/5, inputs=[], perturbed=False)
  (/6): BoundParams(name=/6, inputs=[], perturbed=False)
  (/7): BoundParams(name=/7, inputs=[], perturbed=False)
  (/8): BoundParams(name=/8, inputs=[], perturbed=False)
  (/9): BoundParams(name=/9, inputs=[], perturbed=False)
  (/10): BoundParams(name=/10, inputs=[], perturbed=False)
  (/input): BoundConv(name=/input, inputs=[/input-1, /1, /2], perturbed=True)
  (/input-4): BoundRelu(name=/input-4, inputs=[/input], perturbed=True)
  (/input-8): BoundConv(name=/input-8, inputs=[/input-4, /3, /4], perturbed=True)
  (/14): BoundRelu(name=/14, inputs=[/input-8], perturbed=True)
  (/15): BoundFlatten(name=/15, inputs=[/14], perturbed=True)
  (/input-12): BoundLinear(name=/input-12, inputs=[/15, /5, /6], perturbed=True)
  (/17): BoundRelu(name=/17, inputs=[/input-12], perturbed=True)
  (/input-16): BoundLinear(name=/input-16, inputs=[/17, /7, /8], perturbed=True)
  (/19): BoundRelu(name=/19, inputs=[/input-16], perturbed=True)
  (/20): BoundLinear(name=/20, inputs=[/19, /9, /10], perturbed=True)
)
Original output in the first batch: tensor([[ 1.43520713,  1.48655045, -1.74620104, -2.26743221, -1.90456378,
         -3.41946054, -3.71021104, -3.94117570,  4.16471195,  1.10035217]],
       device='cuda:0')
Split layers:
Nonlinear functions:
   BoundRelu(name=/input-4, inputs=[/input], perturbed=True)
   BoundRelu(name=/14, inputs=[/input-8], perturbed=True)
   BoundRelu(name=/17, inputs=[/input-12], perturbed=True)
   BoundRelu(name=/19, inputs=[/input-16], perturbed=True)
build batch [1/1]
layer /input-4 using sparse-features alpha with shape [396]; unstable size 396; total size 1800 ([1, 8, 15, 15])
layer /input-4 start_node /input-8 using sparse-spec alpha [2, 184, 1, 396] with unstable size 183 total_size 576 output_shape (16, 6, 6)
layer /input-4 start_node /input-12 using sparse-spec alpha [2, 70, 1, 396] with unstable size 69 total_size 128 output_shape torch.Size([128])
layer /input-4 start_node /input-16 using sparse-spec alpha [2, 55, 1, 396] with unstable size 54 total_size 64 output_shape torch.Size([64])
layer /input-4 start_node /20 using full alpha [2, 9, 1, 396] with unstable size None total_size 9 output_shape 9
layer /14 using sparse-features alpha with shape [183]; unstable size 183; total size 576 ([1, 16, 6, 6])
layer /14 start_node /input-12 using sparse-spec alpha [2, 70, 1, 183] with unstable size 69 total_size 128 output_shape torch.Size([128])
layer /14 start_node /input-16 using sparse-spec alpha [2, 55, 1, 183] with unstable size 54 total_size 64 output_shape torch.Size([64])
layer /14 start_node /20 using full alpha [2, 9, 1, 183] with unstable size None total_size 9 output_shape 9
layer /17 using sparse-features alpha with shape [69]; unstable size 69; total size 128 ([1, 128])
layer /17 start_node /input-16 using sparse-spec alpha [2, 55, 1, 69] with unstable size 54 total_size 64 output_shape torch.Size([64])
layer /17 start_node /20 using full alpha [2, 9, 1, 69] with unstable size None total_size 9 output_shape 9
layer /19 using sparse-features alpha with shape [54]; unstable size 54; total size 64 ([1, 64])
layer /19 start_node /20 using full alpha [2, 9, 1, 54] with unstable size None total_size 9 output_shape 9
Optimizable variables initialized.
initial CROWN bounds (first 10 items): [-8.4266996383667, -11.094280242919922, -5.969399452209473, -6.0023040771484375, -5.489459037780762, -4.315854549407959, -6.763211250305176, -7.148492813110352, -12.877883911132812]
prune_after_crown optimization in use
  original spec size = torch.Size([1, 9])
  pruned spec size = torch.Size([1, 9])
Using alpha-CROWN to initialize bounds.
best_l after optimization: -22.735137939453125
alpha/beta optimization time: 2.5596930980682373
initial alpha-crown bounds (first 10 items): [-4.423183441162109, -5.538486480712891, -1.4281821250915527, -1.1223156452178955, -1.3440437316894531, 0.17098641395568848, -1.1568889617919922, -1.8693714141845703, -6.023653507232666]
Global lower bound: -6.023653507232666
torch.Size([1, 9])
1 / 9 OR specs are verified.
Verified OR indices (first 10 items): [5]
Verified OR lbs (first 10 items): [[0.17098641395568848]]
Unverified OR indices (first 10 items): [0, 1, 2, 3, 4, 6, 7, 8]
Unverified OR lbs (first 10 items): [[-4.423183441162109], [-5.538486480712891], [-1.4281821250915527], [-1.1223156452178955], [-1.3440437316894531], [-1.1568889617919922], [-1.8693714141845703], [-6.023653507232666]]
###### Verifying property Instance 18 ######
Batch size: 8
First 10 spec matrices
C: tensor([[[-1.,  0.,  0.,  0.,  0.,  0.,  0.,  0.,  1.,  0.]],

        [[ 0., -1.,  0.,  0.,  0.,  0.,  0.,  0.,  1.,  0.]],

        [[ 0.,  0., -1.,  0.,  0.,  0.,  0.,  0.,  1.,  0.]],

        [[ 0.,  0.,  0., -1.,  0.,  0.,  0.,  0.,  1.,  0.]],

        [[ 0.,  0.,  0.,  0., -1.,  0.,  0.,  0.,  1.,  0.]],

        [[ 0.,  0.,  0.,  0.,  0.,  0., -1.,  0.,  1.,  0.]],

        [[ 0.,  0.,  0.,  0.,  0.,  0.,  0., -1.,  1.,  0.]],

        [[ 0.,  0.,  0.,  0.,  0.,  0.,  0.,  0.,  1., -1.]]], device='cuda:0')
RHS: tensor([[0.],
        [0.],
        [0.],
        [0.],
        [0.],
        [0.],
        [0.],
        [0.]], device='cuda:0')
OR spec sizes: tensor([1, 1, 1, 1, 1, 1, 1, 1], device='cuda:0', dtype=torch.int32)
Remaining timeout: 56.07252526283264
Model prediction is: tensor([ 1.43520713,  1.48655045, -1.74620104, -2.26743221, -1.90456378,
        -3.41946054, -3.71021104, -3.94117570,  4.16471195,  1.10035217],
       device='cuda:0')
Activation BaB batch 1/1 
build_with_refined_bounds batch [1/1]
Optimizable variables initialized.
all alpha initialized
directly get lb and ub from refined bounds
c shape: torch.Size([8, 1, 10])
lA shapes: [torch.Size([8, 1, 8, 15, 15]), torch.Size([8, 1, 16, 6, 6]), torch.Size([8, 1, 128]), torch.Size([8, 1, 64])]
torch.Size([8, 1])
(alpha-)CROWN with fixed intermediate bounds: tensor([[-4.42318344],
        [-5.53848648],
        [-1.42818213],
        [-1.12231565],
        [-1.34404373],
        [-1.15688896],
        [-1.86937141],
        [-6.02365351]], device='cuda:0') tensor([[inf],
        [inf],
        [inf],
        [inf],
        [inf],
        [inf],
        [inf],
        [inf]], device='cuda:0')
Intermediate layers: /input,/input-8,/input-12,/input-16
Keeping alphas for these layers: ['/20']
Node /input-4 input 0: size torch.Size([8, 15, 15]) unstable 396
Node /14 input 0: size torch.Size([16, 6, 6]) unstable 179
Node /17 input 0: size torch.Size([128]) unstable 68
Node /19 input 0: size torch.Size([64]) unstable 51
-----------------
# of unstable neurons: 694
-----------------

BaB round 1
batch: 8
splitting decisions: 
split level 0: [/input-16, 50] [/input-16, 32] [/input-16, 50] [/input-16, 25] [/input-16, 32] [/input-16, 47] [/input-16, 32] [/input-16, 50] 
split level 1: [/input-16, 63] [/input-16, 47] [/input-16, 32] [/input-16, 14] [/input-16, 25] [/input-16, 25] [/input-16, 63] [/input-16, 63] 
split level 2: [/input-16, 13] [/input-16, 43] [/input-16, 43] [/input-16, 43] [/input-16, 41] [/input-16, 33] [/input-16, 14] [/input-16, 14] 
split level 3: [/input-16, 51] [/input-16, 42] [/input-16, 51] [/input-16, 50] [/input-16, 21] [/input-16, 50] [/input-16, 43] [/input-16, 43] 
best_l after optimization: -188.40133666992188
beta sum per layer: [0.0, 0.0, 0.0, 45.091880798339844]
alpha/beta optimization time: 0.6963629722595215
pruning_in_iteration open status: True
ratio of positive domain = 49 / 128 = 0.3828125
pruning-in-iteration extra time: 0.03283047676086426
torch.Size([128, 1])
Time: prepare 0.0063    bound 0.7005    transfer 0.0138    finalize 0.0321    func 0.7531    
Accumulated time: func 0.7531    prepare 0.0237    bound 0.7005    transfer 0.0138    finalize 0.0321    
max lb tensor(9.99999975e-05) min lb tensor(-5.23634624)
Number of Verified Splits: 49 of 128
Current worst splitting domains lb-rhs (depth):
-5.23635 (4), -4.99286 (4), -4.97499 (4), -4.81870 (4), -4.59878 (4), -4.53100 (4), -4.48476 (4), -4.44796 (4), -4.41275 (4), -4.37177 (4), -4.28058 (4), -4.13357 (4), -4.13237 (4), -4.07746 (4), -4.05835 (4), -4.04095 (4), -3.99141 (4), -3.96384 (4), -3.96315 (4), -3.96224 (4), 
Length of domains: 79
Current (lb-rhs): -5.236346244812012
128 domains visited
Time: pickout 0.0076    decision 0.1592    set_bounds 0.0091    solve 0.7596    add 0.0201    
Accumulated time: pickout 0.0076    decision 0.1592    set_bounds 0.0091    solve 0.7596    add 0.0201    
Cumulative time: 1.090726375579834

BaB round 2
batch: 79
splitting decisions: 
split level 0: [/input-16, 17] [/input-16, 25] [/input-16, 32] [/input-16, 25] [/input-16, 25] [/input-16, 42] [/input-16, 25] [/input-16, 13] [/input-16, 42] [/input-16, 25] 
best_l after optimization: -331.5635986328125
beta sum per layer: [0.0, 0.0, 0.0, 116.83131408691406]
alpha/beta optimization time: 0.45297670364379883
pruning_in_iteration open status: True
ratio of positive domain = 44 / 158 = 0.2784810126582279
pruning-in-iteration extra time: 0.02098250389099121
torch.Size([158, 1])
Time: prepare 0.0102    bound 0.4548    transfer 0.0054    finalize 0.0155    func 0.4860    
Accumulated time: func 1.2391    prepare 0.0558    bound 1.1553    transfer 0.0192    finalize 0.0476    
max lb tensor(9.99999975e-05) min lb tensor(-4.97701073)
Number of Verified Splits: 44 of 158
Current worst splitting domains lb-rhs (depth):
-4.97701 (5), -4.97286 (5), -4.72544 (5), -4.72089 (5), -4.70406 (5), -4.58888 (5), -4.56657 (5), -4.47391 (5), -4.31412 (5), -4.24839 (5), -4.23912 (5), -4.20880 (5), -4.17808 (5), -4.14038 (5), -4.14004 (5), -4.09854 (5), -4.08312 (5), -4.03039 (5), -4.01077 (5), -3.93576 (5), 
Length of domains: 114
Current (lb-rhs): -4.977010726928711
286 domains visited
Time: pickout 0.0487    decision 0.2611    set_bounds 0.0071    solve 0.4870    add 0.0097    
Accumulated time: pickout 0.0563    decision 0.4203    set_bounds 0.0162    solve 1.2465    add 0.0298    
Cumulative time: 1.9066593647003174

BaB round 3
batch: 114
splitting decisions: 
split level 0: [/input-16, 38] [/input-16, 13] [/input-16, 36] [/input-16, 38] [/input-16, 13] [/input-16, 32] [/input-16, 38] [/input-16, 25] [/input-16, 32] [/input-16, 38] 
best_l after optimization: -585.6720581054688
beta sum per layer: [0.0, 0.0, 0.0, 265.3261413574219]
alpha/beta optimization time: 0.2588505744934082
pruning_in_iteration open status: False
ratio of positive domain = 28 / 228 = 0.1228070175438597
pruning-in-iteration extra time: 0.0002155303955078125
torch.Size([228, 1])
Time: prepare 0.0074    bound 0.2603    transfer 0.0043    finalize 0.0211    func 0.2933    
Accumulated time: func 1.5324    prepare 0.0678    bound 1.4156    transfer 0.0235    finalize 0.0687    
max lb tensor(0.34106708) min lb tensor(-4.73864794)
Number of Verified Splits: 28 of 228
Current worst splitting domains lb-rhs (depth):
-4.73865 (6), -4.73802 (6), -4.66084 (6), -4.60038 (6), -4.54166 (6), -4.49905 (6), -4.49577 (6), -4.48897 (6), -4.47249 (6), -4.36292 (6), -4.35004 (6), -4.31237 (6), -4.29095 (6), -4.25999 (6), -4.24624 (6), -4.09106 (6), -4.04273 (6), -4.04097 (6), -3.96923 (6), -3.96765 (6), 
Length of domains: 200
Current (lb-rhs): -4.738647937774658
514 domains visited
Time: pickout 0.0353    decision 0.0700    set_bounds 0.0067    solve 0.2943    add 0.0103    
Accumulated time: pickout 0.0916    decision 0.4903    set_bounds 0.0229    solve 1.5409    add 0.0401    
Cumulative time: 2.324429750442505

BaB round 4
batch: 200
splitting decisions: 
split level 0: [/input-16, 48] [/input-16, 14] [/input-16, 42] [/input-16, 17] [/input-16, 14] [/input-16, 36] [/input-16, 17] [/input-12, 8] [/input-16, 36] [/input-16, 17] 
best_l after optimization: -1039.614501953125
beta sum per layer: [0.0, 0.0, 0.28603944182395935, 715.045654296875]
alpha/beta optimization time: 0.35167455673217773
pruning_in_iteration open status: False
ratio of positive domain = 16 / 400 = 0.040000000000000036
pruning-in-iteration extra time: 0.00031566619873046875
torch.Size([400, 1])
Time: prepare 0.0188    bound 0.3539    transfer 0.0167    finalize 0.0370    func 0.4267    
Accumulated time: func 1.9591    prepare 0.0943    bound 1.7696    transfer 0.0402    finalize 0.1057    
max lb tensor(0.24907494) min lb tensor(-4.50400829)
Number of Verified Splits: 16 of 400
Current worst splitting domains lb-rhs (depth):
-4.50401 (7), -4.50374 (7), -4.42512 (7), -4.42363 (7), -4.38878 (7), -4.38546 (7), -4.33741 (7), -4.33470 (7), -4.30575 (7), -4.30130 (7), -4.24628 (7), -4.23781 (7), -4.23023 (7), -4.21885 (7), -4.19251 (7), -4.18637 (7), -4.16907 (7), -4.16348 (7), -4.15528 (7), -4.14292 (7), 
Length of domains: 384
Current (lb-rhs): -4.5040082931518555
914 domains visited
Time: pickout 0.0474    decision 0.1847    set_bounds 0.0328    solve 0.4316    add 0.0239    
Accumulated time: pickout 0.1390    decision 0.6750    set_bounds 0.0557    solve 1.9725    add 0.0640    
Cumulative time: 3.0465617179870605

BaB round 5
batch: 384
splitting decisions: 
split level 0: [/input-16, 25] [/input-12, 8] [/input-16, 13] [/input-12, 20] [/input-12, 8] [/input-16, 13] [/input-16, 41] [/input-16, 14] [/input-16, 13] [/input-16, 41] 
best_l after optimization: -1829.3084716796875
beta sum per layer: [0.0, 0.0, 5.39738655090332, 1932.58984375]
alpha/beta optimization time: 0.2709825038909912
pruning_in_iteration open status: False
ratio of positive domain = 12 / 768 = 0.015625
pruning-in-iteration extra time: 0.00022149085998535156
torch.Size([768, 1])
Time: prepare 0.0223    bound 0.2726    transfer 0.0170    finalize 0.0395    func 0.3516    
Accumulated time: func 2.3107    prepare 0.1227    bound 2.0421    transfer 0.0572    finalize 0.1452    
max lb tensor(0.23073053) min lb tensor(-4.32420635)
Number of Verified Splits: 12 of 768
Current worst splitting domains lb-rhs (depth):
-4.32421 (8), -4.32386 (8), -4.23684 (8), -4.23371 (8), -4.19664 (8), -4.19222 (8), -4.16081 (8), -4.15597 (8), -4.12382 (8), -4.11955 (8), -4.07255 (8), -4.06861 (8), -4.06803 (8), -4.05730 (8), -4.03833 (8), -4.03405 (8), -4.03034 (8), -4.01815 (8), -4.01051 (8), -4.00769 (8), 
Length of domains: 756
Current (lb-rhs): -4.324206352233887
1682 domains visited
Time: pickout 0.0987    decision 0.1406    set_bounds 0.0254    solve 0.3528    add 0.0210    
Accumulated time: pickout 0.2377    decision 0.8156    set_bounds 0.0811    solve 2.3252    add 0.0850    
Cumulative time: 3.686422824859619

BaB round 6
batch: 756
splitting decisions: 
split level 0: [/input-12, 20] [/input-16, 45] [/input-12, 14] [/input-12, 14] [/input-12, 14] [/input-16, 53] [/input-12, 14] [/input-16, 53] [/input-12, 14] [/input-16, 14] 
best_l after optimization: -3124.238525390625
beta sum per layer: [0.0, 0.0, 77.73371124267578, 4776.82421875]
alpha/beta optimization time: 0.45153355598449707
pruning_in_iteration open status: False
ratio of positive domain = 64 / 1512 = 0.042328042328042326
pruning-in-iteration extra time: 0.0003771781921386719
torch.Size([1512, 1])
Time: prepare 0.0604    bound 0.4540    transfer 0.0669    finalize 0.1060    func 0.6878    
Accumulated time: func 2.9984    prepare 0.2016    bound 2.4961    transfer 0.1242    finalize 0.2512    
max lb tensor(0.53585339) min lb tensor(-4.17477322)
Number of Verified Splits: 64 of 1512
Current worst splitting domains lb-rhs (depth):
-4.17477 (9), -4.17245 (9), -4.10111 (9), -4.08969 (9), -4.08821 (9), -4.08333 (9), -4.03585 (9), -4.03227 (9), -3.99751 (9), -3.99308 (9), -3.98282 (9), -3.98165 (9), -3.98095 (9), -3.98030 (9), -3.97864 (9), -3.97446 (9), -3.94406 (9), -3.94285 (9), -3.94045 (9), -3.93193 (9), 
Length of domains: 1448
Current (lb-rhs): -4.174773216247559
3194 domains visited
Time: pickout 0.1691    decision 0.3704    set_bounds 0.0855    solve 0.6942    add 0.0424    
Accumulated time: pickout 0.4068    decision 1.1860    set_bounds 0.1666    solve 3.0194    add 0.1274    
Cumulative time: 5.05216646194458

BaB round 7
batch: 1448
splitting decisions: 
split level 0: [/input-12, 14] [/input-12, 100] [/input-16, 45] [/input-12, 100] [/input-16, 51] [/input-12, 100] [/input-16, 51] [/input-12, 100] [/input-16, 45] [/input-16, 2] 
best_l after optimization: -5105.9755859375
beta sum per layer: [0.0, 0.0, 447.9552001953125, 11166.046875]
alpha/beta optimization time: 0.5481665134429932
pruning_in_iteration open status: False
ratio of positive domain = 85 / 2896 = 0.02935082872928174
pruning-in-iteration extra time: 0.0001785755157470703
torch.Size([2896, 1])
Time: prepare 0.1040    bound 0.5503    transfer 0.0507    finalize 0.1189    func 0.8250    
Accumulated time: func 3.8234    prepare 0.3270    bound 3.0465    transfer 0.1749    finalize 0.3701    
max lb tensor(0.42133403) min lb tensor(-4.04334593)
Number of Verified Splits: 85 of 2896
Current worst splitting domains lb-rhs (depth):
-4.04335 (10), -4.04301 (10), -3.96342 (10), -3.95772 (10), -3.95688 (10), -3.94179 (10), -3.90337 (10), -3.90138 (10), -3.86923 (10), -3.86351 (10), -3.85709 (10), -3.85443 (10), -3.84831 (10), -3.84731 (10), -3.84247 (10), -3.83926 (10), -3.83799 (10), -3.81331 (10), -3.81292 (10), -3.81239 (10), 
Length of domains: 2811
Current (lb-rhs): -4.043345928192139
6090 domains visited
Time: pickout 0.2955    decision 0.5576    set_bounds 0.1437    solve 0.8305    add 0.0561    
Accumulated time: pickout 0.7022    decision 1.7436    set_bounds 0.3103    solve 3.8499    add 0.1835    
Cumulative time: 6.940052032470703

BaB round 8
batch: 2048
splitting decisions: 
split level 0: [/input-12, 14] [/input-16, 25] [/input-16, 21] [/input-16, 51] [/input-12, 74] [/input-12, 124] [/input-12, 41] [/input-16, 2] [/input-12, 124] [/input-16, 51] 
best_l after optimization: -5664.044921875
beta sum per layer: [0.0, 0.0, 1096.7529296875, 19078.26171875]
alpha/beta optimization time: 0.7910749912261963
pruning_in_iteration open status: False
ratio of positive domain = 311 / 4096 = 0.075927734375
pruning-in-iteration extra time: 0.0006825923919677734
torch.Size([4096, 1])
Time: prepare 0.1663    bound 0.7958    transfer 0.0685    finalize 0.1999    func 1.2323    
Accumulated time: func 5.0557    prepare 0.5224    bound 3.8423    transfer 0.2434    finalize 0.5700    
max lb tensor(1.04885387) min lb tensor(-3.92280102)
Number of Verified Splits: 311 of 4096
Current worst splitting domains lb-rhs (depth):
-4.04335 (10), -3.92280 (11), -3.86351 (10), -3.84831 (10), -3.83799 (10), -3.83668 (11), -3.83135 (11), -3.82956 (11), -3.82223 (11), -3.80417 (10), -3.79986 (10), -3.76120 (11), -3.76065 (11), -3.75494 (10), -3.75201 (10), -3.74636 (10), -3.74430 (10), -3.74138 (10), -3.73954 (11), -3.72691 (11), 
Length of domains: 4548
Current (lb-rhs): -4.043345928192139
10186 domains visited
Time: pickout 1.4333    decision 0.6868    set_bounds 0.2017    solve 1.2423    add 0.0919    
Accumulated time: pickout 2.1355    decision 2.4304    set_bounds 0.5119    solve 5.0922    add 0.2754    
current_vram/total_varm: 2.5GB/8.6GB, batch_size increase to 4096
Cumulative time: 10.655048370361328

BaB round 9
batch: 4096
splitting decisions: 
split level 0: [/input-12, 100] [/input-16, 21] [/input-16, 45] [/input-12, 74] [/input-16, 21] [/input-16, 51] [/input-12, 98] [/input-16, 21] [/input-16, 51] [/input-12, 96] 
best_l after optimization: -9734.728515625
beta sum per layer: [0.0, 0.0, 3669.705078125, 41595.6171875]
alpha/beta optimization time: 1.513399600982666
pruning_in_iteration open status: False
ratio of positive domain = 873 / 8192 = 0.1065673828125
pruning-in-iteration extra time: 0.0002377033233642578
torch.Size([8192, 1])
Time: prepare 0.4356    bound 1.5243    transfer 0.1803    finalize 0.3327    func 2.4759    
Accumulated time: func 7.5316    prepare 1.1015    bound 5.3666    transfer 0.4237    finalize 0.9027    
max lb tensor(1.16729164) min lb tensor(-3.90746093)
Number of Verified Splits: 873 of 8192
Current worst splitting domains lb-rhs (depth):
-3.90746 (11), -3.83799 (10), -3.80417 (10), -3.78963 (12), -3.75494 (10), -3.75201 (10), -3.74636 (10), -3.73108 (12), -3.72765 (12), -3.70491 (10), -3.70150 (10), -3.69384 (11), -3.68390 (12), -3.68040 (11), -3.67133 (11), -3.67125 (10), -3.66591 (12), -3.64834 (12), -3.63909 (10), -3.63796 (12), 
Length of domains: 7771
Current (lb-rhs): -3.907460927963257
18378 domains visited
Time: pickout 0.8768    decision 2.3637    set_bounds 0.3818    solve 2.4890    add 0.1137    
Accumulated time: pickout 3.0124    decision 4.7941    set_bounds 0.8937    solve 7.5812    add 0.3891    
Cumulative time: 16.987523078918457

BaB round 10
batch: 4096
splitting decisions: 
split level 0: [/input-12, 108] [/input-12, 20] [/input-16, 15] [/input-16, 14] [/input-12, 71] [/input-12, 108] [/input-16, 21] [/input-12, 27] [/input-16, 14] [/input-12, 88] 
best_l after optimization: -7734.8447265625
beta sum per layer: [0.0, 0.0, 4640.98974609375, 44111.234375]
alpha/beta optimization time: 1.6581265926361084
pruning_in_iteration open status: False
ratio of positive domain = 1270 / 8192 = 0.155029296875
pruning-in-iteration extra time: 0.00026154518127441406
torch.Size([8192, 1])
Time: prepare 0.4240    bound 1.6773    transfer 0.2407    finalize 0.5149    func 2.8602    
Accumulated time: func 10.3918    prepare 1.5727    bound 7.0438    transfer 0.6644    finalize 1.4176    
max lb tensor(1.43929291) min lb tensor(-3.78237295)
Number of Verified Splits: 1270 of 8192
Current worst splitting domains lb-rhs (depth):
-3.83799 (10), -3.80417 (10), -3.78237 (12), -3.75494 (10), -3.75201 (10), -3.74636 (10), -3.73108 (12), -3.72765 (12), -3.70491 (10), -3.70150 (10), -3.69384 (11), -3.68390 (12), -3.67133 (11), -3.67125 (10), -3.66591 (12), -3.66373 (13), -3.64834 (12), -3.63909 (10), -3.62536 (11), -3.60449 (12), 
Length of domains: 10597
Current (lb-rhs): -3.8379931449890137
26570 domains visited
Time: pickout 3.0578    decision 1.5888    set_bounds 1.9508    solve 2.8817    add 0.2623    
Accumulated time: pickout 6.0702    decision 6.3829    set_bounds 2.8445    solve 10.4629    add 0.6514    
Cumulative time: 26.924336671829224

BaB round 11
batch: 4096
splitting decisions: 
split level 0: [/input-12, 20] [/input-16, 12] [/input-12, 96] [/input-12, 112] [/input-12, 106] [/input-12, 20] [/input-12, 77] [/input-12, 71] [/input-12, 100] [/input-16, 45] 
best_l after optimization: -6373.2314453125
beta sum per layer: [0.0, 0.0, 5334.740234375, 44493.015625]
alpha/beta optimization time: 1.5845918655395508
pruning_in_iteration open status: True
ratio of positive domain = 1662 / 8192 = 0.202880859375
pruning-in-iteration extra time: 0.00023174285888671875
torch.Size([8192, 1])
Time: prepare 0.3857    bound 1.5928    transfer 0.1822    finalize 0.5462    func 2.7121    
Accumulated time: func 13.1039    prepare 2.0092    bound 8.6366    transfer 0.8466    finalize 1.9638    
max lb tensor(0.97305012) min lb tensor(-3.64859009)
Number of Verified Splits: 1662 of 8192
Current worst splitting domains lb-rhs (depth):
-3.83799 (10), -3.80417 (10), -3.75494 (10), -3.75201 (10), -3.74636 (10), -3.73108 (12), -3.72765 (12), -3.70491 (10), -3.70150 (10), -3.69384 (11), -3.68390 (12), -3.67133 (11), -3.67125 (10), -3.66591 (12), -3.66373 (13), -3.64859 (13), -3.64834 (12), -3.63909 (10), -3.62536 (11), -3.60449 (12), 
Length of domains: 13031
Current (lb-rhs): -3.8379931449890137
34762 domains visited
Time: pickout 1.0677    decision 3.4319    set_bounds 0.6200    solve 2.7518    add 0.2113    
Accumulated time: pickout 7.1379    decision 9.8148    set_bounds 3.4645    solve 13.2146    add 0.8627    
Cumulative time: 35.266603231430054

BaB round 12
batch: 4096
splitting decisions: 
split level 0: [/input-16, 12] [/input-12, 98] [/input-12, 96] [/input-12, 100] [/input-16, 2] [/input-12, 24] [/input-16, 45] [/input-16, 47] [/input-12, 20] [/input-12, 94] 
best_l after optimization: -5738.021484375
beta sum per layer: [0.0, 1.3828285932540894, 5787.8251953125, 43469.390625]
alpha/beta optimization time: 1.575162410736084
pruning_in_iteration open status: True
ratio of positive domain = 2048 / 8192 = 0.25
pruning-in-iteration extra time: 0.01436471939086914
torch.Size([8192, 1])
Time: prepare 0.3115    bound 1.5809    transfer 0.1888    finalize 0.4286    func 2.5125    
Accumulated time: func 15.6163    prepare 2.3801    bound 10.2175    transfer 1.0354    finalize 2.3924    
max lb tensor(0.02249908) min lb tensor(-3.52880955)
Number of Verified Splits: 2048 of 8192
Current worst splitting domains lb-rhs (depth):
-3.83799 (10), -3.80417 (10), -3.75494 (10), -3.75201 (10), -3.74636 (10), -3.73108 (12), -3.72765 (12), -3.70491 (10), -3.70150 (10), -3.69384 (11), -3.68390 (12), -3.67133 (11), -3.67125 (10), -3.66591 (12), -3.66373 (13), -3.64834 (12), -3.63909 (10), -3.62536 (11), -3.60449 (12), -3.60040 (12), 
Length of domains: 15079
Current (lb-rhs): -3.8379931449890137
42954 domains visited
Time: pickout 1.8215    decision 3.6788    set_bounds 0.4355    solve 2.5291    add 0.1257    
Accumulated time: pickout 8.9594    decision 13.4936    set_bounds 3.9000    solve 15.7437    add 0.9884    
Cumulative time: 44.04378938674927

BaB round 13
batch: 4096
splitting decisions: 
split level 0: [/input-12, 106] [/input-16, 63] [/input-12, 29] [/input-12, 55] [/input-12, 98] [/input-12, 20] [/input-16, 14] [/input-16, 12] [/input-12, 123] [/input-12, 41] 
best_l after optimization: -5279.50048828125
beta sum per layer: [0.0, 7.167919635772705, 6539.0986328125, 42496.75]
alpha/beta optimization time: 1.5555856227874756
pruning_in_iteration open status: True
ratio of positive domain = 2136 / 8192 = 0.2607421875
pruning-in-iteration extra time: 0.031014442443847656
torch.Size([8192, 1])
Time: prepare 0.6176    bound 1.5766    transfer 0.2155    finalize 0.4850    func 2.8986    
Accumulated time: func 18.5150    prepare 3.0360    bound 11.7940    transfer 1.2509    finalize 2.8774    
max lb tensor(0.01569319) min lb tensor(-3.28160739)
Number of Verified Splits: 2136 of 8192
Current worst splitting domains lb-rhs (depth):
-3.83799 (10), -3.80417 (10), -3.75494 (10), -3.75201 (10), -3.74636 (10), -3.73108 (12), -3.72765 (12), -3.70491 (10), -3.70150 (10), -3.69384 (11), -3.68390 (12), -3.67133 (11), -3.67125 (10), -3.66591 (12), -3.66373 (13), -3.64834 (12), -3.63909 (10), -3.62536 (11), -3.60449 (12), -3.60040 (12), 
Length of domains: 17039
Current (lb-rhs): -3.8379931449890137
51146 domains visited
Time: pickout 2.9031    decision 1.6940    set_bounds 0.4829    solve 3.9204    add 0.4291    
Accumulated time: pickout 11.8625    decision 15.1875    set_bounds 4.3829    solve 19.6641    add 1.4175    
Cumulative time: 53.83686065673828

BaB round 14
batch: 4096
splitting decisions: 
split level 0: [/input-12, 57] [/input-12, 96] [/input-12, 90] [/input-16, 45] [/input-12, 94] [/input-16, 12] [/input-12, 96] [/input-16, 53] [/input-12, 96] [/input-16, 45] 
best_l after optimization: -4843.2783203125
beta sum per layer: [0.0, 15.218928337097168, 7274.7490234375, 41038.58203125]
alpha/beta optimization time: 1.4708497524261475
pruning_in_iteration open status: True
ratio of positive domain = 2234 / 8192 = 0.272705078125
pruning-in-iteration extra time: 0.021401405334472656
torch.Size([8192, 1])
Time: prepare 0.3480    bound 1.4741    transfer 0.2112    finalize 1.1936    func 3.2283    
Accumulated time: func 21.7433    prepare 3.4360    bound 13.2681    transfer 1.4620    finalize 4.0710    
max lb tensor(0.01538873) min lb tensor(-3.09924603)
Number of Verified Splits: 2234 of 8192
Current worst splitting domains lb-rhs (depth):
-3.83799 (10), -3.80417 (10), -3.75494 (10), -3.75201 (10), -3.74636 (10), -3.73108 (12), -3.72765 (12), -3.70491 (10), -3.70150 (10), -3.69384 (11), -3.68390 (12), -3.67133 (11), -3.67125 (10), -3.66591 (12), -3.66373 (13), -3.64834 (12), -3.63909 (10), -3.62536 (11), -3.60449 (12), -3.60040 (12), 
Length of domains: 18901
Current (lb-rhs): -3.8379931449890137
59338 domains visited
Time: pickout 1.4165    decision 1.5200    set_bounds 0.4486    solve 3.2461    add 0.1494    
Accumulated time: pickout 13.2790    decision 16.7076    set_bounds 4.8315    solve 22.9102    add 1.5669    
Time out!!!!!!!!
Result: unknown in 65.4046 seconds

 %%%%%%%%%%%%%%%%%%%%%%%%%%%%%%%%%%% idx: 19, vnnlib ID: 19 %%%%%%%%%%%%%%%%%%%%%%%%%%%%%%%%%%%
Finished vnnlib processing in 0.027346 seconds
Attack parameters: initialization=uniform, steps=50, restarts=10, alpha=0.001960787922143936, GAMA=False
PGD attack margin (first 2 examples and 10 specs):
 tensor([[8.64451122, 6.91577530, 5.17413378, 3.75143957, 3.35215998, 5.32671261,
         6.93005371, 9.39423466, 7.94397020]], device='cuda:0')
Total number of violation:  0
Processing batch 1/1...
  0%|          | 0/50 [00:00<?, ?it/s]  2%|▏         | 1/50 [00:00<00:01, 26.56it/s]
pgd early stop
PGD attack margin (first 2 examples and 10 specs):
 tensor([[ 5.60028028,  4.57459164,  2.57621264,  0.79649115, -0.33834863,
          1.44799364,  2.00252128,  5.33751869,  5.45551777]], device='cuda:0')
Total number of violation:  1
Attack finished in 0.0866 seconds.
PGD attack succeeded!

Checking and Saving Counterexample in check_and_save_cex

verified_status unsafe-pgd
verified_success True
Result: unsafe-pgd in 0.1210 seconds
############# Summary #############
Final verified acc: 0.0% (total 20 examples)
Problem instances count: 20 , total verified (safe/unsat): 0 , total falsified (unsafe/sat): 16 , timeout: 4
mean time for ALL instances (total 20):13.406818290678075, max time: 68.03547072410583
mean time for verified UNSAFE instances (total 16): 0.25466565787792206, max time: 2.38431453704834
unsafe-pgd (total 16), index: [0, 1, 2, 3, 4, 5, 6, 7, 8, 10, 12, 13, 15, 16, 17, 19]
unknown (total 4), index: [9, 11, 14, 18]
