INFO     15:37:03     [tensor_storage.py:70] Hugepage enabled for branch-and-bound domains.
Configurations:

general:
  device: cuda
  seed: 100
  conv_mode: patches
  deterministic: false
  double_fp: false
  loss_reduction_func: sum
  sparse_alpha: true
  sparse_interm: true
  save_adv_example: false
  verify_onnxruntime_output: false
  eval_adv_example: false
  onnx_adv_example: false
  show_adv_example: false
  precompile_jit: false
  reset_seed_after_precompile: false
  prepare_only: false
  complete_verifier: bab
  enable_incomplete_verification: true
  csv_name: null
  results_file: out.txt
  root_path: ''
  deterministic_opt: false
  graph_optimizer: 'Customized("custom_graph_optimizer", "default_optimizer")'
  buffer_has_batchdim: false
  save_output: false
  output_file: out.pkl
  return_optimized_model: false
  store_all_specs_on_cpu: false
  adhoc_tuning: null
model:
  name: null
  path: null
  onnx_path: ../saved_models/mnist_fcnn.onnx
  onnx_path_prefix: ''
  cache_onnx_conversion: false
  debug_onnx: false
  onnx_quirks: null
  input_shape: null
  onnx_loader: default_onnx_and_vnnlib_loader
  onnx_optimization_flags: []
  onnx_vnnlib_joint_optimization_flags: none
  check_optimized: false
  flatten_final_output: false
  optimize_graph: null
  with_jacobian: false
  bound_opts: null
data:
  start: 0
  end: 100
  select_instance: null
  num_outputs: 10
  mean: 0.0
  std: 1.0
  pkl_path: null
  dataset: MNIST
  data_filter_path: null
  data_idx_file: null
specification:
  type: lp
  robustness_type: verified-acc
  norm: .inf
  epsilon: 0.02
  epsilon_min: 0.0
  vnnlib_path: null
  vnnlib_path_prefix: ''
  shrink_eps: null
  rhs_offset: null
solver:
  batch_size: 1024
  auto_enlarge_batch_size: true
  batched_crown_auto_enlarge_max_vram_ratio: 0.9
  min_batch_size_ratio: 0.1
  use_float64_in_last_iteration: false
  early_stop_patience: 10
  start_save_best: 0.5
  bound_prop_method: alpha-crown
  init_bound_prop_method: same
  prune_after_crown: true
  optimize_disjuncts_separately: false
  build_batch_size: 1000000
  skip_with_refined_bound: true
  forward_before_compute_bounds: false
  crown:
    batch_size: 1000000000
    max_crown_size: 1000000000
    activation_bound_option: adaptive
    compare_crown_with_ibp: false
  alpha-crown:
    alpha: true
    lr_alpha: 0.1
    iteration: 100
    share_alphas: false
    lr_decay: 0.98
    full_conv_alpha: true
    max_coeff_mul: .inf
    matmul_share_alphas: false
    disable_optimization: []
    max_time: 1.0
    alpha_dtype: float16
    input_split_alpha_iteration: 5
    input_split_lr_alpha: 0.05
  invprop:
    apply_output_constraints_to: []
    tighten_input_bounds: false
    best_of_oc_and_no_oc: false
    directly_optimize: []
    oc_lr: 0.1
    share_gammas: false
  beta-crown:
    lr_alpha: 0.01
    lr_beta: 0.05
    lr_decay: 0.98
    optimizer: adam
    iteration: 50
    beta: true
    beta_warmup: true
    enable_opt_interm_bounds: false
    all_node_split_LP: false
  forward:
    refine: false
    max_dim: 10000
    reset_threshold: 1.0
  mip:
    unstable_neuron_threshold: 0
    parallel_solvers: null
    solver_threads: 1
    refine_neuron_timeout: 15
    refine_neuron_time_percentage: 0.8
    early_stop: true
    adv_warmup: true
    mip_solver: gurobi
    skip_unsafe: false
    topk_filter: 1.0
    sliding_window: -1
    extra_constraint: false
    refine_neuron_timeout_increasement: 0
    timeout_neuron_percentage: 0.3
    remaining_timeout_threshold: 1
    remove_unstable_neurons: false
    formulation: mip
    output_cut: false
bab:
  max_domains: .inf
  decision_thresh: 0
  timeout: 30
  timeout_scale: 1
  max_iterations: -1
  override_timeout: null
  get_upper_bound: false
  pruning_in_iteration: true
  pruning_in_iteration_ratio: 0.2
  sort_targets: false
  batched_domain_list: true
  optimized_interm: ''
  interm_transfer: true
  recompute_interm: false
  sort_domain_interval: -1
  vanilla_crown: false
  tree_traversal: depth_first
  hugetensor_allocator: true
  cut:
    enabled: false
    cuts_path: null
    bab_cut: false
    lp_cut: false
    lr: 0.01
    lr_decay: 1.0
    iteration: 100
    bab_iteration: -1
    early_stop_patience: -1
    lr_beta: 0.02
    number_cuts: 50
    topk_cuts_in_filter: 1000
    batch_size_primal: 100
    max_num: 1000000000
    patches_cut: false
    cplex_cuts: false
    cplex_cuts_wait: 0
    cplex_cuts_revpickup: true
    cut_reference_bounds: true
    fix_intermediate_bounds: false
    manual_cuts: null
    biccos:
      enabled: false
      auto_param: true
      constraint_strengthening: true
      drop_ratio: 0.5
      max_infer_iter: 20
      max_domain: 10000.0
      heuristic: neuron_influence_score
      save_cuts: false
      multi_tree_branching:
        enabled: false
        restore_best_tree: true
        keep_n_best_domains: 50
        target_batch_size: 200
        iterations: 3
  clip_n_verify:
    rearrange_constraints: false
    alpha_crown: false
    prune: false
    final_layer: false
    clip_input_domain:
      enabled: false
      clip_type: relaxed
      clip_neuron_selection_type: ratio
      clip_neuron_selection_value: -1.0
      clip_iterations: 1
      clip_calculate_volume_metrics: false
    clip_interm_domain:
      enabled: false
      with_input: false
      clip_in_alpha_crown: false
      topk_objective: 20
  branching:
    method: kfsb
    candidates: 3
    reduceop: min
    enable_intermediate_bound_opt: false
    branching_input_and_activation: false
    branching_input_and_activation_order: [input, relu]
    branching_input_iterations: 30
    branching_relu_iterations: 50
    nonlinear_split:
      method: bbps
      disable: false
      branching_point_method: uniform
      num_branches: 2
      filter: false
      filter_beta: false
      filter_clamp: false
      filter_batch_size: 10000
      filter_iterations: 25
      relu_only: false
      loose_tanh_threshold: null
      branching_point:
        db_path: branching_points.pt
        num_iterations: 1000
        batch_size: 1000000
        range_l: -5.0
        range_u: 5.0
        log_interval: 100
        step_size_1d: 0.01
        step_size: 0.2
    input_split:
      split_hint: null
      enable: false
      reorder_bab: false
      input_dim_threshold: 20
      adv_check: 0
      split_partitions: 2
      sb_margin_weight: 1.0
      sb_sum: false
      sb_primary_spec: null
      bf_backup_thresh: -1
      bf_rhs_offset: 0
      bf_iters: 1000000000.0
      bf_batch_size: 100000
      bf_zero_crossing_score: false
      touch_zero_score: 0
      ibp_enhancement: true
      compare_with_old_bounds: true
      update_rhs_with_attack: false
      sb_coeff_thresh: 0.001
      sort_index: null
      sort_descending: true
      show_progress: false
      presplit_domains: null
      skip_getting_worst_domain: false
  attack:
    enabled: false
    beam_candidates: 8
    beam_depth: 7
    max_dive_fix_ratio: 0.8
    min_local_free_ratio: 0.2
    mip_start_iteration: 5
    mip_timeout: 30.0
    adv_pool_threshold: null
    refined_mip_attacker: false
    refined_batch_size: null
attack:
  general_attack: true
  pgd_order: skip
  pgd_steps: 100
  pgd_restarts: 30
  pgd_batch_size: 100000000
  pgd_early_stop: true
  pgd_lr_decay: 0.99
  pgd_alpha: auto
  pgd_alpha_scale: false
  pgd_loss_mode: null
  pgd_restart_when_stuck: false
  enable_mip_attack: false
  adv_saver: default_adv_saver
  adv_verifier: default_adv_verifier
  early_stop_condition: default_early_stop_condition
  adv_example_finalizer: default_adv_example_finalizer
  pgd_loss: default_pgd_loss
  cex_path: ./test_cex.txt
  attack_mode: PGD
  attack_tolerance: 0.0
  attack_func: attack_with_general_specs
  gama_lambda: 10.0
  gama_decay: 0.9
  input_split:
    pgd_steps: 100
    pgd_restarts: 30
    pgd_alpha: auto
  input_split_check_adv:
    enabled: auto
    pgd_steps: 5
    pgd_restarts: 5
    pgd_alpha: auto
    max_num_domains: 10
debug:
  view_model: false
  lp_test: null
  rescale_vnnlib_ptb: null
  test_optimized_bounds: false
  test_optimized_bounds_after_n_iterations: 0
  print_verbose_decisions: false
  biccos_mip_sanity_check: false
  sanity_check: 0
  z_split_enabled: false
  save_minimal_config: null
  save_minimal_config_omit_keys: []

Experiments at Sat Mar 14 15:37:03 2026 on LAPTOP-RGROMBPB
Loading onnx ../saved_models/mnist_fcnn.onnx with quirks {}
Finished onnx model loading in 0.0194 seconds
ConvertModel(
  (Flatten_/flatten/Flatten_output_0): Flatten()
  (Gemm_/fc1/Gemm_output_0): Linear(in_features=784, out_features=256, bias=True)
  (Relu_/relu1/Relu_output_0): ReLU()
  (Gemm_/fc2/Gemm_output_0): Linear(in_features=256, out_features=128, bias=True)
  (Relu_/relu2/Relu_output_0): ReLU()
  (Gemm_output): Linear(in_features=128, out_features=10, bias=True)
)
Parameters:
  Gemm_/fc1/Gemm_output_0.weight: shape torch.Size([256, 784])
  Gemm_/fc1/Gemm_output_0.bias: shape torch.Size([256])
  Gemm_/fc2/Gemm_output_0.weight: shape torch.Size([128, 256])
  Gemm_/fc2/Gemm_output_0.bias: shape torch.Size([128])
  Gemm_output.weight: shape torch.Size([10, 128])
  Gemm_output.bias: shape torch.Size([10])
Trying generic MNIST/CIFAR data loader.
Internal results will be saved to out.txt.

 %%%%%%%%%%%%%%%%%%%%%%%%%%%%%%%%%%% idx: 0, vnnlib ID: 0 %%%%%%%%%%%%%%%%%%%%%%%%%%%%%%%%%%%
Finished vnnlib processing in 0.469357 seconds
Model: BoundedModule(
  (/0): BoundInput(name=/0, inputs=[], perturbed=True)
  (/7): BoundParams(name=/7, inputs=[], perturbed=False)
  (/8): BoundParams(name=/8, inputs=[], perturbed=False)
  (/9): BoundParams(name=/9, inputs=[], perturbed=False)
  (/10): BoundParams(name=/10, inputs=[], perturbed=False)
  (/11): BoundParams(name=/11, inputs=[], perturbed=False)
  (/12): BoundParams(name=/12, inputs=[], perturbed=False)
  (/13): BoundFlatten(name=/13, inputs=[/0], perturbed=True)
  (/input): BoundLinear(name=/input, inputs=[/13, /7, /8], perturbed=True)
  (/15): BoundRelu(name=/15, inputs=[/input], perturbed=True)
  (/input-3): BoundLinear(name=/input-3, inputs=[/15, /9, /10], perturbed=True)
  (/17): BoundRelu(name=/17, inputs=[/input-3], perturbed=True)
  (/18): BoundLinear(name=/18, inputs=[/17, /11, /12], perturbed=True)
)
Original output in the first batch: tensor([[ -2.56063104,  -3.94668794,   2.57405782,   1.50176835,  -7.76447010,
          -2.85335088, -15.91423798,  10.98624611,  -1.98665321,  -1.95777655]],
       device='cuda:0')
Split layers:
Nonlinear functions:
   BoundRelu(name=/15, inputs=[/input], perturbed=True)
   BoundRelu(name=/17, inputs=[/input-3], perturbed=True)
build batch [1/1]
layer /15 using sparse-features alpha with shape [64]; unstable size 64; total size 256 ([1, 256])
layer /15 start_node /input-3 using sparse-spec alpha [2, 29, 1, 64] with unstable size 28 total_size 128 output_shape torch.Size([128])
layer /15 start_node /18 using full alpha [2, 9, 1, 64] with unstable size None total_size 9 output_shape 9
layer /17 using sparse-features alpha with shape [28]; unstable size 28; total size 128 ([1, 128])
layer /17 start_node /18 using full alpha [2, 9, 1, 28] with unstable size None total_size 9 output_shape 9
Optimizable variables initialized.
initial CROWN bounds (first 10 items): [8.083654403686523, 11.303583145141602, 3.4643867015838623, 4.778754711151123, 14.706924438476562, 8.246955871582031, 20.354738235473633, 7.343278884887695, 8.513617515563965]
Verified with initial CROWN!
verified with init bound!
Result: safe-incomplete in 1.1632 seconds

 %%%%%%%%%%%%%%%%%%%%%%%%%%%%%%%%%%% idx: 1, vnnlib ID: 1 %%%%%%%%%%%%%%%%%%%%%%%%%%%%%%%%%%%
Finished vnnlib processing in 0.003922 seconds
Model: BoundedModule(
  (/0): BoundInput(name=/0, inputs=[], perturbed=True)
  (/7): BoundParams(name=/7, inputs=[], perturbed=False)
  (/8): BoundParams(name=/8, inputs=[], perturbed=False)
  (/9): BoundParams(name=/9, inputs=[], perturbed=False)
  (/10): BoundParams(name=/10, inputs=[], perturbed=False)
  (/11): BoundParams(name=/11, inputs=[], perturbed=False)
  (/12): BoundParams(name=/12, inputs=[], perturbed=False)
  (/13): BoundFlatten(name=/13, inputs=[/0], perturbed=True)
  (/input): BoundLinear(name=/input, inputs=[/13, /7, /8], perturbed=True)
  (/15): BoundRelu(name=/15, inputs=[/input], perturbed=True)
  (/input-3): BoundLinear(name=/input-3, inputs=[/15, /9, /10], perturbed=True)
  (/17): BoundRelu(name=/17, inputs=[/input-3], perturbed=True)
  (/18): BoundLinear(name=/18, inputs=[/17, /11, /12], perturbed=True)
)
Original output in the first batch: tensor([[ -0.80697674,   1.65572739,  11.82858562,   1.76911533,  -8.60353565,
          -5.86191416,  -5.39128637,  -5.61643887,  -1.11684787, -11.58451271]],
       device='cuda:0')
Split layers:
Nonlinear functions:
   BoundRelu(name=/15, inputs=[/input], perturbed=True)
   BoundRelu(name=/17, inputs=[/input-3], perturbed=True)
build batch [1/1]
layer /15 using sparse-features alpha with shape [48]; unstable size 48; total size 256 ([1, 256])
layer /15 start_node /input-3 using sparse-spec alpha [2, 20, 1, 48] with unstable size 19 total_size 128 output_shape torch.Size([128])
layer /15 start_node /18 using full alpha [2, 9, 1, 48] with unstable size None total_size 9 output_shape 9
layer /17 using sparse-features alpha with shape [19]; unstable size 19; total size 128 ([1, 128])
layer /17 start_node /18 using full alpha [2, 9, 1, 19] with unstable size None total_size 9 output_shape 9
Optimizable variables initialized.
initial CROWN bounds (first 10 items): [9.224983215332031, 7.411830902099609, 6.64552116394043, 16.94180679321289, 12.786903381347656, 13.1702241897583, 14.617879867553711, 9.327339172363281, 19.032167434692383]
Verified with initial CROWN!
verified with init bound!
Result: safe-incomplete in 0.1133 seconds

 %%%%%%%%%%%%%%%%%%%%%%%%%%%%%%%%%%% idx: 2, vnnlib ID: 2 %%%%%%%%%%%%%%%%%%%%%%%%%%%%%%%%%%%
Finished vnnlib processing in 0.002775 seconds
Model: BoundedModule(
  (/0): BoundInput(name=/0, inputs=[], perturbed=True)
  (/7): BoundParams(name=/7, inputs=[], perturbed=False)
  (/8): BoundParams(name=/8, inputs=[], perturbed=False)
  (/9): BoundParams(name=/9, inputs=[], perturbed=False)
  (/10): BoundParams(name=/10, inputs=[], perturbed=False)
  (/11): BoundParams(name=/11, inputs=[], perturbed=False)
  (/12): BoundParams(name=/12, inputs=[], perturbed=False)
  (/13): BoundFlatten(name=/13, inputs=[/0], perturbed=True)
  (/input): BoundLinear(name=/input, inputs=[/13, /7, /8], perturbed=True)
  (/15): BoundRelu(name=/15, inputs=[/input], perturbed=True)
  (/input-3): BoundLinear(name=/input-3, inputs=[/15, /9, /10], perturbed=True)
  (/17): BoundRelu(name=/17, inputs=[/input-3], perturbed=True)
  (/18): BoundLinear(name=/18, inputs=[/17, /11, /12], perturbed=True)
)
Original output in the first batch: tensor([[-5.63710737,  7.08480597,  0.31746876, -2.32718682, -3.13442969,
         -3.23141098, -4.51535749,  0.10247119, -0.51592368, -5.65911674]],
       device='cuda:0')
Split layers:
Nonlinear functions:
   BoundRelu(name=/15, inputs=[/input], perturbed=True)
   BoundRelu(name=/17, inputs=[/input-3], perturbed=True)
build batch [1/1]
layer /15 using sparse-features alpha with shape [117]; unstable size 117; total size 256 ([1, 256])
layer /15 start_node /input-3 using sparse-spec alpha [2, 63, 1, 117] with unstable size 62 total_size 128 output_shape torch.Size([128])
layer /15 start_node /18 using full alpha [2, 9, 1, 117] with unstable size None total_size 9 output_shape 9
layer /17 using sparse-features alpha with shape [62]; unstable size 62; total size 128 ([1, 128])
layer /17 start_node /18 using full alpha [2, 9, 1, 62] with unstable size None total_size 9 output_shape 9
Optimizable variables initialized.
initial CROWN bounds (first 10 items): [6.720585823059082, 0.8019812107086182, 2.925535202026367, 4.177357196807861, 3.1417412757873535, 5.0379133224487305, 1.4660673141479492, 1.0156359672546387, 5.852660179138184]
Verified with initial CROWN!
verified with init bound!
Result: safe-incomplete in 0.1018 seconds

 %%%%%%%%%%%%%%%%%%%%%%%%%%%%%%%%%%% idx: 3, vnnlib ID: 3 %%%%%%%%%%%%%%%%%%%%%%%%%%%%%%%%%%%
Finished vnnlib processing in 0.002519 seconds
Model: BoundedModule(
  (/0): BoundInput(name=/0, inputs=[], perturbed=True)
  (/7): BoundParams(name=/7, inputs=[], perturbed=False)
  (/8): BoundParams(name=/8, inputs=[], perturbed=False)
  (/9): BoundParams(name=/9, inputs=[], perturbed=False)
  (/10): BoundParams(name=/10, inputs=[], perturbed=False)
  (/11): BoundParams(name=/11, inputs=[], perturbed=False)
  (/12): BoundParams(name=/12, inputs=[], perturbed=False)
  (/13): BoundFlatten(name=/13, inputs=[/0], perturbed=True)
  (/input): BoundLinear(name=/input, inputs=[/13, /7, /8], perturbed=True)
  (/15): BoundRelu(name=/15, inputs=[/input], perturbed=True)
  (/input-3): BoundLinear(name=/input-3, inputs=[/15, /9, /10], perturbed=True)
  (/17): BoundRelu(name=/17, inputs=[/input-3], perturbed=True)
  (/18): BoundLinear(name=/18, inputs=[/17, /11, /12], perturbed=True)
)
Original output in the first batch: tensor([[11.90671253, -6.33274317, -2.04152966, -6.35135221, -2.99934554,
         -4.82508373, -2.72575378, -1.39492607, -5.12370872, -0.22303155]],
       device='cuda:0')
Split layers:
Nonlinear functions:
   BoundRelu(name=/15, inputs=[/input], perturbed=True)
   BoundRelu(name=/17, inputs=[/input-3], perturbed=True)
build batch [1/1]
layer /15 using sparse-features alpha with shape [53]; unstable size 53; total size 256 ([1, 256])
layer /15 start_node /input-3 using sparse-spec alpha [2, 35, 1, 53] with unstable size 34 total_size 128 output_shape torch.Size([128])
layer /15 start_node /18 using full alpha [2, 9, 1, 53] with unstable size None total_size 9 output_shape 9
layer /17 using sparse-features alpha with shape [34]; unstable size 34; total size 128 ([1, 128])
layer /17 start_node /18 using full alpha [2, 9, 1, 34] with unstable size None total_size 9 output_shape 9
Optimizable variables initialized.
initial CROWN bounds (first 10 items): [14.528666496276855, 10.389667510986328, 14.543706893920898, 10.987873077392578, 12.95283031463623, 11.643409729003906, 8.88216781616211, 14.316156387329102, 9.233382225036621]
Verified with initial CROWN!
verified with init bound!
Result: safe-incomplete in 0.1232 seconds

 %%%%%%%%%%%%%%%%%%%%%%%%%%%%%%%%%%% idx: 4, vnnlib ID: 4 %%%%%%%%%%%%%%%%%%%%%%%%%%%%%%%%%%%
Finished vnnlib processing in 0.003765 seconds
Model: BoundedModule(
  (/0): BoundInput(name=/0, inputs=[], perturbed=True)
  (/7): BoundParams(name=/7, inputs=[], perturbed=False)
  (/8): BoundParams(name=/8, inputs=[], perturbed=False)
  (/9): BoundParams(name=/9, inputs=[], perturbed=False)
  (/10): BoundParams(name=/10, inputs=[], perturbed=False)
  (/11): BoundParams(name=/11, inputs=[], perturbed=False)
  (/12): BoundParams(name=/12, inputs=[], perturbed=False)
  (/13): BoundFlatten(name=/13, inputs=[/0], perturbed=True)
  (/input): BoundLinear(name=/input, inputs=[/13, /7, /8], perturbed=True)
  (/15): BoundRelu(name=/15, inputs=[/input], perturbed=True)
  (/input-3): BoundLinear(name=/input-3, inputs=[/15, /9, /10], perturbed=True)
  (/17): BoundRelu(name=/17, inputs=[/input-3], perturbed=True)
  (/18): BoundLinear(name=/18, inputs=[/17, /11, /12], perturbed=True)
)
Original output in the first batch: tensor([[-2.51980758, -5.43800926, -3.81645918, -9.23261452, 10.74053669,
         -4.66308117, -5.37096500, -1.39960742, -3.63748217,  2.87214637]],
       device='cuda:0')
Split layers:
Nonlinear functions:
   BoundRelu(name=/15, inputs=[/input], perturbed=True)
   BoundRelu(name=/17, inputs=[/input-3], perturbed=True)
build batch [1/1]
layer /15 using sparse-features alpha with shape [76]; unstable size 76; total size 256 ([1, 256])
layer /15 start_node /input-3 using sparse-spec alpha [2, 50, 1, 76] with unstable size 49 total_size 128 output_shape torch.Size([128])
layer /15 start_node /18 using full alpha [2, 9, 1, 76] with unstable size None total_size 9 output_shape 9
layer /17 using sparse-features alpha with shape [49]; unstable size 49; total size 128 ([1, 128])
layer /17 start_node /18 using full alpha [2, 9, 1, 49] with unstable size None total_size 9 output_shape 9
Optimizable variables initialized.
initial CROWN bounds (first 10 items): [7.848325729370117, 11.342418670654297, 8.355762481689453, 14.1484956741333, 9.645933151245117, 10.106125831604004, 6.799034118652344, 8.410707473754883, 2.8578741550445557]
Verified with initial CROWN!
verified with init bound!
Result: safe-incomplete in 0.1269 seconds

 %%%%%%%%%%%%%%%%%%%%%%%%%%%%%%%%%%% idx: 5, vnnlib ID: 5 %%%%%%%%%%%%%%%%%%%%%%%%%%%%%%%%%%%
Finished vnnlib processing in 0.004810 seconds
Model: BoundedModule(
  (/0): BoundInput(name=/0, inputs=[], perturbed=True)
  (/7): BoundParams(name=/7, inputs=[], perturbed=False)
  (/8): BoundParams(name=/8, inputs=[], perturbed=False)
  (/9): BoundParams(name=/9, inputs=[], perturbed=False)
  (/10): BoundParams(name=/10, inputs=[], perturbed=False)
  (/11): BoundParams(name=/11, inputs=[], perturbed=False)
  (/12): BoundParams(name=/12, inputs=[], perturbed=False)
  (/13): BoundFlatten(name=/13, inputs=[/0], perturbed=True)
  (/input): BoundLinear(name=/input, inputs=[/13, /7, /8], perturbed=True)
  (/15): BoundRelu(name=/15, inputs=[/input], perturbed=True)
  (/input-3): BoundLinear(name=/input-3, inputs=[/15, /9, /10], perturbed=True)
  (/17): BoundRelu(name=/17, inputs=[/input-3], perturbed=True)
  (/18): BoundLinear(name=/18, inputs=[/17, /11, /12], perturbed=True)
)
Original output in the first batch: tensor([[-6.51945353,  9.43327236, -2.05767202, -3.72017980, -2.16363358,
         -6.09218121, -7.58608437,  1.49231267, -1.73242354, -5.33050346]],
       device='cuda:0')
Split layers:
Nonlinear functions:
   BoundRelu(name=/15, inputs=[/input], perturbed=True)
   BoundRelu(name=/17, inputs=[/input-3], perturbed=True)
build batch [1/1]
layer /15 using sparse-features alpha with shape [100]; unstable size 100; total size 256 ([1, 256])
layer /15 start_node /input-3 using sparse-spec alpha [2, 48, 1, 100] with unstable size 47 total_size 128 output_shape torch.Size([128])
layer /15 start_node /18 using full alpha [2, 9, 1, 100] with unstable size None total_size 9 output_shape 9
layer /17 using sparse-features alpha with shape [47]; unstable size 47; total size 128 ([1, 128])
layer /17 start_node /18 using full alpha [2, 9, 1, 47] with unstable size None total_size 9 output_shape 9
Optimizable variables initialized.
initial CROWN bounds (first 10 items): [10.449616432189941, 6.118770599365234, 6.945533275604248, 5.957292556762695, 9.008586883544922, 11.521533966064453, 2.4676413536071777, 5.482067108154297, 8.036270141601562]
Verified with initial CROWN!
verified with init bound!
Result: safe-incomplete in 0.1313 seconds

 %%%%%%%%%%%%%%%%%%%%%%%%%%%%%%%%%%% idx: 6, vnnlib ID: 6 %%%%%%%%%%%%%%%%%%%%%%%%%%%%%%%%%%%
Finished vnnlib processing in 0.003701 seconds
Model: BoundedModule(
  (/0): BoundInput(name=/0, inputs=[], perturbed=True)
  (/7): BoundParams(name=/7, inputs=[], perturbed=False)
  (/8): BoundParams(name=/8, inputs=[], perturbed=False)
  (/9): BoundParams(name=/9, inputs=[], perturbed=False)
  (/10): BoundParams(name=/10, inputs=[], perturbed=False)
  (/11): BoundParams(name=/11, inputs=[], perturbed=False)
  (/12): BoundParams(name=/12, inputs=[], perturbed=False)
  (/13): BoundFlatten(name=/13, inputs=[/0], perturbed=True)
  (/input): BoundLinear(name=/input, inputs=[/13, /7, /8], perturbed=True)
  (/15): BoundRelu(name=/15, inputs=[/input], perturbed=True)
  (/input-3): BoundLinear(name=/input-3, inputs=[/15, /9, /10], perturbed=True)
  (/17): BoundRelu(name=/17, inputs=[/input-3], perturbed=True)
  (/18): BoundLinear(name=/18, inputs=[/17, /11, /12], perturbed=True)
)
Original output in the first batch: tensor([[-8.88025761, -3.29025817, -5.39278126, -6.91689777,  9.62960052,
         -0.92988342, -6.37919044, -2.83669853,  2.08470273, -0.68976986]],
       device='cuda:0')
Split layers:
Nonlinear functions:
   BoundRelu(name=/15, inputs=[/input], perturbed=True)
   BoundRelu(name=/17, inputs=[/input-3], perturbed=True)
build batch [1/1]
layer /15 using sparse-features alpha with shape [73]; unstable size 73; total size 256 ([1, 256])
layer /15 start_node /input-3 using sparse-spec alpha [2, 35, 1, 73] with unstable size 34 total_size 128 output_shape torch.Size([128])
layer /15 start_node /18 using full alpha [2, 9, 1, 73] with unstable size None total_size 9 output_shape 9
layer /17 using sparse-features alpha with shape [34]; unstable size 34; total size 128 ([1, 128])
layer /17 start_node /18 using full alpha [2, 9, 1, 34] with unstable size None total_size 9 output_shape 9
Optimizable variables initialized.
initial CROWN bounds (first 10 items): [12.506319046020508, 7.708102226257324, 8.631701469421387, 9.91549015045166, 3.518000602722168, 9.134103775024414, 7.263368606567383, 0.95965576171875, 5.28586483001709]
Verified with initial CROWN!
verified with init bound!
Result: safe-incomplete in 0.1210 seconds

 %%%%%%%%%%%%%%%%%%%%%%%%%%%%%%%%%%% idx: 7, vnnlib ID: 7 %%%%%%%%%%%%%%%%%%%%%%%%%%%%%%%%%%%
Finished vnnlib processing in 0.002860 seconds
Model: BoundedModule(
  (/0): BoundInput(name=/0, inputs=[], perturbed=True)
  (/7): BoundParams(name=/7, inputs=[], perturbed=False)
  (/8): BoundParams(name=/8, inputs=[], perturbed=False)
  (/9): BoundParams(name=/9, inputs=[], perturbed=False)
  (/10): BoundParams(name=/10, inputs=[], perturbed=False)
  (/11): BoundParams(name=/11, inputs=[], perturbed=False)
  (/12): BoundParams(name=/12, inputs=[], perturbed=False)
  (/13): BoundFlatten(name=/13, inputs=[/0], perturbed=True)
  (/input): BoundLinear(name=/input, inputs=[/13, /7, /8], perturbed=True)
  (/15): BoundRelu(name=/15, inputs=[/input], perturbed=True)
  (/input-3): BoundLinear(name=/input-3, inputs=[/15, /9, /10], perturbed=True)
  (/17): BoundRelu(name=/17, inputs=[/input-3], perturbed=True)
  (/18): BoundLinear(name=/18, inputs=[/17, /11, /12], perturbed=True)
)
Original output in the first batch: tensor([[ -6.19177008,  -3.83292866,  -3.04061031,   1.12563634,   0.34979731,
          -2.21538663, -12.55949306,  -1.55990553,  -4.21689558,   7.29425573]],
       device='cuda:0')
Split layers:
Nonlinear functions:
   BoundRelu(name=/15, inputs=[/input], perturbed=True)
   BoundRelu(name=/17, inputs=[/input-3], perturbed=True)
build batch [1/1]
layer /15 using sparse-features alpha with shape [57]; unstable size 57; total size 256 ([1, 256])
layer /15 start_node /input-3 using sparse-spec alpha [2, 43, 1, 57] with unstable size 42 total_size 128 output_shape torch.Size([128])
layer /15 start_node /18 using full alpha [2, 9, 1, 57] with unstable size None total_size 9 output_shape 9
layer /17 using sparse-features alpha with shape [42]; unstable size 42; total size 128 ([1, 128])
layer /17 start_node /18 using full alpha [2, 9, 1, 42] with unstable size None total_size 9 output_shape 9
Optimizable variables initialized.
initial CROWN bounds (first 10 items): [9.466629028320312, 6.48322868347168, 4.95106315612793, 1.8048126697540283, 2.237823486328125, 4.358402252197266, 13.88158893585205, 3.914039134979248, 6.97654914855957]
Verified with initial CROWN!
verified with init bound!
Result: safe-incomplete in 0.1429 seconds

 %%%%%%%%%%%%%%%%%%%%%%%%%%%%%%%%%%% idx: 8, vnnlib ID: 8 %%%%%%%%%%%%%%%%%%%%%%%%%%%%%%%%%%%
Finished vnnlib processing in 0.003008 seconds
Model: BoundedModule(
  (/0): BoundInput(name=/0, inputs=[], perturbed=True)
  (/7): BoundParams(name=/7, inputs=[], perturbed=False)
  (/8): BoundParams(name=/8, inputs=[], perturbed=False)
  (/9): BoundParams(name=/9, inputs=[], perturbed=False)
  (/10): BoundParams(name=/10, inputs=[], perturbed=False)
  (/11): BoundParams(name=/11, inputs=[], perturbed=False)
  (/12): BoundParams(name=/12, inputs=[], perturbed=False)
  (/13): BoundFlatten(name=/13, inputs=[/0], perturbed=True)
  (/input): BoundLinear(name=/input, inputs=[/13, /7, /8], perturbed=True)
  (/15): BoundRelu(name=/15, inputs=[/input], perturbed=True)
  (/input-3): BoundLinear(name=/input-3, inputs=[/15, /9, /10], perturbed=True)
  (/17): BoundRelu(name=/17, inputs=[/input-3], perturbed=True)
  (/18): BoundLinear(name=/18, inputs=[/17, /11, /12], perturbed=True)
)
Original output in the first batch: tensor([[-6.86333704, -5.68981791, -1.06997514, -6.18614054, -0.98606533,
          7.34153938,  0.84798861, -8.74832344,  1.16557753, -0.87567717]],
       device='cuda:0')
Split layers:
Nonlinear functions:
   BoundRelu(name=/15, inputs=[/input], perturbed=True)
   BoundRelu(name=/17, inputs=[/input-3], perturbed=True)
build batch [1/1]
layer /15 using sparse-features alpha with shape [55]; unstable size 55; total size 256 ([1, 256])
layer /15 start_node /input-3 using sparse-spec alpha [2, 23, 1, 55] with unstable size 22 total_size 128 output_shape torch.Size([128])
layer /15 start_node /18 using full alpha [2, 9, 1, 55] with unstable size None total_size 9 output_shape 9
layer /17 using sparse-features alpha with shape [22]; unstable size 22; total size 128 ([1, 128])
layer /17 start_node /18 using full alpha [2, 9, 1, 22] with unstable size None total_size 9 output_shape 9
Optimizable variables initialized.
initial CROWN bounds (first 10 items): [10.361597061157227, 10.49807357788086, 4.796023845672607, 10.561797142028809, 3.840453624725342, 3.612912893295288, 12.331808090209961, 3.3619544506073, 4.825321197509766]
Verified with initial CROWN!
verified with init bound!
Result: safe-incomplete in 0.1419 seconds

 %%%%%%%%%%%%%%%%%%%%%%%%%%%%%%%%%%% idx: 9, vnnlib ID: 9 %%%%%%%%%%%%%%%%%%%%%%%%%%%%%%%%%%%
Finished vnnlib processing in 0.003407 seconds
Model: BoundedModule(
  (/0): BoundInput(name=/0, inputs=[], perturbed=True)
  (/7): BoundParams(name=/7, inputs=[], perturbed=False)
  (/8): BoundParams(name=/8, inputs=[], perturbed=False)
  (/9): BoundParams(name=/9, inputs=[], perturbed=False)
  (/10): BoundParams(name=/10, inputs=[], perturbed=False)
  (/11): BoundParams(name=/11, inputs=[], perturbed=False)
  (/12): BoundParams(name=/12, inputs=[], perturbed=False)
  (/13): BoundFlatten(name=/13, inputs=[/0], perturbed=True)
  (/input): BoundLinear(name=/input, inputs=[/13, /7, /8], perturbed=True)
  (/15): BoundRelu(name=/15, inputs=[/input], perturbed=True)
  (/input-3): BoundLinear(name=/input-3, inputs=[/15, /9, /10], perturbed=True)
  (/17): BoundRelu(name=/17, inputs=[/input-3], perturbed=True)
  (/18): BoundLinear(name=/18, inputs=[/17, /11, /12], perturbed=True)
)
Original output in the first batch: tensor([[ -7.29947329,  -7.16465998,  -8.15614033,  -3.88448310,   4.64571571,
          -5.82837772, -17.30972290,   0.72905773,  -0.12945113,   8.83941555]],
       device='cuda:0')
Split layers:
Nonlinear functions:
   BoundRelu(name=/15, inputs=[/input], perturbed=True)
   BoundRelu(name=/17, inputs=[/input-3], perturbed=True)
build batch [1/1]
layer /15 using sparse-features alpha with shape [58]; unstable size 58; total size 256 ([1, 256])
layer /15 start_node /input-3 using sparse-spec alpha [2, 29, 1, 58] with unstable size 28 total_size 128 output_shape torch.Size([128])
layer /15 start_node /18 using full alpha [2, 9, 1, 58] with unstable size None total_size 9 output_shape 9
layer /17 using sparse-features alpha with shape [28]; unstable size 28; total size 128 ([1, 128])
layer /17 start_node /18 using full alpha [2, 9, 1, 28] with unstable size None total_size 9 output_shape 9
Optimizable variables initialized.
initial CROWN bounds (first 10 items): [11.300629615783691, 11.858405113220215, 11.8026704788208, 8.847291946411133, -0.06775844097137451, 10.071696281433105, 19.63085174560547, 3.8170483112335205, 4.263660430908203]
prune_after_crown optimization in use
  original spec size = torch.Size([1, 9])
  pruned spec size = torch.Size([1, 1])
Using alpha-CROWN to initialize bounds.

all verified at 5th iter
best_l after optimization: 0.0074874162673950195
alpha/beta optimization time: 1.9333109855651855
initial alpha-crown bounds (first 10 items): [0.0074874162673950195]
Global lower bound: 0.0074874162673950195
torch.Size([1, 1])
verified with init bound!
Result: safe-incomplete in 2.0826 seconds

 %%%%%%%%%%%%%%%%%%%%%%%%%%%%%%%%%%% idx: 10, vnnlib ID: 10 %%%%%%%%%%%%%%%%%%%%%%%%%%%%%%%%%%%
Finished vnnlib processing in 0.002973 seconds
Model: BoundedModule(
  (/0): BoundInput(name=/0, inputs=[], perturbed=True)
  (/7): BoundParams(name=/7, inputs=[], perturbed=False)
  (/8): BoundParams(name=/8, inputs=[], perturbed=False)
  (/9): BoundParams(name=/9, inputs=[], perturbed=False)
  (/10): BoundParams(name=/10, inputs=[], perturbed=False)
  (/11): BoundParams(name=/11, inputs=[], perturbed=False)
  (/12): BoundParams(name=/12, inputs=[], perturbed=False)
  (/13): BoundFlatten(name=/13, inputs=[/0], perturbed=True)
  (/input): BoundLinear(name=/input, inputs=[/13, /7, /8], perturbed=True)
  (/15): BoundRelu(name=/15, inputs=[/input], perturbed=True)
  (/input-3): BoundLinear(name=/input-3, inputs=[/15, /9, /10], perturbed=True)
  (/17): BoundRelu(name=/17, inputs=[/input-3], perturbed=True)
  (/18): BoundLinear(name=/18, inputs=[/17, /11, /12], perturbed=True)
)
Original output in the first batch: tensor([[13.56894588, -6.96429920, -0.49327379, -8.52431488, -6.71275902,
         -3.99801993, -2.91418481, -3.16157508, -4.80096483,  0.74560696]],
       device='cuda:0')
Split layers:
Nonlinear functions:
   BoundRelu(name=/15, inputs=[/input], perturbed=True)
   BoundRelu(name=/17, inputs=[/input-3], perturbed=True)
build batch [1/1]
layer /15 using sparse-features alpha with shape [66]; unstable size 66; total size 256 ([1, 256])
layer /15 start_node /input-3 using sparse-spec alpha [2, 27, 1, 66] with unstable size 26 total_size 128 output_shape torch.Size([128])
layer /15 start_node /18 using full alpha [2, 9, 1, 66] with unstable size None total_size 9 output_shape 9
layer /17 using sparse-features alpha with shape [26]; unstable size 26; total size 128 ([1, 128])
layer /17 start_node /18 using full alpha [2, 9, 1, 26] with unstable size None total_size 9 output_shape 9
Optimizable variables initialized.
initial CROWN bounds (first 10 items): [17.651113510131836, 11.119263648986816, 19.045005798339844, 17.00088119506836, 13.744484901428223, 13.911548614501953, 13.405686378479004, 15.571161270141602, 9.955382347106934]
Verified with initial CROWN!
verified with init bound!
Result: safe-incomplete in 0.0961 seconds

 %%%%%%%%%%%%%%%%%%%%%%%%%%%%%%%%%%% idx: 11, vnnlib ID: 11 %%%%%%%%%%%%%%%%%%%%%%%%%%%%%%%%%%%
Finished vnnlib processing in 0.002264 seconds
Model: BoundedModule(
  (/0): BoundInput(name=/0, inputs=[], perturbed=True)
  (/7): BoundParams(name=/7, inputs=[], perturbed=False)
  (/8): BoundParams(name=/8, inputs=[], perturbed=False)
  (/9): BoundParams(name=/9, inputs=[], perturbed=False)
  (/10): BoundParams(name=/10, inputs=[], perturbed=False)
  (/11): BoundParams(name=/11, inputs=[], perturbed=False)
  (/12): BoundParams(name=/12, inputs=[], perturbed=False)
  (/13): BoundFlatten(name=/13, inputs=[/0], perturbed=True)
  (/input): BoundLinear(name=/input, inputs=[/13, /7, /8], perturbed=True)
  (/15): BoundRelu(name=/15, inputs=[/input], perturbed=True)
  (/input-3): BoundLinear(name=/input-3, inputs=[/15, /9, /10], perturbed=True)
  (/17): BoundRelu(name=/17, inputs=[/input-3], perturbed=True)
  (/18): BoundLinear(name=/18, inputs=[/17, /11, /12], perturbed=True)
)
Original output in the first batch: tensor([[ 0.94932228, -4.09202194, -4.46402407, -6.40977097,  0.53968304,
         -0.27642229,  7.57092762, -5.77445173,  0.24074188, -7.85095453]],
       device='cuda:0')
Split layers:
Nonlinear functions:
   BoundRelu(name=/15, inputs=[/input], perturbed=True)
   BoundRelu(name=/17, inputs=[/input-3], perturbed=True)
build batch [1/1]
layer /15 using sparse-features alpha with shape [67]; unstable size 67; total size 256 ([1, 256])
layer /15 start_node /input-3 using sparse-spec alpha [2, 36, 1, 67] with unstable size 35 total_size 128 output_shape torch.Size([128])
layer /15 start_node /18 using full alpha [2, 9, 1, 67] with unstable size None total_size 9 output_shape 9
layer /17 using sparse-features alpha with shape [35]; unstable size 35; total size 128 ([1, 128])
layer /17 start_node /18 using full alpha [2, 9, 1, 35] with unstable size None total_size 9 output_shape 9
Optimizable variables initialized.
initial CROWN bounds (first 10 items): [3.236483097076416, 8.776214599609375, 8.049164772033691, 9.549894332885742, 3.2907938957214355, 4.205393314361572, 9.725764274597168, 3.4536619186401367, 10.1928071975708]
Verified with initial CROWN!
verified with init bound!
Result: safe-incomplete in 0.1705 seconds

 %%%%%%%%%%%%%%%%%%%%%%%%%%%%%%%%%%% idx: 12, vnnlib ID: 12 %%%%%%%%%%%%%%%%%%%%%%%%%%%%%%%%%%%
Finished vnnlib processing in 0.003089 seconds
Model: BoundedModule(
  (/0): BoundInput(name=/0, inputs=[], perturbed=True)
  (/7): BoundParams(name=/7, inputs=[], perturbed=False)
  (/8): BoundParams(name=/8, inputs=[], perturbed=False)
  (/9): BoundParams(name=/9, inputs=[], perturbed=False)
  (/10): BoundParams(name=/10, inputs=[], perturbed=False)
  (/11): BoundParams(name=/11, inputs=[], perturbed=False)
  (/12): BoundParams(name=/12, inputs=[], perturbed=False)
  (/13): BoundFlatten(name=/13, inputs=[/0], perturbed=True)
  (/input): BoundLinear(name=/input, inputs=[/13, /7, /8], perturbed=True)
  (/15): BoundRelu(name=/15, inputs=[/input], perturbed=True)
  (/input-3): BoundLinear(name=/input-3, inputs=[/15, /9, /10], perturbed=True)
  (/17): BoundRelu(name=/17, inputs=[/input-3], perturbed=True)
  (/18): BoundLinear(name=/18, inputs=[/17, /11, /12], perturbed=True)
)
Original output in the first batch: tensor([[ -6.53583860,  -6.78608179,  -4.99435186,  -1.82850957,   0.98316902,
          -2.21859956, -14.19400311,  -2.87500167,  -1.82900822,  10.17238903]],
       device='cuda:0')
Split layers:
Nonlinear functions:
   BoundRelu(name=/15, inputs=[/input], perturbed=True)
   BoundRelu(name=/17, inputs=[/input-3], perturbed=True)
build batch [1/1]
layer /15 using sparse-features alpha with shape [79]; unstable size 79; total size 256 ([1, 256])
layer /15 start_node /input-3 using sparse-spec alpha [2, 36, 1, 79] with unstable size 35 total_size 128 output_shape torch.Size([128])
layer /15 start_node /18 using full alpha [2, 9, 1, 79] with unstable size None total_size 9 output_shape 9
layer /17 using sparse-features alpha with shape [35]; unstable size 35; total size 128 ([1, 128])
layer /17 start_node /18 using full alpha [2, 9, 1, 35] with unstable size None total_size 9 output_shape 9
Optimizable variables initialized.
initial CROWN bounds (first 10 items): [11.08813190460205, 11.108621597290039, 8.527266502380371, 6.068670749664307, 2.980785846710205, 5.527410984039307, 16.575483322143555, 6.503556728363037, 6.201844692230225]
Verified with initial CROWN!
verified with init bound!
Result: safe-incomplete in 0.1120 seconds

 %%%%%%%%%%%%%%%%%%%%%%%%%%%%%%%%%%% idx: 13, vnnlib ID: 13 %%%%%%%%%%%%%%%%%%%%%%%%%%%%%%%%%%%
Finished vnnlib processing in 0.002898 seconds
Model: BoundedModule(
  (/0): BoundInput(name=/0, inputs=[], perturbed=True)
  (/7): BoundParams(name=/7, inputs=[], perturbed=False)
  (/8): BoundParams(name=/8, inputs=[], perturbed=False)
  (/9): BoundParams(name=/9, inputs=[], perturbed=False)
  (/10): BoundParams(name=/10, inputs=[], perturbed=False)
  (/11): BoundParams(name=/11, inputs=[], perturbed=False)
  (/12): BoundParams(name=/12, inputs=[], perturbed=False)
  (/13): BoundFlatten(name=/13, inputs=[/0], perturbed=True)
  (/input): BoundLinear(name=/input, inputs=[/13, /7, /8], perturbed=True)
  (/15): BoundRelu(name=/15, inputs=[/input], perturbed=True)
  (/input-3): BoundLinear(name=/input-3, inputs=[/15, /9, /10], perturbed=True)
  (/17): BoundRelu(name=/17, inputs=[/input-3], perturbed=True)
  (/18): BoundLinear(name=/18, inputs=[/17, /11, /12], perturbed=True)
)
Original output in the first batch: tensor([[12.68256760, -9.88490868, -3.31674695, -7.72926331, -7.19069004,
         -4.81001377, -3.62958455, -0.77071166, -2.92068648,  1.44024658]],
       device='cuda:0')
Split layers:
Nonlinear functions:
   BoundRelu(name=/15, inputs=[/input], perturbed=True)
   BoundRelu(name=/17, inputs=[/input-3], perturbed=True)
build batch [1/1]
layer /15 using sparse-features alpha with shape [58]; unstable size 58; total size 256 ([1, 256])
layer /15 start_node /input-3 using sparse-spec alpha [2, 29, 1, 58] with unstable size 28 total_size 128 output_shape torch.Size([128])
layer /15 start_node /18 using full alpha [2, 9, 1, 58] with unstable size None total_size 9 output_shape 9
layer /17 using sparse-features alpha with shape [28]; unstable size 28; total size 128 ([1, 128])
layer /17 start_node /18 using full alpha [2, 9, 1, 28] with unstable size None total_size 9 output_shape 9
Optimizable variables initialized.
initial CROWN bounds (first 10 items): [19.728086471557617, 13.168974876403809, 17.037748336791992, 15.731806755065918, 14.073640823364258, 13.743182182312012, 9.400115966796875, 12.751415252685547, 8.308566093444824]
Verified with initial CROWN!
verified with init bound!
Result: safe-incomplete in 0.1212 seconds

 %%%%%%%%%%%%%%%%%%%%%%%%%%%%%%%%%%% idx: 14, vnnlib ID: 14 %%%%%%%%%%%%%%%%%%%%%%%%%%%%%%%%%%%
Finished vnnlib processing in 0.003058 seconds
Model: BoundedModule(
  (/0): BoundInput(name=/0, inputs=[], perturbed=True)
  (/7): BoundParams(name=/7, inputs=[], perturbed=False)
  (/8): BoundParams(name=/8, inputs=[], perturbed=False)
  (/9): BoundParams(name=/9, inputs=[], perturbed=False)
  (/10): BoundParams(name=/10, inputs=[], perturbed=False)
  (/11): BoundParams(name=/11, inputs=[], perturbed=False)
  (/12): BoundParams(name=/12, inputs=[], perturbed=False)
  (/13): BoundFlatten(name=/13, inputs=[/0], perturbed=True)
  (/input): BoundLinear(name=/input, inputs=[/13, /7, /8], perturbed=True)
  (/15): BoundRelu(name=/15, inputs=[/input], perturbed=True)
  (/input-3): BoundLinear(name=/input-3, inputs=[/15, /9, /10], perturbed=True)
  (/17): BoundRelu(name=/17, inputs=[/input-3], perturbed=True)
  (/18): BoundLinear(name=/18, inputs=[/17, /11, /12], perturbed=True)
)
Original output in the first batch: tensor([[-9.13355732,  9.42905235, -3.71420646,  0.10478143, -4.09947491,
         -6.33588219, -8.53960323, -1.19919193, -0.88554746, -3.54264092]],
       device='cuda:0')
Split layers:
Nonlinear functions:
   BoundRelu(name=/15, inputs=[/input], perturbed=True)
   BoundRelu(name=/17, inputs=[/input-3], perturbed=True)
build batch [1/1]
layer /15 using sparse-features alpha with shape [67]; unstable size 67; total size 256 ([1, 256])
layer /15 start_node /input-3 using sparse-spec alpha [2, 38, 1, 67] with unstable size 37 total_size 128 output_shape torch.Size([128])
layer /15 start_node /18 using full alpha [2, 9, 1, 67] with unstable size None total_size 9 output_shape 9
layer /17 using sparse-features alpha with shape [37]; unstable size 37; total size 128 ([1, 128])
layer /17 start_node /18 using full alpha [2, 9, 1, 37] with unstable size None total_size 9 output_shape 9
Optimizable variables initialized.
initial CROWN bounds (first 10 items): [13.9089937210083, 8.616610527038574, 3.7820072174072266, 9.481106758117676, 10.441315650939941, 13.754603385925293, 6.389130592346191, 5.716099739074707, 8.108576774597168]
Verified with initial CROWN!
verified with init bound!
Result: safe-incomplete in 0.1061 seconds

 %%%%%%%%%%%%%%%%%%%%%%%%%%%%%%%%%%% idx: 15, vnnlib ID: 15 %%%%%%%%%%%%%%%%%%%%%%%%%%%%%%%%%%%
Finished vnnlib processing in 0.002795 seconds
Model: BoundedModule(
  (/0): BoundInput(name=/0, inputs=[], perturbed=True)
  (/7): BoundParams(name=/7, inputs=[], perturbed=False)
  (/8): BoundParams(name=/8, inputs=[], perturbed=False)
  (/9): BoundParams(name=/9, inputs=[], perturbed=False)
  (/10): BoundParams(name=/10, inputs=[], perturbed=False)
  (/11): BoundParams(name=/11, inputs=[], perturbed=False)
  (/12): BoundParams(name=/12, inputs=[], perturbed=False)
  (/13): BoundFlatten(name=/13, inputs=[/0], perturbed=True)
  (/input): BoundLinear(name=/input, inputs=[/13, /7, /8], perturbed=True)
  (/15): BoundRelu(name=/15, inputs=[/input], perturbed=True)
  (/input-3): BoundLinear(name=/input-3, inputs=[/15, /9, /10], perturbed=True)
  (/17): BoundRelu(name=/17, inputs=[/input-3], perturbed=True)
  (/18): BoundLinear(name=/18, inputs=[/17, /11, /12], perturbed=True)
)
Original output in the first batch: tensor([[-5.38369274, -2.49832773, -5.51177168,  3.79966950, -6.63188457,
          8.82582378, -4.61319590, -7.31423759,  0.87682801, -1.08870256]],
       device='cuda:0')
Split layers:
Nonlinear functions:
   BoundRelu(name=/15, inputs=[/input], perturbed=True)
   BoundRelu(name=/17, inputs=[/input-3], perturbed=True)
build batch [1/1]
layer /15 using sparse-features alpha with shape [60]; unstable size 60; total size 256 ([1, 256])
layer /15 start_node /input-3 using sparse-spec alpha [2, 48, 1, 60] with unstable size 47 total_size 128 output_shape torch.Size([128])
layer /15 start_node /18 using full alpha [2, 9, 1, 60] with unstable size None total_size 9 output_shape 9
layer /17 using sparse-features alpha with shape [47]; unstable size 47; total size 128 ([1, 128])
layer /17 start_node /18 using full alpha [2, 9, 1, 47] with unstable size None total_size 9 output_shape 9
Optimizable variables initialized.
initial CROWN bounds (first 10 items): [9.346075057983398, 7.404481887817383, 9.151981353759766, 0.6750444173812866, 11.112039566040039, 9.767895698547363, 10.87165641784668, 3.882124423980713, 5.790475845336914]
Verified with initial CROWN!
verified with init bound!
Result: safe-incomplete in 0.1104 seconds

 %%%%%%%%%%%%%%%%%%%%%%%%%%%%%%%%%%% idx: 16, vnnlib ID: 16 %%%%%%%%%%%%%%%%%%%%%%%%%%%%%%%%%%%
Finished vnnlib processing in 0.003800 seconds
Model: BoundedModule(
  (/0): BoundInput(name=/0, inputs=[], perturbed=True)
  (/7): BoundParams(name=/7, inputs=[], perturbed=False)
  (/8): BoundParams(name=/8, inputs=[], perturbed=False)
  (/9): BoundParams(name=/9, inputs=[], perturbed=False)
  (/10): BoundParams(name=/10, inputs=[], perturbed=False)
  (/11): BoundParams(name=/11, inputs=[], perturbed=False)
  (/12): BoundParams(name=/12, inputs=[], perturbed=False)
  (/13): BoundFlatten(name=/13, inputs=[/0], perturbed=True)
  (/input): BoundLinear(name=/input, inputs=[/13, /7, /8], perturbed=True)
  (/15): BoundRelu(name=/15, inputs=[/input], perturbed=True)
  (/input-3): BoundLinear(name=/input-3, inputs=[/15, /9, /10], perturbed=True)
  (/17): BoundRelu(name=/17, inputs=[/input-3], perturbed=True)
  (/18): BoundLinear(name=/18, inputs=[/17, /11, /12], perturbed=True)
)
Original output in the first batch: tensor([[ -2.16950560,  -8.49118614,  -3.96257043,  -5.81988382,   2.22573471,
          -6.32220554, -10.47399235,  -0.03988825,  -1.48006809,   9.38334942]],
       device='cuda:0')
Split layers:
Nonlinear functions:
   BoundRelu(name=/15, inputs=[/input], perturbed=True)
   BoundRelu(name=/17, inputs=[/input-3], perturbed=True)
build batch [1/1]
layer /15 using sparse-features alpha with shape [63]; unstable size 63; total size 256 ([1, 256])
layer /15 start_node /input-3 using sparse-spec alpha [2, 36, 1, 63] with unstable size 35 total_size 128 output_shape torch.Size([128])
layer /15 start_node /18 using full alpha [2, 9, 1, 63] with unstable size None total_size 9 output_shape 9
layer /17 using sparse-features alpha with shape [35]; unstable size 35; total size 128 ([1, 128])
layer /17 start_node /18 using full alpha [2, 9, 1, 35] with unstable size None total_size 9 output_shape 9
Optimizable variables initialized.
initial CROWN bounds (first 10 items): [7.234750747680664, 13.318968772888184, 8.27714729309082, 10.891229629516602, 1.8352820873260498, 10.316842079162598, 13.663978576660156, 4.566202640533447, 5.973843574523926]
Verified with initial CROWN!
verified with init bound!
Result: safe-incomplete in 0.1134 seconds

 %%%%%%%%%%%%%%%%%%%%%%%%%%%%%%%%%%% idx: 17, vnnlib ID: 17 %%%%%%%%%%%%%%%%%%%%%%%%%%%%%%%%%%%
Finished vnnlib processing in 0.003335 seconds
Model: BoundedModule(
  (/0): BoundInput(name=/0, inputs=[], perturbed=True)
  (/7): BoundParams(name=/7, inputs=[], perturbed=False)
  (/8): BoundParams(name=/8, inputs=[], perturbed=False)
  (/9): BoundParams(name=/9, inputs=[], perturbed=False)
  (/10): BoundParams(name=/10, inputs=[], perturbed=False)
  (/11): BoundParams(name=/11, inputs=[], perturbed=False)
  (/12): BoundParams(name=/12, inputs=[], perturbed=False)
  (/13): BoundFlatten(name=/13, inputs=[/0], perturbed=True)
  (/input): BoundLinear(name=/input, inputs=[/13, /7, /8], perturbed=True)
  (/15): BoundRelu(name=/15, inputs=[/input], perturbed=True)
  (/input-3): BoundLinear(name=/input-3, inputs=[/15, /9, /10], perturbed=True)
  (/17): BoundRelu(name=/17, inputs=[/input-3], perturbed=True)
  (/18): BoundLinear(name=/18, inputs=[/17, /11, /12], perturbed=True)
)
Original output in the first batch: tensor([[ -0.14350443,  -5.15937233,   4.16741085,   1.77934098,  -9.27107143,
          -3.20657992, -16.05473518,  11.72165298,  -4.95681000,  -1.05139792]],
       device='cuda:0')
Split layers:
Nonlinear functions:
   BoundRelu(name=/15, inputs=[/input], perturbed=True)
   BoundRelu(name=/17, inputs=[/input-3], perturbed=True)
build batch [1/1]
layer /15 using sparse-features alpha with shape [70]; unstable size 70; total size 256 ([1, 256])
layer /15 start_node /input-3 using sparse-spec alpha [2, 34, 1, 70] with unstable size 33 total_size 128 output_shape torch.Size([128])
layer /15 start_node /18 using full alpha [2, 9, 1, 70] with unstable size None total_size 9 output_shape 9
layer /17 using sparse-features alpha with shape [33]; unstable size 33; total size 128 ([1, 128])
layer /17 start_node /18 using full alpha [2, 9, 1, 33] with unstable size None total_size 9 output_shape 9
Optimizable variables initialized.
initial CROWN bounds (first 10 items): [6.654033184051514, 13.209522247314453, 3.305208683013916, 5.73157262802124, 16.997974395751953, 9.5148286819458, 21.48066520690918, 11.661630630493164, 8.369522094726562]
Verified with initial CROWN!
verified with init bound!
Result: safe-incomplete in 0.1159 seconds

 %%%%%%%%%%%%%%%%%%%%%%%%%%%%%%%%%%% idx: 18, vnnlib ID: 18 %%%%%%%%%%%%%%%%%%%%%%%%%%%%%%%%%%%
Finished vnnlib processing in 0.004580 seconds
Model: BoundedModule(
  (/0): BoundInput(name=/0, inputs=[], perturbed=True)
  (/7): BoundParams(name=/7, inputs=[], perturbed=False)
  (/8): BoundParams(name=/8, inputs=[], perturbed=False)
  (/9): BoundParams(name=/9, inputs=[], perturbed=False)
  (/10): BoundParams(name=/10, inputs=[], perturbed=False)
  (/11): BoundParams(name=/11, inputs=[], perturbed=False)
  (/12): BoundParams(name=/12, inputs=[], perturbed=False)
  (/13): BoundFlatten(name=/13, inputs=[/0], perturbed=True)
  (/input): BoundLinear(name=/input, inputs=[/13, /7, /8], perturbed=True)
  (/15): BoundRelu(name=/15, inputs=[/input], perturbed=True)
  (/input-3): BoundLinear(name=/input-3, inputs=[/15, /9, /10], perturbed=True)
  (/17): BoundRelu(name=/17, inputs=[/input-3], perturbed=True)
  (/18): BoundLinear(name=/18, inputs=[/17, /11, /12], perturbed=True)
)
Original output in the first batch: tensor([[-5.40333605, -2.91849566, -2.94710851,  6.61896992, -2.15650940,
         -0.42905152, -5.97175503, -3.36130548,  3.28629589, -2.79409432]],
       device='cuda:0')
Split layers:
Nonlinear functions:
   BoundRelu(name=/15, inputs=[/input], perturbed=True)
   BoundRelu(name=/17, inputs=[/input-3], perturbed=True)
build batch [1/1]
layer /15 using sparse-features alpha with shape [61]; unstable size 61; total size 256 ([1, 256])
layer /15 start_node /input-3 using sparse-spec alpha [2, 51, 1, 61] with unstable size 50 total_size 128 output_shape torch.Size([128])
layer /15 start_node /18 using full alpha [2, 9, 1, 61] with unstable size None total_size 9 output_shape 9
layer /17 using sparse-features alpha with shape [50]; unstable size 50; total size 128 ([1, 128])
layer /17 start_node /18 using full alpha [2, 9, 1, 50] with unstable size None total_size 9 output_shape 9
Optimizable variables initialized.
initial CROWN bounds (first 10 items): [8.088994026184082, 6.233526229858398, 6.012758255004883, 4.402141571044922, 3.7909536361694336, 7.936594009399414, 6.069646835327148, 0.4121112823486328, 5.749563694000244]
Verified with initial CROWN!
verified with init bound!
Result: safe-incomplete in 0.1080 seconds

 %%%%%%%%%%%%%%%%%%%%%%%%%%%%%%%%%%% idx: 19, vnnlib ID: 19 %%%%%%%%%%%%%%%%%%%%%%%%%%%%%%%%%%%
Finished vnnlib processing in 0.003887 seconds
Model: BoundedModule(
  (/0): BoundInput(name=/0, inputs=[], perturbed=True)
  (/7): BoundParams(name=/7, inputs=[], perturbed=False)
  (/8): BoundParams(name=/8, inputs=[], perturbed=False)
  (/9): BoundParams(name=/9, inputs=[], perturbed=False)
  (/10): BoundParams(name=/10, inputs=[], perturbed=False)
  (/11): BoundParams(name=/11, inputs=[], perturbed=False)
  (/12): BoundParams(name=/12, inputs=[], perturbed=False)
  (/13): BoundFlatten(name=/13, inputs=[/0], perturbed=True)
  (/input): BoundLinear(name=/input, inputs=[/13, /7, /8], perturbed=True)
  (/15): BoundRelu(name=/15, inputs=[/input], perturbed=True)
  (/input-3): BoundLinear(name=/input-3, inputs=[/15, /9, /10], perturbed=True)
  (/17): BoundRelu(name=/17, inputs=[/input-3], perturbed=True)
  (/18): BoundLinear(name=/18, inputs=[/17, /11, /12], perturbed=True)
)
Original output in the first batch: tensor([[-7.11182642, -2.17338896, -4.24211693, -7.20823383, 12.28864384,
         -3.50522733, -7.20139694, -1.04720449, -5.58284092,  0.68719131]],
       device='cuda:0')
Split layers:
Nonlinear functions:
   BoundRelu(name=/15, inputs=[/input], perturbed=True)
   BoundRelu(name=/17, inputs=[/input-3], perturbed=True)
build batch [1/1]
layer /15 using sparse-features alpha with shape [106]; unstable size 106; total size 256 ([1, 256])
layer /15 start_node /input-3 using sparse-spec alpha [2, 54, 1, 106] with unstable size 53 total_size 128 output_shape torch.Size([128])
layer /15 start_node /18 using full alpha [2, 9, 1, 106] with unstable size None total_size 9 output_shape 9
layer /17 using sparse-features alpha with shape [53]; unstable size 53; total size 128 ([1, 128])
layer /17 start_node /18 using full alpha [2, 9, 1, 53] with unstable size None total_size 9 output_shape 9
Optimizable variables initialized.
initial CROWN bounds (first 10 items): [13.199061393737793, 9.722028732299805, 10.42487907409668, 13.22734546661377, 9.470579147338867, 13.220064163208008, 8.17010498046875, 12.100990295410156, 5.297341346740723]
Verified with initial CROWN!
verified with init bound!
Result: safe-incomplete in 0.1125 seconds

 %%%%%%%%%%%%%%%%%%%%%%%%%%%%%%%%%%% idx: 20, vnnlib ID: 20 %%%%%%%%%%%%%%%%%%%%%%%%%%%%%%%%%%%
Finished vnnlib processing in 0.002467 seconds
Model: BoundedModule(
  (/0): BoundInput(name=/0, inputs=[], perturbed=True)
  (/7): BoundParams(name=/7, inputs=[], perturbed=False)
  (/8): BoundParams(name=/8, inputs=[], perturbed=False)
  (/9): BoundParams(name=/9, inputs=[], perturbed=False)
  (/10): BoundParams(name=/10, inputs=[], perturbed=False)
  (/11): BoundParams(name=/11, inputs=[], perturbed=False)
  (/12): BoundParams(name=/12, inputs=[], perturbed=False)
  (/13): BoundFlatten(name=/13, inputs=[/0], perturbed=True)
  (/input): BoundLinear(name=/input, inputs=[/13, /7, /8], perturbed=True)
  (/15): BoundRelu(name=/15, inputs=[/input], perturbed=True)
  (/input-3): BoundLinear(name=/input-3, inputs=[/15, /9, /10], perturbed=True)
  (/17): BoundRelu(name=/17, inputs=[/input-3], perturbed=True)
  (/18): BoundLinear(name=/18, inputs=[/17, /11, /12], perturbed=True)
)
Original output in the first batch: tensor([[ -2.86076713,  -3.89926600,  -8.23204041,  -1.32466638,  -0.61619657,
          -2.17329931, -15.32732868,   0.63232368,  -2.31855869,   6.39830780]],
       device='cuda:0')
Split layers:
Nonlinear functions:
   BoundRelu(name=/15, inputs=[/input], perturbed=True)
   BoundRelu(name=/17, inputs=[/input-3], perturbed=True)
build batch [1/1]
layer /15 using sparse-features alpha with shape [80]; unstable size 80; total size 256 ([1, 256])
layer /15 start_node /input-3 using sparse-spec alpha [2, 26, 1, 80] with unstable size 25 total_size 128 output_shape torch.Size([128])
layer /15 start_node /18 using full alpha [2, 9, 1, 80] with unstable size None total_size 9 output_shape 9
layer /17 using sparse-features alpha with shape [25]; unstable size 25; total size 128 ([1, 128])
layer /17 start_node /18 using full alpha [2, 9, 1, 25] with unstable size None total_size 9 output_shape 9
Optimizable variables initialized.
initial CROWN bounds (first 10 items): [3.816297769546509, 5.721466064453125, 9.458002090454102, 2.7702393531799316, 2.3787217140197754, 2.73173189163208, 15.25421142578125, 0.43985462188720703, 3.7331643104553223]
Verified with initial CROWN!
verified with init bound!
Result: safe-incomplete in 0.1073 seconds

 %%%%%%%%%%%%%%%%%%%%%%%%%%%%%%%%%%% idx: 21, vnnlib ID: 21 %%%%%%%%%%%%%%%%%%%%%%%%%%%%%%%%%%%
Finished vnnlib processing in 0.003717 seconds
Model: BoundedModule(
  (/0): BoundInput(name=/0, inputs=[], perturbed=True)
  (/7): BoundParams(name=/7, inputs=[], perturbed=False)
  (/8): BoundParams(name=/8, inputs=[], perturbed=False)
  (/9): BoundParams(name=/9, inputs=[], perturbed=False)
  (/10): BoundParams(name=/10, inputs=[], perturbed=False)
  (/11): BoundParams(name=/11, inputs=[], perturbed=False)
  (/12): BoundParams(name=/12, inputs=[], perturbed=False)
  (/13): BoundFlatten(name=/13, inputs=[/0], perturbed=True)
  (/input): BoundLinear(name=/input, inputs=[/13, /7, /8], perturbed=True)
  (/15): BoundRelu(name=/15, inputs=[/input], perturbed=True)
  (/input-3): BoundLinear(name=/input-3, inputs=[/15, /9, /10], perturbed=True)
  (/17): BoundRelu(name=/17, inputs=[/input-3], perturbed=True)
  (/18): BoundLinear(name=/18, inputs=[/17, /11, /12], perturbed=True)
)
Original output in the first batch: tensor([[-1.26988685e+00, -3.87690496e+00, -4.64674711e+00, -4.73816156e+00,
         -1.55249286e+00,  3.26269603e+00,  7.02396250e+00, -8.31332397e+00,
         -3.74004059e-03, -5.05210686e+00]], device='cuda:0')
Split layers:
Nonlinear functions:
   BoundRelu(name=/15, inputs=[/input], perturbed=True)
   BoundRelu(name=/17, inputs=[/input-3], perturbed=True)
build batch [1/1]
layer /15 using sparse-features alpha with shape [89]; unstable size 89; total size 256 ([1, 256])
layer /15 start_node /input-3 using sparse-spec alpha [2, 35, 1, 89] with unstable size 34 total_size 128 output_shape torch.Size([128])
layer /15 start_node /18 using full alpha [2, 9, 1, 89] with unstable size None total_size 9 output_shape 9
layer /17 using sparse-features alpha with shape [34]; unstable size 34; total size 128 ([1, 128])
layer /17 start_node /18 using full alpha [2, 9, 1, 34] with unstable size None total_size 9 output_shape 9
Optimizable variables initialized.
initial CROWN bounds (first 10 items): [4.4690985679626465, 7.0250067710876465, 6.3437089920043945, 5.6961846351623535, 2.6487607955932617, -1.232194423675537, 9.327526092529297, 2.163300037384033, 5.931959629058838]
prune_after_crown optimization in use
  original spec size = torch.Size([1, 9])
  pruned spec size = torch.Size([1, 1])
Using alpha-CROWN to initialize bounds.
best_l after optimization: -1.190575122833252
alpha/beta optimization time: 2.532517433166504
initial alpha-crown bounds (first 10 items): [-1.190575122833252]
Global lower bound: -1.190575122833252
torch.Size([1, 1])
8 / 9 OR specs are verified.
Verified OR indices (first 10 items): [0, 1, 2, 3, 4, 6, 7, 8]
Verified OR lbs (first 10 items): [[inf], [inf], [inf], [inf], [inf], [inf], [inf], [inf]]
Unverified OR indices (first 10 items): [5]
Unverified OR lbs (first 10 items): [[-1.190575122833252]]
###### Verifying property Instance 21 ######
Batch size: 1
First 10 spec matrices
C: tensor([[[ 0.,  0.,  0.,  0.,  0., -1.,  1.,  0.,  0.,  0.]]], device='cuda:0')
RHS: tensor([[0.]], device='cuda:0')
OR spec sizes: tensor([1], device='cuda:0', dtype=torch.int32)
Remaining timeout: 29.08796262741089
Model prediction is: tensor([-1.26988685e+00, -3.87690496e+00, -4.64674711e+00, -4.73816156e+00,
        -1.55249286e+00,  3.26269603e+00,  7.02396250e+00, -8.31332397e+00,
        -3.74004059e-03, -5.05210686e+00], device='cuda:0')
Activation BaB batch 1/1 
build_with_refined_bounds batch [1/1]
Optimizable variables initialized.
all alpha initialized
directly get lb and ub from refined bounds
c shape: torch.Size([1, 1, 10])
lA shapes: [torch.Size([1, 1, 256]), torch.Size([1, 1, 128])]
torch.Size([1, 1])
(alpha-)CROWN with fixed intermediate bounds: tensor([[-1.19057512]], device='cuda:0') tensor([[inf]], device='cuda:0')
Intermediate layers: /input,/input-3
Keeping alphas for these layers: ['/18']
Node /15 input 0: size torch.Size([256]) unstable 89
Node /17 input 0: size torch.Size([128]) unstable 34
-----------------
# of unstable neurons: 123
-----------------

BaB round 1
batch: 1
splitting decisions: 
split level 0: [/input-3, 119] 
split level 1: [/input, 15] 
split level 2: [/input, 132] 
split level 3: [/input-3, 14] 
split level 4: [/input, 108] 
split level 5: [/input-3, 36] 
best_l after optimization: -3.394338846206665
beta sum per layer: [13.94705581665039, 8.657840728759766]
alpha/beta optimization time: 0.8250589370727539
pruning_in_iteration open status: True
ratio of positive domain = 53 / 64 = 0.828125
pruning-in-iteration extra time: 0.04128575325012207
torch.Size([64, 1])
Time: prepare 0.0031    bound 0.8261    transfer 0.0018    finalize 0.0045    func 0.8356    
Accumulated time: func 0.8356    prepare 0.0125    bound 0.8261    transfer 0.0018    finalize 0.0045    
max lb tensor(9.99999975e-05) min lb tensor(-0.70516586)
Number of Verified Splits: 53 of 64
Current worst splitting domains lb-rhs (depth):
-0.70517 (6), -0.68196 (6), -0.59185 (6), -0.52125 (6), -0.26882 (6), -0.22036 (6), -0.19181 (6), -0.09307 (6), -0.06338 (6), -0.05637 (6), -0.00561 (6), 
Length of domains: 11
Current (lb-rhs): -0.7051658630371094
64 domains visited
Time: pickout 0.0008    decision 0.0907    set_bounds 0.0042    solve 0.8364    add 0.0082    
Accumulated time: pickout 0.0008    decision 0.0907    set_bounds 0.0042    solve 0.8364    add 0.0082    
Cumulative time: 0.9675142765045166

BaB round 2
batch: 11
splitting decisions: 
split level 0: [/input, 201] [/input, 201] [/input-3, 35] [/input-3, 35] [/input-3, 35] [/input-3, 35] [/input, 201] [/input, 201] [/input, 201] [/input, 201] 
split level 1: [/input-3, 35] [/input-3, 35] [/input-3, 84] [/input, 88] [/input, 130] [/input, 88] [/input-3, 35] [/input, 160] [/input-3, 35] [/input-3, 35] 
split level 2: [/input, 163] [/input, 64] [/input-3, 79] [/input, 130] [/input-3, 79] [/input, 130] [/input, 163] [/input, 163] [/input, 64] [/input, 163] 
best_l after optimization: -2.5152840614318848
beta sum per layer: [77.47987365722656, 67.79756164550781]
alpha/beta optimization time: 0.7811596393585205
pruning_in_iteration open status: True
ratio of positive domain = 75 / 88 = 0.8522727272727273
pruning-in-iteration extra time: 0.042063236236572266
torch.Size([88, 1])
Time: prepare 0.0043    bound 0.7829    transfer 0.0028    finalize 0.0048    func 0.7949    
Accumulated time: func 1.6306    prepare 0.0209    bound 1.6090    transfer 0.0046    finalize 0.0093    
max lb tensor(9.99999975e-05) min lb tensor(-0.46119571)
Number of Verified Splits: 75 of 88
Current worst splitting domains lb-rhs (depth):
-0.46120 (9), -0.43920 (9), -0.37166 (9), -0.30003 (9), -0.27908 (9), -0.18787 (9), -0.17260 (9), -0.12230 (9), -0.11684 (9), -0.05287 (9), -0.00957 (9), -0.00810 (9), -0.00146 (9), 
Length of domains: 13
Current (lb-rhs): -0.461195707321167
152 domains visited
Time: pickout 0.0119    decision 0.0559    set_bounds 0.0048    solve 0.7955    add 0.0045    
Accumulated time: pickout 0.0126    decision 0.1465    set_bounds 0.0089    solve 1.6319    add 0.0127    
Cumulative time: 1.8409738540649414

BaB round 3
batch: 13
splitting decisions: 
split level 0: [/input, 163] [/input, 160] [/input, 163] [/input-3, 35] [/input, 163] [/input, 160] [/input, 163] [/input, 160] [/input, 201] [/input-3, 35] 
split level 1: [/input, 130] [/input, 130] [/input, 130] [/input, 130] [/input, 130] [/input, 130] [/input, 130] [/input, 130] [/input-3, 84] [/input, 130] 
best_l after optimization: -1.541312575340271
beta sum per layer: [55.55238342285156, 34.862548828125]
alpha/beta optimization time: 0.7374632358551025
pruning_in_iteration open status: True
ratio of positive domain = 44 / 52 = 0.8461538461538461
pruning-in-iteration extra time: 0.04044961929321289
torch.Size([52, 1])
Time: prepare 0.0025    bound 0.7386    transfer 0.0026    finalize 0.0051    func 0.7488    
Accumulated time: func 2.3794    prepare 0.0272    bound 2.3476    transfer 0.0072    finalize 0.0143    
max lb tensor(9.99999975e-05) min lb tensor(-0.34471536)
Number of Verified Splits: 44 of 52
Current worst splitting domains lb-rhs (depth):
-0.34472 (11), -0.30385 (11), -0.26077 (11), -0.23728 (11), -0.16928 (11), -0.13930 (11), -0.07307 (11), -0.01744 (11), 
Length of domains: 8
Current (lb-rhs): -0.3447153568267822
204 domains visited
Time: pickout 0.0124    decision 0.0470    set_bounds 0.0023    solve 0.7496    add 0.0041    
Accumulated time: pickout 0.0251    decision 0.1935    set_bounds 0.0112    solve 2.3814    add 0.0168    
Cumulative time: 2.656682014465332

BaB round 4
batch: 8
splitting decisions: 
split level 0: [/input-3, 84] [/input, 64] [/input-3, 84] [/input, 160] [/input, 160] [/input, 160] [/input-3, 84] [/input, 160] 
split level 1: [/input-3, 79] [/input-3, 84] [/input-3, 79] [/input, 88] [/input, 88] [/input, 88] [/input, 64] [/input, 88] 
split level 2: [/input, 73] [/input-3, 79] [/input, 73] [/input-3, 79] [/input-3, 79] [/input-3, 79] [/input-3, 79] [/input-3, 79] 
best_l after optimization: -0.5825777649879456
beta sum per layer: [89.88009643554688, 20.264415740966797]
alpha/beta optimization time: 0.8084890842437744
pruning_in_iteration open status: True
ratio of positive domain = 58 / 64 = 0.90625
pruning-in-iteration extra time: 0.042771100997924805
torch.Size([64, 1])
Time: prepare 0.0029    bound 0.8100    transfer 0.0024    finalize 0.0080    func 0.8233    
Accumulated time: func 3.2027    prepare 0.0351    bound 3.1575    transfer 0.0096    finalize 0.0224    
max lb tensor(9.99999975e-05) min lb tensor(-0.16885471)
Number of Verified Splits: 58 of 64
Current worst splitting domains lb-rhs (depth):
-0.16885 (14), -0.14476 (14), -0.09124 (14), -0.08558 (14), -0.07361 (14), -0.02434 (14), 
Length of domains: 6
Current (lb-rhs): -0.1688547134399414
268 domains visited
Time: pickout 0.0122    decision 0.0535    set_bounds 0.0040    solve 0.8240    add 0.0019    
Accumulated time: pickout 0.0372    decision 0.2470    set_bounds 0.0152    solve 3.2055    add 0.0187    
Cumulative time: 3.5526111125946045

BaB round 5
batch: 6
splitting decisions: 
split level 0: [/input-3, 84] [/input-3, 84] [/input, 64] [/input, 237] [/input, 237] [/input-3, 84] 
split level 1: [/input, 184] [/input, 45] [/input, 237] [/input, 88] [/input, 88] [/input, 45] 
split level 2: [/input, 45] [/input, 184] [/input, 88] [/input, 141] [/input, 141] [/input, 184] 
split level 3: [/input, 73] [/input, 73] [/input, 141] [/input, 73] [/input, 73] [/input, 73] 

all verified at 0th iter
best_l after optimization: 24.831085205078125
beta sum per layer: [61.358673095703125, 21.40174102783203]
alpha/beta optimization time: 0.012083292007446289
pruning_in_iteration open status: False
ratio of positive domain = 96 / 96 = 1.0
pruning-in-iteration extra time: 0.00033926963806152344
torch.Size([96, 1])
Time: prepare 0.0044    bound 0.0133    transfer 0.0010    finalize 0.0052    func 0.0239    
Accumulated time: func 3.2266    prepare 0.0465    bound 3.1708    transfer 0.0106    finalize 0.0275    
max lb tensor(0.45593929) min lb tensor(0.05337381)
Number of Verified Splits: 96 of 96
Length of domains: 0
No domains left, verification finished!
Current (lb-rhs): 1.0000000116860974e-07
364 domains visited
Time: pickout 0.0119    decision 0.0617    set_bounds 0.0056    solve 0.0247    add 0.0003    
Accumulated time: pickout 0.0492    decision 0.3087    set_bounds 0.0208    solve 3.2302    add 0.0190    
Cumulative time: 3.657060384750366

Result: safe in 4.5743 seconds

 %%%%%%%%%%%%%%%%%%%%%%%%%%%%%%%%%%% idx: 22, vnnlib ID: 22 %%%%%%%%%%%%%%%%%%%%%%%%%%%%%%%%%%%
Finished vnnlib processing in 0.008913 seconds
Model: BoundedModule(
  (/0): BoundInput(name=/0, inputs=[], perturbed=True)
  (/7): BoundParams(name=/7, inputs=[], perturbed=False)
  (/8): BoundParams(name=/8, inputs=[], perturbed=False)
  (/9): BoundParams(name=/9, inputs=[], perturbed=False)
  (/10): BoundParams(name=/10, inputs=[], perturbed=False)
  (/11): BoundParams(name=/11, inputs=[], perturbed=False)
  (/12): BoundParams(name=/12, inputs=[], perturbed=False)
  (/13): BoundFlatten(name=/13, inputs=[/0], perturbed=True)
  (/input): BoundLinear(name=/input, inputs=[/13, /7, /8], perturbed=True)
  (/15): BoundRelu(name=/15, inputs=[/input], perturbed=True)
  (/input-3): BoundLinear(name=/input-3, inputs=[/15, /9, /10], perturbed=True)
  (/17): BoundRelu(name=/17, inputs=[/input-3], perturbed=True)
  (/18): BoundLinear(name=/18, inputs=[/17, /11, /12], perturbed=True)
)
Original output in the first batch: tensor([[ 0.80199760, -3.46345782, -4.05858231, -5.95067930, -0.04466898,
         -1.88639092,  8.74472141, -2.95685387, -0.64336222, -7.57506514]],
       device='cuda:0')
Split layers:
Nonlinear functions:
   BoundRelu(name=/15, inputs=[/input], perturbed=True)
   BoundRelu(name=/17, inputs=[/input-3], perturbed=True)
build batch [1/1]
layer /15 using sparse-features alpha with shape [74]; unstable size 74; total size 256 ([1, 256])
layer /15 start_node /input-3 using sparse-spec alpha [2, 41, 1, 74] with unstable size 40 total_size 128 output_shape torch.Size([128])
layer /15 start_node /18 using full alpha [2, 9, 1, 74] with unstable size None total_size 9 output_shape 9
layer /17 using sparse-features alpha with shape [40]; unstable size 40; total size 128 ([1, 128])
layer /17 start_node /18 using full alpha [2, 9, 1, 40] with unstable size None total_size 9 output_shape 9
Optimizable variables initialized.
initial CROWN bounds (first 10 items): [4.903143405914307, 8.612773895263672, 8.59172248840332, 9.989593505859375, 4.112002372741699, 6.401803970336914, 7.215503215789795, 5.409294128417969, 11.02515983581543]
Verified with initial CROWN!
verified with init bound!
Result: safe-incomplete in 0.3114 seconds

 %%%%%%%%%%%%%%%%%%%%%%%%%%%%%%%%%%% idx: 23, vnnlib ID: 23 %%%%%%%%%%%%%%%%%%%%%%%%%%%%%%%%%%%
Finished vnnlib processing in 0.010023 seconds
Model: BoundedModule(
  (/0): BoundInput(name=/0, inputs=[], perturbed=True)
  (/7): BoundParams(name=/7, inputs=[], perturbed=False)
  (/8): BoundParams(name=/8, inputs=[], perturbed=False)
  (/9): BoundParams(name=/9, inputs=[], perturbed=False)
  (/10): BoundParams(name=/10, inputs=[], perturbed=False)
  (/11): BoundParams(name=/11, inputs=[], perturbed=False)
  (/12): BoundParams(name=/12, inputs=[], perturbed=False)
  (/13): BoundFlatten(name=/13, inputs=[/0], perturbed=True)
  (/input): BoundLinear(name=/input, inputs=[/13, /7, /8], perturbed=True)
  (/15): BoundRelu(name=/15, inputs=[/input], perturbed=True)
  (/input-3): BoundLinear(name=/input-3, inputs=[/15, /9, /10], perturbed=True)
  (/17): BoundRelu(name=/17, inputs=[/input-3], perturbed=True)
  (/18): BoundLinear(name=/18, inputs=[/17, /11, /12], perturbed=True)
)
Original output in the first batch: tensor([[ -8.64000416,  -2.68045855,  -6.21405268,   2.46081829,  -7.64283609,
          14.82318497,  -3.48505759, -11.74980259,  -1.57093465,  -1.63307512]],
       device='cuda:0')
Split layers:
Nonlinear functions:
   BoundRelu(name=/15, inputs=[/input], perturbed=True)
   BoundRelu(name=/17, inputs=[/input-3], perturbed=True)
build batch [1/1]
layer /15 using sparse-features alpha with shape [75]; unstable size 75; total size 256 ([1, 256])
layer /15 start_node /input-3 using sparse-spec alpha [2, 37, 1, 75] with unstable size 36 total_size 128 output_shape torch.Size([128])
layer /15 start_node /18 using full alpha [2, 9, 1, 75] with unstable size None total_size 9 output_shape 9
layer /17 using sparse-features alpha with shape [36]; unstable size 36; total size 128 ([1, 128])
layer /17 start_node /18 using full alpha [2, 9, 1, 36] with unstable size None total_size 9 output_shape 9
Optimizable variables initialized.
initial CROWN bounds (first 10 items): [18.026226043701172, 13.153525352478027, 14.739847183227539, 8.670674324035645, 17.286273956298828, 13.470170021057129, 20.667770385742188, 12.270562171936035, 12.692090034484863]
Verified with initial CROWN!
verified with init bound!
Result: safe-incomplete in 0.3061 seconds

 %%%%%%%%%%%%%%%%%%%%%%%%%%%%%%%%%%% idx: 24, vnnlib ID: 24 %%%%%%%%%%%%%%%%%%%%%%%%%%%%%%%%%%%
Finished vnnlib processing in 0.008094 seconds
Model: BoundedModule(
  (/0): BoundInput(name=/0, inputs=[], perturbed=True)
  (/7): BoundParams(name=/7, inputs=[], perturbed=False)
  (/8): BoundParams(name=/8, inputs=[], perturbed=False)
  (/9): BoundParams(name=/9, inputs=[], perturbed=False)
  (/10): BoundParams(name=/10, inputs=[], perturbed=False)
  (/11): BoundParams(name=/11, inputs=[], perturbed=False)
  (/12): BoundParams(name=/12, inputs=[], perturbed=False)
  (/13): BoundFlatten(name=/13, inputs=[/0], perturbed=True)
  (/input): BoundLinear(name=/input, inputs=[/13, /7, /8], perturbed=True)
  (/15): BoundRelu(name=/15, inputs=[/input], perturbed=True)
  (/input-3): BoundLinear(name=/input-3, inputs=[/15, /9, /10], perturbed=True)
  (/17): BoundRelu(name=/17, inputs=[/input-3], perturbed=True)
  (/18): BoundLinear(name=/18, inputs=[/17, /11, /12], perturbed=True)
)
Original output in the first batch: tensor([[-3.85898304, -3.05229425, -4.89128494, -6.63802242,  9.47855282,
         -2.22486353, -5.25741196,  0.14746173, -4.57282400,  2.05225635]],
       device='cuda:0')
Split layers:
Nonlinear functions:
   BoundRelu(name=/15, inputs=[/input], perturbed=True)
   BoundRelu(name=/17, inputs=[/input-3], perturbed=True)
build batch [1/1]
layer /15 using sparse-features alpha with shape [92]; unstable size 92; total size 256 ([1, 256])
layer /15 start_node /input-3 using sparse-spec alpha [2, 61, 1, 92] with unstable size 60 total_size 128 output_shape torch.Size([128])
layer /15 start_node /18 using full alpha [2, 9, 1, 92] with unstable size None total_size 9 output_shape 9
layer /17 using sparse-features alpha with shape [60]; unstable size 60; total size 128 ([1, 128])
layer /17 start_node /18 using full alpha [2, 9, 1, 60] with unstable size None total_size 9 output_shape 9
Optimizable variables initialized.
initial CROWN bounds (first 10 items): [7.425316333770752, 7.486184120178223, 8.225072860717773, 9.310026168823242, 5.007753849029541, 8.645718574523926, 3.6768832206726074, 8.000287055969238, 1.4240343570709229]
Verified with initial CROWN!
verified with init bound!
Result: safe-incomplete in 0.4892 seconds

 %%%%%%%%%%%%%%%%%%%%%%%%%%%%%%%%%%% idx: 25, vnnlib ID: 25 %%%%%%%%%%%%%%%%%%%%%%%%%%%%%%%%%%%
Finished vnnlib processing in 0.009369 seconds
Model: BoundedModule(
  (/0): BoundInput(name=/0, inputs=[], perturbed=True)
  (/7): BoundParams(name=/7, inputs=[], perturbed=False)
  (/8): BoundParams(name=/8, inputs=[], perturbed=False)
  (/9): BoundParams(name=/9, inputs=[], perturbed=False)
  (/10): BoundParams(name=/10, inputs=[], perturbed=False)
  (/11): BoundParams(name=/11, inputs=[], perturbed=False)
  (/12): BoundParams(name=/12, inputs=[], perturbed=False)
  (/13): BoundFlatten(name=/13, inputs=[/0], perturbed=True)
  (/input): BoundLinear(name=/input, inputs=[/13, /7, /8], perturbed=True)
  (/15): BoundRelu(name=/15, inputs=[/input], perturbed=True)
  (/input-3): BoundLinear(name=/input-3, inputs=[/15, /9, /10], perturbed=True)
  (/17): BoundRelu(name=/17, inputs=[/input-3], perturbed=True)
  (/18): BoundLinear(name=/18, inputs=[/17, /11, /12], perturbed=True)
)
Original output in the first batch: tensor([[ 14.85115910, -11.21367836,  -5.20837831, -12.42907333,   0.50121397,
          -8.65313625,  -1.61420643,  -3.59682822,  -4.77524853,   1.96994913]],
       device='cuda:0')
Split layers:
Nonlinear functions:
   BoundRelu(name=/15, inputs=[/input], perturbed=True)
   BoundRelu(name=/17, inputs=[/input-3], perturbed=True)
build batch [1/1]
layer /15 using sparse-features alpha with shape [38]; unstable size 38; total size 256 ([1, 256])
layer /15 start_node /input-3 using sparse-spec alpha [2, 16, 1, 38] with unstable size 15 total_size 128 output_shape torch.Size([128])
layer /15 start_node /18 using full alpha [2, 9, 1, 38] with unstable size None total_size 9 output_shape 9
layer /17 using sparse-features alpha with shape [15]; unstable size 15; total size 128 ([1, 128])
layer /17 start_node /18 using full alpha [2, 9, 1, 15] with unstable size None total_size 9 output_shape 9
Optimizable variables initialized.
initial CROWN bounds (first 10 items): [23.99193000793457, 17.983928680419922, 25.085800170898438, 11.173274993896484, 21.033401489257812, 14.461722373962402, 15.667984008789062, 17.499460220336914, 10.607532501220703]
Verified with initial CROWN!
verified with init bound!
Result: safe-incomplete in 0.4502 seconds

 %%%%%%%%%%%%%%%%%%%%%%%%%%%%%%%%%%% idx: 26, vnnlib ID: 26 %%%%%%%%%%%%%%%%%%%%%%%%%%%%%%%%%%%
Finished vnnlib processing in 0.005187 seconds
Model: BoundedModule(
  (/0): BoundInput(name=/0, inputs=[], perturbed=True)
  (/7): BoundParams(name=/7, inputs=[], perturbed=False)
  (/8): BoundParams(name=/8, inputs=[], perturbed=False)
  (/9): BoundParams(name=/9, inputs=[], perturbed=False)
  (/10): BoundParams(name=/10, inputs=[], perturbed=False)
  (/11): BoundParams(name=/11, inputs=[], perturbed=False)
  (/12): BoundParams(name=/12, inputs=[], perturbed=False)
  (/13): BoundFlatten(name=/13, inputs=[/0], perturbed=True)
  (/input): BoundLinear(name=/input, inputs=[/13, /7, /8], perturbed=True)
  (/15): BoundRelu(name=/15, inputs=[/input], perturbed=True)
  (/input-3): BoundLinear(name=/input-3, inputs=[/15, /9, /10], perturbed=True)
  (/17): BoundRelu(name=/17, inputs=[/input-3], perturbed=True)
  (/18): BoundLinear(name=/18, inputs=[/17, /11, /12], perturbed=True)
)
Original output in the first batch: tensor([[ -1.93284333,  -4.24051380,   0.56468016,   1.51693988,  -7.59507847,
          -3.37284803, -15.05248833,  10.17039204,  -3.95985818,   2.44657254]],
       device='cuda:0')
Split layers:
Nonlinear functions:
   BoundRelu(name=/15, inputs=[/input], perturbed=True)
   BoundRelu(name=/17, inputs=[/input-3], perturbed=True)
build batch [1/1]
layer /15 using sparse-features alpha with shape [66]; unstable size 66; total size 256 ([1, 256])
layer /15 start_node /input-3 using sparse-spec alpha [2, 43, 1, 66] with unstable size 42 total_size 128 output_shape torch.Size([128])
layer /15 start_node /18 using full alpha [2, 9, 1, 66] with unstable size None total_size 9 output_shape 9
layer /17 using sparse-features alpha with shape [42]; unstable size 42; total size 128 ([1, 128])
layer /17 start_node /18 using full alpha [2, 9, 1, 42] with unstable size None total_size 9 output_shape 9
Optimizable variables initialized.
initial CROWN bounds (first 10 items): [7.128767013549805, 10.49797534942627, 5.565260887145996, 3.789795398712158, 13.052495956420898, 7.748577117919922, 18.884815216064453, 9.077337265014648, 3.0866734981536865]
Verified with initial CROWN!
verified with init bound!
Result: safe-incomplete in 0.3185 seconds

 %%%%%%%%%%%%%%%%%%%%%%%%%%%%%%%%%%% idx: 27, vnnlib ID: 27 %%%%%%%%%%%%%%%%%%%%%%%%%%%%%%%%%%%
Finished vnnlib processing in 0.007490 seconds
Model: BoundedModule(
  (/0): BoundInput(name=/0, inputs=[], perturbed=True)
  (/7): BoundParams(name=/7, inputs=[], perturbed=False)
  (/8): BoundParams(name=/8, inputs=[], perturbed=False)
  (/9): BoundParams(name=/9, inputs=[], perturbed=False)
  (/10): BoundParams(name=/10, inputs=[], perturbed=False)
  (/11): BoundParams(name=/11, inputs=[], perturbed=False)
  (/12): BoundParams(name=/12, inputs=[], perturbed=False)
  (/13): BoundFlatten(name=/13, inputs=[/0], perturbed=True)
  (/input): BoundLinear(name=/input, inputs=[/13, /7, /8], perturbed=True)
  (/15): BoundRelu(name=/15, inputs=[/input], perturbed=True)
  (/input-3): BoundLinear(name=/input-3, inputs=[/15, /9, /10], perturbed=True)
  (/17): BoundRelu(name=/17, inputs=[/input-3], perturbed=True)
  (/18): BoundLinear(name=/18, inputs=[/17, /11, /12], perturbed=True)
)
Original output in the first batch: tensor([[-8.05243874, -5.86768341, -3.87316346, -8.58009434, 14.17818642,
         -2.88735580, -8.51666451, -3.12726450, -4.07645321,  2.36685133]],
       device='cuda:0')
Split layers:
Nonlinear functions:
   BoundRelu(name=/15, inputs=[/input], perturbed=True)
   BoundRelu(name=/17, inputs=[/input-3], perturbed=True)
build batch [1/1]
layer /15 using sparse-features alpha with shape [66]; unstable size 66; total size 256 ([1, 256])
layer /15 start_node /input-3 using sparse-spec alpha [2, 44, 1, 66] with unstable size 43 total_size 128 output_shape torch.Size([128])
layer /15 start_node /18 using full alpha [2, 9, 1, 66] with unstable size None total_size 9 output_shape 9
layer /17 using sparse-features alpha with shape [43]; unstable size 43; total size 128 ([1, 128])
layer /17 start_node /18 using full alpha [2, 9, 1, 43] with unstable size None total_size 9 output_shape 9
Optimizable variables initialized.
initial CROWN bounds (first 10 items): [16.890275955200195, 15.695714950561523, 12.276997566223145, 16.769577026367188, 11.259744644165039, 16.89650535583496, 12.749292373657227, 12.500213623046875, 6.734813690185547]
Verified with initial CROWN!
verified with init bound!
Result: safe-incomplete in 0.3293 seconds

 %%%%%%%%%%%%%%%%%%%%%%%%%%%%%%%%%%% idx: 28, vnnlib ID: 28 %%%%%%%%%%%%%%%%%%%%%%%%%%%%%%%%%%%
Finished vnnlib processing in 0.008449 seconds
Model: BoundedModule(
  (/0): BoundInput(name=/0, inputs=[], perturbed=True)
  (/7): BoundParams(name=/7, inputs=[], perturbed=False)
  (/8): BoundParams(name=/8, inputs=[], perturbed=False)
  (/9): BoundParams(name=/9, inputs=[], perturbed=False)
  (/10): BoundParams(name=/10, inputs=[], perturbed=False)
  (/11): BoundParams(name=/11, inputs=[], perturbed=False)
  (/12): BoundParams(name=/12, inputs=[], perturbed=False)
  (/13): BoundFlatten(name=/13, inputs=[/0], perturbed=True)
  (/input): BoundLinear(name=/input, inputs=[/13, /7, /8], perturbed=True)
  (/15): BoundRelu(name=/15, inputs=[/input], perturbed=True)
  (/input-3): BoundLinear(name=/input-3, inputs=[/15, /9, /10], perturbed=True)
  (/17): BoundRelu(name=/17, inputs=[/input-3], perturbed=True)
  (/18): BoundLinear(name=/18, inputs=[/17, /11, /12], perturbed=True)
)
Original output in the first batch: tensor([[ 15.02843571,  -9.77952194,   0.76983303,  -5.84726334, -10.95564651,
          -4.29084778,  -5.69768047,  -3.57091355,  -2.43891430,  -0.08998933]],
       device='cuda:0')
Split layers:
Nonlinear functions:
   BoundRelu(name=/15, inputs=[/input], perturbed=True)
   BoundRelu(name=/17, inputs=[/input-3], perturbed=True)
build batch [1/1]
layer /15 using sparse-features alpha with shape [52]; unstable size 52; total size 256 ([1, 256])
layer /15 start_node /input-3 using sparse-spec alpha [2, 22, 1, 52] with unstable size 21 total_size 128 output_shape torch.Size([128])
layer /15 start_node /18 using full alpha [2, 9, 1, 52] with unstable size None total_size 9 output_shape 9
layer /17 using sparse-features alpha with shape [21]; unstable size 21; total size 128 ([1, 128])
layer /17 start_node /18 using full alpha [2, 9, 1, 21] with unstable size None total_size 9 output_shape 9
Optimizable variables initialized.
initial CROWN bounds (first 10 items): [21.982057571411133, 11.497124671936035, 17.734731674194336, 22.811059951782227, 16.643938064575195, 18.365312576293945, 15.233100891113281, 15.1148681640625, 12.752979278564453]
Verified with initial CROWN!
verified with init bound!
Result: safe-incomplete in 0.3502 seconds

 %%%%%%%%%%%%%%%%%%%%%%%%%%%%%%%%%%% idx: 29, vnnlib ID: 29 %%%%%%%%%%%%%%%%%%%%%%%%%%%%%%%%%%%
Finished vnnlib processing in 0.007442 seconds
Model: BoundedModule(
  (/0): BoundInput(name=/0, inputs=[], perturbed=True)
  (/7): BoundParams(name=/7, inputs=[], perturbed=False)
  (/8): BoundParams(name=/8, inputs=[], perturbed=False)
  (/9): BoundParams(name=/9, inputs=[], perturbed=False)
  (/10): BoundParams(name=/10, inputs=[], perturbed=False)
  (/11): BoundParams(name=/11, inputs=[], perturbed=False)
  (/12): BoundParams(name=/12, inputs=[], perturbed=False)
  (/13): BoundFlatten(name=/13, inputs=[/0], perturbed=True)
  (/input): BoundLinear(name=/input, inputs=[/13, /7, /8], perturbed=True)
  (/15): BoundRelu(name=/15, inputs=[/input], perturbed=True)
  (/input-3): BoundLinear(name=/input-3, inputs=[/15, /9, /10], perturbed=True)
  (/17): BoundRelu(name=/17, inputs=[/input-3], perturbed=True)
  (/18): BoundLinear(name=/18, inputs=[/17, /11, /12], perturbed=True)
)
Original output in the first batch: tensor([[-8.91085529,  6.21015835, -3.46859860,  0.42227706, -1.03999066,
         -1.94529521, -5.45099068, -1.03069425,  0.39196095, -5.96480465]],
       device='cuda:0')
Split layers:
Nonlinear functions:
   BoundRelu(name=/15, inputs=[/input], perturbed=True)
   BoundRelu(name=/17, inputs=[/input-3], perturbed=True)
build batch [1/1]
layer /15 using sparse-features alpha with shape [110]; unstable size 110; total size 256 ([1, 256])
layer /15 start_node /input-3 using sparse-spec alpha [2, 49, 1, 110] with unstable size 48 total_size 128 output_shape torch.Size([128])
layer /15 start_node /18 using full alpha [2, 9, 1, 110] with unstable size None total_size 9 output_shape 9
layer /17 using sparse-features alpha with shape [48]; unstable size 48; total size 128 ([1, 128])
layer /17 start_node /18 using full alpha [2, 9, 1, 48] with unstable size None total_size 9 output_shape 9
Optimizable variables initialized.
initial CROWN bounds (first 10 items): [9.563797950744629, 4.258633136749268, -0.6345293521881104, 2.8947110176086426, 1.7271537780761719, 6.401535987854004, 2.3298425674438477, 0.527655839920044, 6.568889617919922]
prune_after_crown optimization in use
  original spec size = torch.Size([1, 9])
  pruned spec size = torch.Size([1, 1])
Using alpha-CROWN to initialize bounds.
Early stop at 71th iter due to 10 iterations no improvement!
best_l after optimization: -0.38839292526245117
alpha/beta optimization time: 1.9516241550445557
initial alpha-crown bounds (first 10 items): [-0.38839292526245117]
Global lower bound: -0.38839292526245117
torch.Size([1, 1])
8 / 9 OR specs are verified.
Verified OR indices (first 10 items): [0, 1, 3, 4, 5, 6, 7, 8]
Verified OR lbs (first 10 items): [[inf], [inf], [inf], [inf], [inf], [inf], [inf], [inf]]
Unverified OR indices (first 10 items): [2]
Unverified OR lbs (first 10 items): [[-0.38839292526245117]]
###### Verifying property Instance 29 ######
Batch size: 1
First 10 spec matrices
C: tensor([[[ 0.,  1.,  0., -1.,  0.,  0.,  0.,  0.,  0.,  0.]]], device='cuda:0')
RHS: tensor([[0.]], device='cuda:0')
OR spec sizes: tensor([1], device='cuda:0', dtype=torch.int32)
Remaining timeout: 27.558797597885132
Model prediction is: tensor([-8.91085529,  6.21015835, -3.46859860,  0.42227706, -1.03999066,
        -1.94529521, -5.45099068, -1.03069425,  0.39196095, -5.96480465],
       device='cuda:0')
Activation BaB batch 1/1 
build_with_refined_bounds batch [1/1]
Optimizable variables initialized.
all alpha initialized
directly get lb and ub from refined bounds
c shape: torch.Size([1, 1, 10])
lA shapes: [torch.Size([1, 1, 256]), torch.Size([1, 1, 128])]
torch.Size([1, 1])
(alpha-)CROWN with fixed intermediate bounds: tensor([[-0.38839293]], device='cuda:0') tensor([[inf]], device='cuda:0')
Intermediate layers: /input,/input-3
Keeping alphas for these layers: ['/18']
Node /15 input 0: size torch.Size([256]) unstable 110
Node /17 input 0: size torch.Size([128]) unstable 48
-----------------
# of unstable neurons: 158
-----------------

BaB round 1
batch: 1
splitting decisions: 
split level 0: [/input, 71] 
split level 1: [/input, 155] 
split level 2: [/input-3, 65] 
split level 3: [/input-3, 74] 
split level 4: [/input-3, 0] 
split level 5: [/input-3, 40] 
Early stop at 21th iter due to 10 iterations no improvement!
best_l after optimization: 0.0033834255300462246
beta sum per layer: [0.0, 0.0]
alpha/beta optimization time: 0.31730055809020996
pruning_in_iteration open status: True
ratio of positive domain = 63 / 64 = 0.984375
pruning-in-iteration extra time: 0.017699718475341797
torch.Size([64, 1])
Time: prepare 0.0026    bound 0.3190    transfer 0.0020    finalize 0.0104    func 0.3341    
Accumulated time: func 0.3341    prepare 0.0122    bound 0.3190    transfer 0.0020    finalize 0.0104    
max lb tensor(9.99999975e-05) min lb tensor(-0.00291657)
Number of Verified Splits: 63 of 64
Current worst splitting domains lb-rhs (depth):
-0.00292 (6), 
Length of domains: 1
Current (lb-rhs): -0.002916574478149414
64 domains visited
Time: pickout 0.0009    decision 0.0608    set_bounds 0.0052    solve 0.3350    add 0.0053    
Accumulated time: pickout 0.0009    decision 0.0608    set_bounds 0.0052    solve 0.3350    add 0.0053    
Cumulative time: 0.43973851203918457

BaB round 2
batch: 1
splitting decisions: 
split level 0: [/input, 122] 
split level 1: [/input, 102] 
split level 2: [/input, 48] 
split level 3: [/input, 120] 
split level 4: [/input-3, 16] 
split level 5: [/input-3, 31] 

all verified at 0th iter
best_l after optimization: 46.7070426940918
beta sum per layer: [0.0, 0.0]
alpha/beta optimization time: 0.01288914680480957
pruning_in_iteration open status: False
ratio of positive domain = 64 / 64 = 1.0
pruning-in-iteration extra time: 0.0007772445678710938
torch.Size([64, 1])
Time: prepare 0.0037    bound 0.0146    transfer 0.0012    finalize 0.0059    func 0.0255    
Accumulated time: func 0.3597    prepare 0.0253    bound 0.3336    transfer 0.0032    finalize 0.0164    
max lb tensor(1.13750494) min lb tensor(0.31142783)
Number of Verified Splits: 64 of 64
Length of domains: 0
No domains left, verification finished!
Current (lb-rhs): 1.0000000116860974e-07
128 domains visited
Time: pickout 0.0105    decision 0.0634    set_bounds 0.0059    solve 0.0265    add 0.0003    
Accumulated time: pickout 0.0115    decision 0.1241    set_bounds 0.0111    solve 0.3615    add 0.0056    
Cumulative time: 0.5467770099639893

Result: safe in 2.9971 seconds

 %%%%%%%%%%%%%%%%%%%%%%%%%%%%%%%%%%% idx: 30, vnnlib ID: 30 %%%%%%%%%%%%%%%%%%%%%%%%%%%%%%%%%%%
Finished vnnlib processing in 0.010331 seconds
Model: BoundedModule(
  (/0): BoundInput(name=/0, inputs=[], perturbed=True)
  (/7): BoundParams(name=/7, inputs=[], perturbed=False)
  (/8): BoundParams(name=/8, inputs=[], perturbed=False)
  (/9): BoundParams(name=/9, inputs=[], perturbed=False)
  (/10): BoundParams(name=/10, inputs=[], perturbed=False)
  (/11): BoundParams(name=/11, inputs=[], perturbed=False)
  (/12): BoundParams(name=/12, inputs=[], perturbed=False)
  (/13): BoundFlatten(name=/13, inputs=[/0], perturbed=True)
  (/input): BoundLinear(name=/input, inputs=[/13, /7, /8], perturbed=True)
  (/15): BoundRelu(name=/15, inputs=[/input], perturbed=True)
  (/input-3): BoundLinear(name=/input-3, inputs=[/15, /9, /10], perturbed=True)
  (/17): BoundRelu(name=/17, inputs=[/input-3], perturbed=True)
  (/18): BoundLinear(name=/18, inputs=[/17, /11, /12], perturbed=True)
)
Original output in the first batch: tensor([[ -7.29958582,  -4.67017221,  -2.94954824,  14.51171780, -10.07426739,
          -0.03400595, -17.50631523,  -2.35571122,  -3.16748977,  -0.45055249]],
       device='cuda:0')
Split layers:
Nonlinear functions:
   BoundRelu(name=/15, inputs=[/input], perturbed=True)
   BoundRelu(name=/17, inputs=[/input-3], perturbed=True)
build batch [1/1]
layer /15 using sparse-features alpha with shape [58]; unstable size 58; total size 256 ([1, 256])
layer /15 start_node /input-3 using sparse-spec alpha [2, 34, 1, 58] with unstable size 33 total_size 128 output_shape torch.Size([128])
layer /15 start_node /18 using full alpha [2, 9, 1, 58] with unstable size None total_size 9 output_shape 9
layer /17 using sparse-features alpha with shape [33]; unstable size 33; total size 128 ([1, 128])
layer /17 start_node /18 using full alpha [2, 9, 1, 33] with unstable size None total_size 9 output_shape 9
Optimizable variables initialized.
initial CROWN bounds (first 10 items): [17.073949813842773, 15.363298416137695, 12.891169548034668, 19.674772262573242, 10.564501762390137, 26.663352966308594, 11.567046165466309, 14.339472770690918, 10.616222381591797]
Verified with initial CROWN!
verified with init bound!
Result: safe-incomplete in 0.3536 seconds

 %%%%%%%%%%%%%%%%%%%%%%%%%%%%%%%%%%% idx: 31, vnnlib ID: 31 %%%%%%%%%%%%%%%%%%%%%%%%%%%%%%%%%%%
Finished vnnlib processing in 0.008217 seconds
Model: BoundedModule(
  (/0): BoundInput(name=/0, inputs=[], perturbed=True)
  (/7): BoundParams(name=/7, inputs=[], perturbed=False)
  (/8): BoundParams(name=/8, inputs=[], perturbed=False)
  (/9): BoundParams(name=/9, inputs=[], perturbed=False)
  (/10): BoundParams(name=/10, inputs=[], perturbed=False)
  (/11): BoundParams(name=/11, inputs=[], perturbed=False)
  (/12): BoundParams(name=/12, inputs=[], perturbed=False)
  (/13): BoundFlatten(name=/13, inputs=[/0], perturbed=True)
  (/input): BoundLinear(name=/input, inputs=[/13, /7, /8], perturbed=True)
  (/15): BoundRelu(name=/15, inputs=[/input], perturbed=True)
  (/input-3): BoundLinear(name=/input-3, inputs=[/15, /9, /10], perturbed=True)
  (/17): BoundRelu(name=/17, inputs=[/input-3], perturbed=True)
  (/18): BoundLinear(name=/18, inputs=[/17, /11, /12], perturbed=True)
)
Original output in the first batch: tensor([[-6.67597914,  5.18704844, -2.93772626,  0.17666188, -1.62078166,
         -3.55130267, -5.63543463,  0.20189305, -0.78429490, -1.98304975]],
       device='cuda:0')
Split layers:
Nonlinear functions:
   BoundRelu(name=/15, inputs=[/input], perturbed=True)
   BoundRelu(name=/17, inputs=[/input-3], perturbed=True)
build batch [1/1]
layer /15 using sparse-features alpha with shape [115]; unstable size 115; total size 256 ([1, 256])
layer /15 start_node /input-3 using sparse-spec alpha [2, 62, 1, 115] with unstable size 61 total_size 128 output_shape torch.Size([128])
layer /15 start_node /18 using full alpha [2, 9, 1, 115] with unstable size None total_size 9 output_shape 9
layer /17 using sparse-features alpha with shape [61]; unstable size 61; total size 128 ([1, 128])
layer /17 start_node /18 using full alpha [2, 9, 1, 61] with unstable size None total_size 9 output_shape 9
Optimizable variables initialized.
initial CROWN bounds (first 10 items): [5.706462860107422, 2.4917566776275635, -2.121011257171631, 1.267986536026001, 1.31819486618042, 5.093801975250244, -0.6570761203765869, 0.44066953659057617, 0.2969040870666504]
prune_after_crown optimization in use
  original spec size = torch.Size([1, 9])
  pruned spec size = torch.Size([1, 2])
Using alpha-CROWN to initialize bounds.
Early stop at 68th iter due to 10 iterations no improvement!
best_l after optimization: -2.15215802192688
alpha/beta optimization time: 2.173661470413208
initial alpha-crown bounds (first 10 items): [-1.828972339630127, -0.32318568229675293]
Global lower bound: -1.828972339630127
torch.Size([1, 2])
7 / 9 OR specs are verified.
Verified OR indices (first 10 items): [0, 1, 3, 4, 5, 7, 8]
Verified OR lbs (first 10 items): [[inf], [inf], [inf], [inf], [inf], [inf], [inf]]
Unverified OR indices (first 10 items): [2, 6]
Unverified OR lbs (first 10 items): [[-1.828972339630127], [-0.32318568229675293]]
###### Verifying property Instance 31 ######
Batch size: 2
First 10 spec matrices
C: tensor([[[ 0.,  1.,  0., -1.,  0.,  0.,  0.,  0.,  0.,  0.]],

        [[ 0.,  1.,  0.,  0.,  0.,  0.,  0., -1.,  0.,  0.]]], device='cuda:0')
RHS: tensor([[0.],
        [0.]], device='cuda:0')
OR spec sizes: tensor([1, 1], device='cuda:0', dtype=torch.int32)
Remaining timeout: 27.37386393547058
Model prediction is: tensor([-6.67597914,  5.18704844, -2.93772626,  0.17666188, -1.62078166,
        -3.55130267, -5.63543463,  0.20189305, -0.78429490, -1.98304975],
       device='cuda:0')
Activation BaB batch 1/1 
build_with_refined_bounds batch [1/1]
Optimizable variables initialized.
all alpha initialized
directly get lb and ub from refined bounds
c shape: torch.Size([2, 1, 10])
lA shapes: [torch.Size([2, 1, 256]), torch.Size([2, 1, 128])]
torch.Size([2, 1])
(alpha-)CROWN with fixed intermediate bounds: tensor([[-1.82897234],
        [-0.32318568]], device='cuda:0') tensor([[inf],
        [inf]], device='cuda:0')
Intermediate layers: /input,/input-3
Keeping alphas for these layers: ['/18']
Node /15 input 0: size torch.Size([256]) unstable 115
Node /17 input 0: size torch.Size([128]) unstable 60
-----------------
# of unstable neurons: 175
-----------------

BaB round 1
batch: 2
splitting decisions: 
split level 0: [/input, 172] [/input-3, 118] 
split level 1: [/input, 71] [/input-3, 105] 
split level 2: [/input-3, 0] [/input, 71] 
split level 3: [/input-3, 31] [/input-3, 74] 
split level 4: [/input-3, 74] [/input-3, 25] 
best_l after optimization: -5.198424339294434
beta sum per layer: [8.353687286376953, 8.294787406921387]
alpha/beta optimization time: 0.8534436225891113
pruning_in_iteration open status: True
ratio of positive domain = 55 / 64 = 0.859375
pruning-in-iteration extra time: 0.046704769134521484
torch.Size([64, 1])
Time: prepare 0.0047    bound 0.8552    transfer 0.0020    finalize 0.0075    func 0.8695    
Accumulated time: func 0.8695    prepare 0.0167    bound 0.8552    transfer 0.0020    finalize 0.0075    
max lb tensor(9.99999975e-05) min lb tensor(-1.50114131)
Number of Verified Splits: 55 of 64
Current worst splitting domains lb-rhs (depth):
-1.50114 (5), -1.25658 (5), -1.01254 (5), -0.68853 (5), -0.36312 (5), -0.16201 (5), -0.14793 (5), -0.05602 (5), -0.01605 (5), 
Length of domains: 9
Current (lb-rhs): -1.5011413097381592
64 domains visited
Time: pickout 0.0012    decision 0.0639    set_bounds 0.0043    solve 0.8705    add 0.0069    
Accumulated time: pickout 0.0012    decision 0.0639    set_bounds 0.0043    solve 0.8705    add 0.0069    
Cumulative time: 0.9765679836273193

BaB round 2
batch: 9
splitting decisions: 
split level 0: [/input, 125] [/input, 125] [/input-3, 36] [/input-3, 36] [/input, 125] [/input, 125] [/input-3, 122] [/input, 125] [/input, 125] 
split level 1: [/input-3, 102] [/input-3, 102] [/input-3, 102] [/input-3, 102] [/input-3, 102] [/input-3, 102] [/input, 57] [/input-3, 102] [/input-3, 102] 
split level 2: [/input-3, 40] [/input-3, 40] [/input-3, 40] [/input-3, 40] [/input-3, 40] [/input-3, 40] [/input-3, 46] [/input-3, 40] [/input-3, 40] 
best_l after optimization: -7.859265327453613
beta sum per layer: [64.90992736816406, 58.61326599121094]
alpha/beta optimization time: 1.066396713256836
pruning_in_iteration open status: True
ratio of positive domain = 56 / 72 = 0.7777777777777778
pruning-in-iteration extra time: 0.05939030647277832
torch.Size([72, 1])
Time: prepare 0.0042    bound 1.0689    transfer 0.0027    finalize 0.0080    func 1.0839    
Accumulated time: func 1.9534    prepare 0.0279    bound 1.9240    transfer 0.0047    finalize 0.0155    
max lb tensor(9.99999975e-05) min lb tensor(-1.25649357)
Number of Verified Splits: 56 of 72
Current worst splitting domains lb-rhs (depth):
-1.25649 (8), -1.23617 (8), -0.98752 (8), -0.95141 (8), -0.67370 (8), -0.64267 (8), -0.38204 (8), -0.32553 (8), -0.30387 (8), -0.25736 (8), -0.23713 (8), -0.23248 (8), -0.14159 (8), -0.12498 (8), -0.06671 (8), -0.04523 (8), 
Length of domains: 16
Current (lb-rhs): -1.2564935684204102
136 domains visited
Time: pickout 0.0129    decision 0.0693    set_bounds 0.0051    solve 1.0849    add 0.0028    
Accumulated time: pickout 0.0141    decision 0.1333    set_bounds 0.0094    solve 1.9553    add 0.0096    
Cumulative time: 2.1519198417663574

BaB round 3
batch: 16
splitting decisions: 
split level 0: [/input-3, 36] [/input-3, 36] [/input-3, 36] [/input-3, 36] [/input, 122] [/input, 122] [/input, 122] [/input, 122] [/input, 122] [/input, 57] 
split level 1: [/input, 160] [/input, 160] [/input, 160] [/input, 160] [/input, 57] [/input, 57] [/input, 57] [/input, 57] [/input, 57] [/input, 122] 
best_l after optimization: -17.6299991607666
beta sum per layer: [114.76420593261719, 47.516571044921875]
alpha/beta optimization time: 0.8012781143188477
pruning_in_iteration open status: True
ratio of positive domain = 32 / 64 = 0.5
pruning-in-iteration extra time: 0.044649362564086914
torch.Size([64, 1])
Time: prepare 0.0059    bound 0.8028    transfer 0.0015    finalize 0.0043    func 0.8146    
Accumulated time: func 2.7680    prepare 0.0416    bound 2.7268    transfer 0.0062    finalize 0.0198    
max lb tensor(9.99999975e-05) min lb tensor(-1.06160021)
Number of Verified Splits: 32 of 64
Current worst splitting domains lb-rhs (depth):
-1.06160 (10), -1.05994 (10), -1.03696 (10), -1.03365 (10), -1.01058 (10), -1.00966 (10), -0.99436 (10), -0.99338 (10), -0.80992 (10), -0.79650 (10), -0.77270 (10), -0.75372 (10), -0.67432 (10), -0.65567 (10), -0.65282 (10), -0.62784 (10), -0.45923 (10), -0.42880 (10), -0.42865 (10), -0.42376 (10), 
Length of domains: 32
Current (lb-rhs): -1.0616002082824707
200 domains visited
Time: pickout 0.0177    decision 0.0914    set_bounds 0.0034    solve 0.8152    add 0.0018    
Accumulated time: pickout 0.0318    decision 0.2247    set_bounds 0.0128    solve 2.7706    add 0.0114    
Cumulative time: 3.081732988357544

BaB round 4
batch: 32
splitting decisions: 
split level 0: [/input-3, 36] [/input-3, 36] [/input-3, 36] [/input-3, 36] [/input-3, 36] [/input-3, 36] [/input-3, 36] [/input-3, 36] [/input-3, 36] [/input-3, 36] 
best_l after optimization: -26.3238525390625
beta sum per layer: [166.566162109375, 34.9631233215332]
alpha/beta optimization time: 0.8324453830718994
pruning_in_iteration open status: True
ratio of positive domain = 14 / 64 = 0.21875
pruning-in-iteration extra time: 0.044229984283447266
torch.Size([64, 1])
Time: prepare 0.0040    bound 0.8336    transfer 0.0016    finalize 0.0044    func 0.8436    
Accumulated time: func 3.6116    prepare 0.0560    bound 3.5603    transfer 0.0078    finalize 0.0242    
max lb tensor(9.99999975e-05) min lb tensor(-0.96412897)
Number of Verified Splits: 14 of 64
Current worst splitting domains lb-rhs (depth):
-0.96413 (11), -0.96010 (11), -0.94064 (11), -0.93466 (11), -0.91136 (11), -0.90740 (11), -0.89528 (11), -0.89063 (11), -0.88919 (11), -0.86566 (11), -0.86435 (11), -0.85944 (11), -0.84854 (11), -0.84171 (11), -0.83321 (11), -0.82232 (11), -0.72146 (11), -0.70639 (11), -0.68446 (11), -0.66436 (11), 
Length of domains: 50
Current (lb-rhs): -0.9641289710998535
264 domains visited
Time: pickout 0.0201    decision 0.0771    set_bounds 0.0029    solve 0.8445    add 0.0034    
Accumulated time: pickout 0.0519    decision 0.3018    set_bounds 0.0158    solve 3.6151    add 0.0148    
Cumulative time: 4.030095338821411

BaB round 5
batch: 50
splitting decisions: 
split level 0: [/input, 108] [/input, 73] [/input, 108] [/input, 108] [/input, 73] [/input, 108] [/input, 108] [/input, 73] [/input, 108] [/input, 108] 
best_l after optimization: -38.618072509765625
beta sum per layer: [290.12493896484375, 52.42057418823242]
alpha/beta optimization time: 0.7168686389923096
pruning_in_iteration open status: False
ratio of positive domain = 8 / 100 = 0.07999999999999996
pruning-in-iteration extra time: 0.000316619873046875
torch.Size([100, 1])
Time: prepare 0.0067    bound 0.7194    transfer 0.0009    finalize 0.0049    func 0.7319    
Accumulated time: func 4.3435    prepare 0.0702    bound 4.2798    transfer 0.0087    finalize 0.0291    
max lb tensor(0.07029259) min lb tensor(-0.87187719)
Number of Verified Splits: 8 of 100
Current worst splitting domains lb-rhs (depth):
-0.87188 (12), -0.86788 (12), -0.84610 (12), -0.83963 (12), -0.82119 (12), -0.81721 (12), -0.80307 (12), -0.80003 (12), -0.78186 (12), -0.78074 (12), -0.77581 (12), -0.75974 (12), -0.75935 (12), -0.75333 (12), -0.75122 (12), -0.74917 (12), -0.74347 (12), -0.74137 (12), -0.73870 (12), -0.72913 (12), 
Length of domains: 92
Current (lb-rhs): -0.8718771934509277
364 domains visited
Time: pickout 0.0113    decision 0.0850    set_bounds 0.0033    solve 0.7325    add 0.0063    
Accumulated time: pickout 0.0632    decision 0.3868    set_bounds 0.0190    solve 4.3476    add 0.0211    
Cumulative time: 4.868762731552124

BaB round 6
batch: 92
splitting decisions: 
split level 0: [/input, 234] [/input, 73] [/input, 234] [/input, 73] [/input, 73] [/input, 234] [/input, 234] [/input, 73] [/input, 234] [/input, 234] 
best_l after optimization: -52.85670852661133
beta sum per layer: [627.8033447265625, 86.44071960449219]
alpha/beta optimization time: 0.8534417152404785
pruning_in_iteration open status: True
ratio of positive domain = 46 / 184 = 0.25
pruning-in-iteration extra time: 0.03791165351867676
torch.Size([184, 1])
Time: prepare 0.0054    bound 0.8546    transfer 0.0024    finalize 0.0092    func 0.8717    
Accumulated time: func 5.2153    prepare 0.0817    bound 5.1344    transfer 0.0111    finalize 0.0383    
max lb tensor(9.99999975e-05) min lb tensor(-0.79725623)
Number of Verified Splits: 46 of 184
Current worst splitting domains lb-rhs (depth):
-0.79726 (13), -0.79516 (13), -0.77694 (13), -0.77309 (13), -0.74795 (13), -0.74564 (13), -0.73507 (13), -0.73214 (13), -0.70485 (13), -0.69683 (13), -0.68622 (13), -0.68058 (13), -0.67479 (13), -0.66342 (13), -0.65970 (13), -0.65775 (13), -0.64926 (13), -0.64488 (13), -0.64408 (13), -0.64317 (13), 
Length of domains: 138
Current (lb-rhs): -0.7972562313079834
548 domains visited
Time: pickout 0.0213    decision 0.1122    set_bounds 0.0044    solve 0.8737    add 0.0047    
Accumulated time: pickout 0.0845    decision 0.4990    set_bounds 0.0234    solve 5.2212    add 0.0258    
Cumulative time: 5.885550498962402

BaB round 7
batch: 138
splitting decisions: 
split level 0: [/input, 108] [/input, 234] [/input, 108] [/input, 234] [/input, 108] [/input, 73] [/input, 108] [/input, 73] [/input, 108] [/input, 234] 
best_l after optimization: -66.35548400878906
beta sum per layer: [1043.39892578125, 122.85319519042969]
alpha/beta optimization time: 0.6667027473449707
pruning_in_iteration open status: True
ratio of positive domain = 71 / 276 = 0.25724637681159424
pruning-in-iteration extra time: 0.03716135025024414
torch.Size([276, 1])
Time: prepare 0.0091    bound 0.6680    transfer 0.0008    finalize 0.0045    func 0.6825    
Accumulated time: func 5.8978    prepare 0.0968    bound 5.8024    transfer 0.0119    finalize 0.0428    
max lb tensor(9.99999975e-05) min lb tensor(-0.72178388)
Number of Verified Splits: 71 of 276
Current worst splitting domains lb-rhs (depth):
-0.72178 (14), -0.71791 (14), -0.69892 (14), -0.69567 (14), -0.66833 (14), -0.66616 (14), -0.65557 (14), -0.65233 (14), -0.63951 (14), -0.63409 (14), -0.62808 (14), -0.61984 (14), -0.61312 (14), -0.61076 (14), -0.60942 (14), -0.60338 (14), -0.59902 (14), -0.59754 (14), -0.59724 (14), -0.59456 (14), 
Length of domains: 205
Current (lb-rhs): -0.7217838764190674
824 domains visited
Time: pickout 0.0231    decision 0.1587    set_bounds 0.0086    solve 0.6833    add 0.0020    
Accumulated time: pickout 0.1076    decision 0.6577    set_bounds 0.0321    solve 5.9046    add 0.0278    
Cumulative time: 6.761841297149658

BaB round 8
batch: 205
splitting decisions: 
split level 0: [/input, 155] [/input, 155] [/input, 155] [/input, 155] [/input, 155] [/input, 155] [/input, 155] [/input, 155] [/input, 73] [/input, 108] 
best_l after optimization: -77.84291076660156
beta sum per layer: [1810.616943359375, 123.35067749023438]
alpha/beta optimization time: 0.45865821838378906
pruning_in_iteration open status: True
ratio of positive domain = 111 / 410 = 0.2707317073170732
pruning-in-iteration extra time: 0.01909923553466797
torch.Size([410, 1])
Time: prepare 0.0087    bound 0.4597    transfer 0.0005    finalize 0.0061    func 0.4752    
Accumulated time: func 6.3730    prepare 0.1069    bound 6.2621    transfer 0.0123    finalize 0.0489    
max lb tensor(9.99999975e-05) min lb tensor(-0.64985061)
Number of Verified Splits: 111 of 410
Current worst splitting domains lb-rhs (depth):
-0.64985 (15), -0.64317 (15), -0.62840 (15), -0.62082 (15), -0.59847 (15), -0.59258 (15), -0.58701 (15), -0.57849 (15), -0.57182 (15), -0.57040 (15), -0.56124 (15), -0.55101 (15), -0.55055 (15), -0.54836 (15), -0.54207 (15), -0.53903 (15), -0.53505 (15), -0.52945 (15), -0.52743 (15), -0.52491 (15), 
Length of domains: 299
Current (lb-rhs): -0.649850606918335
1234 domains visited
Time: pickout 0.0281    decision 0.0464    set_bounds 0.0100    solve 0.4766    add 0.0029    
Accumulated time: pickout 0.1358    decision 0.7041    set_bounds 0.0421    solve 6.3811    add 0.0307    
Cumulative time: 7.3264548778533936

BaB round 9
batch: 299
splitting decisions: 
split level 0: [/input, 130] [/input, 130] [/input-3, 127] [/input-3, 127] [/input, 130] [/input, 130] [/input-3, 127] [/input-3, 127] [/input-3, 127] [/input-3, 127] 
best_l after optimization: -83.38743591308594
beta sum per layer: [2619.150634765625, 330.673583984375]
alpha/beta optimization time: 0.48775291442871094
pruning_in_iteration open status: True
ratio of positive domain = 194 / 598 = 0.32441471571906355
pruning-in-iteration extra time: 0.025850772857666016
torch.Size([598, 1])
Time: prepare 0.0134    bound 0.4888    transfer 0.0013    finalize 0.0116    func 0.5152    
Accumulated time: func 6.8882    prepare 0.1221    bound 6.7509    transfer 0.0136    finalize 0.0605    
max lb tensor(0.00112247) min lb tensor(-0.58910942)
Number of Verified Splits: 194 of 598
Current worst splitting domains lb-rhs (depth):
-0.58911 (16), -0.58200 (16), -0.56712 (16), -0.56050 (16), -0.53704 (16), -0.53188 (16), -0.52640 (16), -0.51850 (16), -0.51426 (16), -0.51009 (16), -0.50096 (16), -0.49408 (16), -0.48457 (16), -0.48334 (16), -0.48239 (16), -0.47579 (16), -0.46994 (16), -0.46902 (16), -0.46530 (16), -0.46417 (16), 
Length of domains: 404
Current (lb-rhs): -0.5891094207763672
1832 domains visited
Time: pickout 0.0395    decision 0.0651    set_bounds 0.0143    solve 0.5161    add 0.0019    
Accumulated time: pickout 0.1752    decision 0.7692    set_bounds 0.0564    solve 6.8972    add 0.0326    
Cumulative time: 7.964083671569824

BaB round 10
batch: 404
splitting decisions: 
split level 0: [/input-3, 127] [/input-3, 127] [/input, 130] [/input, 130] [/input-3, 127] [/input-3, 127] [/input, 130] [/input, 130] [/input, 85] [/input, 85] 
best_l after optimization: -74.58596801757812
beta sum per layer: [3236.088623046875, 596.0792236328125]
alpha/beta optimization time: 0.7637999057769775
pruning_in_iteration open status: True
ratio of positive domain = 362 / 808 = 0.448019801980198
pruning-in-iteration extra time: 0.0348665714263916
torch.Size([808, 1])
Time: prepare 0.0174    bound 0.7648    transfer 0.0005    finalize 0.0153    func 0.7981    
Accumulated time: func 7.6862    prepare 0.1410    bound 7.5157    transfer 0.0142    finalize 0.0757    
max lb tensor(9.99999975e-05) min lb tensor(-0.53535485)
Number of Verified Splits: 362 of 808
Current worst splitting domains lb-rhs (depth):
-0.53535 (17), -0.52740 (17), -0.51380 (17), -0.50467 (17), -0.48401 (17), -0.47678 (17), -0.47100 (17), -0.46240 (17), -0.46049 (17), -0.45818 (17), -0.44972 (17), -0.43762 (17), -0.43426 (17), -0.42917 (17), -0.42685 (17), -0.42467 (17), -0.41644 (17), -0.41151 (17), -0.41084 (17), -0.40554 (17), 
Length of domains: 446
Current (lb-rhs): -0.5353548526763916
2640 domains visited
Time: pickout 0.0427    decision 0.0797    set_bounds 0.0185    solve 0.7989    add 0.0022    
Accumulated time: pickout 0.2179    decision 0.8489    set_bounds 0.0749    solve 7.6961    add 0.0348    
Cumulative time: 8.907273530960083

BaB round 11
batch: 446
splitting decisions: 
split level 0: [/input, 85] [/input, 85] [/input, 85] [/input, 85] [/input, 30] [/input, 30] [/input, 85] [/input, 85] [/input, 160] [/input, 160] 
best_l after optimization: -54.2023811340332
beta sum per layer: [3262.738525390625, 632.43017578125]
alpha/beta optimization time: 0.45730066299438477
pruning_in_iteration open status: True
ratio of positive domain = 503 / 892 = 0.5639013452914798
pruning-in-iteration extra time: 0.025109291076660156
torch.Size([892, 1])
Time: prepare 0.0175    bound 0.4583    transfer 0.0006    finalize 0.0135    func 0.4900    
Accumulated time: func 8.1762    prepare 0.1603    bound 7.9740    transfer 0.0147    finalize 0.0892    
max lb tensor(9.99999975e-05) min lb tensor(-0.48826027)
Number of Verified Splits: 503 of 892
Current worst splitting domains lb-rhs (depth):
-0.48826 (18), -0.48078 (18), -0.46961 (18), -0.46011 (18), -0.44235 (18), -0.43405 (18), -0.43074 (18), -0.42094 (18), -0.41503 (18), -0.40717 (18), -0.40390 (18), -0.38923 (18), -0.38895 (18), -0.38326 (18), -0.38213 (18), -0.37925 (18), -0.37392 (18), -0.36793 (18), -0.36185 (18), -0.36160 (18), 
Length of domains: 389
Current (lb-rhs): -0.48826026916503906
3532 domains visited
Time: pickout 0.0459    decision 0.0727    set_bounds 0.0207    solve 0.4908    add 0.0016    
Accumulated time: pickout 0.2638    decision 0.9216    set_bounds 0.0956    solve 8.1869    add 0.0365    
Cumulative time: 9.540269613265991

BaB round 12
batch: 389
splitting decisions: 
split level 0: [/input, 160] [/input-3, 16] [/input, 160] [/input, 160] [/input, 160] [/input, 85] [/input, 160] [/input, 160] [/input, 130] [/input, 130] 
best_l after optimization: -54.157039642333984
beta sum per layer: [2728.61279296875, 562.51220703125]
alpha/beta optimization time: 0.4975409507751465
pruning_in_iteration open status: True
ratio of positive domain = 382 / 778 = 0.49100257069408737
pruning-in-iteration extra time: 0.028492212295532227
torch.Size([778, 1])
Time: prepare 0.0170    bound 0.4985    transfer 0.0005    finalize 0.0125    func 0.5287    
Accumulated time: func 8.7049    prepare 0.1788    bound 8.4725    transfer 0.0152    finalize 0.1017    
max lb tensor(9.99999975e-05) min lb tensor(-0.42050266)
Number of Verified Splits: 382 of 778
Current worst splitting domains lb-rhs (depth):
-0.42050 (19), -0.41508 (19), -0.41111 (19), -0.39983 (19), -0.39678 (19), -0.39580 (19), -0.39203 (19), -0.38011 (19), -0.37590 (19), -0.37016 (19), -0.36335 (19), -0.35684 (19), -0.35613 (19), -0.35019 (19), -0.34695 (19), -0.34562 (19), -0.33819 (19), -0.33595 (19), -0.33183 (19), -0.32539 (19), 
Length of domains: 396
Current (lb-rhs): -0.4205026626586914
4310 domains visited
Time: pickout 0.0474    decision 0.0660    set_bounds 0.0196    solve 0.5294    add 0.0015    
Accumulated time: pickout 0.3112    decision 0.9876    set_bounds 0.1152    solve 8.7162    add 0.0380    
Cumulative time: 10.205591440200806

BaB round 13
batch: 396
splitting decisions: 
split level 0: [/input-3, 60] [/input-3, 60] [/input-3, 60] [/input-3, 60] [/input, 85] [/input, 160] [/input-3, 16] [/input-3, 16] [/input-3, 60] [/input-3, 60] 
best_l after optimization: -38.32652282714844
beta sum per layer: [2621.59033203125, 427.7919921875]
alpha/beta optimization time: 0.45125532150268555
pruning_in_iteration open status: True
ratio of positive domain = 487 / 792 = 0.6148989898989898
pruning-in-iteration extra time: 0.024405241012573242
torch.Size([792, 1])
Time: prepare 0.0157    bound 0.4526    transfer 0.0017    finalize 0.0150    func 0.4852    
Accumulated time: func 9.1901    prepare 0.1961    bound 8.9251    transfer 0.0170    finalize 0.1167    
max lb tensor(9.99999975e-05) min lb tensor(-0.38001394)
Number of Verified Splits: 487 of 792
Current worst splitting domains lb-rhs (depth):
-0.38001 (20), -0.37450 (20), -0.36944 (20), -0.35921 (20), -0.35513 (20), -0.35408 (20), -0.35067 (20), -0.33760 (20), -0.33315 (20), -0.32708 (20), -0.32092 (20), -0.31358 (20), -0.31292 (20), -0.30631 (20), -0.30403 (20), -0.30247 (20), -0.29586 (20), -0.29361 (20), -0.28709 (20), -0.28019 (20), 
Length of domains: 305
Current (lb-rhs): -0.38001394271850586
5102 domains visited
Time: pickout 0.0463    decision 0.0699    set_bounds 0.0177    solve 0.4861    add 0.0027    
Accumulated time: pickout 0.3575    decision 1.0574    set_bounds 0.1329    solve 9.2023    add 0.0407    
Cumulative time: 10.829384326934814

BaB round 14
batch: 305
splitting decisions: 
split level 0: [/input, 78] [/input, 78] [/input-3, 60] [/input, 78] [/input, 78] [/input, 78] [/input, 78] [/input, 78] [/input, 78] [/input, 78] 
best_l after optimization: -29.429283142089844
beta sum per layer: [1978.70654296875, 300.58721923828125]
alpha/beta optimization time: 0.7070915699005127
pruning_in_iteration open status: True
ratio of positive domain = 320 / 610 = 0.5245901639344263
pruning-in-iteration extra time: 0.037969112396240234
torch.Size([610, 1])
Time: prepare 0.0177    bound 0.7084    transfer 0.0005    finalize 0.0083    func 0.7350    
Accumulated time: func 9.9251    prepare 0.2235    bound 9.6334    transfer 0.0175    finalize 0.1250    
max lb tensor(9.99999975e-05) min lb tensor(-0.31657577)
Number of Verified Splits: 320 of 610
Current worst splitting domains lb-rhs (depth):
-0.31658 (21), -0.31278 (21), -0.30763 (21), -0.29554 (21), -0.29552 (21), -0.29045 (21), -0.28921 (21), -0.27737 (21), -0.27073 (21), -0.26649 (21), -0.25911 (21), -0.25287 (21), -0.25104 (21), -0.24505 (21), -0.24333 (21), -0.23911 (21), -0.23240 (21), -0.22938 (21), -0.22892 (21), -0.22841 (21), 
Length of domains: 290
Current (lb-rhs): -0.3165757656097412
5712 domains visited
Time: pickout 0.0465    decision 0.4222    set_bounds 0.0183    solve 0.7369    add 0.0015    
Accumulated time: pickout 0.4040    decision 1.4797    set_bounds 0.1512    solve 9.9392    add 0.0422    
Cumulative time: 12.056180953979492

BaB round 15
batch: 290
splitting decisions: 
split level 0: [/input-3, 60] [/input-3, 16] [/input, 78] [/input-3, 16] [/input, 160] [/input, 78] [/input, 78] [/input, 30] [/input-3, 16] [/input, 78] 
best_l after optimization: -17.94007110595703
beta sum per layer: [1603.260498046875, 207.7937774658203]
alpha/beta optimization time: 0.5116691589355469
pruning_in_iteration open status: True
ratio of positive domain = 378 / 580 = 0.6517241379310346
pruning-in-iteration extra time: 0.030969619750976562
torch.Size([580, 1])
Time: prepare 0.0133    bound 0.5127    transfer 0.0016    finalize 0.0075    func 0.5361    
Accumulated time: func 10.4612    prepare 0.2384    bound 10.1461    transfer 0.0190    finalize 0.1325    
max lb tensor(9.99999975e-05) min lb tensor(-0.27657092)
Number of Verified Splits: 378 of 580
Current worst splitting domains lb-rhs (depth):
-0.27657 (22), -0.27241 (22), -0.26829 (22), -0.25620 (22), -0.25504 (22), -0.25041 (22), -0.24885 (22), -0.23767 (22), -0.22859 (22), -0.22403 (22), -0.21571 (22), -0.21003 (22), -0.20895 (22), -0.20307 (22), -0.20239 (22), -0.19700 (22), -0.18909 (22), -0.18705 (22), -0.18602 (22), -0.18578 (22), 
Length of domains: 202
Current (lb-rhs): -0.2765709161758423
6292 domains visited
Time: pickout 0.0374    decision 0.0558    set_bounds 0.0134    solve 0.5376    add 0.0034    
Accumulated time: pickout 0.4414    decision 1.5355    set_bounds 0.1646    solve 10.4768    add 0.0457    
Cumulative time: 12.70586347579956

BaB round 16
batch: 202
splitting decisions: 
split level 0: [/input-3, 25] [/input-3, 25] [/input-3, 25] [/input-3, 25] [/input-3, 25] [/input-3, 25] [/input-3, 25] [/input-3, 25] [/input-3, 25] [/input-3, 25] 
best_l after optimization: -10.71311092376709
beta sum per layer: [942.0269775390625, 133.15237426757812]
alpha/beta optimization time: 0.5229611396789551
pruning_in_iteration open status: True
ratio of positive domain = 256 / 404 = 0.6336633663366337
pruning-in-iteration extra time: 0.026762008666992188
torch.Size([404, 1])
Time: prepare 0.0115    bound 0.5241    transfer 0.0005    finalize 0.0057    func 0.5419    
Accumulated time: func 11.0032    prepare 0.2518    bound 10.6702    transfer 0.0195    finalize 0.1383    
max lb tensor(9.99999975e-05) min lb tensor(-0.23900795)
Number of Verified Splits: 256 of 404
Current worst splitting domains lb-rhs (depth):
-0.23901 (23), -0.23459 (23), -0.22983 (23), -0.21710 (23), -0.21589 (23), -0.21129 (23), -0.20933 (23), -0.19820 (23), -0.18980 (23), -0.18516 (23), -0.17578 (23), -0.16995 (23), -0.16903 (23), -0.16411 (23), -0.16229 (23), -0.15747 (23), -0.15154 (23), -0.14954 (23), -0.14577 (23), -0.14504 (23), 
Length of domains: 148
Current (lb-rhs): -0.23900794982910156
6696 domains visited
Time: pickout 0.0354    decision 0.0538    set_bounds 0.0120    solve 0.5433    add 0.0032    
Accumulated time: pickout 0.4768    decision 1.5893    set_bounds 0.1767    solve 11.0202    add 0.0488    
Cumulative time: 13.35496997833252

BaB round 17
batch: 148
splitting decisions: 
split level 0: [/input-3, 27] [/input-3, 27] [/input-3, 27] [/input-3, 27] [/input-3, 27] [/input-3, 27] [/input-3, 27] [/input-3, 27] [/input-3, 27] [/input-3, 27] 
best_l after optimization: -5.166543483734131
beta sum per layer: [580.8663330078125, 92.74559020996094]
alpha/beta optimization time: 0.8691525459289551
pruning_in_iteration open status: True
ratio of positive domain = 208 / 296 = 0.7027027027027026
pruning-in-iteration extra time: 0.050653696060180664
torch.Size([296, 1])
Time: prepare 0.0078    bound 0.8707    transfer 0.0019    finalize 0.0081    func 0.8886    
Accumulated time: func 11.8918    prepare 0.2612    bound 11.5408    transfer 0.0214    finalize 0.1464    
max lb tensor(9.99999975e-05) min lb tensor(-0.17471683)
Number of Verified Splits: 208 of 296
Current worst splitting domains lb-rhs (depth):
-0.17472 (24), -0.17014 (24), -0.16664 (24), -0.15402 (24), -0.15157 (24), -0.14736 (24), -0.14482 (24), -0.13446 (24), -0.12494 (24), -0.12012 (24), -0.11128 (24), -0.10530 (24), -0.10419 (24), -0.10173 (24), -0.09860 (24), -0.09830 (24), -0.09639 (24), -0.09496 (24), -0.09399 (24), -0.09294 (24), 
Length of domains: 88
Current (lb-rhs): -0.17471683025360107
6992 domains visited
Time: pickout 0.0239    decision 0.0395    set_bounds 0.0087    solve 0.8895    add 0.0017    
Accumulated time: pickout 0.5007    decision 1.6288    set_bounds 0.1854    solve 11.9097    add 0.0505    
Cumulative time: 14.319144248962402

BaB round 18
batch: 88
splitting decisions: 
split level 0: [/input-3, 27] [/input-3, 25] [/input, 135] [/input, 135] [/input-3, 27] [/input, 135] [/input, 135] [/input, 135] [/input, 205] [/input, 135] 
best_l after optimization: -2.2982840538024902
beta sum per layer: [241.13140869140625, 46.69670486450195]
alpha/beta optimization time: 0.7943940162658691
pruning_in_iteration open status: True
ratio of positive domain = 126 / 176 = 0.7159090909090908
pruning-in-iteration extra time: 0.04244232177734375
torch.Size([176, 1])
Time: prepare 0.0058    bound 0.7957    transfer 0.0019    finalize 0.0114    func 0.8148    
Accumulated time: func 12.7066    prepare 0.2745    bound 12.3365    transfer 0.0233    finalize 0.1578    
max lb tensor(9.99999975e-05) min lb tensor(-0.13611543)
Number of Verified Splits: 126 of 176
Current worst splitting domains lb-rhs (depth):
-0.13612 (25), -0.13143 (25), -0.12801 (25), -0.11505 (25), -0.11333 (25), -0.10969 (25), -0.10620 (25), -0.09554 (25), -0.08755 (25), -0.08264 (25), -0.07400 (25), -0.06786 (25), -0.06713 (25), -0.06182 (25), -0.05968 (25), -0.05264 (25), -0.04969 (25), -0.04803 (25), -0.04459 (25), -0.04453 (25), 
Length of domains: 50
Current (lb-rhs): -0.1361154317855835
7168 domains visited
Time: pickout 0.0181    decision 0.1150    set_bounds 0.0054    solve 0.8165    add 0.0039    
Accumulated time: pickout 0.5188    decision 1.7437    set_bounds 0.1908    solve 12.7262    add 0.0544    
Cumulative time: 15.27897334098816

BaB round 19
batch: 50
splitting decisions: 
split level 0: [/input, 205] [/input, 205] [/input, 205] [/input, 205] [/input, 205] [/input, 205] [/input, 205] [/input, 205] [/input, 205] [/input-3, 88] 
best_l after optimization: -0.8146589994430542
beta sum per layer: [109.60144805908203, 17.13494110107422]
alpha/beta optimization time: 0.9669363498687744
pruning_in_iteration open status: True
ratio of positive domain = 80 / 100 = 0.8
pruning-in-iteration extra time: 0.05177736282348633
torch.Size([100, 1])
Time: prepare 0.0050    bound 0.9688    transfer 0.0019    finalize 0.0062    func 0.9820    
Accumulated time: func 13.6886    prepare 0.2862    bound 13.3053    transfer 0.0252    finalize 0.1640    
max lb tensor(9.99999975e-05) min lb tensor(-0.09307790)
Number of Verified Splits: 80 of 100
Current worst splitting domains lb-rhs (depth):
-0.09308 (26), -0.08839 (26), -0.08407 (26), -0.07173 (26), -0.07028 (26), -0.06616 (26), -0.06398 (26), -0.05270 (26), -0.04513 (26), -0.04095 (26), -0.03210 (26), -0.02643 (26), -0.02511 (26), -0.01993 (26), -0.01941 (26), -0.01154 (26), -0.00454 (26), -0.00453 (26), -0.00247 (26), -0.00012 (26), 
Length of domains: 20
Current (lb-rhs): -0.0930778980255127
7268 domains visited
Time: pickout 0.0202    decision 0.0946    set_bounds 0.0049    solve 0.9827    add 0.0031    
Accumulated time: pickout 0.5390    decision 1.8384    set_bounds 0.1957    solve 13.7089    add 0.0575    
Cumulative time: 16.386093616485596

BaB round 20
batch: 20
splitting decisions: 
split level 0: [/input, 98] [/input, 98] [/input, 98] [/input, 98] [/input, 98] [/input, 98] [/input, 98] [/input, 98] [/input, 98] [/input, 98] 
split level 1: [/input, 240] [/input, 240] [/input, 240] [/input, 240] [/input, 240] [/input, 240] [/input, 240] [/input, 240] [/input, 240] [/input, 240] 
best_l after optimization: -0.07966401427984238
beta sum per layer: [57.40226745605469, 0.0]
alpha/beta optimization time: -0.541978120803833
pruning_in_iteration open status: True
ratio of positive domain = 73 / 80 = 0.9125
pruning-in-iteration extra time: 0.06305241584777832
torch.Size([80, 1])
Time: prepare 0.0041    bound -0.5385    transfer 0.0027    finalize 0.0059    func -0.5257    
Accumulated time: func 13.1628    prepare 0.2970    bound 12.7668    transfer 0.0279    finalize 0.1699    
max lb tensor(9.99999975e-05) min lb tensor(-0.02770269)
Number of Verified Splits: 73 of 80
Current worst splitting domains lb-rhs (depth):
-0.02770 (28), -0.02349 (28), -0.01926 (28), -0.00721 (28), -0.00631 (28), -0.00285 (28), -0.00014 (28), 
Length of domains: 7
Current (lb-rhs): -0.027702689170837402
7348 domains visited
Time: pickout 0.0111    decision 0.0744    set_bounds 0.0038    solve -0.5247    add 0.0021    
Accumulated time: pickout 0.5501    decision 1.9128    set_bounds 0.1995    solve 13.1843    add 0.0596    
Cumulative time: 15.953530073165894

BaB round 21
batch: 7
splitting decisions: 
split level 0: [/input, 205] [/input, 205] [/input, 205] [/input, 205] [/input, 205] [/input, 205] [/input, 205] 
split level 1: [/input, 237] [/input, 237] [/input, 237] [/input, 237] [/input, 237] [/input, 237] [/input, 237] 
split level 2: [/input-3, 95] [/input-3, 95] [/input-3, 95] [/input-3, 95] [/input-3, 95] [/input-3, 95] [/input-3, 95] 

all verified at 0th iter
best_l after optimization: 14.938054084777832
beta sum per layer: [9.302799224853516, 0.0]
alpha/beta optimization time: 0.007834196090698242
pruning_in_iteration open status: False
ratio of positive domain = 56 / 56 = 1.0
pruning-in-iteration extra time: 0.00034618377685546875
torch.Size([56, 1])
Time: prepare 0.0053    bound 0.0090    transfer 0.0008    finalize 0.0061    func 0.0213    
Accumulated time: func 13.1841    prepare 0.3079    bound 12.7758    transfer 0.0287    finalize 0.1760    
max lb tensor(0.43902612) min lb tensor(0.09579170)
Number of Verified Splits: 56 of 56
Length of domains: 0
No domains left, verification finished!
Current (lb-rhs): 1.0000000116860974e-07
7404 domains visited
Time: pickout 0.0195    decision 0.0485    set_bounds 0.0039    solve 0.0225    add 0.0004    
Accumulated time: pickout 0.5696    decision 1.9613    set_bounds 0.2034    solve 13.2067    add 0.0600    
Cumulative time: 16.04864001274109

Result: safe in 18.6832 seconds

 %%%%%%%%%%%%%%%%%%%%%%%%%%%%%%%%%%% idx: 32, vnnlib ID: 32 %%%%%%%%%%%%%%%%%%%%%%%%%%%%%%%%%%%
Finished vnnlib processing in 0.008597 seconds
Model: BoundedModule(
  (/0): BoundInput(name=/0, inputs=[], perturbed=True)
  (/7): BoundParams(name=/7, inputs=[], perturbed=False)
  (/8): BoundParams(name=/8, inputs=[], perturbed=False)
  (/9): BoundParams(name=/9, inputs=[], perturbed=False)
  (/10): BoundParams(name=/10, inputs=[], perturbed=False)
  (/11): BoundParams(name=/11, inputs=[], perturbed=False)
  (/12): BoundParams(name=/12, inputs=[], perturbed=False)
  (/13): BoundFlatten(name=/13, inputs=[/0], perturbed=True)
  (/input): BoundLinear(name=/input, inputs=[/13, /7, /8], perturbed=True)
  (/15): BoundRelu(name=/15, inputs=[/input], perturbed=True)
  (/input-3): BoundLinear(name=/input-3, inputs=[/15, /9, /10], perturbed=True)
  (/17): BoundRelu(name=/17, inputs=[/input-3], perturbed=True)
  (/18): BoundLinear(name=/18, inputs=[/17, /11, /12], perturbed=True)
)
Original output in the first batch: tensor([[-11.82934284,  -5.18787289,  -5.15041304,  14.96237564,  -6.60832834,
           2.54075503, -16.96666336,  -7.54558897,   0.06067571,  -1.22491503]],
       device='cuda:0')
Split layers:
Nonlinear functions:
   BoundRelu(name=/15, inputs=[/input], perturbed=True)
   BoundRelu(name=/17, inputs=[/input-3], perturbed=True)
build batch [1/1]
layer /15 using sparse-features alpha with shape [55]; unstable size 55; total size 256 ([1, 256])
layer /15 start_node /input-3 using sparse-spec alpha [2, 27, 1, 55] with unstable size 26 total_size 128 output_shape torch.Size([128])
layer /15 start_node /18 using full alpha [2, 9, 1, 55] with unstable size None total_size 9 output_shape 9
layer /17 using sparse-features alpha with shape [26]; unstable size 26; total size 128 ([1, 128])
layer /17 start_node /18 using full alpha [2, 9, 1, 26] with unstable size None total_size 9 output_shape 9
Optimizable variables initialized.
initial CROWN bounds (first 10 items): [22.765291213989258, 16.770143508911133, 16.809192657470703, 16.84477424621582, 8.37258529663086, 26.826244354248047, 18.285913467407227, 11.556055068969727, 12.537128448486328]
Verified with initial CROWN!
verified with init bound!
Result: safe-incomplete in 0.3878 seconds

 %%%%%%%%%%%%%%%%%%%%%%%%%%%%%%%%%%% idx: 33, vnnlib ID: 33 %%%%%%%%%%%%%%%%%%%%%%%%%%%%%%%%%%%
Finished vnnlib processing in 0.009488 seconds
Model: BoundedModule(
  (/0): BoundInput(name=/0, inputs=[], perturbed=True)
  (/7): BoundParams(name=/7, inputs=[], perturbed=False)
  (/8): BoundParams(name=/8, inputs=[], perturbed=False)
  (/9): BoundParams(name=/9, inputs=[], perturbed=False)
  (/10): BoundParams(name=/10, inputs=[], perturbed=False)
  (/11): BoundParams(name=/11, inputs=[], perturbed=False)
  (/12): BoundParams(name=/12, inputs=[], perturbed=False)
  (/13): BoundFlatten(name=/13, inputs=[/0], perturbed=True)
  (/input): BoundLinear(name=/input, inputs=[/13, /7, /8], perturbed=True)
  (/15): BoundRelu(name=/15, inputs=[/input], perturbed=True)
  (/input-3): BoundLinear(name=/input-3, inputs=[/15, /9, /10], perturbed=True)
  (/17): BoundRelu(name=/17, inputs=[/input-3], perturbed=True)
  (/18): BoundLinear(name=/18, inputs=[/17, /11, /12], perturbed=True)
)
Original output in the first batch: tensor([[ 2.93680763, -6.85213423, -2.92659235, -8.57024479,  5.88298416,
         -1.64075196, -0.08277658, -3.59928322, -3.58420515, -1.12358427]],
       device='cuda:0')
Split layers:
Nonlinear functions:
   BoundRelu(name=/15, inputs=[/input], perturbed=True)
   BoundRelu(name=/17, inputs=[/input-3], perturbed=True)
build batch [1/1]
layer /15 using sparse-features alpha with shape [51]; unstable size 51; total size 256 ([1, 256])
layer /15 start_node /input-3 using sparse-spec alpha [2, 27, 1, 51] with unstable size 26 total_size 128 output_shape torch.Size([128])
layer /15 start_node /18 using full alpha [2, 9, 1, 51] with unstable size None total_size 9 output_shape 9
layer /17 using sparse-features alpha with shape [26]; unstable size 26; total size 128 ([1, 128])
layer /17 start_node /18 using full alpha [2, 9, 1, 26] with unstable size None total_size 9 output_shape 9
Optimizable variables initialized.
initial CROWN bounds (first 10 items): [-0.19967681169509888, 10.335054397583008, 6.266506195068359, 11.248300552368164, 4.547643661499023, 2.881624698638916, 6.641879558563232, 6.644852161407471, 3.967360258102417]
prune_after_crown optimization in use
  original spec size = torch.Size([1, 9])
  pruned spec size = torch.Size([1, 1])
Using alpha-CROWN to initialize bounds.
Early stop at 43th iter due to 10 iterations no improvement!
best_l after optimization: -0.13515925407409668
alpha/beta optimization time: 1.2658627033233643
initial alpha-crown bounds (first 10 items): [-0.13515925407409668]
Global lower bound: -0.13515925407409668
torch.Size([1, 1])
8 / 9 OR specs are verified.
Verified OR indices (first 10 items): [1, 2, 3, 4, 5, 6, 7, 8]
Verified OR lbs (first 10 items): [[inf], [inf], [inf], [inf], [inf], [inf], [inf], [inf]]
Unverified OR indices (first 10 items): [0]
Unverified OR lbs (first 10 items): [[-0.13515925407409668]]
###### Verifying property Instance 33 ######
Batch size: 1
First 10 spec matrices
C: tensor([[[-1.,  0.,  0.,  0.,  1.,  0.,  0.,  0.,  0.,  0.]]], device='cuda:0')
RHS: tensor([[0.]], device='cuda:0')
OR spec sizes: tensor([1], device='cuda:0', dtype=torch.int32)
Remaining timeout: 28.191866159439087
Model prediction is: tensor([ 2.93680763, -6.85213423, -2.92659235, -8.57024479,  5.88298416,
        -1.64075196, -0.08277658, -3.59928322, -3.58420515, -1.12358427],
       device='cuda:0')
Activation BaB batch 1/1 
build_with_refined_bounds batch [1/1]
Optimizable variables initialized.
all alpha initialized
directly get lb and ub from refined bounds
c shape: torch.Size([1, 1, 10])
lA shapes: [torch.Size([1, 1, 256]), torch.Size([1, 1, 128])]
torch.Size([1, 1])
(alpha-)CROWN with fixed intermediate bounds: tensor([[-0.13515925]], device='cuda:0') tensor([[inf]], device='cuda:0')
Intermediate layers: /input,/input-3
Keeping alphas for these layers: ['/18']
Node /15 input 0: size torch.Size([256]) unstable 51
Node /17 input 0: size torch.Size([128]) unstable 25
-----------------
# of unstable neurons: 76
-----------------

BaB round 1
batch: 1
splitting decisions: 
split level 0: [/input, 107] 
split level 1: [/input, 80] 
split level 2: [/input-3, 74] 
split level 3: [/input, 203] 
split level 4: [/input-3, 67] 
split level 5: [/input-3, 81] 

all verified at 0th iter
best_l after optimization: 31.7966365814209
beta sum per layer: [0.0, 0.0]
alpha/beta optimization time: 0.008882999420166016
pruning_in_iteration open status: False
ratio of positive domain = 64 / 64 = 1.0
pruning-in-iteration extra time: 0.0003330707550048828
torch.Size([64, 1])
Time: prepare 0.0046    bound 0.0101    transfer 0.0008    finalize 0.0067    func 0.0224    
Accumulated time: func 0.0224    prepare 0.0136    bound 0.0101    transfer 0.0008    finalize 0.0067    
max lb tensor(0.79868984) min lb tensor(0.20287865)
Number of Verified Splits: 64 of 64
Length of domains: 0
No domains left, verification finished!
Current (lb-rhs): 1.0000000116860974e-07
64 domains visited
Time: pickout 0.0009    decision 0.0592    set_bounds 0.0052    solve 0.0233    add 0.0003    
Accumulated time: pickout 0.0009    decision 0.0592    set_bounds 0.0052    solve 0.0233    add 0.0003    
Cumulative time: 0.1259009838104248

Result: safe in 1.9409 seconds

 %%%%%%%%%%%%%%%%%%%%%%%%%%%%%%%%%%% idx: 34, vnnlib ID: 34 %%%%%%%%%%%%%%%%%%%%%%%%%%%%%%%%%%%
Finished vnnlib processing in 0.009098 seconds
Model: BoundedModule(
  (/0): BoundInput(name=/0, inputs=[], perturbed=True)
  (/7): BoundParams(name=/7, inputs=[], perturbed=False)
  (/8): BoundParams(name=/8, inputs=[], perturbed=False)
  (/9): BoundParams(name=/9, inputs=[], perturbed=False)
  (/10): BoundParams(name=/10, inputs=[], perturbed=False)
  (/11): BoundParams(name=/11, inputs=[], perturbed=False)
  (/12): BoundParams(name=/12, inputs=[], perturbed=False)
  (/13): BoundFlatten(name=/13, inputs=[/0], perturbed=True)
  (/input): BoundLinear(name=/input, inputs=[/13, /7, /8], perturbed=True)
  (/15): BoundRelu(name=/15, inputs=[/input], perturbed=True)
  (/input-3): BoundLinear(name=/input-3, inputs=[/15, /9, /10], perturbed=True)
  (/17): BoundRelu(name=/17, inputs=[/input-3], perturbed=True)
  (/18): BoundLinear(name=/18, inputs=[/17, /11, /12], perturbed=True)
)
Original output in the first batch: tensor([[ -4.84341288,  -3.08620501,   4.74957800,   3.19080710,  -8.63290787,
          -9.14966297, -17.76529121,  12.88574028,  -0.24098882,  -5.06525755]],
       device='cuda:0')
Split layers:
Nonlinear functions:
   BoundRelu(name=/15, inputs=[/input], perturbed=True)
   BoundRelu(name=/17, inputs=[/input-3], perturbed=True)
build batch [1/1]
layer /15 using sparse-features alpha with shape [61]; unstable size 61; total size 256 ([1, 256])
layer /15 start_node /input-3 using sparse-spec alpha [2, 27, 1, 61] with unstable size 26 total_size 128 output_shape torch.Size([128])
layer /15 start_node /18 using full alpha [2, 9, 1, 61] with unstable size None total_size 9 output_shape 9
layer /17 using sparse-features alpha with shape [26]; unstable size 26; total size 128 ([1, 128])
layer /17 start_node /18 using full alpha [2, 9, 1, 26] with unstable size None total_size 9 output_shape 9
Optimizable variables initialized.
initial CROWN bounds (first 10 items): [12.828329086303711, 12.234628677368164, 3.110699415206909, 5.901532173156738, 17.443500518798828, 16.779767990112305, 24.162384033203125, 7.807548522949219, 13.59681224822998]
Verified with initial CROWN!
verified with init bound!
Result: safe-incomplete in 0.3806 seconds

 %%%%%%%%%%%%%%%%%%%%%%%%%%%%%%%%%%% idx: 35, vnnlib ID: 35 %%%%%%%%%%%%%%%%%%%%%%%%%%%%%%%%%%%
Finished vnnlib processing in 0.008205 seconds
Model: BoundedModule(
  (/0): BoundInput(name=/0, inputs=[], perturbed=True)
  (/7): BoundParams(name=/7, inputs=[], perturbed=False)
  (/8): BoundParams(name=/8, inputs=[], perturbed=False)
  (/9): BoundParams(name=/9, inputs=[], perturbed=False)
  (/10): BoundParams(name=/10, inputs=[], perturbed=False)
  (/11): BoundParams(name=/11, inputs=[], perturbed=False)
  (/12): BoundParams(name=/12, inputs=[], perturbed=False)
  (/13): BoundFlatten(name=/13, inputs=[/0], perturbed=True)
  (/input): BoundLinear(name=/input, inputs=[/13, /7, /8], perturbed=True)
  (/15): BoundRelu(name=/15, inputs=[/input], perturbed=True)
  (/input-3): BoundLinear(name=/input-3, inputs=[/15, /9, /10], perturbed=True)
  (/17): BoundRelu(name=/17, inputs=[/input-3], perturbed=True)
  (/18): BoundLinear(name=/18, inputs=[/17, /11, /12], perturbed=True)
)
Original output in the first batch: tensor([[ -4.44870663,   2.28552389,  10.21178913,   0.28016773, -11.26663876,
          -1.90895844,  -9.73102379,  -0.16876630,   0.28468671,  -6.77928829]],
       device='cuda:0')
Split layers:
Nonlinear functions:
   BoundRelu(name=/15, inputs=[/input], perturbed=True)
   BoundRelu(name=/17, inputs=[/input-3], perturbed=True)
build batch [1/1]
layer /15 using sparse-features alpha with shape [51]; unstable size 51; total size 256 ([1, 256])
layer /15 start_node /input-3 using sparse-spec alpha [2, 23, 1, 51] with unstable size 22 total_size 128 output_shape torch.Size([128])
layer /15 start_node /18 using full alpha [2, 9, 1, 51] with unstable size None total_size 9 output_shape 9
layer /17 using sparse-features alpha with shape [22]; unstable size 22; total size 128 ([1, 128])
layer /17 start_node /18 using full alpha [2, 9, 1, 22] with unstable size None total_size 9 output_shape 9
Optimizable variables initialized.
initial CROWN bounds (first 10 items): [11.971476554870605, 5.571872711181641, 7.5093889236450195, 17.64480209350586, 8.29326057434082, 16.429712295532227, 8.187007904052734, 6.864060401916504, 13.447909355163574]
Verified with initial CROWN!
verified with init bound!
Result: safe-incomplete in 0.3407 seconds

 %%%%%%%%%%%%%%%%%%%%%%%%%%%%%%%%%%% idx: 36, vnnlib ID: 36 %%%%%%%%%%%%%%%%%%%%%%%%%%%%%%%%%%%
Finished vnnlib processing in 0.009269 seconds
Model: BoundedModule(
  (/0): BoundInput(name=/0, inputs=[], perturbed=True)
  (/7): BoundParams(name=/7, inputs=[], perturbed=False)
  (/8): BoundParams(name=/8, inputs=[], perturbed=False)
  (/9): BoundParams(name=/9, inputs=[], perturbed=False)
  (/10): BoundParams(name=/10, inputs=[], perturbed=False)
  (/11): BoundParams(name=/11, inputs=[], perturbed=False)
  (/12): BoundParams(name=/12, inputs=[], perturbed=False)
  (/13): BoundFlatten(name=/13, inputs=[/0], perturbed=True)
  (/input): BoundLinear(name=/input, inputs=[/13, /7, /8], perturbed=True)
  (/15): BoundRelu(name=/15, inputs=[/input], perturbed=True)
  (/input-3): BoundLinear(name=/input-3, inputs=[/15, /9, /10], perturbed=True)
  (/17): BoundRelu(name=/17, inputs=[/input-3], perturbed=True)
  (/18): BoundLinear(name=/18, inputs=[/17, /11, /12], perturbed=True)
)
Original output in the first batch: tensor([[ -3.68291855,  -2.50812793,   6.60251570,   1.88244069, -11.02600002,
          -7.74139404, -16.33421898,  12.64391136,  -2.17385006,  -3.05781198]],
       device='cuda:0')
Split layers:
Nonlinear functions:
   BoundRelu(name=/15, inputs=[/input], perturbed=True)
   BoundRelu(name=/17, inputs=[/input-3], perturbed=True)
build batch [1/1]
layer /15 using sparse-features alpha with shape [63]; unstable size 63; total size 256 ([1, 256])
layer /15 start_node /input-3 using sparse-spec alpha [2, 29, 1, 63] with unstable size 28 total_size 128 output_shape torch.Size([128])
layer /15 start_node /18 using full alpha [2, 9, 1, 63] with unstable size None total_size 9 output_shape 9
layer /17 using sparse-features alpha with shape [28]; unstable size 28; total size 128 ([1, 128])
layer /17 start_node /18 using full alpha [2, 9, 1, 28] with unstable size None total_size 9 output_shape 9
Optimizable variables initialized.
initial CROWN bounds (first 10 items): [11.191710472106934, 11.547151565551758, 1.7502200603485107, 6.741147041320801, 19.76923179626465, 15.458731651306152, 22.33139419555664, 9.836886405944824, 11.688888549804688]
Verified with initial CROWN!
verified with init bound!
Result: safe-incomplete in 0.4140 seconds

 %%%%%%%%%%%%%%%%%%%%%%%%%%%%%%%%%%% idx: 37, vnnlib ID: 37 %%%%%%%%%%%%%%%%%%%%%%%%%%%%%%%%%%%
Finished vnnlib processing in 0.013706 seconds
Model: BoundedModule(
  (/0): BoundInput(name=/0, inputs=[], perturbed=True)
  (/7): BoundParams(name=/7, inputs=[], perturbed=False)
  (/8): BoundParams(name=/8, inputs=[], perturbed=False)
  (/9): BoundParams(name=/9, inputs=[], perturbed=False)
  (/10): BoundParams(name=/10, inputs=[], perturbed=False)
  (/11): BoundParams(name=/11, inputs=[], perturbed=False)
  (/12): BoundParams(name=/12, inputs=[], perturbed=False)
  (/13): BoundFlatten(name=/13, inputs=[/0], perturbed=True)
  (/input): BoundLinear(name=/input, inputs=[/13, /7, /8], perturbed=True)
  (/15): BoundRelu(name=/15, inputs=[/input], perturbed=True)
  (/input-3): BoundLinear(name=/input-3, inputs=[/15, /9, /10], perturbed=True)
  (/17): BoundRelu(name=/17, inputs=[/input-3], perturbed=True)
  (/18): BoundLinear(name=/18, inputs=[/17, /11, /12], perturbed=True)
)
Original output in the first batch: tensor([[-8.76312923,  7.78242683, -3.95182848, -1.30700624, -2.10708642,
         -5.38660240, -6.81557083, -0.11560158,  0.35173336, -3.80460358]],
       device='cuda:0')
Split layers:
Nonlinear functions:
   BoundRelu(name=/15, inputs=[/input], perturbed=True)
   BoundRelu(name=/17, inputs=[/input-3], perturbed=True)
build batch [1/1]
layer /15 using sparse-features alpha with shape [109]; unstable size 109; total size 256 ([1, 256])
layer /15 start_node /input-3 using sparse-spec alpha [2, 44, 1, 109] with unstable size 43 total_size 128 output_shape torch.Size([128])
layer /15 start_node /18 using full alpha [2, 9, 1, 109] with unstable size None total_size 9 output_shape 9
layer /17 using sparse-features alpha with shape [43]; unstable size 43; total size 128 ([1, 128])
layer /17 start_node /18 using full alpha [2, 9, 1, 43] with unstable size None total_size 9 output_shape 9
Optimizable variables initialized.
initial CROWN bounds (first 10 items): [11.046120643615723, 6.3629631996154785, 2.746633529663086, 4.974409103393555, 6.821585655212402, 8.996125221252441, 2.696904420852661, 2.1617136001586914, 5.625581741333008]
Verified with initial CROWN!
verified with init bound!
Result: safe-incomplete in 0.4194 seconds

 %%%%%%%%%%%%%%%%%%%%%%%%%%%%%%%%%%% idx: 38, vnnlib ID: 38 %%%%%%%%%%%%%%%%%%%%%%%%%%%%%%%%%%%
Finished vnnlib processing in 0.011969 seconds
Model: BoundedModule(
  (/0): BoundInput(name=/0, inputs=[], perturbed=True)
  (/7): BoundParams(name=/7, inputs=[], perturbed=False)
  (/8): BoundParams(name=/8, inputs=[], perturbed=False)
  (/9): BoundParams(name=/9, inputs=[], perturbed=False)
  (/10): BoundParams(name=/10, inputs=[], perturbed=False)
  (/11): BoundParams(name=/11, inputs=[], perturbed=False)
  (/12): BoundParams(name=/12, inputs=[], perturbed=False)
  (/13): BoundFlatten(name=/13, inputs=[/0], perturbed=True)
  (/input): BoundLinear(name=/input, inputs=[/13, /7, /8], perturbed=True)
  (/15): BoundRelu(name=/15, inputs=[/input], perturbed=True)
  (/input-3): BoundLinear(name=/input-3, inputs=[/15, /9, /10], perturbed=True)
  (/17): BoundRelu(name=/17, inputs=[/input-3], perturbed=True)
  (/18): BoundLinear(name=/18, inputs=[/17, /11, /12], perturbed=True)
)
Original output in the first batch: tensor([[ -0.65643567,  -0.74275857,   6.16733408,   4.05249262, -10.24116993,
          -2.03996253,  -5.41626453,  -4.06439161,   0.07571343,  -7.33146572]],
       device='cuda:0')
Split layers:
Nonlinear functions:
   BoundRelu(name=/15, inputs=[/input], perturbed=True)
   BoundRelu(name=/17, inputs=[/input-3], perturbed=True)
build batch [1/1]
layer /15 using sparse-features alpha with shape [76]; unstable size 76; total size 256 ([1, 256])
layer /15 start_node /input-3 using sparse-spec alpha [2, 31, 1, 76] with unstable size 30 total_size 128 output_shape torch.Size([128])
layer /15 start_node /18 using full alpha [2, 9, 1, 76] with unstable size None total_size 9 output_shape 9
layer /17 using sparse-features alpha with shape [30]; unstable size 30; total size 128 ([1, 128])
layer /17 start_node /18 using full alpha [2, 9, 1, 30] with unstable size None total_size 9 output_shape 9
Optimizable variables initialized.
initial CROWN bounds (first 10 items): [2.433427572250366, 3.160892963409424, -3.031301259994507, 11.609807968139648, 1.6598234176635742, 6.541550159454346, 6.8554301261901855, 1.3015637397766113, 7.1722412109375]
prune_after_crown optimization in use
  original spec size = torch.Size([1, 9])
  pruned spec size = torch.Size([1, 1])
Using alpha-CROWN to initialize bounds.
Early stop at 79th iter due to 10 iterations no improvement!
best_l after optimization: -3.0186948776245117
alpha/beta optimization time: 2.4063875675201416
initial alpha-crown bounds (first 10 items): [-3.0186948776245117]
Global lower bound: -3.0186948776245117
torch.Size([1, 1])
8 / 9 OR specs are verified.
Verified OR indices (first 10 items): [0, 1, 3, 4, 5, 6, 7, 8]
Verified OR lbs (first 10 items): [[inf], [inf], [inf], [inf], [inf], [inf], [inf], [inf]]
Unverified OR indices (first 10 items): [2]
Unverified OR lbs (first 10 items): [[-3.0186948776245117]]
###### Verifying property Instance 38 ######
Batch size: 1
First 10 spec matrices
C: tensor([[[ 0.,  0.,  1., -1.,  0.,  0.,  0.,  0.,  0.,  0.]]], device='cuda:0')
RHS: tensor([[0.]], device='cuda:0')
OR spec sizes: tensor([1], device='cuda:0', dtype=torch.int32)
Remaining timeout: 27.000396728515625
Model prediction is: tensor([ -0.65643567,  -0.74275857,   6.16733408,   4.05249262, -10.24116993,
         -2.03996253,  -5.41626453,  -4.06439161,   0.07571343,  -7.33146572],
       device='cuda:0')
Activation BaB batch 1/1 
build_with_refined_bounds batch [1/1]
Optimizable variables initialized.
all alpha initialized
directly get lb and ub from refined bounds
c shape: torch.Size([1, 1, 10])
lA shapes: [torch.Size([1, 1, 256]), torch.Size([1, 1, 128])]
torch.Size([1, 1])
(alpha-)CROWN with fixed intermediate bounds: tensor([[-3.01869488]], device='cuda:0') tensor([[inf]], device='cuda:0')
Intermediate layers: /input,/input-3
Keeping alphas for these layers: ['/18']
Node /15 input 0: size torch.Size([256]) unstable 76
Node /17 input 0: size torch.Size([128]) unstable 30
-----------------
# of unstable neurons: 106
-----------------

BaB round 1
batch: 1
splitting decisions: 
split level 0: [/input, 108] 
split level 1: [/input, 48] 
split level 2: [/input, 122] 
split level 3: [/input, 190] 
split level 4: [/input-3, 21] 
split level 5: [/input-3, 85] 
best_l after optimization: -90.16593933105469
beta sum per layer: [109.14753723144531, 83.7135238647461]
alpha/beta optimization time: 0.6234831809997559
pruning_in_iteration open status: False
ratio of positive domain = 0 / 64 = 0.0
pruning-in-iteration extra time: 0.00040268898010253906
torch.Size([64, 1])
Time: prepare 0.0025    bound 0.6246    transfer 0.0015    finalize 0.0066    func 0.6353    
Accumulated time: func 0.6353    prepare 0.0112    bound 0.6246    transfer 0.0015    finalize 0.0066    
max lb tensor(-0.69226742) min lb tensor(-2.40358186)
Number of Verified Splits: 0 of 64
Current worst splitting domains lb-rhs (depth):
-2.40358 (6), -2.40013 (6), -2.33463 (6), -2.32414 (6), -2.22423 (6), -2.20147 (6), -2.20139 (6), -2.19366 (6), -2.19133 (6), -2.14418 (6), -2.11845 (6), -2.04044 (6), -1.99289 (6), -1.96333 (6), -1.93382 (6), -1.89500 (6), -1.57025 (6), -1.56594 (6), -1.52923 (6), -1.52832 (6), 
Length of domains: 64
Current (lb-rhs): -2.4035818576812744
64 domains visited
Time: pickout 0.0014    decision 0.0555    set_bounds 0.0045    solve 0.6368    add 0.0089    
Accumulated time: pickout 0.0014    decision 0.0555    set_bounds 0.0045    solve 0.6368    add 0.0089    
Cumulative time: 0.7421679496765137

BaB round 2
batch: 64
splitting decisions: 
split level 0: [/input, 30] [/input, 30] [/input, 30] [/input, 30] [/input, 30] [/input, 30] [/input, 30] [/input, 30] [/input, 30] [/input, 30] 
best_l after optimization: -141.88795471191406
beta sum per layer: [410.6802673339844, 242.75497436523438]
alpha/beta optimization time: 0.6070473194122314
pruning_in_iteration open status: False
ratio of positive domain = 4 / 128 = 0.03125
pruning-in-iteration extra time: 0.00036454200744628906
torch.Size([128, 1])
Time: prepare 0.0062    bound 0.6086    transfer 0.0012    finalize 0.0053    func 0.6214    
Accumulated time: func 1.2566    prepare 0.0245    bound 1.2333    transfer 0.0028    finalize 0.0118    
max lb tensor(0.04514098) min lb tensor(-2.34000969)
Number of Verified Splits: 4 of 128
Current worst splitting domains lb-rhs (depth):
-2.34001 (7), -2.33762 (7), -2.26685 (7), -2.25796 (7), -2.19842 (7), -2.15360 (7), -2.14008 (7), -2.13963 (7), -2.12659 (7), -2.12619 (7), -2.11752 (7), -2.11704 (7), -2.04898 (7), -2.04695 (7), -2.04424 (7), -2.03772 (7), -2.03468 (7), -2.01303 (7), -2.00694 (7), -1.95134 (7), 
Length of domains: 124
Current (lb-rhs): -2.3400096893310547
192 domains visited
Time: pickout 0.0134    decision 0.0975    set_bounds 0.0039    solve 0.6221    add 0.0020    
Accumulated time: pickout 0.0148    decision 0.1529    set_bounds 0.0084    solve 1.2589    add 0.0109    
Cumulative time: 1.4812612533569336

BaB round 3
batch: 124
splitting decisions: 
split level 0: [/input, 146] [/input, 146] [/input, 146] [/input, 146] [/input, 146] [/input, 146] [/input, 146] [/input, 146] [/input, 146] [/input, 146] 
best_l after optimization: -225.19517517089844
beta sum per layer: [1147.984619140625, 490.16839599609375]
alpha/beta optimization time: 0.754194974899292
pruning_in_iteration open status: False
ratio of positive domain = 18 / 248 = 0.07258064516129037
pruning-in-iteration extra time: 0.0004017353057861328
torch.Size([248, 1])
Time: prepare 0.0089    bound 0.7558    transfer 0.0011    finalize 0.0080    func 0.7740    
Accumulated time: func 2.0306    prepare 0.0411    bound 1.9891    transfer 0.0039    finalize 0.0198    
max lb tensor(0.09822869) min lb tensor(-2.27920222)
Number of Verified Splits: 18 of 248
Current worst splitting domains lb-rhs (depth):
-2.27920 (8), -2.27820 (8), -2.27429 (8), -2.20588 (8), -2.20586 (8), -2.19426 (8), -2.13751 (8), -2.12340 (8), -2.09570 (8), -2.09077 (8), -2.08014 (8), -2.07206 (8), -2.06710 (8), -2.06524 (8), -2.06360 (8), -2.06121 (8), -2.05670 (8), -2.05639 (8), -2.05353 (8), -2.05226 (8), 
Length of domains: 230
Current (lb-rhs): -2.2792022228240967
440 domains visited
Time: pickout 0.0211    decision 0.1525    set_bounds 0.0087    solve 0.7752    add 0.0032    
Accumulated time: pickout 0.0359    decision 0.3054    set_bounds 0.0171    solve 2.0341    add 0.0141    
Cumulative time: 2.442324161529541

BaB round 4
batch: 230
splitting decisions: 
split level 0: [/input, 35] [/input, 35] [/input, 35] [/input, 35] [/input, 234] [/input, 234] [/input, 234] [/input, 234] [/input, 35] [/input, 35] 
best_l after optimization: -349.1706237792969
beta sum per layer: [2766.42626953125, 929.028076171875]
alpha/beta optimization time: 0.665726900100708
pruning_in_iteration open status: False
ratio of positive domain = 87 / 460 = 0.18913043478260871
pruning-in-iteration extra time: 0.00010657310485839844
torch.Size([460, 1])
Time: prepare 0.0132    bound 0.6668    transfer 0.0004    finalize 0.0085    func 0.6890    
Accumulated time: func 2.7196    prepare 0.0605    bound 2.6558    transfer 0.0043    finalize 0.0283    
max lb tensor(0.26091576) min lb tensor(-2.21975708)
Number of Verified Splits: 87 of 460
Current worst splitting domains lb-rhs (depth):
-2.21976 (9), -2.21882 (9), -2.21382 (9), -2.21097 (9), -2.14762 (9), -2.14728 (9), -2.13374 (9), -2.13174 (9), -2.10228 (9), -2.08090 (9), -2.05786 (9), -2.03773 (9), -2.03765 (9), -2.03092 (9), -2.03056 (9), -2.02546 (9), -2.01699 (9), -2.01061 (9), -2.00670 (9), -2.00593 (9), 
Length of domains: 373
Current (lb-rhs): -2.219757080078125
900 domains visited
Time: pickout 0.0335    decision 0.2908    set_bounds 0.0128    solve 0.6900    add 0.0016    
Accumulated time: pickout 0.0694    decision 0.5962    set_bounds 0.0299    solve 2.7241    add 0.0157    
Cumulative time: 3.4718422889709473

BaB round 5
batch: 373
splitting decisions: 
split level 0: [/input-3, 27] [/input-3, 27] [/input-3, 27] [/input-3, 27] [/input, 222] [/input, 222] [/input, 35] [/input, 222] [/input-3, 27] [/input, 234] 
best_l after optimization: -546.94873046875
beta sum per layer: [5108.5654296875, 1422.924072265625]
alpha/beta optimization time: 0.43381547927856445
pruning_in_iteration open status: False
ratio of positive domain = 133 / 746 = 0.17828418230563003
pruning-in-iteration extra time: 0.000164031982421875
torch.Size([746, 1])
Time: prepare 0.0180    bound 0.4349    transfer 0.0004    finalize 0.0084    func 0.4620    
Accumulated time: func 3.1816    prepare 0.0802    bound 3.0908    transfer 0.0047    finalize 0.0367    
max lb tensor(0.27043533) min lb tensor(-2.16121244)
Number of Verified Splits: 133 of 746
Current worst splitting domains lb-rhs (depth):
-2.16121 (10), -2.16071 (10), -2.15488 (10), -2.15150 (10), -2.08963 (10), -2.08915 (10), -2.07453 (10), -2.07244 (10), -2.04455 (10), -2.04266 (10), -2.03683 (10), -2.02295 (10), -2.01987 (10), -1.99998 (10), -1.97884 (10), -1.97508 (10), -1.97450 (10), -1.97062 (10), -1.96733 (10), -1.96589 (10), 
Length of domains: 613
Current (lb-rhs): -2.16121244430542
1646 domains visited
Time: pickout 0.0448    decision 0.0719    set_bounds 0.0190    solve 0.4634    add 0.0020    
Accumulated time: pickout 0.1142    decision 0.6681    set_bounds 0.0489    solve 3.1875    add 0.0177    
Cumulative time: 4.0736753940582275

BaB round 6
batch: 613
splitting decisions: 
split level 0: [/input, 234] [/input, 234] [/input, 234] [/input, 234] [/input-3, 27] [/input, 35] [/input, 222] [/input, 35] [/input, 234] [/input-3, 27] 
best_l after optimization: -870.329345703125
beta sum per layer: [10019.5087890625, 2228.069580078125]
alpha/beta optimization time: 0.4534285068511963
pruning_in_iteration open status: False
ratio of positive domain = 163 / 1226 = 0.13295269168026103
pruning-in-iteration extra time: 0.00012063980102539062
torch.Size([1226, 1])
Time: prepare 0.0267    bound 0.4545    transfer 0.0005    finalize 0.0140    func 0.4959    
Accumulated time: func 3.6775    prepare 0.1095    bound 3.5453    transfer 0.0052    finalize 0.0507    
max lb tensor(0.21803617) min lb tensor(-2.10827613)
Number of Verified Splits: 163 of 1226
Current worst splitting domains lb-rhs (depth):
-2.10828 (11), -2.10766 (11), -2.10730 (11), -2.10686 (11), -2.10125 (11), -2.10123 (11), -2.09790 (11), -2.09764 (11), -2.04046 (11), -2.03896 (11), -2.02948 (11), -2.02784 (11), -2.02489 (11), -2.02137 (11), -2.01260 (11), -2.01201 (11), -1.98682 (11), -1.98330 (11), -1.98296 (11), -1.97990 (11), 
Length of domains: 1063
Current (lb-rhs): -2.108276128768921
2872 domains visited
Time: pickout 0.0704    decision 0.1156    set_bounds 0.0287    solve 0.4971    add 0.0063    
Accumulated time: pickout 0.1846    decision 0.7838    set_bounds 0.0776    solve 3.6846    add 0.0240    
Cumulative time: 4.79279637336731

BaB round 7
batch: 1024
splitting decisions: 
split level 0: [/input-3, 117] [/input-3, 117] [/input-3, 117] [/input-3, 117] [/input-3, 117] [/input-3, 117] [/input-3, 117] [/input-3, 117] [/input-3, 27] [/input-3, 27] 
best_l after optimization: -1294.856201171875
beta sum per layer: [18236.6015625, 4053.018310546875]
alpha/beta optimization time: 0.4542076587677002
pruning_in_iteration open status: False
ratio of positive domain = 407 / 2048 = 0.19873046875
pruning-in-iteration extra time: 0.00012683868408203125
torch.Size([2048, 1])
Time: prepare 0.0419    bound 0.4551    transfer 0.0015    finalize 0.0195    func 0.5188    
Accumulated time: func 4.1963    prepare 0.1535    bound 4.0005    transfer 0.0067    finalize 0.0702    
max lb tensor(0.20225596) min lb tensor(-2.06280708)
Number of Verified Splits: 407 of 2048
Current worst splitting domains lb-rhs (depth):
-2.06281 (12), -2.06199 (12), -2.06191 (12), -2.06142 (12), -2.05492 (12), -2.05482 (12), -2.05157 (12), -2.05143 (12), -1.99780 (12), -1.99540 (12), -1.99202 (12), -1.99122 (12), -1.99100 (12), -1.99064 (12), -1.99017 (12), -1.99015 (12), -1.98996 (12), -1.98931 (12), -1.98463 (12), -1.98374 (12), 
Length of domains: 1680
Current (lb-rhs): -2.062807083129883
4920 domains visited
Time: pickout 0.0988    decision 0.1630    set_bounds 0.0456    solve 0.5200    add 0.0027    
Accumulated time: pickout 0.2834    decision 0.9468    set_bounds 0.1232    solve 4.2046    add 0.0267    
current_vram/total_varm: 0.2GB/8.6GB, batch_size increase to 2048
Cumulative time: 5.62741494178772

BaB round 8
batch: 1680
splitting decisions: 
split level 0: [/input-3, 117] [/input-3, 117] [/input-3, 117] [/input-3, 117] [/input, 208] [/input, 208] [/input, 208] [/input-3, 117] [/input, 229] [/input-3, 117] 
best_l after optimization: -2041.1241455078125
beta sum per layer: [32017.283203125, 7585.244140625]
alpha/beta optimization time: 0.5346498489379883
pruning_in_iteration open status: False
ratio of positive domain = 575 / 3360 = 0.17113095238095233
pruning-in-iteration extra time: 0.00011658668518066406
torch.Size([3360, 1])
Time: prepare 0.0795    bound 0.5360    transfer 0.0018    finalize 0.0254    func 0.6430    
Accumulated time: func 4.8394    prepare 0.2395    bound 4.5365    transfer 0.0086    finalize 0.0956    
max lb tensor(0.27768302) min lb tensor(-2.01974082)
Number of Verified Splits: 575 of 3360
Current worst splitting domains lb-rhs (depth):
-2.01974 (13), -2.01923 (13), -2.01921 (13), -2.01876 (13), -2.01258 (13), -2.01257 (13), -2.00910 (13), -2.00864 (13), -1.95489 (13), -1.95332 (13), -1.95014 (13), -1.94981 (13), -1.94976 (13), -1.94870 (13), -1.94845 (13), -1.94813 (13), -1.94794 (13), -1.94731 (13), -1.94358 (13), -1.94188 (13), 
Length of domains: 2785
Current (lb-rhs): -2.0197408199310303
8280 domains visited
Time: pickout 0.2190    decision 0.2972    set_bounds 0.0836    solve 0.6451    add 0.0123    
Accumulated time: pickout 0.5024    decision 1.2439    set_bounds 0.2069    solve 4.8497    add 0.0390    
Cumulative time: 6.889744997024536

BaB round 9
batch: 2048
splitting decisions: 
split level 0: [/input-3, 117] [/input-3, 117] [/input-3, 117] [/input, 77] [/input, 35] [/input, 77] [/input, 77] [/input, 222] [/input, 25] [/input, 120] 
best_l after optimization: -2164.575439453125
beta sum per layer: [42099.734375, 10579.111328125]
alpha/beta optimization time: 0.6793389320373535
pruning_in_iteration open status: True
ratio of positive domain = 967 / 4096 = 0.236083984375
pruning-in-iteration extra time: 0.014538764953613281
torch.Size([4096, 1])
Time: prepare 0.1102    bound 0.6807    transfer 0.0041    finalize 0.0332    func 0.8285    
Accumulated time: func 5.6678    prepare 0.3578    bound 5.2171    transfer 0.0127    finalize 0.1288    
max lb tensor(0.00495332) min lb tensor(-1.97926974)
Number of Verified Splits: 967 of 4096
Current worst splitting domains lb-rhs (depth):
-1.97927 (14), -1.97919 (14), -1.97851 (14), -1.97832 (14), -1.97269 (14), -1.97257 (14), -1.96841 (14), -1.96742 (14), -1.91489 (14), -1.91273 (14), -1.90936 (14), -1.90810 (14), -1.90729 (14), -1.90654 (14), -1.90632 (14), -1.90608 (14), -1.90598 (14), -1.90515 (14), -1.90209 (14), -1.90093 (14), 
Length of domains: 3866
Current (lb-rhs): -1.9792697429656982
12376 domains visited
Time: pickout 0.2411    decision 0.4532    set_bounds 0.0980    solve 0.8303    add 0.0050    
Accumulated time: pickout 0.7434    decision 1.6972    set_bounds 0.3048    solve 5.6800    add 0.0440    
current_vram/total_varm: 0.5GB/8.6GB, batch_size increase to 4096
Cumulative time: 8.521972894668579

BaB round 10
batch: 3866
splitting decisions: 
split level 0: [/input, 222] [/input, 222] [/input, 222] [/input, 222] [/input, 229] [/input, 229] [/input, 229] [/input, 222] [/input-3, 117] [/input, 222] 
best_l after optimization: -3866.2353515625
beta sum per layer: [81424.484375, 22244.64453125]
alpha/beta optimization time: 0.9484403133392334
pruning_in_iteration open status: True
ratio of positive domain = 1913 / 7732 = 0.24741334712881535
pruning-in-iteration extra time: 0.01360177993774414
torch.Size([7732, 1])
Time: prepare 0.1669    bound 0.9496    transfer 0.0019    finalize 0.0548    func 1.1741    
Accumulated time: func 6.8420    prepare 0.5377    bound 6.1667    transfer 0.0145    finalize 0.1836    
max lb tensor(0.00366569) min lb tensor(-1.94337368)
Number of Verified Splits: 1913 of 7732
Current worst splitting domains lb-rhs (depth):
-1.94337 (15), -1.94291 (15), -1.94284 (15), -1.94217 (15), -1.93574 (15), -1.93562 (15), -1.93198 (15), -1.93106 (15), -1.87912 (15), -1.87688 (15), -1.87161 (15), -1.87117 (15), -1.87052 (15), -1.86964 (15), -1.86920 (15), -1.86919 (15), -1.86866 (15), -1.86803 (15), -1.86604 (15), -1.86472 (15), 
Length of domains: 5819
Current (lb-rhs): -1.943373680114746
20108 domains visited
Time: pickout 0.3975    decision 0.6769    set_bounds 0.2779    solve 1.1766    add 0.0152    
Accumulated time: pickout 1.1410    decision 2.3741    set_bounds 0.5827    solve 6.8566    add 0.0592    
Cumulative time: 11.075350761413574

BaB round 11
batch: 4096
splitting decisions: 
split level 0: [/input, 125] [/input, 87] [/input, 87] [/input, 146] [/input, 125] [/input, 125] [/input, 62] [/input, 62] [/input, 87] [/input, 208] 
best_l after optimization: -3672.678955078125
beta sum per layer: [93998.96875, 23322.880859375]
alpha/beta optimization time: 0.9058995246887207
pruning_in_iteration open status: True
ratio of positive domain = 2087 / 8192 = 0.2547607421875
pruning-in-iteration extra time: 0.01419210433959961
torch.Size([8192, 1])
Time: prepare 0.1756    bound 0.9070    transfer 0.0034    finalize 0.0479    func 1.1346    
Accumulated time: func 7.9766    prepare 0.7275    bound 7.0738    transfer 0.0179    finalize 0.2314    
max lb tensor(0.00490689) min lb tensor(-1.84277046)
Number of Verified Splits: 2087 of 8192
Current worst splitting domains lb-rhs (depth):
-1.94337 (15), -1.94291 (15), -1.94284 (15), -1.94217 (15), -1.93574 (15), -1.93562 (15), -1.93198 (15), -1.93106 (15), -1.87912 (15), -1.87688 (15), -1.87161 (15), -1.87117 (15), -1.86964 (15), -1.86803 (15), -1.86604 (15), -1.86472 (15), -1.86315 (15), -1.86147 (15), -1.85067 (15), -1.84977 (15), 
Length of domains: 7828
Current (lb-rhs): -1.943373680114746
28300 domains visited
Time: pickout 0.4726    decision 0.6530    set_bounds 0.2924    solve 1.1368    add 0.0075    
Accumulated time: pickout 1.6135    decision 3.0271    set_bounds 0.8752    solve 7.9935    add 0.0667    
current_vram/total_varm: 1.1GB/8.6GB, batch_size increase to 8192
Cumulative time: 13.646749496459961

BaB round 12
batch: 7828
splitting decisions: 
split level 0: [/input, 208] [/input, 208] [/input, 34] [/input, 208] [/input-3, 117] [/input, 208] [/input, 222] [/input, 234] [/input, 222] [/input, 34] 
best_l after optimization: -6434.98291015625
beta sum per layer: [187007.34375, 48359.2734375]
alpha/beta optimization time: 1.7788679599761963
pruning_in_iteration open status: True
ratio of positive domain = 3921 / 15656 = 0.25044711292795097
pruning-in-iteration extra time: 0.014443397521972656
torch.Size([15656, 1])
Time: prepare 0.3230    bound 1.7800    transfer 0.0117    finalize 0.1940    func 2.3102    
Accumulated time: func 10.2868    prepare 1.0738    bound 8.8538    transfer 0.0297    finalize 0.4254    
max lb tensor(0.00468445) min lb tensor(-1.91424608)
Number of Verified Splits: 3921 of 15656
Current worst splitting domains lb-rhs (depth):
-1.91425 (16), -1.91422 (16), -1.91380 (16), -1.91376 (16), -1.90685 (16), -1.90676 (16), -1.90364 (16), -1.90278 (16), -1.84971 (16), -1.84822 (16), -1.84375 (16), -1.84342 (16), -1.84194 (16), -1.84020 (16), -1.83769 (16), -1.83692 (16), -1.83515 (16), -1.83415 (16), -1.82275 (16), -1.82170 (16), 
Length of domains: 11735
Current (lb-rhs): -1.9142460823059082
43956 domains visited
Time: pickout 0.7143    decision 1.3490    set_bounds 0.3386    solve 2.3143    add 0.0169    
Accumulated time: pickout 2.3278    decision 4.3762    set_bounds 1.2138    solve 10.3078    add 0.0835    
Cumulative time: 18.397172451019287

BaB round 13
batch: 8192
splitting decisions: 
split level 0: [/input-3, 118] [/input-3, 118] [/input, 234] [/input, 222] [/input-3, 118] [/input-3, 118] [/input-3, 118] [/input, 234] [/input, 234] [/input-3, 118] 
best_l after optimization: -4392.0205078125
beta sum per layer: [207896.90625, 48413.30859375]
alpha/beta optimization time: 1.6298365592956543
pruning_in_iteration open status: True
ratio of positive domain = 6225 / 16384 = 0.37994384765625
pruning-in-iteration extra time: 0.0268402099609375
torch.Size([16384, 1])
Time: prepare 0.3402    bound 1.6311    transfer 0.0145    finalize 0.0943    func 2.0814    
Accumulated time: func 12.3682    prepare 1.4386    bound 10.4849    transfer 0.0442    finalize 0.5197    
max lb tensor(0.00672972) min lb tensor(-1.76169419)
Number of Verified Splits: 6225 of 16384
Current worst splitting domains lb-rhs (depth):
-1.91425 (16), -1.91422 (16), -1.91380 (16), -1.91376 (16), -1.90685 (16), -1.90676 (16), -1.90364 (16), -1.90278 (16), -1.84971 (16), -1.84822 (16), -1.84375 (16), -1.84342 (16), -1.84194 (16), -1.84020 (16), -1.83769 (16), -1.83692 (16), -1.83515 (16), -1.83415 (16), -1.82275 (16), -1.82170 (16), 
Length of domains: 13702
Current (lb-rhs): -1.9142460823059082
60340 domains visited
Time: pickout 0.8883    decision 1.6595    set_bounds 0.3831    solve 2.0864    add 0.0110    
Accumulated time: pickout 3.2161    decision 6.0356    set_bounds 1.5968    solve 12.3941    add 0.0946    
current_vram/total_varm: 2.3GB/8.6GB, batch_size increase to 16384
Cumulative time: 23.461259603500366

BaB round 14
batch: 13702
splitting decisions: 
split level 0: [/input, 34] [/input, 34] [/input, 208] [/input, 207] [/input, 207] [/input, 208] [/input, 208] [/input, 208] [/input, 150] [/input, 54] 
best_l after optimization: -7767.84765625
beta sum per layer: [337264.9375, 87142.9921875]
alpha/beta optimization time: 2.7512385845184326
pruning_in_iteration open status: True
ratio of positive domain = 10494 / 27404 = 0.3829367975478032
pruning-in-iteration extra time: 0.03161120414733887
torch.Size([27404, 1])
Time: prepare 0.9065    bound 2.7532    transfer 0.0206    finalize 0.1458    func 3.8277    
Accumulated time: func 16.1959    prepare 2.3916    bound 13.2381    transfer 0.0647    finalize 0.6656    
max lb tensor(0.00595760) min lb tensor(-1.87293959)
Number of Verified Splits: 10494 of 27404
Current worst splitting domains lb-rhs (depth):
-1.87294 (17), -1.87218 (17), -1.87167 (17), -1.87133 (17), -1.86599 (17), -1.86549 (17), -1.86539 (17), -1.86327 (17), -1.86327 (17), -1.86259 (17), -1.86210 (17), -1.86110 (17), -1.85550 (17), -1.85286 (17), -1.85188 (17), -1.85013 (17), -1.80589 (17), -1.80436 (17), -1.80263 (17), -1.80253 (17), 
Length of domains: 16910
Current (lb-rhs): -1.8729395866394043
87744 domains visited
Time: pickout -0.1828    decision 2.9552    set_bounds 1.0549    solve 3.8333    add 0.0274    
Accumulated time: pickout 3.0333    decision 8.9908    set_bounds 2.6517    solve 16.2274    add 0.1220    
Time out!!!!!!!!
Result: unknown in 34.2704 seconds

 %%%%%%%%%%%%%%%%%%%%%%%%%%%%%%%%%%% idx: 39, vnnlib ID: 39 %%%%%%%%%%%%%%%%%%%%%%%%%%%%%%%%%%%
Finished vnnlib processing in 0.003125 seconds
Model: BoundedModule(
  (/0): BoundInput(name=/0, inputs=[], perturbed=True)
  (/7): BoundParams(name=/7, inputs=[], perturbed=False)
  (/8): BoundParams(name=/8, inputs=[], perturbed=False)
  (/9): BoundParams(name=/9, inputs=[], perturbed=False)
  (/10): BoundParams(name=/10, inputs=[], perturbed=False)
  (/11): BoundParams(name=/11, inputs=[], perturbed=False)
  (/12): BoundParams(name=/12, inputs=[], perturbed=False)
  (/13): BoundFlatten(name=/13, inputs=[/0], perturbed=True)
  (/input): BoundLinear(name=/input, inputs=[/13, /7, /8], perturbed=True)
  (/15): BoundRelu(name=/15, inputs=[/input], perturbed=True)
  (/input-3): BoundLinear(name=/input-3, inputs=[/15, /9, /10], perturbed=True)
  (/17): BoundRelu(name=/17, inputs=[/input-3], perturbed=True)
  (/18): BoundLinear(name=/18, inputs=[/17, /11, /12], perturbed=True)
)
Original output in the first batch: tensor([[-6.37926388,  9.43506145, -4.49494171, -2.27716208, -1.29400980,
         -8.23237324, -8.28027916, -0.55537385, -2.10936117, -3.60750818]],
       device='cuda:0')
Split layers:
Nonlinear functions:
   BoundRelu(name=/15, inputs=[/input], perturbed=True)
   BoundRelu(name=/17, inputs=[/input-3], perturbed=True)
build batch [1/1]
layer /15 using sparse-features alpha with shape [87]; unstable size 87; total size 256 ([1, 256])
layer /15 start_node /input-3 using sparse-spec alpha [2, 42, 1, 87] with unstable size 41 total_size 128 output_shape torch.Size([128])
layer /15 start_node /18 using full alpha [2, 9, 1, 87] with unstable size None total_size 9 output_shape 9
layer /17 using sparse-features alpha with shape [41]; unstable size 41; total size 128 ([1, 128])
layer /17 start_node /18 using full alpha [2, 9, 1, 41] with unstable size None total_size 9 output_shape 9
Optimizable variables initialized.
initial CROWN bounds (first 10 items): [10.391410827636719, 7.892432689666748, 4.737631797790527, 5.604632377624512, 10.953718185424805, 12.803961753845215, 4.387755870819092, 5.648702621459961, 6.678709506988525]
Verified with initial CROWN!
verified with init bound!
Result: safe-incomplete in 0.1349 seconds

 %%%%%%%%%%%%%%%%%%%%%%%%%%%%%%%%%%% idx: 40, vnnlib ID: 40 %%%%%%%%%%%%%%%%%%%%%%%%%%%%%%%%%%%
Finished vnnlib processing in 0.003552 seconds
Model: BoundedModule(
  (/0): BoundInput(name=/0, inputs=[], perturbed=True)
  (/7): BoundParams(name=/7, inputs=[], perturbed=False)
  (/8): BoundParams(name=/8, inputs=[], perturbed=False)
  (/9): BoundParams(name=/9, inputs=[], perturbed=False)
  (/10): BoundParams(name=/10, inputs=[], perturbed=False)
  (/11): BoundParams(name=/11, inputs=[], perturbed=False)
  (/12): BoundParams(name=/12, inputs=[], perturbed=False)
  (/13): BoundFlatten(name=/13, inputs=[/0], perturbed=True)
  (/input): BoundLinear(name=/input, inputs=[/13, /7, /8], perturbed=True)
  (/15): BoundRelu(name=/15, inputs=[/input], perturbed=True)
  (/input-3): BoundLinear(name=/input-3, inputs=[/15, /9, /10], perturbed=True)
  (/17): BoundRelu(name=/17, inputs=[/input-3], perturbed=True)
  (/18): BoundLinear(name=/18, inputs=[/17, /11, /12], perturbed=True)
)
Original output in the first batch: tensor([[-5.90523911,  5.78103161, -1.39997387, -0.79169148, -2.79421067,
         -3.05146456, -4.86098957,  0.32691222, -0.68405569, -2.46481323]],
       device='cuda:0')
Split layers:
Nonlinear functions:
   BoundRelu(name=/15, inputs=[/input], perturbed=True)
   BoundRelu(name=/17, inputs=[/input-3], perturbed=True)
build batch [1/1]
layer /15 using sparse-features alpha with shape [131]; unstable size 131; total size 256 ([1, 256])
layer /15 start_node /input-3 using sparse-spec alpha [2, 76, 1, 131] with unstable size 75 total_size 128 output_shape torch.Size([128])
layer /15 start_node /18 using full alpha [2, 9, 1, 131] with unstable size None total_size 9 output_shape 9
layer /17 using sparse-features alpha with shape [75]; unstable size 75; total size 128 ([1, 128])
layer /17 start_node /18 using full alpha [2, 9, 1, 75] with unstable size None total_size 9 output_shape 9
Optimizable variables initialized.
initial CROWN bounds (first 10 items): [4.6697678565979, 0.6241412162780762, -0.9089112281799316, 2.40818452835083, 1.2379474639892578, 3.6777310371398926, -0.9209158420562744, -0.23763322830200195, 0.9067225456237793]
prune_after_crown optimization in use
  original spec size = torch.Size([1, 9])
  pruned spec size = torch.Size([1, 3])
Using alpha-CROWN to initialize bounds.
best_l after optimization: -1.3498919010162354
alpha/beta optimization time: 1.8313899040222168
initial alpha-crown bounds (first 10 items): [-0.6819868087768555, -0.6337826251983643, -0.034122467041015625]
Global lower bound: -0.6819868087768555
torch.Size([1, 3])
6 / 9 OR specs are verified.
Verified OR indices (first 10 items): [0, 1, 3, 4, 5, 8]
Verified OR lbs (first 10 items): [[inf], [inf], [inf], [inf], [inf], [inf]]
Unverified OR indices (first 10 items): [2, 6, 7]
Unverified OR lbs (first 10 items): [[-0.6819868087768555], [-0.6337826251983643], [-0.034122467041015625]]
###### Verifying property Instance 40 ######
Batch size: 3
First 10 spec matrices
C: tensor([[[ 0.,  1.,  0., -1.,  0.,  0.,  0.,  0.,  0.,  0.]],

        [[ 0.,  1.,  0.,  0.,  0.,  0.,  0., -1.,  0.,  0.]],

        [[ 0.,  1.,  0.,  0.,  0.,  0.,  0.,  0., -1.,  0.]]], device='cuda:0')
RHS: tensor([[0.],
        [0.],
        [0.]], device='cuda:0')
OR spec sizes: tensor([1, 1, 1], device='cuda:0', dtype=torch.int32)
Remaining timeout: 27.955387115478516
Model prediction is: tensor([-5.90523911,  5.78103161, -1.39997387, -0.79169148, -2.79421067,
        -3.05146456, -4.86098957,  0.32691222, -0.68405569, -2.46481323],
       device='cuda:0')
Activation BaB batch 1/1 
build_with_refined_bounds batch [1/1]
Optimizable variables initialized.
all alpha initialized
directly get lb and ub from refined bounds
c shape: torch.Size([3, 1, 10])
lA shapes: [torch.Size([3, 1, 256]), torch.Size([3, 1, 128])]
torch.Size([3, 1])
(alpha-)CROWN with fixed intermediate bounds: tensor([[-0.68198681],
        [-0.63378263],
        [-0.03412247]], device='cuda:0') tensor([[inf],
        [inf],
        [inf]], device='cuda:0')
Intermediate layers: /input,/input-3
Keeping alphas for these layers: ['/18']
Node /15 input 0: size torch.Size([256]) unstable 131
Node /17 input 0: size torch.Size([128]) unstable 73
-----------------
# of unstable neurons: 204
-----------------

BaB round 1
batch: 3
splitting decisions: 
split level 0: [/input, 160] [/input-3, 35] [/input-3, 74] 
split level 1: [/input-3, 0] [/input, 71] [/input-3, 80] 
split level 2: [/input-3, 102] [/input-3, 118] [/input-3, 16] 
split level 3: [/input-3, 74] [/input-3, 74] [/input-3, 31] 
split level 4: [/input-3, 65] [/input-3, 65] [/input-3, 95] 
best_l after optimization: -0.5584253072738647
beta sum per layer: [1.1976548433303833, 0.7076980471611023]
alpha/beta optimization time: 0.6907868385314941
pruning_in_iteration open status: True
ratio of positive domain = 92 / 96 = 0.9583333333333334
pruning-in-iteration extra time: 0.0382847785949707
torch.Size([96, 1])
Time: prepare 0.0026    bound 0.6920    transfer 0.0004    finalize 0.0018    func 0.6969    
Accumulated time: func 0.6969    prepare 0.0063    bound 0.6920    transfer 0.0004    finalize 0.0018    
max lb tensor(9.99999975e-05) min lb tensor(-0.23579907)
Number of Verified Splits: 92 of 96
Current worst splitting domains lb-rhs (depth):
-0.23580 (5), -0.22918 (5), -0.06335 (5), -0.03930 (5), 
Length of domains: 4
Current (lb-rhs): -0.23579907417297363
96 domains visited
Time: pickout 0.0013    decision 0.0362    set_bounds 0.0067    solve 0.6977    add 0.0026    
Accumulated time: pickout 0.0013    decision 0.0362    set_bounds 0.0067    solve 0.6977    add 0.0026    
Cumulative time: 0.7714626789093018

BaB round 2
batch: 4
splitting decisions: 
split level 0: [/input, 222] [/input, 71] [/input, 222] [/input, 71] 
split level 1: [/input-3, 12] [/input, 120] [/input, 120] [/input, 120] 
split level 2: [/input, 120] [/input-3, 31] [/input-3, 12] [/input, 172] 
split level 3: [/input-3, 25] [/input-3, 95] [/input-3, 25] [/input-3, 31] 

all verified at 0th iter
best_l after optimization: 28.610580444335938
beta sum per layer: [19.162477493286133, 11.323168754577637]
alpha/beta optimization time: 0.005816459655761719
pruning_in_iteration open status: False
ratio of positive domain = 64 / 64 = 1.0
pruning-in-iteration extra time: 0.0001423358917236328
torch.Size([64, 1])
Time: prepare 0.0028    bound 0.0071    transfer 0.0003    finalize 0.0017    func 0.0120    
Accumulated time: func 0.7088    prepare 0.0117    bound 0.6990    transfer 0.0007    finalize 0.0036    
max lb tensor(0.79327989) min lb tensor(0.07589340)
Number of Verified Splits: 64 of 64
Length of domains: 0
No domains left, verification finished!
Current (lb-rhs): 1.0000000116860974e-07
160 domains visited
Time: pickout 0.0085    decision 0.0279    set_bounds 0.0054    solve 0.0126    add 0.0003    
Accumulated time: pickout 0.0098    decision 0.0641    set_bounds 0.0121    solve 0.7103    add 0.0030    
Cumulative time: 0.8265402317047119

Result: safe in 2.8739 seconds

 %%%%%%%%%%%%%%%%%%%%%%%%%%%%%%%%%%% idx: 41, vnnlib ID: 41 %%%%%%%%%%%%%%%%%%%%%%%%%%%%%%%%%%%
Finished vnnlib processing in 0.003338 seconds
Model: BoundedModule(
  (/0): BoundInput(name=/0, inputs=[], perturbed=True)
  (/7): BoundParams(name=/7, inputs=[], perturbed=False)
  (/8): BoundParams(name=/8, inputs=[], perturbed=False)
  (/9): BoundParams(name=/9, inputs=[], perturbed=False)
  (/10): BoundParams(name=/10, inputs=[], perturbed=False)
  (/11): BoundParams(name=/11, inputs=[], perturbed=False)
  (/12): BoundParams(name=/12, inputs=[], perturbed=False)
  (/13): BoundFlatten(name=/13, inputs=[/0], perturbed=True)
  (/input): BoundLinear(name=/input, inputs=[/13, /7, /8], perturbed=True)
  (/15): BoundRelu(name=/15, inputs=[/input], perturbed=True)
  (/input-3): BoundLinear(name=/input-3, inputs=[/15, /9, /10], perturbed=True)
  (/17): BoundRelu(name=/17, inputs=[/input-3], perturbed=True)
  (/18): BoundLinear(name=/18, inputs=[/17, /11, /12], perturbed=True)
)
Original output in the first batch: tensor([[ -4.15188932,  -1.68254554,   3.24328709,   2.30278063,  -7.42871475,
          -4.90983772, -13.87296104,  11.31107712,  -3.26190877,  -2.06744027]],
       device='cuda:0')
Split layers:
Nonlinear functions:
   BoundRelu(name=/15, inputs=[/input], perturbed=True)
   BoundRelu(name=/17, inputs=[/input-3], perturbed=True)
build batch [1/1]
layer /15 using sparse-features alpha with shape [88]; unstable size 88; total size 256 ([1, 256])
layer /15 start_node /input-3 using sparse-spec alpha [2, 46, 1, 88] with unstable size 45 total_size 128 output_shape torch.Size([128])
layer /15 start_node /18 using full alpha [2, 9, 1, 88] with unstable size None total_size 9 output_shape 9
layer /17 using sparse-features alpha with shape [45]; unstable size 45; total size 128 ([1, 128])
layer /17 start_node /18 using full alpha [2, 9, 1, 45] with unstable size None total_size 9 output_shape 9
Optimizable variables initialized.
initial CROWN bounds (first 10 items): [10.003820419311523, 8.357562065124512, 2.6486387252807617, 3.6063642501831055, 13.76413345336914, 9.554079055786133, 17.512184143066406, 8.04354476928711, 8.205977439880371]
Verified with initial CROWN!
verified with init bound!
Result: safe-incomplete in 0.1181 seconds

 %%%%%%%%%%%%%%%%%%%%%%%%%%%%%%%%%%% idx: 42, vnnlib ID: 42 %%%%%%%%%%%%%%%%%%%%%%%%%%%%%%%%%%%
Finished vnnlib processing in 0.003446 seconds
Model: BoundedModule(
  (/0): BoundInput(name=/0, inputs=[], perturbed=True)
  (/7): BoundParams(name=/7, inputs=[], perturbed=False)
  (/8): BoundParams(name=/8, inputs=[], perturbed=False)
  (/9): BoundParams(name=/9, inputs=[], perturbed=False)
  (/10): BoundParams(name=/10, inputs=[], perturbed=False)
  (/11): BoundParams(name=/11, inputs=[], perturbed=False)
  (/12): BoundParams(name=/12, inputs=[], perturbed=False)
  (/13): BoundFlatten(name=/13, inputs=[/0], perturbed=True)
  (/input): BoundLinear(name=/input, inputs=[/13, /7, /8], perturbed=True)
  (/15): BoundRelu(name=/15, inputs=[/input], perturbed=True)
  (/input-3): BoundLinear(name=/input-3, inputs=[/15, /9, /10], perturbed=True)
  (/17): BoundRelu(name=/17, inputs=[/input-3], perturbed=True)
  (/18): BoundLinear(name=/18, inputs=[/17, /11, /12], perturbed=True)
)
Original output in the first batch: tensor([[-11.17325592,  -1.64273167,  -9.90203762,  -6.93174839,  14.37344456,
          -6.65538406, -12.51390648,   0.32379299,  -3.46217608,   2.04243374]],
       device='cuda:0')
Split layers:
Nonlinear functions:
   BoundRelu(name=/15, inputs=[/input], perturbed=True)
   BoundRelu(name=/17, inputs=[/input-3], perturbed=True)
build batch [1/1]
layer /15 using sparse-features alpha with shape [72]; unstable size 72; total size 256 ([1, 256])
layer /15 start_node /input-3 using sparse-spec alpha [2, 38, 1, 72] with unstable size 37 total_size 128 output_shape torch.Size([128])
layer /15 start_node /18 using full alpha [2, 9, 1, 72] with unstable size None total_size 9 output_shape 9
layer /17 using sparse-features alpha with shape [37]; unstable size 37; total size 128 ([1, 128])
layer /17 start_node /18 using full alpha [2, 9, 1, 37] with unstable size None total_size 9 output_shape 9
Optimizable variables initialized.
initial CROWN bounds (first 10 items): [19.65558433532715, 10.602171897888184, 17.725650787353516, 14.209077835083008, 14.819732666015625, 20.699108123779297, 8.114657402038574, 10.626396179199219, 6.471305847167969]
Verified with initial CROWN!
verified with init bound!
Result: safe-incomplete in 0.1307 seconds

 %%%%%%%%%%%%%%%%%%%%%%%%%%%%%%%%%%% idx: 43, vnnlib ID: 43 %%%%%%%%%%%%%%%%%%%%%%%%%%%%%%%%%%%
Finished vnnlib processing in 0.003272 seconds
Model: BoundedModule(
  (/0): BoundInput(name=/0, inputs=[], perturbed=True)
  (/7): BoundParams(name=/7, inputs=[], perturbed=False)
  (/8): BoundParams(name=/8, inputs=[], perturbed=False)
  (/9): BoundParams(name=/9, inputs=[], perturbed=False)
  (/10): BoundParams(name=/10, inputs=[], perturbed=False)
  (/11): BoundParams(name=/11, inputs=[], perturbed=False)
  (/12): BoundParams(name=/12, inputs=[], perturbed=False)
  (/13): BoundFlatten(name=/13, inputs=[/0], perturbed=True)
  (/input): BoundLinear(name=/input, inputs=[/13, /7, /8], perturbed=True)
  (/15): BoundRelu(name=/15, inputs=[/input], perturbed=True)
  (/input-3): BoundLinear(name=/input-3, inputs=[/15, /9, /10], perturbed=True)
  (/17): BoundRelu(name=/17, inputs=[/input-3], perturbed=True)
  (/18): BoundLinear(name=/18, inputs=[/17, /11, /12], perturbed=True)
)
Original output in the first batch: tensor([[ -5.35375738,   2.32885695,   5.11261463,  -0.89103580,   1.14391208,
          -1.31179500,  -2.69646835,  -0.22217606,  -3.40723324, -11.11330414]],
       device='cuda:0')
Split layers:
Nonlinear functions:
   BoundRelu(name=/15, inputs=[/input], perturbed=True)
   BoundRelu(name=/17, inputs=[/input-3], perturbed=True)
build batch [1/1]
layer /15 using sparse-features alpha with shape [72]; unstable size 72; total size 256 ([1, 256])
layer /15 start_node /input-3 using sparse-spec alpha [2, 45, 1, 72] with unstable size 44 total_size 128 output_shape torch.Size([128])
layer /15 start_node /18 using full alpha [2, 9, 1, 72] with unstable size None total_size 9 output_shape 9
layer /17 using sparse-features alpha with shape [44]; unstable size 44; total size 128 ([1, 128])
layer /17 start_node /18 using full alpha [2, 9, 1, 44] with unstable size None total_size 9 output_shape 9
Optimizable variables initialized.
initial CROWN bounds (first 10 items): [6.160886764526367, -0.9898209571838379, 2.1257381439208984, -0.8183822631835938, 0.43110084533691406, 2.8157503604888916, 1.573493242263794, 3.82949161529541, 10.385459899902344]
prune_after_crown optimization in use
  original spec size = torch.Size([1, 9])
  pruned spec size = torch.Size([1, 2])
Using alpha-CROWN to initialize bounds.
Early stop at 43th iter due to 10 iterations no improvement!
best_l after optimization: -1.3455510139465332
alpha/beta optimization time: 0.8584601879119873
initial alpha-crown bounds (first 10 items): [-0.8174848556518555, -0.5280661582946777]
Global lower bound: -0.8174848556518555
torch.Size([1, 2])
7 / 9 OR specs are verified.
Verified OR indices (first 10 items): [0, 2, 4, 5, 6, 7, 8]
Verified OR lbs (first 10 items): [[inf], [inf], [inf], [inf], [inf], [inf], [inf]]
Unverified OR indices (first 10 items): [1, 3]
Unverified OR lbs (first 10 items): [[-0.8174848556518555], [-0.5280661582946777]]
###### Verifying property Instance 43 ######
Batch size: 2
First 10 spec matrices
C: tensor([[[ 0., -1.,  1.,  0.,  0.,  0.,  0.,  0.,  0.,  0.]],

        [[ 0.,  0.,  1.,  0., -1.,  0.,  0.,  0.,  0.,  0.]]], device='cuda:0')
RHS: tensor([[0.],
        [0.]], device='cuda:0')
OR spec sizes: tensor([1, 1], device='cuda:0', dtype=torch.int32)
Remaining timeout: 28.914885997772217
Model prediction is: tensor([ -5.35375738,   2.32885695,   5.11261463,  -0.89103580,   1.14391208,
         -1.31179500,  -2.69646835,  -0.22217606,  -3.40723324, -11.11330414],
       device='cuda:0')
Activation BaB batch 1/1 
build_with_refined_bounds batch [1/1]
Optimizable variables initialized.
all alpha initialized
directly get lb and ub from refined bounds
c shape: torch.Size([2, 1, 10])
lA shapes: [torch.Size([2, 1, 256]), torch.Size([2, 1, 128])]
torch.Size([2, 1])
(alpha-)CROWN with fixed intermediate bounds: tensor([[-0.81748486],
        [-0.52806616]], device='cuda:0') tensor([[inf],
        [inf]], device='cuda:0')
Intermediate layers: /input,/input-3
Keeping alphas for these layers: ['/18']
Node /15 input 0: size torch.Size([256]) unstable 72
Node /17 input 0: size torch.Size([128]) unstable 43
-----------------
# of unstable neurons: 115
-----------------

BaB round 1
batch: 2
splitting decisions: 
split level 0: [/input, 116] [/input, 116] 
split level 1: [/input-3, 116] [/input, 29] 
split level 2: [/input-3, 11] [/input, 10] 
split level 3: [/input-3, 69] [/input-3, 116] 
split level 4: [/input-3, 6] [/input-3, 64] 
best_l after optimization: -0.8730686902999878
beta sum per layer: [0.0, 4.4705705642700195]
alpha/beta optimization time: 0.5922691822052002
pruning_in_iteration open status: True
ratio of positive domain = 59 / 64 = 0.921875
pruning-in-iteration extra time: 0.03157353401184082
torch.Size([64, 1])
Time: prepare 0.0019    bound 0.5934    transfer 0.0004    finalize 0.0016    func 0.5974    
Accumulated time: func 0.5974    prepare 0.0054    bound 0.5934    transfer 0.0004    finalize 0.0016    
max lb tensor(9.99999975e-05) min lb tensor(-0.36735642)
Number of Verified Splits: 59 of 64
Current worst splitting domains lb-rhs (depth):
-0.36736 (5), -0.22927 (5), -0.17343 (5), -0.07588 (5), -0.03302 (5), 
Length of domains: 5
Current (lb-rhs): -0.36735641956329346
64 domains visited
Time: pickout 0.0012    decision 0.0304    set_bounds 0.0048    solve 0.5980    add 0.0063    
Accumulated time: pickout 0.0012    decision 0.0304    set_bounds 0.0048    solve 0.5980    add 0.0063    
Cumulative time: 0.6635286808013916

BaB round 2
batch: 5
splitting decisions: 
split level 0: [/input, 29] [/input, 157] [/input, 29] [/input-3, 91] [/input, 29] 
split level 1: [/input-3, 91] [/input, 15] [/input-3, 91] [/input-3, 79] [/input-3, 91] 
split level 2: [/input, 157] [/input-3, 94] [/input-3, 79] [/input, 173] [/input, 157] 
split level 3: [/input-3, 98] [/input-3, 76] [/input-3, 98] [/input-3, 98] [/input-3, 98] 
best_l after optimization: -0.515185534954071
beta sum per layer: [6.059169292449951, 48.13170623779297]
alpha/beta optimization time: 0.6027264595031738
pruning_in_iteration open status: True
ratio of positive domain = 72 / 80 = 0.9
pruning-in-iteration extra time: 0.03264594078063965
torch.Size([80, 1])
Time: prepare 0.0029    bound 0.6047    transfer 0.0005    finalize 0.0019    func 0.6101    
Accumulated time: func 1.2075    prepare 0.0112    bound 1.1980    transfer 0.0009    finalize 0.0036    
max lb tensor(9.99999975e-05) min lb tensor(-0.15427685)
Number of Verified Splits: 72 of 80
Current worst splitting domains lb-rhs (depth):
-0.15428 (9), -0.12863 (9), -0.11490 (9), -0.09652 (9), -0.01276 (9), -0.01211 (9), -0.00303 (9), -0.00016 (9), 
Length of domains: 8
Current (lb-rhs): -0.15427684783935547
144 domains visited
Time: pickout 0.0072    decision 0.0296    set_bounds 0.0059    solve 0.6109    add 0.0013    
Accumulated time: pickout 0.0084    decision 0.0600    set_bounds 0.0107    solve 1.2089    add 0.0076    
Cumulative time: 1.3191821575164795

BaB round 3
batch: 8
splitting decisions: 
split level 0: [/input-3, 79] [/input-3, 79] [/input-3, 79] [/input-3, 79] [/input-3, 79] [/input-3, 79] [/input-3, 79] [/input-3, 79] 
split level 1: [/input, 173] [/input-3, 76] [/input-3, 76] [/input-3, 76] [/input-3, 76] [/input-3, 76] [/input, 173] [/input-3, 76] 
split level 2: [/input-3, 76] [/input-3, 94] [/input-3, 94] [/input, 26] [/input, 26] [/input, 26] [/input-3, 76] [/input, 26] 
best_l after optimization: -0.07891414314508438
beta sum per layer: [30.070341110229492, 25.50489044189453]
alpha/beta optimization time: 1.0366606712341309
pruning_in_iteration open status: True
ratio of positive domain = 60 / 64 = 0.9375
pruning-in-iteration extra time: 0.06260514259338379
torch.Size([64, 1])
Time: prepare 0.0042    bound 1.0387    transfer 0.0053    finalize 0.0078    func 1.0561    
Accumulated time: func 2.2636    prepare 0.0243    bound 2.2367    transfer 0.0062    finalize 0.0114    
max lb tensor(9.99999975e-05) min lb tensor(-0.04325521)
Number of Verified Splits: 60 of 64
Current worst splitting domains lb-rhs (depth):
-0.04326 (12), -0.02552 (12), -0.01385 (12), -0.00229 (12), 
Length of domains: 4
Current (lb-rhs): -0.04325520992279053
208 domains visited
Time: pickout 0.0194    decision 0.0779    set_bounds 0.0042    solve 1.0573    add 0.0029    
Accumulated time: pickout 0.0279    decision 0.1379    set_bounds 0.0149    solve 2.2662    add 0.0105    
Cumulative time: 2.4817168712615967

BaB round 4
batch: 4
splitting decisions: 
split level 0: [/input-3, 62] [/input-3, 62] [/input-3, 62] [/input-3, 62] 
split level 1: [/input, 173] [/input, 173] [/input, 173] [/input, 173] 
split level 2: [/input-3, 119] [/input, 26] [/input-3, 119] [/input, 10] 
split level 3: [/input, 26] [/input-3, 119] [/input, 26] [/input-3, 94] 

all verified at 0th iter
best_l after optimization: 17.256410598754883
beta sum per layer: [11.88820743560791, 10.142631530761719]
alpha/beta optimization time: 0.014538288116455078
pruning_in_iteration open status: False
ratio of positive domain = 64 / 64 = 1.0
pruning-in-iteration extra time: 0.0007359981536865234
torch.Size([64, 1])
Time: prepare 0.0065    bound 0.0168    transfer 0.0015    finalize 0.0099    func 0.0348    
Accumulated time: func 2.2984    prepare 0.0411    bound 2.2535    transfer 0.0077    finalize 0.0213    
max lb tensor(0.52434647) min lb tensor(0.08932960)
Number of Verified Splits: 64 of 64
Length of domains: 0
No domains left, verification finished!
Current (lb-rhs): 1.0000000116860974e-07
272 domains visited
Time: pickout 0.0132    decision 0.0753    set_bounds 0.0062    solve 0.0356    add 0.0003    
Accumulated time: pickout 0.0411    decision 0.2132    set_bounds 0.0211    solve 2.3018    add 0.0108    
Cumulative time: 2.6127822399139404

Result: safe in 3.7021 seconds

 %%%%%%%%%%%%%%%%%%%%%%%%%%%%%%%%%%% idx: 44, vnnlib ID: 44 %%%%%%%%%%%%%%%%%%%%%%%%%%%%%%%%%%%
Finished vnnlib processing in 0.016372 seconds
Model: BoundedModule(
  (/0): BoundInput(name=/0, inputs=[], perturbed=True)
  (/7): BoundParams(name=/7, inputs=[], perturbed=False)
  (/8): BoundParams(name=/8, inputs=[], perturbed=False)
  (/9): BoundParams(name=/9, inputs=[], perturbed=False)
  (/10): BoundParams(name=/10, inputs=[], perturbed=False)
  (/11): BoundParams(name=/11, inputs=[], perturbed=False)
  (/12): BoundParams(name=/12, inputs=[], perturbed=False)
  (/13): BoundFlatten(name=/13, inputs=[/0], perturbed=True)
  (/input): BoundLinear(name=/input, inputs=[/13, /7, /8], perturbed=True)
  (/15): BoundRelu(name=/15, inputs=[/input], perturbed=True)
  (/input-3): BoundLinear(name=/input-3, inputs=[/15, /9, /10], perturbed=True)
  (/17): BoundRelu(name=/17, inputs=[/input-3], perturbed=True)
  (/18): BoundLinear(name=/18, inputs=[/17, /11, /12], perturbed=True)
)
Original output in the first batch: tensor([[-7.48749304, -0.75909817,  0.55973166,  9.19966793, -4.90311909,
         -0.68463993, -9.21102810, -1.58496642, -2.03089738, -6.58776474]],
       device='cuda:0')
Split layers:
Nonlinear functions:
   BoundRelu(name=/15, inputs=[/input], perturbed=True)
   BoundRelu(name=/17, inputs=[/input-3], perturbed=True)
build batch [1/1]
layer /15 using sparse-features alpha with shape [74]; unstable size 74; total size 256 ([1, 256])
layer /15 start_node /input-3 using sparse-spec alpha [2, 47, 1, 74] with unstable size 46 total_size 128 output_shape torch.Size([128])
layer /15 start_node /18 using full alpha [2, 9, 1, 74] with unstable size None total_size 9 output_shape 9
layer /17 using sparse-features alpha with shape [46]; unstable size 46; total size 128 ([1, 128])
layer /17 start_node /18 using full alpha [2, 9, 1, 46] with unstable size None total_size 9 output_shape 9
Optimizable variables initialized.
initial CROWN bounds (first 10 items): [11.980846405029297, 5.531449794769287, 3.6326091289520264, 8.541512489318848, 4.540740013122559, 11.925765991210938, 6.205191612243652, 7.532230854034424, 11.04927921295166]
Verified with initial CROWN!
verified with init bound!
Result: safe-incomplete in 0.4038 seconds

 %%%%%%%%%%%%%%%%%%%%%%%%%%%%%%%%%%% idx: 45, vnnlib ID: 45 %%%%%%%%%%%%%%%%%%%%%%%%%%%%%%%%%%%
Finished vnnlib processing in 0.008927 seconds
Model: BoundedModule(
  (/0): BoundInput(name=/0, inputs=[], perturbed=True)
  (/7): BoundParams(name=/7, inputs=[], perturbed=False)
  (/8): BoundParams(name=/8, inputs=[], perturbed=False)
  (/9): BoundParams(name=/9, inputs=[], perturbed=False)
  (/10): BoundParams(name=/10, inputs=[], perturbed=False)
  (/11): BoundParams(name=/11, inputs=[], perturbed=False)
  (/12): BoundParams(name=/12, inputs=[], perturbed=False)
  (/13): BoundFlatten(name=/13, inputs=[/0], perturbed=True)
  (/input): BoundLinear(name=/input, inputs=[/13, /7, /8], perturbed=True)
  (/15): BoundRelu(name=/15, inputs=[/input], perturbed=True)
  (/input-3): BoundLinear(name=/input-3, inputs=[/15, /9, /10], perturbed=True)
  (/17): BoundRelu(name=/17, inputs=[/input-3], perturbed=True)
  (/18): BoundLinear(name=/18, inputs=[/17, /11, /12], perturbed=True)
)
Original output in the first batch: tensor([[-3.26728678, -4.52879524, -6.97848368,  1.37895930, -4.50831270,
          8.94741344, -2.36661506, -9.16850662,  0.04848883,  0.25649711]],
       device='cuda:0')
Split layers:
Nonlinear functions:
   BoundRelu(name=/15, inputs=[/input], perturbed=True)
   BoundRelu(name=/17, inputs=[/input-3], perturbed=True)
build batch [1/1]
layer /15 using sparse-features alpha with shape [76]; unstable size 76; total size 256 ([1, 256])
layer /15 start_node /input-3 using sparse-spec alpha [2, 48, 1, 76] with unstable size 47 total_size 128 output_shape torch.Size([128])
layer /15 start_node /18 using full alpha [2, 9, 1, 76] with unstable size None total_size 9 output_shape 9
layer /17 using sparse-features alpha with shape [47]; unstable size 47; total size 128 ([1, 128])
layer /17 start_node /18 using full alpha [2, 9, 1, 47] with unstable size None total_size 9 output_shape 9
Optimizable variables initialized.
initial CROWN bounds (first 10 items): [5.45474910736084, 8.337559700012207, 8.784387588500977, 2.033812999725342, 6.501472473144531, 5.931822776794434, 10.128494262695312, 3.1341731548309326, 3.4525599479675293]
Verified with initial CROWN!
verified with init bound!
Result: safe-incomplete in 0.3092 seconds

 %%%%%%%%%%%%%%%%%%%%%%%%%%%%%%%%%%% idx: 46, vnnlib ID: 46 %%%%%%%%%%%%%%%%%%%%%%%%%%%%%%%%%%%
Finished vnnlib processing in 0.009904 seconds
Model: BoundedModule(
  (/0): BoundInput(name=/0, inputs=[], perturbed=True)
  (/7): BoundParams(name=/7, inputs=[], perturbed=False)
  (/8): BoundParams(name=/8, inputs=[], perturbed=False)
  (/9): BoundParams(name=/9, inputs=[], perturbed=False)
  (/10): BoundParams(name=/10, inputs=[], perturbed=False)
  (/11): BoundParams(name=/11, inputs=[], perturbed=False)
  (/12): BoundParams(name=/12, inputs=[], perturbed=False)
  (/13): BoundFlatten(name=/13, inputs=[/0], perturbed=True)
  (/input): BoundLinear(name=/input, inputs=[/13, /7, /8], perturbed=True)
  (/15): BoundRelu(name=/15, inputs=[/input], perturbed=True)
  (/input-3): BoundLinear(name=/input-3, inputs=[/15, /9, /10], perturbed=True)
  (/17): BoundRelu(name=/17, inputs=[/input-3], perturbed=True)
  (/18): BoundLinear(name=/18, inputs=[/17, /11, /12], perturbed=True)
)
Original output in the first batch: tensor([[-12.72337246,   6.59684467,  -2.33804083,   1.01074982,  -0.46425861,
          -3.89056063,  -8.10531139,  -1.39522374,   0.43948039,  -4.63316917]],
       device='cuda:0')
Split layers:
Nonlinear functions:
   BoundRelu(name=/15, inputs=[/input], perturbed=True)
   BoundRelu(name=/17, inputs=[/input-3], perturbed=True)
build batch [1/1]
layer /15 using sparse-features alpha with shape [70]; unstable size 70; total size 256 ([1, 256])
layer /15 start_node /input-3 using sparse-spec alpha [2, 35, 1, 70] with unstable size 34 total_size 128 output_shape torch.Size([128])
layer /15 start_node /18 using full alpha [2, 9, 1, 70] with unstable size None total_size 9 output_shape 9
layer /17 using sparse-features alpha with shape [34]; unstable size 34; total size 128 ([1, 128])
layer /17 start_node /18 using full alpha [2, 9, 1, 34] with unstable size None total_size 9 output_shape 9
Optimizable variables initialized.
initial CROWN bounds (first 10 items): [15.271692276000977, 5.0189080238342285, 0.35156750679016113, 2.7698636054992676, 5.271604537963867, 11.203130722045898, 3.72792911529541, 2.244584083557129, 5.605825901031494]
Verified with initial CROWN!
verified with init bound!
Result: safe-incomplete in 0.3222 seconds

 %%%%%%%%%%%%%%%%%%%%%%%%%%%%%%%%%%% idx: 47, vnnlib ID: 47 %%%%%%%%%%%%%%%%%%%%%%%%%%%%%%%%%%%
Finished vnnlib processing in 0.008151 seconds
Model: BoundedModule(
  (/0): BoundInput(name=/0, inputs=[], perturbed=True)
  (/7): BoundParams(name=/7, inputs=[], perturbed=False)
  (/8): BoundParams(name=/8, inputs=[], perturbed=False)
  (/9): BoundParams(name=/9, inputs=[], perturbed=False)
  (/10): BoundParams(name=/10, inputs=[], perturbed=False)
  (/11): BoundParams(name=/11, inputs=[], perturbed=False)
  (/12): BoundParams(name=/12, inputs=[], perturbed=False)
  (/13): BoundFlatten(name=/13, inputs=[/0], perturbed=True)
  (/input): BoundLinear(name=/input, inputs=[/13, /7, /8], perturbed=True)
  (/15): BoundRelu(name=/15, inputs=[/input], perturbed=True)
  (/input-3): BoundLinear(name=/input-3, inputs=[/15, /9, /10], perturbed=True)
  (/17): BoundRelu(name=/17, inputs=[/input-3], perturbed=True)
  (/18): BoundLinear(name=/18, inputs=[/17, /11, /12], perturbed=True)
)
Original output in the first batch: tensor([[ -4.55329180,   2.39887142,  10.31334019,  -1.44108891,  -1.71153724,
          -4.39485741,  -0.52996433,  -2.60467362,  -3.03594995, -11.96659470]],
       device='cuda:0')
Split layers:
Nonlinear functions:
   BoundRelu(name=/15, inputs=[/input], perturbed=True)
   BoundRelu(name=/17, inputs=[/input-3], perturbed=True)
build batch [1/1]
layer /15 using sparse-features alpha with shape [70]; unstable size 70; total size 256 ([1, 256])
layer /15 start_node /input-3 using sparse-spec alpha [2, 34, 1, 70] with unstable size 33 total_size 128 output_shape torch.Size([128])
layer /15 start_node /18 using full alpha [2, 9, 1, 70] with unstable size None total_size 9 output_shape 9
layer /17 using sparse-features alpha with shape [33]; unstable size 33; total size 128 ([1, 128])
layer /17 start_node /18 using full alpha [2, 9, 1, 33] with unstable size None total_size 9 output_shape 9
Optimizable variables initialized.
initial CROWN bounds (first 10 items): [10.851816177368164, 5.290078163146973, 8.246955871582031, 7.40158748626709, 9.625073432922363, 6.2443342208862305, 9.581524848937988, 9.489616394042969, 17.247304916381836]
Verified with initial CROWN!
verified with init bound!
Result: safe-incomplete in 0.3148 seconds

 %%%%%%%%%%%%%%%%%%%%%%%%%%%%%%%%%%% idx: 48, vnnlib ID: 48 %%%%%%%%%%%%%%%%%%%%%%%%%%%%%%%%%%%
Finished vnnlib processing in 0.007834 seconds
Model: BoundedModule(
  (/0): BoundInput(name=/0, inputs=[], perturbed=True)
  (/7): BoundParams(name=/7, inputs=[], perturbed=False)
  (/8): BoundParams(name=/8, inputs=[], perturbed=False)
  (/9): BoundParams(name=/9, inputs=[], perturbed=False)
  (/10): BoundParams(name=/10, inputs=[], perturbed=False)
  (/11): BoundParams(name=/11, inputs=[], perturbed=False)
  (/12): BoundParams(name=/12, inputs=[], perturbed=False)
  (/13): BoundFlatten(name=/13, inputs=[/0], perturbed=True)
  (/input): BoundLinear(name=/input, inputs=[/13, /7, /8], perturbed=True)
  (/15): BoundRelu(name=/15, inputs=[/input], perturbed=True)
  (/input-3): BoundLinear(name=/input-3, inputs=[/15, /9, /10], perturbed=True)
  (/17): BoundRelu(name=/17, inputs=[/input-3], perturbed=True)
  (/18): BoundLinear(name=/18, inputs=[/17, /11, /12], perturbed=True)
)
Original output in the first batch: tensor([[-14.02885151,  -5.55602646, -11.74138737,  -9.94105530,  18.11133194,
          -1.44507527, -12.26753139,  -4.59246302,  -1.96576917,   1.94205987]],
       device='cuda:0')
Split layers:
Nonlinear functions:
   BoundRelu(name=/15, inputs=[/input], perturbed=True)
   BoundRelu(name=/17, inputs=[/input-3], perturbed=True)
build batch [1/1]
layer /15 using sparse-features alpha with shape [46]; unstable size 46; total size 256 ([1, 256])
layer /15 start_node /input-3 using sparse-spec alpha [2, 25, 1, 46] with unstable size 24 total_size 128 output_shape torch.Size([128])
layer /15 start_node /18 using full alpha [2, 9, 1, 46] with unstable size None total_size 9 output_shape 9
layer /17 using sparse-features alpha with shape [24]; unstable size 24; total size 128 ([1, 128])
layer /17 start_node /18 using full alpha [2, 9, 1, 24] with unstable size None total_size 9 output_shape 9
Optimizable variables initialized.
initial CROWN bounds (first 10 items): [27.686386108398438, 20.408090591430664, 25.492740631103516, 22.67919158935547, 14.434228897094727, 25.74943733215332, 19.431358337402344, 14.833173751831055, 12.002120018005371]
Verified with initial CROWN!
verified with init bound!
Result: safe-incomplete in 0.3542 seconds

 %%%%%%%%%%%%%%%%%%%%%%%%%%%%%%%%%%% idx: 49, vnnlib ID: 49 %%%%%%%%%%%%%%%%%%%%%%%%%%%%%%%%%%%
Finished vnnlib processing in 0.009716 seconds
Model: BoundedModule(
  (/0): BoundInput(name=/0, inputs=[], perturbed=True)
  (/7): BoundParams(name=/7, inputs=[], perturbed=False)
  (/8): BoundParams(name=/8, inputs=[], perturbed=False)
  (/9): BoundParams(name=/9, inputs=[], perturbed=False)
  (/10): BoundParams(name=/10, inputs=[], perturbed=False)
  (/11): BoundParams(name=/11, inputs=[], perturbed=False)
  (/12): BoundParams(name=/12, inputs=[], perturbed=False)
  (/13): BoundFlatten(name=/13, inputs=[/0], perturbed=True)
  (/input): BoundLinear(name=/input, inputs=[/13, /7, /8], perturbed=True)
  (/15): BoundRelu(name=/15, inputs=[/input], perturbed=True)
  (/input-3): BoundLinear(name=/input-3, inputs=[/15, /9, /10], perturbed=True)
  (/17): BoundRelu(name=/17, inputs=[/input-3], perturbed=True)
  (/18): BoundLinear(name=/18, inputs=[/17, /11, /12], perturbed=True)
)
Original output in the first batch: tensor([[-3.69389129, -5.99654579, -4.48086023, -8.13721275, 11.40164852,
         -6.20033932, -6.79925156, -1.09834552, -5.43812609,  3.77767920]],
       device='cuda:0')
Split layers:
Nonlinear functions:
   BoundRelu(name=/15, inputs=[/input], perturbed=True)
   BoundRelu(name=/17, inputs=[/input-3], perturbed=True)
build batch [1/1]
layer /15 using sparse-features alpha with shape [63]; unstable size 63; total size 256 ([1, 256])
layer /15 start_node /input-3 using sparse-spec alpha [2, 46, 1, 63] with unstable size 45 total_size 128 output_shape torch.Size([128])
layer /15 start_node /18 using full alpha [2, 9, 1, 63] with unstable size None total_size 9 output_shape 9
layer /17 using sparse-features alpha with shape [45]; unstable size 45; total size 128 ([1, 128])
layer /17 start_node /18 using full alpha [2, 9, 1, 45] with unstable size None total_size 9 output_shape 9
Optimizable variables initialized.
initial CROWN bounds (first 10 items): [10.978006362915039, 13.439240455627441, 11.31215763092041, 14.605968475341797, 13.529949188232422, 13.554916381835938, 8.413735389709473, 12.03892707824707, 3.8294169902801514]
Verified with initial CROWN!
verified with init bound!
Result: safe-incomplete in 0.4149 seconds

 %%%%%%%%%%%%%%%%%%%%%%%%%%%%%%%%%%% idx: 50, vnnlib ID: 50 %%%%%%%%%%%%%%%%%%%%%%%%%%%%%%%%%%%
Finished vnnlib processing in 0.011036 seconds
Model: BoundedModule(
  (/0): BoundInput(name=/0, inputs=[], perturbed=True)
  (/7): BoundParams(name=/7, inputs=[], perturbed=False)
  (/8): BoundParams(name=/8, inputs=[], perturbed=False)
  (/9): BoundParams(name=/9, inputs=[], perturbed=False)
  (/10): BoundParams(name=/10, inputs=[], perturbed=False)
  (/11): BoundParams(name=/11, inputs=[], perturbed=False)
  (/12): BoundParams(name=/12, inputs=[], perturbed=False)
  (/13): BoundFlatten(name=/13, inputs=[/0], perturbed=True)
  (/input): BoundLinear(name=/input, inputs=[/13, /7, /8], perturbed=True)
  (/15): BoundRelu(name=/15, inputs=[/input], perturbed=True)
  (/input-3): BoundLinear(name=/input-3, inputs=[/15, /9, /10], perturbed=True)
  (/17): BoundRelu(name=/17, inputs=[/input-3], perturbed=True)
  (/18): BoundLinear(name=/18, inputs=[/17, /11, /12], perturbed=True)
)
Original output in the first batch: tensor([[ 1.30342650, -1.78356826, -1.73435581, -1.89641798, -2.36827493,
          1.19288146,  5.80274773, -6.16830635, -3.95161104, -5.47520638]],
       device='cuda:0')
Split layers:
Nonlinear functions:
   BoundRelu(name=/15, inputs=[/input], perturbed=True)
   BoundRelu(name=/17, inputs=[/input-3], perturbed=True)
build batch [1/1]
layer /15 using sparse-features alpha with shape [93]; unstable size 93; total size 256 ([1, 256])
layer /15 start_node /input-3 using sparse-spec alpha [2, 54, 1, 93] with unstable size 53 total_size 128 output_shape torch.Size([128])
layer /15 start_node /18 using full alpha [2, 9, 1, 93] with unstable size None total_size 9 output_shape 9
layer /17 using sparse-features alpha with shape [53]; unstable size 53; total size 128 ([1, 128])
layer /17 start_node /18 using full alpha [2, 9, 1, 53] with unstable size None total_size 9 output_shape 9
Optimizable variables initialized.
initial CROWN bounds (first 10 items): [-0.26299381256103516, 2.7169291973114014, 0.7902941703796387, 0.9392268657684326, 2.506101369857788, -0.3138411045074463, 5.120183944702148, 4.3664350509643555, 5.1509599685668945]
prune_after_crown optimization in use
  original spec size = torch.Size([1, 9])
  pruned spec size = torch.Size([1, 2])
Using alpha-CROWN to initialize bounds.
Early stop at 40th iter due to 10 iterations no improvement!
best_l after optimization: -0.3347437381744385
alpha/beta optimization time: 1.1007733345031738
initial alpha-crown bounds (first 10 items): [-0.13616371154785156, -0.19858002662658691]
Global lower bound: -0.19858002662658691
torch.Size([1, 2])
7 / 9 OR specs are verified.
Verified OR indices (first 10 items): [1, 2, 3, 4, 6, 7, 8]
Verified OR lbs (first 10 items): [[inf], [inf], [inf], [inf], [inf], [inf], [inf]]
Unverified OR indices (first 10 items): [0, 5]
Unverified OR lbs (first 10 items): [[-0.13616371154785156], [-0.19858002662658691]]
###### Verifying property Instance 50 ######
Batch size: 2
First 10 spec matrices
C: tensor([[[-1.,  0.,  0.,  0.,  0.,  0.,  1.,  0.,  0.,  0.]],

        [[ 0.,  0.,  0.,  0.,  0., -1.,  1.,  0.,  0.,  0.]]], device='cuda:0')
RHS: tensor([[0.],
        [0.]], device='cuda:0')
OR spec sizes: tensor([1, 1], device='cuda:0', dtype=torch.int32)
Remaining timeout: 28.428982257843018
Model prediction is: tensor([ 1.30342650, -1.78356826, -1.73435581, -1.89641798, -2.36827493,
         1.19288146,  5.80274773, -6.16830635, -3.95161104, -5.47520638],
       device='cuda:0')
Activation BaB batch 1/1 
build_with_refined_bounds batch [1/1]
Optimizable variables initialized.
all alpha initialized
directly get lb and ub from refined bounds
c shape: torch.Size([2, 1, 10])
lA shapes: [torch.Size([2, 1, 256]), torch.Size([2, 1, 128])]
torch.Size([2, 1])
(alpha-)CROWN with fixed intermediate bounds: tensor([[-0.13616371],
        [-0.19858003]], device='cuda:0') tensor([[inf],
        [inf]], device='cuda:0')
Intermediate layers: /input,/input-3
Keeping alphas for these layers: ['/18']
Node /15 input 0: size torch.Size([256]) unstable 93
Node /17 input 0: size torch.Size([128]) unstable 50
-----------------
# of unstable neurons: 143
-----------------

BaB round 1
batch: 2
splitting decisions: 
split level 0: [/input, 183] [/input, 208] 
split level 1: [/input-3, 81] [/input, 135] 
split level 2: [/input, 46] [/input, 132] 
split level 3: [/input, 150] [/input-3, 36] 
split level 4: [/input-3, 9] [/input-3, 14] 

all verified at 0th iter
best_l after optimization: 44.643714904785156
beta sum per layer: [0.0, 0.0]
alpha/beta optimization time: 0.009102106094360352
pruning_in_iteration open status: False
ratio of positive domain = 64 / 64 = 1.0
pruning-in-iteration extra time: 0.00038361549377441406
torch.Size([64, 1])
Time: prepare 0.0031    bound 0.0103    transfer 0.0018    finalize 0.0088    func 0.0242    
Accumulated time: func 0.0242    prepare 0.0168    bound 0.0103    transfer 0.0018    finalize 0.0088    
max lb tensor(1.19146132) min lb tensor(0.23231649)
Number of Verified Splits: 64 of 64
Length of domains: 0
No domains left, verification finished!
Current (lb-rhs): 1.0000000116860974e-07
64 domains visited
Time: pickout 0.0016    decision 0.0723    set_bounds 0.0038    solve 0.0249    add 0.0003    
Accumulated time: pickout 0.0016    decision 0.0723    set_bounds 0.0038    solve 0.0249    add 0.0003    
Cumulative time: 0.1306161880493164

Result: safe in 1.7091 seconds

 %%%%%%%%%%%%%%%%%%%%%%%%%%%%%%%%%%% idx: 51, vnnlib ID: 51 %%%%%%%%%%%%%%%%%%%%%%%%%%%%%%%%%%%
Finished vnnlib processing in 0.008956 seconds
Model: BoundedModule(
  (/0): BoundInput(name=/0, inputs=[], perturbed=True)
  (/7): BoundParams(name=/7, inputs=[], perturbed=False)
  (/8): BoundParams(name=/8, inputs=[], perturbed=False)
  (/9): BoundParams(name=/9, inputs=[], perturbed=False)
  (/10): BoundParams(name=/10, inputs=[], perturbed=False)
  (/11): BoundParams(name=/11, inputs=[], perturbed=False)
  (/12): BoundParams(name=/12, inputs=[], perturbed=False)
  (/13): BoundFlatten(name=/13, inputs=[/0], perturbed=True)
  (/input): BoundLinear(name=/input, inputs=[/13, /7, /8], perturbed=True)
  (/15): BoundRelu(name=/15, inputs=[/input], perturbed=True)
  (/input-3): BoundLinear(name=/input-3, inputs=[/15, /9, /10], perturbed=True)
  (/17): BoundRelu(name=/17, inputs=[/input-3], perturbed=True)
  (/18): BoundLinear(name=/18, inputs=[/17, /11, /12], perturbed=True)
)
Original output in the first batch: tensor([[ -7.70859909,  -2.96300220,  -1.82515097,  12.09301472,  -4.58090067,
          -1.21688426, -12.00124264,  -2.16368937,   0.11823148,  -5.35423326]],
       device='cuda:0')
Split layers:
Nonlinear functions:
   BoundRelu(name=/15, inputs=[/input], perturbed=True)
   BoundRelu(name=/17, inputs=[/input-3], perturbed=True)
build batch [1/1]
layer /15 using sparse-features alpha with shape [50]; unstable size 50; total size 256 ([1, 256])
layer /15 start_node /input-3 using sparse-spec alpha [2, 29, 1, 50] with unstable size 28 total_size 128 output_shape torch.Size([128])
layer /15 start_node /18 using full alpha [2, 9, 1, 50] with unstable size None total_size 9 output_shape 9
layer /17 using sparse-features alpha with shape [28]; unstable size 28; total size 128 ([1, 128])
layer /17 start_node /18 using full alpha [2, 9, 1, 28] with unstable size None total_size 9 output_shape 9
Optimizable variables initialized.
initial CROWN bounds (first 10 items): [16.016891479492188, 12.165115356445312, 10.932831764221191, 12.358997344970703, 9.844491958618164, 19.710357666015625, 10.301216125488281, 9.239742279052734, 13.686915397644043]
Verified with initial CROWN!
verified with init bound!
Result: safe-incomplete in 0.3628 seconds

 %%%%%%%%%%%%%%%%%%%%%%%%%%%%%%%%%%% idx: 52, vnnlib ID: 52 %%%%%%%%%%%%%%%%%%%%%%%%%%%%%%%%%%%
Finished vnnlib processing in 0.010849 seconds
Model: BoundedModule(
  (/0): BoundInput(name=/0, inputs=[], perturbed=True)
  (/7): BoundParams(name=/7, inputs=[], perturbed=False)
  (/8): BoundParams(name=/8, inputs=[], perturbed=False)
  (/9): BoundParams(name=/9, inputs=[], perturbed=False)
  (/10): BoundParams(name=/10, inputs=[], perturbed=False)
  (/11): BoundParams(name=/11, inputs=[], perturbed=False)
  (/12): BoundParams(name=/12, inputs=[], perturbed=False)
  (/13): BoundFlatten(name=/13, inputs=[/0], perturbed=True)
  (/input): BoundLinear(name=/input, inputs=[/13, /7, /8], perturbed=True)
  (/15): BoundRelu(name=/15, inputs=[/input], perturbed=True)
  (/input-3): BoundLinear(name=/input-3, inputs=[/15, /9, /10], perturbed=True)
  (/17): BoundRelu(name=/17, inputs=[/input-3], perturbed=True)
  (/18): BoundLinear(name=/18, inputs=[/17, /11, /12], perturbed=True)
)
Original output in the first batch: tensor([[-5.21662474, -2.97914863, -7.08101797, -1.91786432, -3.12127042,
         11.93289948, -3.24828362, -6.71894026, -3.12281299, -0.68512070]],
       device='cuda:0')
Split layers:
Nonlinear functions:
   BoundRelu(name=/15, inputs=[/input], perturbed=True)
   BoundRelu(name=/17, inputs=[/input-3], perturbed=True)
build batch [1/1]
layer /15 using sparse-features alpha with shape [62]; unstable size 62; total size 256 ([1, 256])
layer /15 start_node /input-3 using sparse-spec alpha [2, 44, 1, 62] with unstable size 43 total_size 128 output_shape torch.Size([128])
layer /15 start_node /18 using full alpha [2, 9, 1, 62] with unstable size None total_size 9 output_shape 9
layer /17 using sparse-features alpha with shape [43]; unstable size 43; total size 128 ([1, 128])
layer /17 start_node /18 using full alpha [2, 9, 1, 43] with unstable size None total_size 9 output_shape 9
Optimizable variables initialized.
initial CROWN bounds (first 10 items): [11.42231559753418, 10.105887413024902, 13.050880432128906, 8.762392044067383, 7.808176040649414, 10.536678314208984, 11.308977127075195, 10.736527442932129, 7.189177989959717]
Verified with initial CROWN!
verified with init bound!
Result: safe-incomplete in 0.4351 seconds

 %%%%%%%%%%%%%%%%%%%%%%%%%%%%%%%%%%% idx: 53, vnnlib ID: 53 %%%%%%%%%%%%%%%%%%%%%%%%%%%%%%%%%%%
Finished vnnlib processing in 0.007936 seconds
Model: BoundedModule(
  (/0): BoundInput(name=/0, inputs=[], perturbed=True)
  (/7): BoundParams(name=/7, inputs=[], perturbed=False)
  (/8): BoundParams(name=/8, inputs=[], perturbed=False)
  (/9): BoundParams(name=/9, inputs=[], perturbed=False)
  (/10): BoundParams(name=/10, inputs=[], perturbed=False)
  (/11): BoundParams(name=/11, inputs=[], perturbed=False)
  (/12): BoundParams(name=/12, inputs=[], perturbed=False)
  (/13): BoundFlatten(name=/13, inputs=[/0], perturbed=True)
  (/input): BoundLinear(name=/input, inputs=[/13, /7, /8], perturbed=True)
  (/15): BoundRelu(name=/15, inputs=[/input], perturbed=True)
  (/input-3): BoundLinear(name=/input-3, inputs=[/15, /9, /10], perturbed=True)
  (/17): BoundRelu(name=/17, inputs=[/input-3], perturbed=True)
  (/18): BoundLinear(name=/18, inputs=[/17, /11, /12], perturbed=True)
)
Original output in the first batch: tensor([[-5.27678442, -3.60183525, -6.12676287,  2.60937619, -4.36491251,
          8.55135536, -3.91415572, -7.67610979,  0.20908333,  1.16271889]],
       device='cuda:0')
Split layers:
Nonlinear functions:
   BoundRelu(name=/15, inputs=[/input], perturbed=True)
   BoundRelu(name=/17, inputs=[/input-3], perturbed=True)
build batch [1/1]
layer /15 using sparse-features alpha with shape [80]; unstable size 80; total size 256 ([1, 256])
layer /15 start_node /input-3 using sparse-spec alpha [2, 48, 1, 80] with unstable size 47 total_size 128 output_shape torch.Size([128])
layer /15 start_node /18 using full alpha [2, 9, 1, 80] with unstable size None total_size 9 output_shape 9
layer /17 using sparse-features alpha with shape [47]; unstable size 47; total size 128 ([1, 128])
layer /17 start_node /18 using full alpha [2, 9, 1, 47] with unstable size None total_size 9 output_shape 9
Optimizable variables initialized.
initial CROWN bounds (first 10 items): [7.485355854034424, 7.258570194244385, 8.494282722473145, 0.6767265796661377, 7.109336853027344, 7.348611354827881, 9.193053245544434, 3.1581878662109375, 1.9673476219177246]
Verified with initial CROWN!
verified with init bound!
Result: safe-incomplete in 0.3641 seconds

 %%%%%%%%%%%%%%%%%%%%%%%%%%%%%%%%%%% idx: 54, vnnlib ID: 54 %%%%%%%%%%%%%%%%%%%%%%%%%%%%%%%%%%%
Finished vnnlib processing in 0.009480 seconds
Model: BoundedModule(
  (/0): BoundInput(name=/0, inputs=[], perturbed=True)
  (/7): BoundParams(name=/7, inputs=[], perturbed=False)
  (/8): BoundParams(name=/8, inputs=[], perturbed=False)
  (/9): BoundParams(name=/9, inputs=[], perturbed=False)
  (/10): BoundParams(name=/10, inputs=[], perturbed=False)
  (/11): BoundParams(name=/11, inputs=[], perturbed=False)
  (/12): BoundParams(name=/12, inputs=[], perturbed=False)
  (/13): BoundFlatten(name=/13, inputs=[/0], perturbed=True)
  (/input): BoundLinear(name=/input, inputs=[/13, /7, /8], perturbed=True)
  (/15): BoundRelu(name=/15, inputs=[/input], perturbed=True)
  (/input-3): BoundLinear(name=/input-3, inputs=[/15, /9, /10], perturbed=True)
  (/17): BoundRelu(name=/17, inputs=[/input-3], perturbed=True)
  (/18): BoundLinear(name=/18, inputs=[/17, /11, /12], perturbed=True)
)
Original output in the first batch: tensor([[-0.80928093, -4.34627390, -5.59907722, -7.81118441,  0.90725040,
          1.92548311,  9.39261341, -7.51316166, -0.93292975, -7.56262636]],
       device='cuda:0')
Split layers:
Nonlinear functions:
   BoundRelu(name=/15, inputs=[/input], perturbed=True)
   BoundRelu(name=/17, inputs=[/input-3], perturbed=True)
build batch [1/1]
layer /15 using sparse-features alpha with shape [47]; unstable size 47; total size 256 ([1, 256])
layer /15 start_node /input-3 using sparse-spec alpha [2, 27, 1, 47] with unstable size 26 total_size 128 output_shape torch.Size([128])
layer /15 start_node /18 using full alpha [2, 9, 1, 47] with unstable size None total_size 9 output_shape 9
layer /17 using sparse-features alpha with shape [26]; unstable size 26; total size 128 ([1, 128])
layer /17 start_node /18 using full alpha [2, 9, 1, 26] with unstable size None total_size 9 output_shape 9
Optimizable variables initialized.
initial CROWN bounds (first 10 items): [7.692834854125977, 11.203978538513184, 11.617718696594238, 13.700580596923828, 5.098299503326416, 4.678643703460693, 13.802749633789062, 7.571714401245117, 12.963340759277344]
Verified with initial CROWN!
verified with init bound!
Result: safe-incomplete in 0.4204 seconds

 %%%%%%%%%%%%%%%%%%%%%%%%%%%%%%%%%%% idx: 55, vnnlib ID: 55 %%%%%%%%%%%%%%%%%%%%%%%%%%%%%%%%%%%
Finished vnnlib processing in 0.010312 seconds
Model: BoundedModule(
  (/0): BoundInput(name=/0, inputs=[], perturbed=True)
  (/7): BoundParams(name=/7, inputs=[], perturbed=False)
  (/8): BoundParams(name=/8, inputs=[], perturbed=False)
  (/9): BoundParams(name=/9, inputs=[], perturbed=False)
  (/10): BoundParams(name=/10, inputs=[], perturbed=False)
  (/11): BoundParams(name=/11, inputs=[], perturbed=False)
  (/12): BoundParams(name=/12, inputs=[], perturbed=False)
  (/13): BoundFlatten(name=/13, inputs=[/0], perturbed=True)
  (/input): BoundLinear(name=/input, inputs=[/13, /7, /8], perturbed=True)
  (/15): BoundRelu(name=/15, inputs=[/input], perturbed=True)
  (/input-3): BoundLinear(name=/input-3, inputs=[/15, /9, /10], perturbed=True)
  (/17): BoundRelu(name=/17, inputs=[/input-3], perturbed=True)
  (/18): BoundLinear(name=/18, inputs=[/17, /11, /12], perturbed=True)
)
Original output in the first batch: tensor([[10.42608738, -7.68393612, -1.51629138, -5.30581999, -7.09028387,
         -1.66082573, -0.47955045, -4.47139835,  0.86856627, -3.49359727]],
       device='cuda:0')
Split layers:
Nonlinear functions:
   BoundRelu(name=/15, inputs=[/input], perturbed=True)
   BoundRelu(name=/17, inputs=[/input-3], perturbed=True)
build batch [1/1]
layer /15 using sparse-features alpha with shape [57]; unstable size 57; total size 256 ([1, 256])
layer /15 start_node /input-3 using sparse-spec alpha [2, 28, 1, 57] with unstable size 27 total_size 128 output_shape torch.Size([128])
layer /15 start_node /18 using full alpha [2, 9, 1, 57] with unstable size None total_size 9 output_shape 9
layer /17 using sparse-features alpha with shape [27]; unstable size 27; total size 128 ([1, 128])
layer /17 start_node /18 using full alpha [2, 9, 1, 27] with unstable size None total_size 9 output_shape 9
Optimizable variables initialized.
initial CROWN bounds (first 10 items): [15.20822811126709, 9.382607460021973, 12.417201042175293, 13.321468353271484, 8.538951873779297, 7.924319267272949, 11.45462703704834, 6.328306198120117, 10.669845581054688]
Verified with initial CROWN!
verified with init bound!
Result: safe-incomplete in 0.4516 seconds

 %%%%%%%%%%%%%%%%%%%%%%%%%%%%%%%%%%% idx: 56, vnnlib ID: 56 %%%%%%%%%%%%%%%%%%%%%%%%%%%%%%%%%%%
Finished vnnlib processing in 0.013407 seconds
Model: BoundedModule(
  (/0): BoundInput(name=/0, inputs=[], perturbed=True)
  (/7): BoundParams(name=/7, inputs=[], perturbed=False)
  (/8): BoundParams(name=/8, inputs=[], perturbed=False)
  (/9): BoundParams(name=/9, inputs=[], perturbed=False)
  (/10): BoundParams(name=/10, inputs=[], perturbed=False)
  (/11): BoundParams(name=/11, inputs=[], perturbed=False)
  (/12): BoundParams(name=/12, inputs=[], perturbed=False)
  (/13): BoundFlatten(name=/13, inputs=[/0], perturbed=True)
  (/input): BoundLinear(name=/input, inputs=[/13, /7, /8], perturbed=True)
  (/15): BoundRelu(name=/15, inputs=[/input], perturbed=True)
  (/input-3): BoundLinear(name=/input-3, inputs=[/15, /9, /10], perturbed=True)
  (/17): BoundRelu(name=/17, inputs=[/input-3], perturbed=True)
  (/18): BoundLinear(name=/18, inputs=[/17, /11, /12], perturbed=True)
)
Original output in the first batch: tensor([[ -7.56125402,  -8.03553009,  -6.72656202, -11.94615555,  16.53387833,
          -2.09086776,  -7.76152611,  -2.44434714,  -4.25847387,   2.53536725]],
       device='cuda:0')
Split layers:
Nonlinear functions:
   BoundRelu(name=/15, inputs=[/input], perturbed=True)
   BoundRelu(name=/17, inputs=[/input-3], perturbed=True)
build batch [1/1]
layer /15 using sparse-features alpha with shape [53]; unstable size 53; total size 256 ([1, 256])
layer /15 start_node /input-3 using sparse-spec alpha [2, 32, 1, 53] with unstable size 31 total_size 128 output_shape torch.Size([128])
layer /15 start_node /18 using full alpha [2, 9, 1, 53] with unstable size None total_size 9 output_shape 9
layer /17 using sparse-features alpha with shape [31]; unstable size 31; total size 128 ([1, 128])
layer /17 start_node /18 using full alpha [2, 9, 1, 31] with unstable size None total_size 9 output_shape 9
Optimizable variables initialized.
initial CROWN bounds (first 10 items): [20.29071617126465, 20.976430892944336, 19.006006240844727, 23.916133880615234, 14.349376678466797, 19.830371856689453, 15.317680358886719, 16.458431243896484, 10.631129264831543]
Verified with initial CROWN!
verified with init bound!
Result: safe-incomplete in 0.4845 seconds

 %%%%%%%%%%%%%%%%%%%%%%%%%%%%%%%%%%% idx: 57, vnnlib ID: 57 %%%%%%%%%%%%%%%%%%%%%%%%%%%%%%%%%%%
Finished vnnlib processing in 0.011735 seconds
Model: BoundedModule(
  (/0): BoundInput(name=/0, inputs=[], perturbed=True)
  (/7): BoundParams(name=/7, inputs=[], perturbed=False)
  (/8): BoundParams(name=/8, inputs=[], perturbed=False)
  (/9): BoundParams(name=/9, inputs=[], perturbed=False)
  (/10): BoundParams(name=/10, inputs=[], perturbed=False)
  (/11): BoundParams(name=/11, inputs=[], perturbed=False)
  (/12): BoundParams(name=/12, inputs=[], perturbed=False)
  (/13): BoundFlatten(name=/13, inputs=[/0], perturbed=True)
  (/input): BoundLinear(name=/input, inputs=[/13, /7, /8], perturbed=True)
  (/15): BoundRelu(name=/15, inputs=[/input], perturbed=True)
  (/input-3): BoundLinear(name=/input-3, inputs=[/15, /9, /10], perturbed=True)
  (/17): BoundRelu(name=/17, inputs=[/input-3], perturbed=True)
  (/18): BoundLinear(name=/18, inputs=[/17, /11, /12], perturbed=True)
)
Original output in the first batch: tensor([[-5.43090582,  7.83757496, -0.77130771, -2.29558396, -3.10284019,
         -5.94866276, -7.08325100,  1.51184833, -1.44809020, -4.38171673]],
       device='cuda:0')
Split layers:
Nonlinear functions:
   BoundRelu(name=/15, inputs=[/input], perturbed=True)
   BoundRelu(name=/17, inputs=[/input-3], perturbed=True)
build batch [1/1]
layer /15 using sparse-features alpha with shape [109]; unstable size 109; total size 256 ([1, 256])
layer /15 start_node /input-3 using sparse-spec alpha [2, 57, 1, 109] with unstable size 56 total_size 128 output_shape torch.Size([128])
layer /15 start_node /18 using full alpha [2, 9, 1, 109] with unstable size None total_size 9 output_shape 9
layer /17 using sparse-features alpha with shape [56]; unstable size 56; total size 128 ([1, 128])
layer /17 start_node /18 using full alpha [2, 9, 1, 56] with unstable size None total_size 9 output_shape 9
Optimizable variables initialized.
initial CROWN bounds (first 10 items): [7.701068878173828, 2.840575695037842, 3.517271041870117, 5.324563503265381, 6.921414852142334, 9.081781387329102, 0.895949125289917, 3.1382031440734863, 5.285127639770508]
Verified with initial CROWN!
verified with init bound!
Result: safe-incomplete in 0.3856 seconds

 %%%%%%%%%%%%%%%%%%%%%%%%%%%%%%%%%%% idx: 58, vnnlib ID: 58 %%%%%%%%%%%%%%%%%%%%%%%%%%%%%%%%%%%
Finished vnnlib processing in 0.009588 seconds
Model: BoundedModule(
  (/0): BoundInput(name=/0, inputs=[], perturbed=True)
  (/7): BoundParams(name=/7, inputs=[], perturbed=False)
  (/8): BoundParams(name=/8, inputs=[], perturbed=False)
  (/9): BoundParams(name=/9, inputs=[], perturbed=False)
  (/10): BoundParams(name=/10, inputs=[], perturbed=False)
  (/11): BoundParams(name=/11, inputs=[], perturbed=False)
  (/12): BoundParams(name=/12, inputs=[], perturbed=False)
  (/13): BoundFlatten(name=/13, inputs=[/0], perturbed=True)
  (/input): BoundLinear(name=/input, inputs=[/13, /7, /8], perturbed=True)
  (/15): BoundRelu(name=/15, inputs=[/input], perturbed=True)
  (/input-3): BoundLinear(name=/input-3, inputs=[/15, /9, /10], perturbed=True)
  (/17): BoundRelu(name=/17, inputs=[/input-3], perturbed=True)
  (/18): BoundLinear(name=/18, inputs=[/17, /11, /12], perturbed=True)
)
Original output in the first batch: tensor([[ -5.99102831,  -8.79226112,  -5.20678186,  -3.81951737,   4.43249321,
          -3.15752721, -15.84172726,  -1.91923690,  -4.88243866,  11.18394470]],
       device='cuda:0')
Split layers:
Nonlinear functions:
   BoundRelu(name=/15, inputs=[/input], perturbed=True)
   BoundRelu(name=/17, inputs=[/input-3], perturbed=True)
build batch [1/1]
layer /15 using sparse-features alpha with shape [66]; unstable size 66; total size 256 ([1, 256])
layer /15 start_node /input-3 using sparse-spec alpha [2, 28, 1, 66] with unstable size 27 total_size 128 output_shape torch.Size([128])
layer /15 start_node /18 using full alpha [2, 9, 1, 66] with unstable size None total_size 9 output_shape 9
layer /17 using sparse-features alpha with shape [27]; unstable size 27; total size 128 ([1, 128])
layer /17 start_node /18 using full alpha [2, 9, 1, 27] with unstable size None total_size 9 output_shape 9
Optimizable variables initialized.
initial CROWN bounds (first 10 items): [13.14349365234375, 15.831392288208008, 11.792688369750977, 10.895581245422363, 1.644944190979004, 9.839879989624023, 21.021203994750977, 8.169379234313965, 11.860819816589355]
Verified with initial CROWN!
verified with init bound!
Result: safe-incomplete in 0.3874 seconds

 %%%%%%%%%%%%%%%%%%%%%%%%%%%%%%%%%%% idx: 59, vnnlib ID: 59 %%%%%%%%%%%%%%%%%%%%%%%%%%%%%%%%%%%
Finished vnnlib processing in 0.011148 seconds
Model: BoundedModule(
  (/0): BoundInput(name=/0, inputs=[], perturbed=True)
  (/7): BoundParams(name=/7, inputs=[], perturbed=False)
  (/8): BoundParams(name=/8, inputs=[], perturbed=False)
  (/9): BoundParams(name=/9, inputs=[], perturbed=False)
  (/10): BoundParams(name=/10, inputs=[], perturbed=False)
  (/11): BoundParams(name=/11, inputs=[], perturbed=False)
  (/12): BoundParams(name=/12, inputs=[], perturbed=False)
  (/13): BoundFlatten(name=/13, inputs=[/0], perturbed=True)
  (/input): BoundLinear(name=/input, inputs=[/13, /7, /8], perturbed=True)
  (/15): BoundRelu(name=/15, inputs=[/input], perturbed=True)
  (/input-3): BoundLinear(name=/input-3, inputs=[/15, /9, /10], perturbed=True)
  (/17): BoundRelu(name=/17, inputs=[/input-3], perturbed=True)
  (/18): BoundLinear(name=/18, inputs=[/17, /11, /12], perturbed=True)
)
Original output in the first batch: tensor([[-1.26042116, -2.20098543, -3.45884871, -2.88808084, -4.41013861,
          7.08634138, -3.70836711,  0.36209100,  0.57561982, -3.04416585]],
       device='cuda:0')
Split layers:
Nonlinear functions:
   BoundRelu(name=/15, inputs=[/input], perturbed=True)
   BoundRelu(name=/17, inputs=[/input-3], perturbed=True)
build batch [1/1]
layer /15 using sparse-features alpha with shape [80]; unstable size 80; total size 256 ([1, 256])
layer /15 start_node /input-3 using sparse-spec alpha [2, 53, 1, 80] with unstable size 52 total_size 128 output_shape torch.Size([128])
layer /15 start_node /18 using full alpha [2, 9, 1, 80] with unstable size None total_size 9 output_shape 9
layer /17 using sparse-features alpha with shape [52]; unstable size 52; total size 128 ([1, 128])
layer /17 start_node /18 using full alpha [2, 9, 1, 52] with unstable size None total_size 9 output_shape 9
Optimizable variables initialized.
initial CROWN bounds (first 10 items): [3.456688404083252, 5.390683174133301, 5.510260581970215, 5.611270904541016, 6.11003303527832, 6.834935665130615, 1.2149217128753662, 2.5734171867370605, 5.473416328430176]
Verified with initial CROWN!
verified with init bound!
Result: safe-incomplete in 0.3879 seconds

 %%%%%%%%%%%%%%%%%%%%%%%%%%%%%%%%%%% idx: 60, vnnlib ID: 60 %%%%%%%%%%%%%%%%%%%%%%%%%%%%%%%%%%%
Finished vnnlib processing in 0.012903 seconds
Model: BoundedModule(
  (/0): BoundInput(name=/0, inputs=[], perturbed=True)
  (/7): BoundParams(name=/7, inputs=[], perturbed=False)
  (/8): BoundParams(name=/8, inputs=[], perturbed=False)
  (/9): BoundParams(name=/9, inputs=[], perturbed=False)
  (/10): BoundParams(name=/10, inputs=[], perturbed=False)
  (/11): BoundParams(name=/11, inputs=[], perturbed=False)
  (/12): BoundParams(name=/12, inputs=[], perturbed=False)
  (/13): BoundFlatten(name=/13, inputs=[/0], perturbed=True)
  (/input): BoundLinear(name=/input, inputs=[/13, /7, /8], perturbed=True)
  (/15): BoundRelu(name=/15, inputs=[/input], perturbed=True)
  (/input-3): BoundLinear(name=/input-3, inputs=[/15, /9, /10], perturbed=True)
  (/17): BoundRelu(name=/17, inputs=[/input-3], perturbed=True)
  (/18): BoundLinear(name=/18, inputs=[/17, /11, /12], perturbed=True)
)
Original output in the first batch: tensor([[ -3.72498488,  -4.31976128,  -0.25617015,   3.59785056,  -8.80440426,
          -3.76321793, -17.98498726,  13.78715420,  -7.54274035,   1.33773148]],
       device='cuda:0')
Split layers:
Nonlinear functions:
   BoundRelu(name=/15, inputs=[/input], perturbed=True)
   BoundRelu(name=/17, inputs=[/input-3], perturbed=True)
build batch [1/1]
layer /15 using sparse-features alpha with shape [44]; unstable size 44; total size 256 ([1, 256])
layer /15 start_node /input-3 using sparse-spec alpha [2, 33, 1, 44] with unstable size 32 total_size 128 output_shape torch.Size([128])
layer /15 start_node /18 using full alpha [2, 9, 1, 44] with unstable size None total_size 9 output_shape 9
layer /17 using sparse-features alpha with shape [32]; unstable size 32; total size 128 ([1, 128])
layer /17 start_node /18 using full alpha [2, 9, 1, 32] with unstable size None total_size 9 output_shape 9
Optimizable variables initialized.
initial CROWN bounds (first 10 items): [13.955164909362793, 14.824301719665527, 10.9603910446167, 6.070505619049072, 19.369482040405273, 12.962837219238281, 26.77638053894043, 17.2114200592041, 9.251047134399414]
Verified with initial CROWN!
verified with init bound!
Result: safe-incomplete in 0.3955 seconds

 %%%%%%%%%%%%%%%%%%%%%%%%%%%%%%%%%%% idx: 61, vnnlib ID: 61 %%%%%%%%%%%%%%%%%%%%%%%%%%%%%%%%%%%
Finished vnnlib processing in 0.009555 seconds
Model: BoundedModule(
  (/0): BoundInput(name=/0, inputs=[], perturbed=True)
  (/7): BoundParams(name=/7, inputs=[], perturbed=False)
  (/8): BoundParams(name=/8, inputs=[], perturbed=False)
  (/9): BoundParams(name=/9, inputs=[], perturbed=False)
  (/10): BoundParams(name=/10, inputs=[], perturbed=False)
  (/11): BoundParams(name=/11, inputs=[], perturbed=False)
  (/12): BoundParams(name=/12, inputs=[], perturbed=False)
  (/13): BoundFlatten(name=/13, inputs=[/0], perturbed=True)
  (/input): BoundLinear(name=/input, inputs=[/13, /7, /8], perturbed=True)
  (/15): BoundRelu(name=/15, inputs=[/input], perturbed=True)
  (/input-3): BoundLinear(name=/input-3, inputs=[/15, /9, /10], perturbed=True)
  (/17): BoundRelu(name=/17, inputs=[/input-3], perturbed=True)
  (/18): BoundLinear(name=/18, inputs=[/17, /11, /12], perturbed=True)
)
Original output in the first batch: tensor([[-2.26904392, -4.26060152,  4.43979120, -0.53799969, -6.92498636,
         -2.46666408, -5.31366396, -3.34637785,  5.70022631, -3.81191587]],
       device='cuda:0')
Split layers:
Nonlinear functions:
   BoundRelu(name=/15, inputs=[/input], perturbed=True)
   BoundRelu(name=/17, inputs=[/input-3], perturbed=True)
build batch [1/1]
layer /15 using sparse-features alpha with shape [65]; unstable size 65; total size 256 ([1, 256])
layer /15 start_node /input-3 using sparse-spec alpha [2, 33, 1, 65] with unstable size 32 total_size 128 output_shape torch.Size([128])
layer /15 start_node /18 using full alpha [2, 9, 1, 65] with unstable size None total_size 9 output_shape 9
layer /17 using sparse-features alpha with shape [32]; unstable size 32; total size 128 ([1, 128])
layer /17 start_node /18 using full alpha [2, 9, 1, 32] with unstable size None total_size 9 output_shape 9
Optimizable variables initialized.
initial CROWN bounds (first 10 items): [4.669715881347656, 6.451251983642578, -3.030893325805664, 2.7246100902557373, 9.043526649475098, 4.377338409423828, 7.447711944580078, 4.609837532043457, 5.611560821533203]
prune_after_crown optimization in use
  original spec size = torch.Size([1, 9])
  pruned spec size = torch.Size([1, 1])
Using alpha-CROWN to initialize bounds.
Early stop at 76th iter due to 10 iterations no improvement!
best_l after optimization: -2.85650897026062
alpha/beta optimization time: 2.238210678100586
initial alpha-crown bounds (first 10 items): [-2.85650897026062]
Global lower bound: -2.85650897026062
torch.Size([1, 1])
8 / 9 OR specs are verified.
Verified OR indices (first 10 items): [0, 1, 3, 4, 5, 6, 7, 8]
Verified OR lbs (first 10 items): [[inf], [inf], [inf], [inf], [inf], [inf], [inf], [inf]]
Unverified OR indices (first 10 items): [2]
Unverified OR lbs (first 10 items): [[-2.85650897026062]]
###### Verifying property Instance 61 ######
Batch size: 1
First 10 spec matrices
C: tensor([[[ 0.,  0., -1.,  0.,  0.,  0.,  0.,  0.,  1.,  0.]]], device='cuda:0')
RHS: tensor([[0.]], device='cuda:0')
OR spec sizes: tensor([1], device='cuda:0', dtype=torch.int32)
Remaining timeout: 27.25692081451416
Model prediction is: tensor([-2.26904392, -4.26060152,  4.43979120, -0.53799969, -6.92498636,
        -2.46666408, -5.31366396, -3.34637785,  5.70022631, -3.81191587],
       device='cuda:0')
Activation BaB batch 1/1 
build_with_refined_bounds batch [1/1]
Optimizable variables initialized.
all alpha initialized
directly get lb and ub from refined bounds
c shape: torch.Size([1, 1, 10])
lA shapes: [torch.Size([1, 1, 256]), torch.Size([1, 1, 128])]
torch.Size([1, 1])
(alpha-)CROWN with fixed intermediate bounds: tensor([[-2.85650897]], device='cuda:0') tensor([[inf]], device='cuda:0')
Intermediate layers: /input,/input-3
Keeping alphas for these layers: ['/18']
Node /15 input 0: size torch.Size([256]) unstable 65
Node /17 input 0: size torch.Size([128]) unstable 32
-----------------
# of unstable neurons: 97
-----------------

BaB round 1
batch: 1
splitting decisions: 
split level 0: [/input, 88] 
split level 1: [/input, 76] 
split level 2: [/input, 133] 
split level 3: [/input, 20] 
split level 4: [/input-3, 34] 
split level 5: [/input, 189] 
best_l after optimization: -96.49282836914062
beta sum per layer: [141.84088134765625, 21.793800354003906]
alpha/beta optimization time: 0.7308440208435059
pruning_in_iteration open status: False
ratio of positive domain = 0 / 64 = 0.0
pruning-in-iteration extra time: 0.0005221366882324219
torch.Size([64, 1])
Time: prepare 0.0055    bound 0.7324    transfer 0.0013    finalize 0.0079    func 0.7472    
Accumulated time: func 0.7472    prepare 0.0212    bound 0.7324    transfer 0.0013    finalize 0.0079    
max lb tensor(-0.77814305) min lb tensor(-2.15696430)
Number of Verified Splits: 0 of 64
Current worst splitting domains lb-rhs (depth):
-2.15696 (6), -2.15550 (6), -2.10600 (6), -2.09776 (6), -2.08431 (6), -2.07989 (6), -2.04359 (6), -2.02411 (6), -2.00526 (6), -1.98836 (6), -1.98402 (6), -1.98360 (6), -1.96258 (6), -1.95288 (6), -1.89932 (6), -1.87559 (6), -1.84932 (6), -1.84397 (6), -1.83762 (6), -1.82662 (6), 
Length of domains: 64
Current (lb-rhs): -2.1569643020629883
64 domains visited
Time: pickout 0.0023    decision 0.0754    set_bounds 0.0053    solve 0.7481    add 0.0101    
Accumulated time: pickout 0.0023    decision 0.0754    set_bounds 0.0053    solve 0.7481    add 0.0101    
Cumulative time: 0.8785314559936523

BaB round 2
batch: 64
splitting decisions: 
split level 0: [/input, 239] [/input, 239] [/input, 239] [/input-3, 24] [/input, 239] [/input, 239] [/input-3, 25] [/input, 239] [/input, 239] [/input, 239] 
best_l after optimization: -141.697265625
beta sum per layer: [599.8460693359375, 83.04198455810547]
alpha/beta optimization time: 0.738227128982544
pruning_in_iteration open status: False
ratio of positive domain = 5 / 128 = 0.0390625
pruning-in-iteration extra time: 0.0005168914794921875
torch.Size([128, 1])
Time: prepare 0.0056    bound 0.7399    transfer 0.0013    finalize 0.0089    func 0.7558    
Accumulated time: func 1.5029    prepare 0.0380    bound 1.4723    transfer 0.0026    finalize 0.0168    
max lb tensor(0.06890810) min lb tensor(-2.08082724)
Number of Verified Splits: 5 of 128
Current worst splitting domains lb-rhs (depth):
-2.08083 (7), -2.07969 (7), -2.02555 (7), -2.01645 (7), -2.01317 (7), -2.01003 (7), -1.96681 (7), -1.94628 (7), -1.94608 (7), -1.92903 (7), -1.92374 (7), -1.92332 (7), -1.92311 (7), -1.92072 (7), -1.88969 (7), -1.88480 (7), -1.87949 (7), -1.86928 (7), -1.85573 (7), -1.84777 (7), 
Length of domains: 123
Current (lb-rhs): -2.080827236175537
192 domains visited
Time: pickout 0.0222    decision 0.1161    set_bounds 0.0050    solve 0.7567    add 0.0034    
Accumulated time: pickout 0.0245    decision 0.1915    set_bounds 0.0103    solve 1.5048    add 0.0134    
Cumulative time: 1.7821238040924072

BaB round 3
batch: 123
splitting decisions: 
split level 0: [/input-3, 24] [/input-3, 24] [/input-3, 24] [/input, 239] [/input-3, 24] [/input-3, 24] [/input-3, 24] [/input-3, 24] [/input-3, 24] [/input-3, 24] 
best_l after optimization: -226.19798278808594
beta sum per layer: [1536.3779296875, 262.4642333984375]
alpha/beta optimization time: 0.7644431591033936
pruning_in_iteration open status: False
ratio of positive domain = 38 / 246 = 0.1544715447154471
pruning-in-iteration extra time: 0.0009496212005615234
torch.Size([246, 1])
Time: prepare 0.0115    bound 0.7663    transfer 0.0020    finalize 0.0111    func 0.7911    
Accumulated time: func 2.2940    prepare 0.0612    bound 2.2386    transfer 0.0046    finalize 0.0279    
max lb tensor(0.17644805) min lb tensor(-2.01068926)
Number of Verified Splits: 38 of 246
Current worst splitting domains lb-rhs (depth):
-2.01069 (8), -2.00924 (8), -1.95299 (8), -1.94505 (8), -1.94372 (8), -1.94051 (8), -1.89324 (8), -1.87419 (8), -1.87057 (8), -1.87045 (8), -1.86592 (8), -1.86238 (8), -1.86126 (8), -1.86018 (8), -1.85757 (8), -1.85018 (8), -1.84575 (8), -1.84545 (8), -1.83494 (8), -1.82917 (8), 
Length of domains: 208
Current (lb-rhs): -2.0106892585754395
438 domains visited
Time: pickout 0.0249    decision 0.2024    set_bounds 0.0077    solve 0.7922    add 0.0055    
Accumulated time: pickout 0.0494    decision 0.3939    set_bounds 0.0181    solve 2.2970    add 0.0189    
Cumulative time: 2.815438747406006

BaB round 4
batch: 208
splitting decisions: 
split level 0: [/input-3, 25] [/input-3, 25] [/input-3, 25] [/input-3, 25] [/input-3, 25] [/input-3, 25] [/input-3, 25] [/input-3, 25] [/input-3, 25] [/input-3, 25] 
best_l after optimization: -378.62445068359375
beta sum per layer: [2735.1904296875, 671.6387939453125]
alpha/beta optimization time: 0.9234211444854736
pruning_in_iteration open status: False
ratio of positive domain = 75 / 416 = 0.18028846153846156
pruning-in-iteration extra time: 0.00046372413635253906
torch.Size([416, 1])
Time: prepare 0.0133    bound 0.9250    transfer 0.0015    finalize 0.0162    func 0.9561    
Accumulated time: func 3.2502    prepare 0.0801    bound 3.1636    transfer 0.0060    finalize 0.0441    
max lb tensor(0.14871091) min lb tensor(-1.94105124)
Number of Verified Splits: 75 of 416
Current worst splitting domains lb-rhs (depth):
-1.94105 (9), -1.94057 (9), -1.92565 (9), -1.91982 (9), -1.88588 (9), -1.88145 (9), -1.87385 (9), -1.87301 (9), -1.86219 (9), -1.85890 (9), -1.84798 (9), -1.84652 (9), -1.82774 (9), -1.81318 (9), -1.80516 (9), -1.80456 (9), -1.80365 (9), -1.80304 (9), -1.79971 (9), -1.79781 (9), 
Length of domains: 341
Current (lb-rhs): -1.9410512447357178
854 domains visited
Time: pickout 0.0354    decision 0.3289    set_bounds 0.0137    solve 0.9571    add 0.0030    
Accumulated time: pickout 0.0848    decision 0.7228    set_bounds 0.0317    solve 3.2541    add 0.0219    
Cumulative time: 4.154233694076538

BaB round 5
batch: 341
splitting decisions: 
split level 0: [/input, 135] [/input, 135] [/input, 135] [/input, 135] [/input, 135] [/input, 135] [/input, 135] [/input, 135] [/input, 135] [/input, 225] 
best_l after optimization: -617.1703491210938
beta sum per layer: [4491.56640625, 1623.8385009765625]
alpha/beta optimization time: 0.5753574371337891
pruning_in_iteration open status: False
ratio of positive domain = 76 / 682 = 0.11143695014662758
pruning-in-iteration extra time: 0.00011467933654785156
torch.Size([682, 1])
Time: prepare 0.0172    bound 0.5765    transfer 0.0004    finalize 0.0072    func 0.6014    
Accumulated time: func 3.8515    prepare 0.1037    bound 3.7401    transfer 0.0064    finalize 0.0514    
max lb tensor(0.13544559) min lb tensor(-1.89313316)
Number of Verified Splits: 76 of 682
Current worst splitting domains lb-rhs (depth):
-1.89313 (10), -1.89297 (10), -1.87929 (10), -1.87507 (10), -1.84131 (10), -1.83219 (10), -1.82859 (10), -1.82683 (10), -1.81960 (10), -1.81371 (10), -1.80409 (10), -1.80089 (10), -1.78277 (10), -1.76045 (10), -1.75770 (10), -1.75746 (10), -1.74675 (10), -1.74097 (10), -1.73941 (10), -1.73895 (10), 
Length of domains: 606
Current (lb-rhs): -1.8931331634521484
1536 domains visited
Time: pickout 0.0554    decision 0.4655    set_bounds 0.0181    solve 0.6023    add 0.0031    
Accumulated time: pickout 0.1402    decision 1.1882    set_bounds 0.0498    solve 3.8564    add 0.0250    
Cumulative time: 5.299415349960327

BaB round 6
batch: 606
splitting decisions: 
split level 0: [/input, 225] [/input-3, 50] [/input-3, 50] [/input, 225] [/input-3, 50] [/input-3, 50] [/input-3, 50] [/input-3, 50] [/input-3, 50] [/input-3, 50] 
best_l after optimization: -937.7819213867188
beta sum per layer: [8410.03125, 3684.4599609375]
alpha/beta optimization time: 0.44726037979125977
pruning_in_iteration open status: False
ratio of positive domain = 165 / 1212 = 0.13613861386138615
pruning-in-iteration extra time: 0.00011396408081054688
torch.Size([1212, 1])
Time: prepare 0.0262    bound 0.4483    transfer 0.0007    finalize 0.0098    func 0.4850    
Accumulated time: func 4.3366    prepare 0.1330    bound 4.1883    transfer 0.0071    finalize 0.0612    
max lb tensor(0.23018366) min lb tensor(-1.84750342)
Number of Verified Splits: 165 of 1212
Current worst splitting domains lb-rhs (depth):
-1.84750 (11), -1.84578 (11), -1.83387 (11), -1.82972 (11), -1.79726 (11), -1.78706 (11), -1.78303 (11), -1.78180 (11), -1.77652 (11), -1.77026 (11), -1.75794 (11), -1.75450 (11), -1.73927 (11), -1.71715 (11), -1.71709 (11), -1.71332 (11), -1.71167 (11), -1.70321 (11), -1.70056 (11), -1.69881 (11), 
Length of domains: 1047
Current (lb-rhs): -1.847503423690796
2748 domains visited
Time: pickout 0.0664    decision 0.1090    set_bounds 0.0268    solve 0.4861    add 0.0061    
Accumulated time: pickout 0.2066    decision 1.2972    set_bounds 0.0766    solve 4.3425    add 0.0312    
Cumulative time: 5.995017051696777

BaB round 7
batch: 1024
splitting decisions: 
split level 0: [/input-3, 112] [/input-3, 50] [/input-3, 112] [/input-3, 9] [/input-3, 50] [/input-3, 9] [/input-3, 112] [/input-3, 50] [/input-3, 112] [/input-3, 50] 
best_l after optimization: -1425.0050048828125
beta sum per layer: [13768.7978515625, 7360.5732421875]
alpha/beta optimization time: -1.5026071071624756
pruning_in_iteration open status: False
ratio of positive domain = 298 / 2048 = 0.1455078125
pruning-in-iteration extra time: 0.00013256072998046875
torch.Size([2048, 1])
Time: prepare 0.0389    bound -1.5016    transfer 0.0007    finalize 0.0197    func -1.4422    
Accumulated time: func 2.8944    prepare 0.1739    bound 2.6868    transfer 0.0078    finalize 0.0808    
max lb tensor(0.17650577) min lb tensor(-1.80158031)
Number of Verified Splits: 298 of 2048
Current worst splitting domains lb-rhs (depth):
-1.80158 (12), -1.79954 (12), -1.78775 (12), -1.78706 (11), -1.78486 (12), -1.75140 (12), -1.73692 (12), -1.73649 (12), -1.73175 (12), -1.72345 (12), -1.71295 (12), -1.71178 (12), -1.69536 (12), -1.67714 (12), -1.67290 (12), -1.67133 (12), -1.67130 (12), -1.67089 (12), -1.66892 (12), -1.66106 (12), 
Length of domains: 1773
Current (lb-rhs): -1.8015803098678589
4796 domains visited
Time: pickout 0.1086    decision 0.1811    set_bounds 0.0457    solve -1.4409    add 0.0019    
Accumulated time: pickout 0.3152    decision 1.4784    set_bounds 0.1223    solve 2.9016    add 0.0331    
current_vram/total_varm: 0.2GB/8.6GB, batch_size increase to 2048
Cumulative time: 4.894147157669067

BaB round 8
batch: 1773
splitting decisions: 
split level 0: [/input-3, 50] [/input-3, 112] [/input-3, 112] [/input-3, 112] [/input-3, 112] [/input-3, 9] [/input-3, 112] [/input-3, 112] [/input-3, 112] [/input-3, 9] 
best_l after optimization: -2096.63623046875
beta sum per layer: [23046.8125, 14048.1416015625]
alpha/beta optimization time: 0.48516321182250977
pruning_in_iteration open status: False
ratio of positive domain = 594 / 3546 = 0.1675126903553299
pruning-in-iteration extra time: 0.00011610984802246094
torch.Size([3546, 1])
Time: prepare 0.0668    bound 0.4862    transfer 0.0010    finalize 0.0207    func 0.5752    
Accumulated time: func 3.4696    prepare 0.2525    bound 3.1730    transfer 0.0088    finalize 0.1015    
max lb tensor(0.24402434) min lb tensor(-1.75215459)
Number of Verified Splits: 594 of 3546
Current worst splitting domains lb-rhs (depth):
-1.75215 (13), -1.74938 (13), -1.74391 (12), -1.73836 (13), -1.73577 (13), -1.70474 (13), -1.69063 (13), -1.68484 (13), -1.68360 (13), -1.67749 (13), -1.66083 (13), -1.65995 (13), -1.64237 (13), -1.64019 (13), -1.63841 (13), -1.63489 (13), -1.63486 (13), -1.63335 (13), -1.63313 (13), -1.62988 (13), 
Length of domains: 2952
Current (lb-rhs): -1.7521545886993408
8342 domains visited
Time: pickout 0.1768    decision 0.2773    set_bounds 0.0766    solve 0.5765    add 0.0061    
Accumulated time: pickout 0.4920    decision 1.7557    set_bounds 0.1989    solve 3.4781    add 0.0392    
Cumulative time: 6.011199474334717

BaB round 9
batch: 2048
splitting decisions: 
split level 0: [/input-3, 12] [/input-3, 12] [/input-3, 9] [/input-3, 12] [/input-3, 36] [/input-3, 9] [/input-3, 12] [/input-3, 9] [/input-3, 9] [/input-3, 12] 
best_l after optimization: -1800.8475341796875
beta sum per layer: [25568.3515625, 17299.150390625]
alpha/beta optimization time: 0.5519900321960449
pruning_in_iteration open status: True
ratio of positive domain = 1180 / 4096 = 0.2880859375
pruning-in-iteration extra time: 0.015745162963867188
torch.Size([4096, 1])
Time: prepare 0.0820    bound 0.5531    transfer 0.0015    finalize 0.0253    func 0.6621    
Accumulated time: func 4.1317    prepare 0.3415    bound 3.7261    transfer 0.0103    finalize 0.1268    
max lb tensor(0.00505459) min lb tensor(-1.69201350)
Number of Verified Splits: 1180 of 4096
Current worst splitting domains lb-rhs (depth):
-1.75215 (13), -1.74938 (13), -1.73836 (13), -1.73577 (13), -1.70474 (13), -1.69201 (13), -1.69063 (13), -1.68484 (13), -1.68360 (13), -1.67749 (13), -1.66083 (13), -1.65995 (13), -1.64237 (13), -1.64013 (13), -1.61629 (13), -1.61591 (13), -1.60752 (13), -1.60358 (13), -1.60184 (13), -1.60155 (13), 
Length of domains: 3820
Current (lb-rhs): -1.7521545886993408
12438 domains visited
Time: pickout 0.2089    decision 0.4090    set_bounds 0.0965    solve 0.6637    add 0.0029    
Accumulated time: pickout 0.7009    decision 2.1647    set_bounds 0.2955    solve 4.1418    add 0.0421    
current_vram/total_varm: 0.5GB/8.6GB, batch_size increase to 4096
Cumulative time: 7.399504661560059

BaB round 10
batch: 3820
splitting decisions: 
split level 0: [/input-3, 112] [/input-3, 9] [/input-3, 9] [/input-3, 9] [/input-3, 9] [/input-3, 9] [/input-3, 50] [/input-3, 12] [/input-3, 50] [/input-3, 9] 
best_l after optimization: -3050.365234375
beta sum per layer: [45219.9140625, 32645.943359375]
alpha/beta optimization time: 0.8969807624816895
pruning_in_iteration open status: True
ratio of positive domain = 2273 / 7640 = 0.29751308900523565
pruning-in-iteration extra time: 0.020537614822387695
torch.Size([7640, 1])
Time: prepare 0.1695    bound 0.8980    transfer 0.0048    finalize 0.0507    func 1.1233    
Accumulated time: func 5.2550    prepare 0.5236    bound 4.6241    transfer 0.0151    finalize 0.1775    
max lb tensor(0.00590816) min lb tensor(-1.71012390)
Number of Verified Splits: 2273 of 7640
Current worst splitting domains lb-rhs (depth):
-1.71012 (14), -1.70596 (14), -1.69421 (14), -1.69274 (14), -1.66206 (14), -1.65276 (14), -1.64688 (14), -1.64326 (14), -1.64176 (14), -1.63531 (14), -1.61953 (14), -1.61861 (14), -1.60142 (14), -1.60141 (14), -1.57389 (14), -1.57374 (14), -1.56614 (15), -1.56610 (14), -1.56477 (14), -1.56368 (15), 
Length of domains: 5367
Current (lb-rhs): -1.710123896598816
20078 domains visited
Time: pickout 0.4068    decision 0.6690    set_bounds 0.2812    solve 1.1253    add 0.0172    
Accumulated time: pickout 1.1077    decision 2.8337    set_bounds 0.5767    solve 5.2671    add 0.0593    
Cumulative time: 9.910934448242188

BaB round 11
batch: 4096
splitting decisions: 
split level 0: [/input-3, 73] [/input-3, 73] [/input-3, 12] [/input-3, 36] [/input-3, 73] [/input-3, 12] [/input-3, 36] [/input-3, 73] [/input-3, 73] [/input-3, 73] 
best_l after optimization: -2750.33349609375
beta sum per layer: [45576.30078125, 36485.16796875]
alpha/beta optimization time: 0.9553225040435791
pruning_in_iteration open status: True
ratio of positive domain = 2659 / 8192 = 0.3245849609375
pruning-in-iteration extra time: 0.021825790405273438
torch.Size([8192, 1])
Time: prepare 0.1712    bound 0.9564    transfer 0.0032    finalize 0.0433    func 1.1750    
Accumulated time: func 6.4301    prepare 0.7082    bound 5.5805    transfer 0.0184    finalize 0.2208    
max lb tensor(0.00606734) min lb tensor(-1.66906047)
Number of Verified Splits: 2659 of 8192
Current worst splitting domains lb-rhs (depth):
-1.66906 (15), -1.66441 (15), -1.66206 (14), -1.65276 (14), -1.65257 (15), -1.65061 (15), -1.64688 (14), -1.64326 (14), -1.64176 (14), -1.63531 (14), -1.61953 (14), -1.61861 (14), -1.60141 (14), -1.57389 (14), -1.57374 (14), -1.56240 (15), -1.55975 (14), -1.54072 (15), -1.54047 (15), -1.53944 (16), 
Length of domains: 6804
Current (lb-rhs): -1.669060468673706
28270 domains visited
Time: pickout 0.4456    decision 0.7226    set_bounds 0.3026    solve 1.1770    add 0.0069    
Accumulated time: pickout 1.5534    decision 3.5563    set_bounds 0.8793    solve 6.4442    add 0.0662    
current_vram/total_varm: 1.1GB/8.6GB, batch_size increase to 8192
Cumulative time: 12.583545207977295

BaB round 12
batch: 6804
splitting decisions: 
split level 0: [/input-3, 9] [/input-3, 12] [/input-3, 12] [/input-3, 12] [/input-3, 12] [/input-3, 12] [/input-3, 12] [/input-3, 36] [/input-3, 12] [/input-3, 12] 
best_l after optimization: -4389.6455078125
beta sum per layer: [72264.296875, 62819.26171875]
alpha/beta optimization time: 1.4489164352416992
pruning_in_iteration open status: True
ratio of positive domain = 4353 / 13608 = 0.3198853615520282
pruning-in-iteration extra time: 0.021171092987060547
torch.Size([13608, 1])
Time: prepare 0.2853    bound 1.4512    transfer 0.0044    finalize 0.0739    func 1.8158    
Accumulated time: func 8.2459    prepare 1.0146    bound 7.0317    transfer 0.0227    finalize 0.2947    
max lb tensor(0.00415331) min lb tensor(-1.64027035)
Number of Verified Splits: 4353 of 13608
Current worst splitting domains lb-rhs (depth):
-1.64027 (16), -1.63472 (16), -1.62159 (16), -1.62041 (16), -1.61975 (15), -1.61576 (15), -1.60463 (15), -1.60286 (15), -1.59944 (15), -1.59127 (15), -1.58141 (15), -1.58117 (15), -1.56249 (15), -1.53832 (16), -1.53542 (15), -1.53297 (15), -1.52037 (15), -1.51598 (16), -1.50816 (17), -1.50672 (17), 
Length of domains: 9255
Current (lb-rhs): -1.6402703523635864
41878 domains visited
Time: pickout 0.7971    decision 1.2903    set_bounds 0.3144    solve 1.8192    add 0.0150    
Accumulated time: pickout 2.3505    decision 4.8466    set_bounds 1.1938    solve 8.2634    add 0.0812    
Cumulative time: 16.844453811645508

BaB round 13
batch: 8192
splitting decisions: 
split level 0: [/input-3, 77] [/input-3, 36] [/input-3, 77] [/input-3, 77] [/input-3, 5] [/input-3, 73] [/input-3, 73] [/input, 148] [/input-3, 73] [/input-3, 73] 
best_l after optimization: -4977.23583984375
beta sum per layer: [85515.421875, 79893.7734375]
alpha/beta optimization time: 1.7535948753356934
pruning_in_iteration open status: True
ratio of positive domain = 5301 / 16384 = 0.32354736328125
pruning-in-iteration extra time: 0.022392749786376953
torch.Size([16384, 1])
Time: prepare 0.3301    bound 1.7547    transfer 0.0125    finalize 0.0854    func 2.1841    
Accumulated time: func 10.4300    prepare 1.3702    bound 8.7864    transfer 0.0353    finalize 0.3801    
max lb tensor(0.00962263) min lb tensor(-1.61462843)
Number of Verified Splits: 5301 of 16384
Current worst splitting domains lb-rhs (depth):
-1.61463 (17), -1.60833 (17), -1.59164 (16), -1.59013 (16), -1.58574 (17), -1.58422 (17), -1.57941 (16), -1.57213 (16), -1.56916 (16), -1.56106 (17), -1.55991 (16), -1.55764 (17), -1.55611 (16), -1.55518 (16), -1.53539 (16), -1.51368 (17), -1.50826 (16), -1.50460 (16), -1.49198 (16), -1.48939 (15), 
Length of domains: 12146
Current (lb-rhs): -1.6146284341812134
58262 domains visited
Time: pickout 0.9494    decision 1.4982    set_bounds 0.3770    solve 2.1881    add 0.0121    
Accumulated time: pickout 3.2999    decision 6.3448    set_bounds 1.5707    solve 10.4515    add 0.0934    
current_vram/total_varm: 2.3GB/8.6GB, batch_size increase to 16384
Cumulative time: 21.90336513519287

BaB round 14
batch: 12146
splitting decisions: 
split level 0: [/input-3, 12] [/input-3, 77] [/input-3, 36] [/input-3, 36] [/input-3, 36] [/input-3, 73] [/input-3, 77] [/input-3, 36] [/input-3, 36] [/input-3, 36] 
best_l after optimization: -6753.75634765625
beta sum per layer: [119916.734375, 126275.9609375]
alpha/beta optimization time: 2.525393486022949
pruning_in_iteration open status: True
ratio of positive domain = 8416 / 24292 = 0.34645150666886215
pruning-in-iteration extra time: 0.024298906326293945
torch.Size([24292, 1])
Time: prepare 0.5878    bound 2.5266    transfer 0.0100    finalize 0.1176    func 3.2434    
Accumulated time: func 13.6734    prepare 1.9935    bound 11.3130    transfer 0.0453    finalize 0.4977    
max lb tensor(0.00511964) min lb tensor(-1.57922041)
Number of Verified Splits: 8416 of 24292
Current worst splitting domains lb-rhs (depth):
-1.57922 (18), -1.57328 (18), -1.56861 (17), -1.56333 (17), -1.55865 (18), -1.55748 (18), -1.55554 (18), -1.55539 (17), -1.54773 (18), -1.54468 (17), -1.53596 (18), -1.53302 (17), -1.53237 (18), -1.52492 (17), -1.51778 (17), -1.51735 (17), -1.50978 (17), -1.50799 (17), -1.50151 (17), -1.50049 (17), 
Length of domains: 15876
Current (lb-rhs): -1.5792204141616821
82554 domains visited
Time: pickout 1.3430    decision 2.1925    set_bounds 0.9326    solve 3.2483    add 0.0137    
Accumulated time: pickout 4.6429    decision 8.5372    set_bounds 2.5034    solve 13.6999    add 0.1071    
Time out!!!!!!!!
Result: unknown in 32.4808 seconds

 %%%%%%%%%%%%%%%%%%%%%%%%%%%%%%%%%%% idx: 62, vnnlib ID: 62 %%%%%%%%%%%%%%%%%%%%%%%%%%%%%%%%%%%
Finished vnnlib processing in 0.002791 seconds
Model: BoundedModule(
  (/0): BoundInput(name=/0, inputs=[], perturbed=True)
  (/7): BoundParams(name=/7, inputs=[], perturbed=False)
  (/8): BoundParams(name=/8, inputs=[], perturbed=False)
  (/9): BoundParams(name=/9, inputs=[], perturbed=False)
  (/10): BoundParams(name=/10, inputs=[], perturbed=False)
  (/11): BoundParams(name=/11, inputs=[], perturbed=False)
  (/12): BoundParams(name=/12, inputs=[], perturbed=False)
  (/13): BoundFlatten(name=/13, inputs=[/0], perturbed=True)
  (/input): BoundLinear(name=/input, inputs=[/13, /7, /8], perturbed=True)
  (/15): BoundRelu(name=/15, inputs=[/input], perturbed=True)
  (/input-3): BoundLinear(name=/input-3, inputs=[/15, /9, /10], perturbed=True)
  (/17): BoundRelu(name=/17, inputs=[/input-3], perturbed=True)
  (/18): BoundLinear(name=/18, inputs=[/17, /11, /12], perturbed=True)
)
Original output in the first batch: tensor([[-4.47011995, -5.21400928, -2.42626023, -3.26610112, -1.74370718,
          1.99962878, -5.13480282, -2.73665452,  1.42794311,  4.67803669]],
       device='cuda:0')
Split layers:
Nonlinear functions:
   BoundRelu(name=/15, inputs=[/input], perturbed=True)
   BoundRelu(name=/17, inputs=[/input-3], perturbed=True)
build batch [1/1]
layer /15 using sparse-features alpha with shape [93]; unstable size 93; total size 256 ([1, 256])
layer /15 start_node /input-3 using sparse-spec alpha [2, 51, 1, 93] with unstable size 50 total_size 128 output_shape torch.Size([128])
layer /15 start_node /18 using full alpha [2, 9, 1, 93] with unstable size None total_size 9 output_shape 9
layer /17 using sparse-features alpha with shape [50]; unstable size 50; total size 128 ([1, 128])
layer /17 start_node /18 using full alpha [2, 9, 1, 50] with unstable size None total_size 9 output_shape 9
Optimizable variables initialized.
initial CROWN bounds (first 10 items): [3.3866257667541504, 2.724806308746338, -0.07255983352661133, 1.2727699279785156, -0.519627571105957, -5.014018535614014, 1.7142977714538574, 0.28849315643310547, -2.7371604442596436]
prune_after_crown optimization in use
  original spec size = torch.Size([1, 9])
  pruned spec size = torch.Size([1, 4])
Using alpha-CROWN to initialize bounds.
Early stop at 77th iter due to 10 iterations no improvement!
best_l after optimization: -6.979180335998535
alpha/beta optimization time: 1.2250418663024902
initial alpha-crown bounds (first 10 items): [0.14927911758422852, -0.28267335891723633, -4.490559101104736, -2.35522723197937]
Global lower bound: -4.490559101104736
torch.Size([1, 4])
6 / 9 OR specs are verified.
Verified OR indices (first 10 items): [0, 1, 2, 3, 6, 7]
Verified OR lbs (first 10 items): [[inf], [inf], [0.14927911758422852], [inf], [inf], [inf]]
Unverified OR indices (first 10 items): [4, 5, 8]
Unverified OR lbs (first 10 items): [[-0.28267335891723633], [-4.490559101104736], [-2.35522723197937]]
###### Verifying property Instance 62 ######
Batch size: 3
First 10 spec matrices
C: tensor([[[ 0.,  0.,  0.,  0., -1.,  0.,  0.,  0.,  0.,  1.]],

        [[ 0.,  0.,  0.,  0.,  0., -1.,  0.,  0.,  0.,  1.]],

        [[ 0.,  0.,  0.,  0.,  0.,  0.,  0.,  0., -1.,  1.]]], device='cuda:0')
RHS: tensor([[0.],
        [0.],
        [0.]], device='cuda:0')
OR spec sizes: tensor([1, 1, 1], device='cuda:0', dtype=torch.int32)
Remaining timeout: 28.560271501541138
Model prediction is: tensor([-4.47011995, -5.21400928, -2.42626023, -3.26610112, -1.74370718,
         1.99962878, -5.13480282, -2.73665452,  1.42794311,  4.67803669],
       device='cuda:0')
Activation BaB batch 1/1 
build_with_refined_bounds batch [1/1]
Optimizable variables initialized.
all alpha initialized
directly get lb and ub from refined bounds
c shape: torch.Size([3, 1, 10])
lA shapes: [torch.Size([3, 1, 256]), torch.Size([3, 1, 128])]
torch.Size([3, 1])
(alpha-)CROWN with fixed intermediate bounds: tensor([[-0.28267336],
        [-4.49055910],
        [-2.35522723]], device='cuda:0') tensor([[inf],
        [inf],
        [inf]], device='cuda:0')
Intermediate layers: /input,/input-3
Keeping alphas for these layers: ['/18']
Node /15 input 0: size torch.Size([256]) unstable 93
Node /17 input 0: size torch.Size([128]) unstable 50
-----------------
# of unstable neurons: 143
-----------------

BaB round 1
batch: 3
splitting decisions: 
split level 0: [/input, 238] [/input-3, 99] [/input, 7] 
split level 1: [/input, 116] [/input, 189] [/input-3, 110] 
split level 2: [/input-3, 34] [/input, 222] [/input, 239] 
split level 3: [/input, 76] [/input, 239] [/input-3, 54] 
split level 4: [/input-3, 118] [/input, 76] [/input, 207] 
best_l after optimization: -141.03570556640625
beta sum per layer: [123.49671936035156, 32.699745178222656]
alpha/beta optimization time: 0.39870190620422363
pruning_in_iteration open status: True
ratio of positive domain = 32 / 96 = 0.33333333333333337
pruning-in-iteration extra time: 0.022135257720947266
torch.Size([96, 1])
Time: prepare 0.0019    bound 0.3997    transfer 0.0003    finalize 0.0016    func 0.4037    
Accumulated time: func 0.4037    prepare 0.0055    bound 0.3997    transfer 0.0003    finalize 0.0016    
max lb tensor(9.99999975e-05) min lb tensor(-3.81645799)
Number of Verified Splits: 32 of 96
Current worst splitting domains lb-rhs (depth):
-3.81646 (5), -3.80233 (5), -3.78532 (5), -3.74804 (5), -3.73980 (5), -3.67693 (5), -3.59744 (5), -3.58757 (5), -3.56345 (5), -3.49519 (5), -3.48528 (5), -3.46775 (5), -3.45858 (5), -3.45782 (5), -3.45198 (5), -3.45077 (5), -3.42889 (5), -3.36879 (5), -3.31571 (5), -3.26736 (5), 
Length of domains: 64
Current (lb-rhs): -3.816457986831665
96 domains visited
Time: pickout 0.0015    decision 0.0354    set_bounds 0.0053    solve 0.4043    add 0.0041    
Accumulated time: pickout 0.0015    decision 0.0354    set_bounds 0.0053    solve 0.4043    add 0.0041    
Cumulative time: 0.46784043312072754

BaB round 2
batch: 64
splitting decisions: 
split level 0: [/input, 173] [/input-3, 48] [/input, 225] [/input-3, 48] [/input, 173] [/input-3, 48] [/input, 225] [/input-3, 48] [/input, 173] [/input-3, 48] 
best_l after optimization: -246.77249145507812
beta sum per layer: [455.96807861328125, 119.57315063476562]
alpha/beta optimization time: 0.38483357429504395
pruning_in_iteration open status: False
ratio of positive domain = 8 / 128 = 0.0625
pruning-in-iteration extra time: 0.00010609626770019531
torch.Size([128, 1])
Time: prepare 0.0034    bound 0.3857    transfer 0.0003    finalize 0.0016    func 0.3910    
Accumulated time: func 0.7947    prepare 0.0112    bound 0.7854    transfer 0.0006    finalize 0.0033    
max lb tensor(0.12865782) min lb tensor(-3.71896291)
Number of Verified Splits: 8 of 128
Current worst splitting domains lb-rhs (depth):
-3.71896 (6), -3.69380 (6), -3.68882 (6), -3.65379 (6), -3.64621 (6), -3.58973 (6), -3.56933 (6), -3.53470 (6), -3.49362 (6), -3.49236 (6), -3.49125 (6), -3.49064 (6), -3.47831 (6), -3.42446 (6), -3.39109 (6), -3.37694 (6), -3.36530 (6), -3.35909 (6), -3.35289 (6), -3.33843 (6), 
Length of domains: 120
Current (lb-rhs): -3.7189629077911377
224 domains visited
Time: pickout 0.0146    decision 0.0269    set_bounds 0.0034    solve 0.3915    add 0.0026    
Accumulated time: pickout 0.0162    decision 0.0622    set_bounds 0.0087    solve 0.7958    add 0.0067    
Cumulative time: 0.9072468280792236

BaB round 3
batch: 120
splitting decisions: 
split level 0: [/input, 225] [/input, 225] [/input, 173] [/input, 225] [/input, 222] [/input, 173] [/input, 225] [/input-3, 63] [/input, 173] [/input-3, 63] 
best_l after optimization: -446.47967529296875
beta sum per layer: [1044.5936279296875, 292.8231506347656]
alpha/beta optimization time: 0.3560330867767334
pruning_in_iteration open status: False
ratio of positive domain = 15 / 240 = 0.0625
pruning-in-iteration extra time: 0.0001437664031982422
torch.Size([240, 1])
Time: prepare 0.0052    bound 0.3571    transfer 0.0003    finalize 0.0079    func 0.3706    
Accumulated time: func 1.1653    prepare 0.0193    bound 1.1425    transfer 0.0009    finalize 0.0112    
max lb tensor(0.17680979) min lb tensor(-3.59864450)
Number of Verified Splits: 15 of 240
Current worst splitting domains lb-rhs (depth):
-3.59864 (7), -3.59533 (7), -3.57209 (7), -3.55953 (7), -3.55185 (7), -3.54860 (7), -3.53567 (7), -3.53385 (7), -3.47534 (7), -3.46903 (7), -3.46622 (7), -3.45375 (7), -3.44063 (7), -3.40673 (7), -3.40543 (7), -3.37591 (7), -3.37263 (7), -3.37228 (7), -3.37190 (7), -3.36545 (7), 
Length of domains: 225
Current (lb-rhs): -3.598644495010376
464 domains visited
Time: pickout 0.0190    decision 0.0305    set_bounds 0.0056    solve 0.3716    add 0.0016    
Accumulated time: pickout 0.0352    decision 0.0927    set_bounds 0.0143    solve 1.1674    add 0.0083    
Cumulative time: 1.3358855247497559

BaB round 4
batch: 225
splitting decisions: 
split level 0: [/input, 116] [/input-3, 17] [/input, 120] [/input-3, 110] [/input, 120] [/input, 116] [/input-3, 17] [/input, 120] [/input-3, 17] [/input-3, 110] 
best_l after optimization: -796.327392578125
beta sum per layer: [2162.548828125, 728.89306640625]
alpha/beta optimization time: 0.46939778327941895
pruning_in_iteration open status: False
ratio of positive domain = 39 / 450 = 0.08666666666666667
pruning-in-iteration extra time: 0.0002028942108154297
torch.Size([450, 1])
Time: prepare 0.0101    bound 0.4704    transfer 0.0004    finalize 0.0114    func 0.4924    
Accumulated time: func 1.6578    prepare 0.0316    bound 1.6129    transfer 0.0013    finalize 0.0226    
max lb tensor(0.17374647) min lb tensor(-3.48614788)
Number of Verified Splits: 39 of 450
Current worst splitting domains lb-rhs (depth):
-3.48615 (8), -3.48461 (8), -3.46056 (8), -3.45509 (8), -3.44193 (8), -3.43950 (8), -3.42647 (8), -3.42526 (8), -3.42503 (8), -3.38915 (8), -3.38216 (8), -3.37288 (8), -3.36881 (8), -3.36710 (8), -3.36300 (8), -3.35814 (8), -3.35662 (8), -3.35036 (8), -3.34830 (8), -3.33156 (8), 
Length of domains: 411
Current (lb-rhs): -3.486147880554199
914 domains visited
Time: pickout 0.0285    decision 0.0491    set_bounds 0.0103    solve 0.4932    add 0.0023    
Accumulated time: pickout 0.0637    decision 0.1418    set_bounds 0.0246    solve 1.6606    add 0.0106    
Cumulative time: 1.9197313785552979

BaB round 5
batch: 411
splitting decisions: 
split level 0: [/input-3, 110] [/input-3, 63] [/input, 207] [/input, 116] [/input, 207] [/input-3, 110] [/input-3, 67] [/input, 207] [/input, 116] [/input, 0] 
best_l after optimization: -1367.008544921875
beta sum per layer: [4227.56982421875, 1871.16845703125]
alpha/beta optimization time: 0.42509984970092773
pruning_in_iteration open status: False
ratio of positive domain = 46 / 822 = 0.05596107055961075
pruning-in-iteration extra time: 0.00012803077697753906
torch.Size([822, 1])
Time: prepare 0.0175    bound 0.4260    transfer 0.0005    finalize 0.0106    func 0.4548    
Accumulated time: func 2.1126    prepare 0.0525    bound 2.0389    transfer 0.0019    finalize 0.0332    
max lb tensor(0.22358084) min lb tensor(-3.38500428)
Number of Verified Splits: 46 of 822
Current worst splitting domains lb-rhs (depth):
-3.38500 (9), -3.38212 (9), -3.35954 (9), -3.34505 (9), -3.33940 (9), -3.33906 (9), -3.32732 (9), -3.32248 (9), -3.32079 (9), -3.29355 (9), -3.28947 (9), -3.27149 (9), -3.26760 (9), -3.26586 (9), -3.26267 (9), -3.25982 (9), -3.25946 (9), -3.25485 (9), -3.25324 (9), -3.24739 (9), 
Length of domains: 776
Current (lb-rhs): -3.3850042819976807
1736 domains visited
Time: pickout 0.0460    decision 0.0830    set_bounds 0.0189    solve 0.4556    add 0.0057    
Accumulated time: pickout 0.1097    decision 0.2248    set_bounds 0.0435    solve 2.1162    add 0.0162    
Cumulative time: 2.529597759246826

BaB round 6
batch: 776
splitting decisions: 
split level 0: [/input, 7] [/input, 222] [/input, 143] [/input, 7] [/input-3, 118] [/input, 7] [/input-3, 99] [/input-3, 118] [/input, 7] [/input, 189] 
best_l after optimization: -2310.470458984375
beta sum per layer: [8699.296875, 4396.0283203125]
alpha/beta optimization time: 0.403303861618042
pruning_in_iteration open status: False
ratio of positive domain = 189 / 1552 = 0.12177835051546393
pruning-in-iteration extra time: 0.00014019012451171875
torch.Size([1552, 1])
Time: prepare 0.0324    bound 0.4046    transfer 0.0008    finalize 0.0119    func 0.4500    
Accumulated time: func 2.5625    prepare 0.0871    bound 2.4435    transfer 0.0027    finalize 0.0451    
max lb tensor(0.53336573) min lb tensor(-3.28884578)
Number of Verified Splits: 189 of 1552
Current worst splitting domains lb-rhs (depth):
-3.28885 (10), -3.28499 (10), -3.26855 (10), -3.25049 (10), -3.24595 (10), -3.24037 (10), -3.23746 (10), -3.22854 (10), -3.22650 (10), -3.19659 (10), -3.18820 (10), -3.17380 (10), -3.17179 (10), -3.16775 (10), -3.16412 (10), -3.16286 (10), -3.16233 (10), -3.15970 (10), -3.15702 (10), -3.14639 (10), 
Length of domains: 1363
Current (lb-rhs): -3.2888457775115967
3288 domains visited
Time: pickout 0.0830    decision 0.1484    set_bounds 0.0370    solve 0.4523    add 0.0043    
Accumulated time: pickout 0.1927    decision 0.3732    set_bounds 0.0805    solve 2.5685    add 0.0205    
Cumulative time: 3.25631046295166

BaB round 7
batch: 1024
splitting decisions: 
split level 0: [/input-3, 118] [/input-3, 110] [/input-3, 118] [/input-3, 31] [/input-3, 110] [/input-3, 118] [/input, 39] [/input-3, 48] [/input, 116] [/input, 143] 
best_l after optimization: -2817.423095703125
beta sum per layer: [13026.5068359375, 7070.67333984375]
alpha/beta optimization time: 0.42572689056396484
pruning_in_iteration open status: False
ratio of positive domain = 223 / 2048 = 0.10888671875
pruning-in-iteration extra time: 0.00011467933654785156
torch.Size([2048, 1])
Time: prepare 0.0407    bound 0.4267    transfer 0.0009    finalize 0.0187    func 0.4872    
Accumulated time: func 3.0498    prepare 0.1300    bound 2.8702    transfer 0.0036    finalize 0.0638    
max lb tensor(0.39972901) min lb tensor(-3.19071436)
Number of Verified Splits: 223 of 2048
Current worst splitting domains lb-rhs (depth):
-3.19071 (11), -3.18557 (11), -3.16434 (11), -3.15170 (11), -3.14267 (11), -3.13940 (11), -3.13855 (11), -3.12554 (11), -3.12440 (11), -3.09538 (10), -3.09270 (11), -3.09250 (11), -3.09024 (11), -3.08974 (11), -3.08364 (10), -3.07131 (11), -3.06816 (11), -3.06652 (11), -3.06571 (11), -3.06054 (11), 
Length of domains: 2164
Current (lb-rhs): -3.1907143592834473
5336 domains visited
Time: pickout 0.1122    decision 0.1726    set_bounds 0.0467    solve 0.4884    add 0.0048    
Accumulated time: pickout 0.3049    decision 0.5458    set_bounds 0.1272    solve 3.0569    add 0.0253    
current_vram/total_varm: 0.2GB/8.6GB, batch_size increase to 2048
Cumulative time: 4.0831708908081055

BaB round 8
batch: 2048
splitting decisions: 
split level 0: [/input, 120] [/input, 120] [/input-3, 118] [/input-3, 17] [/input, 143] [/input-3, 17] [/input-3, 118] [/input-3, 118] [/input-3, 118] [/input-3, 99] 
best_l after optimization: -4757.6376953125
beta sum per layer: [29305.37890625, 16398.984375]
alpha/beta optimization time: 0.5750539302825928
pruning_in_iteration open status: False
ratio of positive domain = 664 / 4096 = 0.162109375
pruning-in-iteration extra time: 0.00010728836059570312
torch.Size([4096, 1])
Time: prepare 0.0879    bound 0.5760    transfer 0.0010    finalize 0.0243    func 0.6895    
Accumulated time: func 3.7393    prepare 0.2263    bound 3.4462    transfer 0.0046    finalize 0.0881    
max lb tensor(0.43243027) min lb tensor(-3.09325457)
Number of Verified Splits: 664 of 4096
Current worst splitting domains lb-rhs (depth):
-3.09325 (12), -3.08855 (12), -3.07661 (12), -3.06033 (12), -3.04926 (12), -3.04814 (12), -3.03903 (12), -3.03313 (12), -3.03024 (12), -3.00476 (12), -2.99484 (12), -2.99424 (12), -2.99047 (11), -2.98680 (12), -2.97920 (12), -2.97912 (11), -2.97842 (12), -2.97697 (12), -2.97641 (12), -2.97002 (12), 
Length of domains: 3548
Current (lb-rhs): -3.093254566192627
9432 domains visited
Time: pickout 0.2088    decision 0.3360    set_bounds 0.0933    solve 0.7873    add 0.0075    
Accumulated time: pickout 0.5137    decision 0.8817    set_bounds 0.2205    solve 3.8442    add 0.0328    
current_vram/total_varm: 0.4GB/8.6GB, batch_size increase to 4096
Cumulative time: 5.520998477935791

BaB round 9
batch: 3548
splitting decisions: 
split level 0: [/input-3, 118] [/input, 82] [/input-3, 118] [/input, 143] [/input-3, 118] [/input, 0] [/input, 116] [/input-3, 118] [/input, 7] [/input-3, 118] 
best_l after optimization: -7120.06982421875
beta sum per layer: [55995.953125, 30848.56640625]
alpha/beta optimization time: 0.8464176654815674
pruning_in_iteration open status: False
ratio of positive domain = 1321 / 7096 = 0.18616121758737314
pruning-in-iteration extra time: 0.0002856254577636719
torch.Size([7096, 1])
Time: prepare 0.1506    bound 0.8476    transfer 0.0037    finalize 0.0382    func 1.0407    
Accumulated time: func 4.7800    prepare 0.3891    bound 4.2937    transfer 0.0083    finalize 0.1264    
max lb tensor(0.59928751) min lb tensor(-3.01308775)
Number of Verified Splits: 1321 of 7096
Current worst splitting domains lb-rhs (depth):
-3.01309 (13), -3.00626 (13), -2.99815 (13), -2.98098 (13), -2.96811 (13), -2.96797 (13), -2.95279 (13), -2.94954 (13), -2.92367 (13), -2.92128 (13), -2.91598 (13), -2.91490 (13), -2.91105 (13), -2.90049 (13), -2.89816 (13), -2.89656 (13), -2.89249 (13), -2.89211 (12), -2.88856 (13), -2.88672 (13), 
Length of domains: 5775
Current (lb-rhs): -3.013087749481201
16528 domains visited
Time: pickout 0.3569    decision -1.2802    set_bounds 0.1504    solve 1.0428    add 0.0123    
Accumulated time: pickout 0.8706    decision -0.3984    set_bounds 0.3709    solve 4.8870    add 0.0451    
Cumulative time: 5.811103582382202

BaB round 10
batch: 4096
splitting decisions: 
split level 0: [/input, 0] [/input, 207] [/input-3, 17] [/input-3, 17] [/input, 207] [/input, 231] [/input, 207] [/input, 207] [/input, 143] [/input-3, 34] 
best_l after optimization: -6953.705078125
beta sum per layer: [70043.5859375, 36736.8046875]
alpha/beta optimization time: 0.9466931819915771
pruning_in_iteration open status: True
ratio of positive domain = 1906 / 8192 = 0.232666015625
pruning-in-iteration extra time: 0.009096860885620117
torch.Size([8192, 1])
Time: prepare 0.1615    bound 0.9476    transfer 0.0016    finalize 0.0351    func 1.1466    
Accumulated time: func 5.9266    prepare 0.5644    bound 5.2414    transfer 0.0099    finalize 0.1615    
max lb tensor(0.00760126) min lb tensor(-2.93362641)
Number of Verified Splits: 1906 of 8192
Current worst splitting domains lb-rhs (depth):
-2.94954 (13), -2.93363 (14), -2.92649 (14), -2.92134 (14), -2.91598 (13), -2.90679 (14), -2.89329 (14), -2.89249 (13), -2.88809 (14), -2.87022 (14), -2.85333 (14), -2.84949 (14), -2.84496 (14), -2.83965 (14), -2.83654 (11), -2.82634 (14), -2.82456 (14), -2.82397 (14), -2.81868 (14), -2.81794 (11), 
Length of domains: 7965
Current (lb-rhs): -2.9495391845703125
24720 domains visited
Time: pickout 0.5213    decision 0.6343    set_bounds 0.1776    solve 1.1487    add 0.0064    
Accumulated time: pickout 1.3919    decision 0.2359    set_bounds 0.5484    solve 6.0357    add 0.0515    
current_vram/total_varm: 1.1GB/8.6GB, batch_size increase to 8192
Cumulative time: 8.309751033782959

BaB round 11
batch: 7965
splitting decisions: 
split level 0: [/input, 207] [/input-3, 118] [/input, 207] [/input, 7] [/input, 207] [/input-3, 31] [/input, 7] [/input, 207] [/input-3, 118] [/input, 207] 
best_l after optimization: -11950.5732421875
beta sum per layer: [139704.046875, 76471.4140625]
alpha/beta optimization time: 2.0071654319763184
pruning_in_iteration open status: True
ratio of positive domain = 4046 / 15930 = 0.2539861895794099
pruning-in-iteration extra time: 0.016034364700317383
torch.Size([15930, 1])
Time: prepare 0.3313    bound 2.0086    transfer 0.0171    finalize 0.0944    func 2.4525    
Accumulated time: func 8.3792    prepare 0.9192    bound 7.2500    transfer 0.0271    finalize 0.2559    
max lb tensor(0.00781476) min lb tensor(-2.87005424)
Number of Verified Splits: 4046 of 15930
Current worst splitting domains lb-rhs (depth):
-2.87005 (15), -2.86492 (14), -2.86434 (15), -2.85259 (15), -2.83566 (15), -2.82446 (15), -2.82419 (14), -2.82042 (15), -2.81677 (14), -2.80908 (15), -2.78604 (15), -2.78367 (15), -2.77832 (15), -2.76947 (15), -2.75507 (15), -2.75365 (15), -2.75161 (12), -2.74982 (15), -2.74603 (15), -2.74579 (15), 
Length of domains: 11884
Current (lb-rhs): -2.870054244995117
40650 domains visited
Time: pickout 0.8142    decision 1.3203    set_bounds 0.4463    solve 2.4566    add 0.0200    
Accumulated time: pickout 2.2060    decision 1.5562    set_bounds 0.9948    solve 8.4922    add 0.0715    
Cumulative time: 13.394093990325928

BaB round 12
batch: 8192
splitting decisions: 
split level 0: [/input-3, 117] [/input-3, 117] [/input, 143] [/input-3, 117] [/input, 82] [/input-3, 117] [/input-3, 69] [/input, 116] [/input-3, 69] [/input, 213] 
best_l after optimization: -10317.50390625
beta sum per layer: [146140.625, 75239.1171875]
alpha/beta optimization time: 2.048593044281006
pruning_in_iteration open status: True
ratio of positive domain = 4841 / 16384 = 0.29547119140625
pruning-in-iteration extra time: 0.02390313148498535
torch.Size([16384, 1])
Time: prepare 0.3675    bound 2.0496    transfer 0.0043    finalize 0.0863    func 2.5090    
Accumulated time: func 10.8882    prepare 1.3120    bound 9.2995    transfer 0.0313    finalize 0.3423    
max lb tensor(0.01047421) min lb tensor(-2.83044410)
Number of Verified Splits: 4841 of 16384
Current worst splitting domains lb-rhs (depth):
-2.86434 (15), -2.83044 (16), -2.81446 (16), -2.80511 (15), -2.79801 (16), -2.78719 (16), -2.78604 (15), -2.78367 (15), -2.77985 (16), -2.76947 (15), -2.76877 (16), -2.75507 (15), -2.74852 (15), -2.74603 (15), -2.73812 (16), -2.73321 (12), -2.72940 (15), -2.72919 (15), -2.72912 (15), -2.72780 (15), 
Length of domains: 15235
Current (lb-rhs): -2.864337205886841
57034 domains visited
Time: pickout 1.1746    decision 1.5741    set_bounds 0.5474    solve 2.5136    add 0.0153    
Accumulated time: pickout 3.3806    decision 3.1302    set_bounds 1.5422    solve 11.0058    add 0.0868    
current_vram/total_varm: 2.3GB/8.6GB, batch_size increase to 16384
Cumulative time: 19.25184392929077

BaB round 13
batch: 15235
splitting decisions: 
split level 0: [/input, 238] [/input, 0] [/input, 238] [/input, 82] [/input, 238] [/input, 225] [/input, 143] [/input, 238] [/input-3, 110] [/input, 238] 
best_l after optimization: -18437.578125
beta sum per layer: [276363.1875, 151415.984375]
alpha/beta optimization time: 3.5992624759674072
pruning_in_iteration open status: True
ratio of positive domain = 9349 / 30470 = 0.3068263866097801
pruning-in-iteration extra time: 0.02411484718322754
torch.Size([30470, 1])
Time: prepare 0.6598    bound 3.6004    transfer 0.0213    finalize 0.1634    func 4.4471    
Accumulated time: func 15.3353    prepare 2.0296    bound 12.9000    transfer 0.0527    finalize 0.5057    
max lb tensor(0.00508833) min lb tensor(-2.82402039)
Number of Verified Splits: 9349 of 30470
Current worst splitting domains lb-rhs (depth):
-2.82402 (16), -2.76448 (16), -2.74742 (16), -2.74380 (16), -2.73669 (17), -2.73376 (17), -2.73105 (16), -2.72145 (17), -2.71654 (17), -2.71583 (16), -2.70960 (16), -2.70881 (16), -2.70797 (17), -2.69717 (17), -2.69547 (17), -2.69210 (16), -2.68975 (16), -2.68791 (16), -2.68538 (17), -2.68462 (17), 
Length of domains: 21121
Current (lb-rhs): -2.8240203857421875
87504 domains visited
Time: pickout 1.9226    decision 3.2629    set_bounds 0.8696    solve 4.4549    add 0.0275    
Accumulated time: pickout 5.3033    decision 6.3932    set_bounds 2.4118    solve 15.4607    add 0.1143    
Time out!!!!!!!!
Result: unknown in 31.3586 seconds

 %%%%%%%%%%%%%%%%%%%%%%%%%%%%%%%%%%% idx: 63, vnnlib ID: 63 %%%%%%%%%%%%%%%%%%%%%%%%%%%%%%%%%%%
Finished vnnlib processing in 0.002978 seconds
Model: BoundedModule(
  (/0): BoundInput(name=/0, inputs=[], perturbed=True)
  (/7): BoundParams(name=/7, inputs=[], perturbed=False)
  (/8): BoundParams(name=/8, inputs=[], perturbed=False)
  (/9): BoundParams(name=/9, inputs=[], perturbed=False)
  (/10): BoundParams(name=/10, inputs=[], perturbed=False)
  (/11): BoundParams(name=/11, inputs=[], perturbed=False)
  (/12): BoundParams(name=/12, inputs=[], perturbed=False)
  (/13): BoundFlatten(name=/13, inputs=[/0], perturbed=True)
  (/input): BoundLinear(name=/input, inputs=[/13, /7, /8], perturbed=True)
  (/15): BoundRelu(name=/15, inputs=[/input], perturbed=True)
  (/input-3): BoundLinear(name=/input-3, inputs=[/15, /9, /10], perturbed=True)
  (/17): BoundRelu(name=/17, inputs=[/input-3], perturbed=True)
  (/18): BoundLinear(name=/18, inputs=[/17, /11, /12], perturbed=True)
)
Original output in the first batch: tensor([[ -6.96728134,  -4.59912395,   1.38457429,  10.01372051,  -8.20544434,
          -4.34899426, -14.94867039,  -4.49942493,   1.67272508,  -1.26079893]],
       device='cuda:0')
Split layers:
Nonlinear functions:
   BoundRelu(name=/15, inputs=[/input], perturbed=True)
   BoundRelu(name=/17, inputs=[/input-3], perturbed=True)
build batch [1/1]
layer /15 using sparse-features alpha with shape [79]; unstable size 79; total size 256 ([1, 256])
layer /15 start_node /input-3 using sparse-spec alpha [2, 27, 1, 79] with unstable size 26 total_size 128 output_shape torch.Size([128])
layer /15 start_node /18 using full alpha [2, 9, 1, 79] with unstable size None total_size 9 output_shape 9
layer /17 using sparse-features alpha with shape [26]; unstable size 26; total size 128 ([1, 128])
layer /17 start_node /18 using full alpha [2, 9, 1, 26] with unstable size None total_size 9 output_shape 9
Optimizable variables initialized.
initial CROWN bounds (first 10 items): [12.173097610473633, 10.221940040588379, 3.327746868133545, 12.608514785766602, 9.611159324645996, 18.937908172607422, 10.009370803833008, 4.547575950622559, 6.747031211853027]
Verified with initial CROWN!
verified with init bound!
Result: safe-incomplete in 0.1241 seconds

 %%%%%%%%%%%%%%%%%%%%%%%%%%%%%%%%%%% idx: 64, vnnlib ID: 64 %%%%%%%%%%%%%%%%%%%%%%%%%%%%%%%%%%%
Finished vnnlib processing in 0.004008 seconds
Model: BoundedModule(
  (/0): BoundInput(name=/0, inputs=[], perturbed=True)
  (/7): BoundParams(name=/7, inputs=[], perturbed=False)
  (/8): BoundParams(name=/8, inputs=[], perturbed=False)
  (/9): BoundParams(name=/9, inputs=[], perturbed=False)
  (/10): BoundParams(name=/10, inputs=[], perturbed=False)
  (/11): BoundParams(name=/11, inputs=[], perturbed=False)
  (/12): BoundParams(name=/12, inputs=[], perturbed=False)
  (/13): BoundFlatten(name=/13, inputs=[/0], perturbed=True)
  (/input): BoundLinear(name=/input, inputs=[/13, /7, /8], perturbed=True)
  (/15): BoundRelu(name=/15, inputs=[/input], perturbed=True)
  (/input-3): BoundLinear(name=/input-3, inputs=[/15, /9, /10], perturbed=True)
  (/17): BoundRelu(name=/17, inputs=[/input-3], perturbed=True)
  (/18): BoundLinear(name=/18, inputs=[/17, /11, /12], perturbed=True)
)
Original output in the first batch: tensor([[ -9.01837063,  -5.27318668,  -0.71336359,   4.40458822,  -1.09035707,
         -10.25578690, -20.61698723,  14.13231945,  -4.72489262,  -2.63886762]],
       device='cuda:0')
Split layers:
Nonlinear functions:
   BoundRelu(name=/15, inputs=[/input], perturbed=True)
   BoundRelu(name=/17, inputs=[/input-3], perturbed=True)
build batch [1/1]
layer /15 using sparse-features alpha with shape [61]; unstable size 61; total size 256 ([1, 256])
layer /15 start_node /input-3 using sparse-spec alpha [2, 27, 1, 61] with unstable size 26 total_size 128 output_shape torch.Size([128])
layer /15 start_node /18 using full alpha [2, 9, 1, 61] with unstable size None total_size 9 output_shape 9
layer /17 using sparse-features alpha with shape [26]; unstable size 26; total size 128 ([1, 128])
layer /17 start_node /18 using full alpha [2, 9, 1, 26] with unstable size None total_size 9 output_shape 9
Optimizable variables initialized.
initial CROWN bounds (first 10 items): [18.769941329956055, 16.261816024780273, 10.659181594848633, 5.617332458496094, 10.365641593933105, 18.703433990478516, 28.38067054748535, 13.832625389099121, 12.011489868164062]
Verified with initial CROWN!
verified with init bound!
Result: safe-incomplete in 0.1054 seconds

 %%%%%%%%%%%%%%%%%%%%%%%%%%%%%%%%%%% idx: 65, vnnlib ID: 65 %%%%%%%%%%%%%%%%%%%%%%%%%%%%%%%%%%%
Finished vnnlib processing in 0.002601 seconds
Model: BoundedModule(
  (/0): BoundInput(name=/0, inputs=[], perturbed=True)
  (/7): BoundParams(name=/7, inputs=[], perturbed=False)
  (/8): BoundParams(name=/8, inputs=[], perturbed=False)
  (/9): BoundParams(name=/9, inputs=[], perturbed=False)
  (/10): BoundParams(name=/10, inputs=[], perturbed=False)
  (/11): BoundParams(name=/11, inputs=[], perturbed=False)
  (/12): BoundParams(name=/12, inputs=[], perturbed=False)
  (/13): BoundFlatten(name=/13, inputs=[/0], perturbed=True)
  (/input): BoundLinear(name=/input, inputs=[/13, /7, /8], perturbed=True)
  (/15): BoundRelu(name=/15, inputs=[/input], perturbed=True)
  (/input-3): BoundLinear(name=/input-3, inputs=[/15, /9, /10], perturbed=True)
  (/17): BoundRelu(name=/17, inputs=[/input-3], perturbed=True)
  (/18): BoundLinear(name=/18, inputs=[/17, /11, /12], perturbed=True)
)
Original output in the first batch: tensor([[-7.41612959e+00, -1.80265248e+00, -4.92473507e+00, -8.66276562e-01,
          5.93636084e+00, -2.94926576e-03, -7.66990614e+00, -3.56991482e+00,
         -2.92760253e+00,  1.28030586e+00]], device='cuda:0')
Split layers:
Nonlinear functions:
   BoundRelu(name=/15, inputs=[/input], perturbed=True)
   BoundRelu(name=/17, inputs=[/input-3], perturbed=True)
build batch [1/1]
layer /15 using sparse-features alpha with shape [117]; unstable size 117; total size 256 ([1, 256])
layer /15 start_node /input-3 using sparse-spec alpha [2, 49, 1, 117] with unstable size 48 total_size 128 output_shape torch.Size([128])
layer /15 start_node /18 using full alpha [2, 9, 1, 117] with unstable size None total_size 9 output_shape 9
layer /17 using sparse-features alpha with shape [48]; unstable size 48; total size 128 ([1, 128])
layer /17 start_node /18 using full alpha [2, 9, 1, 48] with unstable size None total_size 9 output_shape 9
Optimizable variables initialized.
initial CROWN bounds (first 10 items): [6.412754535675049, 3.0241847038269043, 4.240390300750732, -1.3564071655273438, -1.9607901573181152, 6.891615867614746, 3.1685471534729004, 1.9252729415893555, -2.461423873901367]
prune_after_crown optimization in use
  original spec size = torch.Size([1, 9])
  pruned spec size = torch.Size([1, 3])
Using alpha-CROWN to initialize bounds.
Early stop at 98th iter due to 10 iterations no improvement!
best_l after optimization: -5.182172775268555
alpha/beta optimization time: 1.6617693901062012
initial alpha-crown bounds (first 10 items): [-1.1984388828277588, -1.7342028617858887, -2.249530792236328]
Global lower bound: -2.249530792236328
torch.Size([1, 3])
6 / 9 OR specs are verified.
Verified OR indices (first 10 items): [0, 1, 2, 5, 6, 7]
Verified OR lbs (first 10 items): [[inf], [inf], [inf], [inf], [inf], [inf]]
Unverified OR indices (first 10 items): [3, 4, 8]
Unverified OR lbs (first 10 items): [[-1.1984388828277588], [-1.7342028617858887], [-2.249530792236328]]
###### Verifying property Instance 65 ######
Batch size: 3
First 10 spec matrices
C: tensor([[[ 0.,  0.,  0., -1.,  1.,  0.,  0.,  0.,  0.,  0.]],

        [[ 0.,  0.,  0.,  0.,  1., -1.,  0.,  0.,  0.,  0.]],

        [[ 0.,  0.,  0.,  0.,  1.,  0.,  0.,  0.,  0., -1.]]], device='cuda:0')
RHS: tensor([[0.],
        [0.],
        [0.]], device='cuda:0')
OR spec sizes: tensor([1, 1, 1], device='cuda:0', dtype=torch.int32)
Remaining timeout: 28.136321306228638
Model prediction is: tensor([-7.41612959e+00, -1.80265248e+00, -4.92473507e+00, -8.66276562e-01,
         5.93636084e+00, -2.94926576e-03, -7.66990614e+00, -3.56991482e+00,
        -2.92760253e+00,  1.28030586e+00], device='cuda:0')
Activation BaB batch 1/1 
build_with_refined_bounds batch [1/1]
Optimizable variables initialized.
all alpha initialized
directly get lb and ub from refined bounds
c shape: torch.Size([3, 1, 10])
lA shapes: [torch.Size([3, 1, 256]), torch.Size([3, 1, 128])]
torch.Size([3, 1])
(alpha-)CROWN with fixed intermediate bounds: tensor([[-1.19843888],
        [-1.73420286],
        [-2.24953079]], device='cuda:0') tensor([[inf],
        [inf],
        [inf]], device='cuda:0')
Intermediate layers: /input,/input-3
Keeping alphas for these layers: ['/18']
Node /15 input 0: size torch.Size([256]) unstable 117
Node /17 input 0: size torch.Size([128]) unstable 47
-----------------
# of unstable neurons: 164
-----------------

BaB round 1
batch: 3
splitting decisions: 
split level 0: [/input, 160] [/input, 141] [/input, 151] 
split level 1: [/input, 57] [/input, 173] [/input, 141] 
split level 2: [/input, 240] [/input, 63] [/input, 71] 
split level 3: [/input, 141] [/input-3, 25] [/input, 217] 
split level 4: [/input, 71] [/input-3, 81] [/input-3, 81] 
best_l after optimization: -48.360992431640625
beta sum per layer: [113.5241470336914, 54.00126647949219]
alpha/beta optimization time: 0.5123610496520996
pruning_in_iteration open status: True
ratio of positive domain = 23 / 96 = 0.23958333333333337
pruning-in-iteration extra time: 0.012199163436889648
torch.Size([96, 1])
Time: prepare 0.0024    bound 0.5135    transfer 0.0004    finalize 0.0027    func 0.5190    
Accumulated time: func 0.5190    prepare 0.0053    bound 0.5135    transfer 0.0004    finalize 0.0027    
max lb tensor(9.99999975e-05) min lb tensor(-1.65853786)
Number of Verified Splits: 23 of 96
Current worst splitting domains lb-rhs (depth):
-1.65854 (5), -1.59040 (5), -1.57260 (5), -1.50790 (5), -1.43491 (5), -1.33959 (5), -1.33513 (5), -1.31917 (5), -1.23902 (5), -1.22623 (5), -1.13403 (5), -1.13124 (5), -1.05074 (5), -1.00722 (5), -1.00462 (5), -0.95854 (5), -0.95265 (5), -0.93780 (5), -0.92681 (5), -0.91925 (5), 
Length of domains: 73
Current (lb-rhs): -1.6585378646850586
96 domains visited
Time: pickout 0.0011    decision 0.0304    set_bounds 0.0066    solve 0.5199    add 0.0041    
Accumulated time: pickout 0.0011    decision 0.0304    set_bounds 0.0066    solve 0.5199    add 0.0041    
Cumulative time: 0.582125186920166

BaB round 2
batch: 73
splitting decisions: 
split level 0: [/input, 63] [/input-3, 7] [/input, 57] [/input, 63] [/input-3, 7] [/input, 57] [/input, 63] [/input-3, 7] [/input, 57] [/input, 63] 
best_l after optimization: -69.09960174560547
beta sum per layer: [263.4015808105469, 153.21934509277344]
alpha/beta optimization time: 0.5015816688537598
pruning_in_iteration open status: True
ratio of positive domain = 31 / 146 = 0.21232876712328763
pruning-in-iteration extra time: 0.019473552703857422
torch.Size([146, 1])
Time: prepare 0.0041    bound 0.5029    transfer 0.0004    finalize 0.0039    func 0.5114    
Accumulated time: func 1.0304    prepare 0.0120    bound 1.0164    transfer 0.0008    finalize 0.0066    
max lb tensor(9.99999975e-05) min lb tensor(-1.54351568)
Number of Verified Splits: 31 of 146
Current worst splitting domains lb-rhs (depth):
-1.54352 (6), -1.52505 (6), -1.48412 (6), -1.45396 (6), -1.44628 (6), -1.44375 (6), -1.39961 (6), -1.36634 (6), -1.29505 (6), -1.27564 (6), -1.19269 (6), -1.18956 (6), -1.17917 (6), -1.17321 (6), -1.15408 (6), -1.10226 (6), -1.09438 (6), -1.08851 (6), -1.00737 (6), -0.99821 (6), 
Length of domains: 115
Current (lb-rhs): -1.543515682220459
242 domains visited
Time: pickout 0.0176    decision 0.0328    set_bounds 0.0042    solve 0.5120    add 0.0013    
Accumulated time: pickout 0.0188    decision 0.0632    set_bounds 0.0108    solve 1.0320    add 0.0053    
Cumulative time: 1.1504881381988525

BaB round 3
batch: 115
splitting decisions: 
split level 0: [/input, 57] [/input-3, 25] [/input-3, 25] [/input, 57] [/input-3, 25] [/input, 57] [/input-3, 25] [/input-3, 25] [/input, 57] [/input-3, 25] 
best_l after optimization: -89.52180480957031
beta sum per layer: [571.92138671875, 312.19549560546875]
alpha/beta optimization time: 0.4345734119415283
pruning_in_iteration open status: False
ratio of positive domain = 32 / 230 = 0.13913043478260867
pruning-in-iteration extra time: 0.00012493133544921875
torch.Size([230, 1])
Time: prepare 0.0062    bound 0.4356    transfer 0.0004    finalize 0.0049    func 0.4472    
Accumulated time: func 1.4776    prepare 0.0212    bound 1.4520    transfer 0.0011    finalize 0.0115    
max lb tensor(0.13146567) min lb tensor(-1.45564461)
Number of Verified Splits: 32 of 230
Current worst splitting domains lb-rhs (depth):
-1.45564 (7), -1.44010 (7), -1.39255 (7), -1.35528 (7), -1.35373 (7), -1.34733 (7), -1.29881 (7), -1.26731 (7), -1.20847 (7), -1.19225 (7), -1.16336 (7), -1.14159 (7), -1.13092 (7), -1.12375 (7), -1.11445 (7), -1.10441 (7), -1.09386 (7), -1.09147 (7), -1.08737 (7), -1.08025 (7), 
Length of domains: 198
Current (lb-rhs): -1.4556446075439453
472 domains visited
Time: pickout 0.0193    decision 0.0353    set_bounds 0.0069    solve 0.4479    add 0.0017    
Accumulated time: pickout 0.0380    decision 0.0985    set_bounds 0.0177    solve 1.4799    add 0.0070    
Cumulative time: 1.662062406539917

BaB round 4
batch: 198
splitting decisions: 
split level 0: [/input, 77] [/input-3, 7] [/input, 77] [/input-3, 7] [/input, 77] [/input-3, 7] [/input, 169] [/input, 77] [/input-3, 7] [/input, 77] 
best_l after optimization: -118.42391967773438
beta sum per layer: [1322.49560546875, 564.478271484375]
alpha/beta optimization time: 0.6485738754272461
pruning_in_iteration open status: True
ratio of positive domain = 123 / 396 = 0.31060606060606055
pruning-in-iteration extra time: 0.02794647216796875
torch.Size([396, 1])
Time: prepare 0.0089    bound 0.6496    transfer 0.0005    finalize 0.0047    func 0.6640    
Accumulated time: func 2.1416    prepare 0.0317    bound 2.1016    transfer 0.0016    finalize 0.0162    
max lb tensor(9.99999975e-05) min lb tensor(-1.36411452)
Number of Verified Splits: 123 of 396
Current worst splitting domains lb-rhs (depth):
-1.36411 (8), -1.34864 (8), -1.29618 (8), -1.26050 (8), -1.25621 (8), -1.25167 (8), -1.19897 (8), -1.19636 (8), -1.18132 (8), -1.17519 (8), -1.16589 (8), -1.14256 (8), -1.14096 (8), -1.12943 (8), -1.12320 (8), -1.11578 (8), -1.10110 (8), -1.09914 (8), -1.02307 (8), -1.02240 (8), 
Length of domains: 273
Current (lb-rhs): -1.36411452293396
868 domains visited
Time: pickout 0.0264    decision 0.0469    set_bounds 0.0096    solve 0.6660    add 0.0032    
Accumulated time: pickout 0.0644    decision 0.1455    set_bounds 0.0273    solve 2.1459    add 0.0102    
Cumulative time: 2.4152064323425293

BaB round 5
batch: 273
splitting decisions: 
split level 0: [/input, 189] [/input, 189] [/input, 189] [/input, 189] [/input, 189] [/input, 189] [/input-3, 71] [/input-3, 71] [/input, 189] [/input-3, 71] 
best_l after optimization: -135.18939208984375
beta sum per layer: [2339.29345703125, 583.4083251953125]
alpha/beta optimization time: 0.7652509212493896
pruning_in_iteration open status: True
ratio of positive domain = 215 / 546 = 0.3937728937728938
pruning-in-iteration extra time: 0.030039310455322266
torch.Size([546, 1])
Time: prepare 0.0122    bound 0.7663    transfer 0.0006    finalize 0.0088    func 0.7881    
Accumulated time: func 2.9297    prepare 0.0459    bound 2.8680    transfer 0.0023    finalize 0.0249    
max lb tensor(9.99999975e-05) min lb tensor(-1.28921914)
Number of Verified Splits: 215 of 546
Current worst splitting domains lb-rhs (depth):
-1.28922 (9), -1.24802 (9), -1.23705 (9), -1.22038 (9), -1.18449 (9), -1.17321 (9), -1.15364 (9), -1.14432 (9), -1.12194 (9), -1.10642 (9), -1.08783 (9), -1.08383 (9), -1.06483 (9), -1.06363 (9), -1.06284 (9), -1.04692 (9), -1.04265 (9), -1.04235 (9), -1.03294 (9), -1.02762 (9), 
Length of domains: 331
Current (lb-rhs): -1.2892191410064697
1414 domains visited
Time: pickout 0.0345    decision 0.0613    set_bounds 0.0143    solve 0.7888    add 0.0058    
Accumulated time: pickout 0.0989    decision 0.2068    set_bounds 0.0416    solve 2.9346    add 0.0160    
Cumulative time: 3.321192502975464

BaB round 6
batch: 331
splitting decisions: 
split level 0: [/input, 189] [/input, 242] [/input, 57] [/input, 57] [/input, 242] [/input, 57] [/input, 57] [/input, 242] [/input, 57] [/input, 57] 
best_l after optimization: -178.61219787597656
beta sum per layer: [2804.40478515625, 578.6758422851562]
alpha/beta optimization time: 0.982964277267456
pruning_in_iteration open status: True
ratio of positive domain = 208 / 662 = 0.3141993957703928
pruning-in-iteration extra time: 0.04431581497192383
torch.Size([662, 1])
Time: prepare 0.0176    bound 0.9849    transfer 0.0027    finalize 0.0170    func 1.0223    
Accumulated time: func 3.9520    prepare 0.0656    bound 3.8528    transfer 0.0050    finalize 0.0419    
max lb tensor(9.99999975e-05) min lb tensor(-1.18617606)
Number of Verified Splits: 208 of 662
Current worst splitting domains lb-rhs (depth):
-1.18618 (10), -1.17918 (10), -1.16709 (10), -1.15653 (10), -1.11963 (10), -1.10784 (10), -1.07896 (10), -1.07585 (10), -1.06972 (10), -1.06566 (10), -1.06117 (10), -1.05934 (10), -1.02564 (10), -1.00604 (10), -1.00441 (10), -0.99813 (10), -0.98812 (10), -0.97918 (10), -0.97798 (10), -0.97768 (10), 
Length of domains: 454
Current (lb-rhs): -1.186176061630249
2076 domains visited
Time: pickout 0.0434    decision 0.0788    set_bounds 0.0193    solve 1.0234    add 0.0031    
Accumulated time: pickout 0.1422    decision 0.2856    set_bounds 0.0609    solve 3.9580    add 0.0191    
Cumulative time: 4.49031400680542

BaB round 7
batch: 454
splitting decisions: 
split level 0: [/input-3, 7] [/input, 173] [/input-3, 7] [/input, 173] [/input-3, 7] [/input, 173] [/input-3, 7] [/input-3, 74] [/input, 77] [/input-3, 7] 
best_l after optimization: -193.17733764648438
beta sum per layer: [4107.53759765625, 822.5327758789062]
alpha/beta optimization time: 0.819756269454956
pruning_in_iteration open status: True
ratio of positive domain = 410 / 908 = 0.4515418502202643
pruning-in-iteration extra time: 0.034165143966674805
torch.Size([908, 1])
Time: prepare 0.0217    bound 0.8210    transfer 0.0006    finalize 0.0116    func 0.8552    
Accumulated time: func 4.8071    prepare 0.0945    bound 4.6739    transfer 0.0056    finalize 0.0534    
max lb tensor(9.99999975e-05) min lb tensor(-1.11510730)
Number of Verified Splits: 410 of 908
Current worst splitting domains lb-rhs (depth):
-1.11511 (11), -1.10878 (11), -1.09619 (11), -1.08612 (11), -1.04848 (11), -1.03612 (11), -1.00339 (11), -1.00039 (11), -0.99638 (11), -0.98867 (11), -0.98403 (11), -0.98398 (11), -0.94905 (11), -0.93379 (11), -0.92950 (11), -0.92783 (11), -0.91686 (11), -0.90677 (11), -0.90350 (11), -0.90337 (11), 
Length of domains: 498
Current (lb-rhs): -1.1151072978973389
2984 domains visited
Time: pickout 0.0582    decision -1.4359    set_bounds 0.0229    solve 0.8565    add 0.0030    
Accumulated time: pickout 0.2004    decision -1.1503    set_bounds 0.0838    solve 4.8145    add 0.0221    
Cumulative time: 3.996741533279419

BaB round 8
batch: 498
splitting decisions: 
split level 0: [/input-3, 74] [/input-3, 7] [/input, 173] [/input-3, 7] [/input-3, 74] [/input, 173] [/input-3, 7] [/input, 209] [/input-3, 74] [/input, 173] 
best_l after optimization: -202.51181030273438
beta sum per layer: [4681.58984375, 1009.4727783203125]
alpha/beta optimization time: 0.8702104091644287
pruning_in_iteration open status: True
ratio of positive domain = 351 / 996 = 0.3524096385542169
pruning-in-iteration extra time: 0.0296323299407959
torch.Size([996, 1])
Time: prepare 0.0238    bound 0.8713    transfer 0.0008    finalize 0.0080    func 0.9040    
Accumulated time: func 5.7112    prepare 0.1201    bound 5.5451    transfer 0.0064    finalize 0.0615    
max lb tensor(9.99999975e-05) min lb tensor(-1.04596162)
Number of Verified Splits: 351 of 996
Current worst splitting domains lb-rhs (depth):
-1.04596 (12), -1.04018 (12), -1.02661 (12), -1.01587 (12), -0.97724 (12), -0.96567 (12), -0.93775 (12), -0.93355 (12), -0.92626 (12), -0.91965 (12), -0.91522 (12), -0.91165 (12), -0.87824 (12), -0.85996 (12), -0.85768 (12), -0.85195 (12), -0.84073 (12), -0.83346 (12), -0.83158 (12), -0.82757 (12), 
Length of domains: 645
Current (lb-rhs): -1.045961618423462
3980 domains visited
Time: pickout 0.0687    decision 0.1030    set_bounds 0.0277    solve 0.9055    add 0.0038    
Accumulated time: pickout 0.2691    decision -1.0473    set_bounds 0.1114    solve 5.7201    add 0.0259    
Cumulative time: 5.107440948486328

BaB round 9
batch: 645
splitting decisions: 
split level 0: [/input, 173] [/input-3, 74] [/input-3, 74] [/input-3, 74] [/input, 173] [/input, 173] [/input-3, 74] [/input, 173] [/input-3, 74] [/input, 173] 
best_l after optimization: -194.54241943359375
beta sum per layer: [5429.591796875, 1427.6175537109375]
alpha/beta optimization time: 1.0444931983947754
pruning_in_iteration open status: True
ratio of positive domain = 569 / 1290 = 0.4410852713178295
pruning-in-iteration extra time: 0.04203367233276367
torch.Size([1290, 1])
Time: prepare 0.0326    bound 1.0457    transfer 0.0008    finalize 0.0156    func 1.0962    
Accumulated time: func 6.8074    prepare 0.1546    bound 6.5908    transfer 0.0072    finalize 0.0771    
max lb tensor(0.00573444) min lb tensor(-0.97997141)
Number of Verified Splits: 569 of 1290
Current worst splitting domains lb-rhs (depth):
-0.97997 (13), -0.97388 (13), -0.96024 (13), -0.95049 (13), -0.90796 (13), -0.89553 (13), -0.87185 (13), -0.87091 (13), -0.85678 (13), -0.85394 (13), -0.85354 (13), -0.84171 (13), -0.81072 (13), -0.79106 (13), -0.79067 (13), -0.78383 (13), -0.77390 (13), -0.76449 (13), -0.76444 (13), -0.75891 (13), 
Length of domains: 721
Current (lb-rhs): -0.9799714088439941
5270 domains visited
Time: pickout 0.0828    decision 0.1299    set_bounds 0.0333    solve 1.0975    add 0.0032    
Accumulated time: pickout 0.3519    decision -0.9174    set_bounds 0.1448    solve 6.8175    add 0.0291    
Cumulative time: 6.457677841186523

BaB round 10
batch: 721
splitting decisions: 
split level 0: [/input, 171] [/input, 171] [/input, 171] [/input, 171] [/input, 171] [/input, 171] [/input, 171] [/input, 171] [/input, 171] [/input, 171] 
best_l after optimization: -228.869873046875
beta sum per layer: [6170.5107421875, 1648.4202880859375]
alpha/beta optimization time: 0.8023233413696289
pruning_in_iteration open status: True
ratio of positive domain = 566 / 1442 = 0.39251040221914013
pruning-in-iteration extra time: 0.033445119857788086
torch.Size([1442, 1])
Time: prepare 0.0337    bound 0.8034    transfer 0.0009    finalize 0.0175    func 0.8557    
Accumulated time: func 7.6631    prepare 0.1918    bound 7.3942    transfer 0.0081    finalize 0.0946    
max lb tensor(9.99999975e-05) min lb tensor(-0.90986753)
Number of Verified Splits: 566 of 1442
Current worst splitting domains lb-rhs (depth):
-0.90987 (14), -0.90326 (14), -0.89367 (14), -0.88846 (14), -0.88739 (14), -0.87935 (14), -0.87779 (14), -0.86799 (14), -0.83956 (14), -0.82424 (14), -0.81777 (14), -0.81109 (14), -0.80326 (14), -0.80254 (14), -0.78689 (14), -0.78431 (14), -0.78396 (14), -0.77282 (14), -0.77075 (14), -0.76699 (14), 
Length of domains: 876
Current (lb-rhs): -0.909867525100708
6712 domains visited
Time: pickout 0.0880    decision 0.1381    set_bounds 0.0378    solve 0.8570    add 0.0022    
Accumulated time: pickout 0.4400    decision -0.7793    set_bounds 0.1826    solve 7.6745    add 0.0313    
Cumulative time: 7.583930253982544

BaB round 11
batch: 876
splitting decisions: 
split level 0: [/input-3, 89] [/input-3, 89] [/input-3, 89] [/input-3, 89] [/input-3, 89] [/input-3, 89] [/input-3, 89] [/input-3, 89] [/input-3, 89] [/input-3, 89] 
best_l after optimization: -196.3167724609375
beta sum per layer: [7917.13671875, 1769.192138671875]
alpha/beta optimization time: 1.033128023147583
pruning_in_iteration open status: True
ratio of positive domain = 903 / 1752 = 0.5154109589041096
pruning-in-iteration extra time: 0.038706064224243164
torch.Size([1752, 1])
Time: prepare 0.0439    bound 1.0345    transfer 0.0009    finalize 0.0177    func 1.0973    
Accumulated time: func 8.7604    prepare 0.2395    bound 8.4286    transfer 0.0090    finalize 0.1124    
max lb tensor(0.00222969) min lb tensor(-0.84737086)
Number of Verified Splits: 903 of 1752
Current worst splitting domains lb-rhs (depth):
-0.84737 (15), -0.84060 (15), -0.83141 (15), -0.82645 (15), -0.82530 (15), -0.81746 (15), -0.81496 (15), -0.80570 (15), -0.77527 (15), -0.76097 (15), -0.75483 (15), -0.74822 (15), -0.74176 (15), -0.74083 (15), -0.72510 (15), -0.72143 (15), -0.71819 (15), -0.71173 (15), -0.70630 (15), -0.70500 (15), 
Length of domains: 849
Current (lb-rhs): -0.8473708629608154
8464 domains visited
Time: pickout 0.1008    decision 0.5871    set_bounds 0.0454    solve 1.0984    add 0.0024    
Accumulated time: pickout 0.5408    decision -0.1922    set_bounds 0.2280    solve 8.7729    add 0.0338    
Cumulative time: 9.421783447265625

BaB round 12
batch: 849
splitting decisions: 
split level 0: [/input, 242] [/input, 242] [/input, 242] [/input, 242] [/input, 242] [/input, 242] [/input, 242] [/input, 242] [/input, 242] [/input, 242] 
best_l after optimization: -206.5808563232422
beta sum per layer: [7002.48388671875, 2074.716796875]
alpha/beta optimization time: 0.7688093185424805
pruning_in_iteration open status: True
ratio of positive domain = 800 / 1698 = 0.4711425206124853
pruning-in-iteration extra time: 0.033327341079711914
torch.Size([1698, 1])
Time: prepare 0.0376    bound 0.7699    transfer 0.0007    finalize 0.0154    func 0.8248    
Accumulated time: func 9.5851    prepare 0.2792    bound 9.1985    transfer 0.0097    finalize 0.1278    
max lb tensor(0.00157082) min lb tensor(-0.78815246)
Number of Verified Splits: 800 of 1698
Current worst splitting domains lb-rhs (depth):
-0.78815 (16), -0.78173 (16), -0.77233 (16), -0.76719 (16), -0.76564 (16), -0.75740 (16), -0.75688 (16), -0.74677 (16), -0.71625 (16), -0.70026 (16), -0.69383 (16), -0.68757 (16), -0.68393 (16), -0.68381 (16), -0.66755 (16), -0.66450 (16), -0.65983 (16), -0.65358 (16), -0.64725 (16), -0.64623 (16), 
Length of domains: 898
Current (lb-rhs): -0.7881524562835693
10162 domains visited
Time: pickout 0.1033    decision 0.1682    set_bounds 0.0431    solve 0.8258    add 0.0036    
Accumulated time: pickout 0.6440    decision -0.0241    set_bounds 0.2711    solve 9.5987    add 0.0374    
Cumulative time: 10.570001363754272

BaB round 13
batch: 898
splitting decisions: 
split level 0: [/input, 189] [/input, 189] [/input, 189] [/input, 189] [/input, 189] [/input, 189] [/input, 189] [/input, 189] [/input, 189] [/input, 242] 
best_l after optimization: -172.40870666503906
beta sum per layer: [7953.94921875, 2133.075927734375]
alpha/beta optimization time: 0.7724432945251465
pruning_in_iteration open status: True
ratio of positive domain = 961 / 1796 = 0.5350779510022272
pruning-in-iteration extra time: 0.03456878662109375
torch.Size([1796, 1])
Time: prepare 0.0402    bound 0.7736    transfer 0.0011    finalize 0.0167    func 0.8330    
Accumulated time: func 10.4181    prepare 0.3216    bound 9.9721    transfer 0.0108    finalize 0.1445    
max lb tensor(0.00139916) min lb tensor(-0.73618841)
Number of Verified Splits: 961 of 1796
Current worst splitting domains lb-rhs (depth):
-0.73619 (17), -0.73004 (17), -0.72074 (17), -0.71626 (17), -0.71423 (17), -0.70671 (17), -0.70496 (17), -0.69596 (17), -0.66648 (17), -0.65040 (17), -0.64489 (17), -0.63838 (17), -0.63089 (17), -0.63056 (17), -0.61491 (17), -0.61227 (17), -0.61083 (17), -0.60189 (17), -0.59788 (17), -0.59589 (17), 
Length of domains: 835
Current (lb-rhs): -0.7361884117126465
11958 domains visited
Time: pickout 0.0958    decision 0.1585    set_bounds 0.1522    solve 0.8342    add 0.0019    
Accumulated time: pickout 0.7398    decision 0.1345    set_bounds 0.4233    solve 10.4328    add 0.0393    
Cumulative time: 11.815702438354492

BaB round 14
batch: 835
splitting decisions: 
split level 0: [/input, 48] [/input, 48] [/input, 48] [/input, 48] [/input, 62] [/input, 48] [/input, 48] [/input, 242] [/input, 48] [/input, 242] 
best_l after optimization: -165.99038696289062
beta sum per layer: [7581.5595703125, 1874.3720703125]
alpha/beta optimization time: 0.8498868942260742
pruning_in_iteration open status: True
ratio of positive domain = 787 / 1670 = 0.47125748502994014
pruning-in-iteration extra time: 0.03938031196594238
torch.Size([1670, 1])
Time: prepare 0.0436    bound 0.8511    transfer 0.0012    finalize 0.0162    func 0.9124    
Accumulated time: func 11.3305    prepare 0.3679    bound 10.8233    transfer 0.0120    finalize 0.1607    
max lb tensor(0.00104713) min lb tensor(-0.68010032)
Number of Verified Splits: 787 of 1670
Current worst splitting domains lb-rhs (depth):
-0.68010 (18), -0.67437 (18), -0.66472 (18), -0.66044 (18), -0.65828 (18), -0.65209 (18), -0.64884 (18), -0.64101 (18), -0.61249 (18), -0.59490 (18), -0.58965 (18), -0.58311 (18), -0.57954 (18), -0.57954 (18), -0.57081 (18), -0.56787 (18), -0.56455 (18), -0.56191 (18), -0.55596 (18), -0.55113 (18), 
Length of domains: 883
Current (lb-rhs): -0.6801003217697144
13628 domains visited
Time: pickout 0.1023    decision 0.1642    set_bounds 0.0458    solve 0.9150    add 0.0023    
Accumulated time: pickout 0.8421    decision 0.2987    set_bounds 0.4692    solve 11.3478    add 0.0417    
Cumulative time: 13.048986911773682

BaB round 15
batch: 883
splitting decisions: 
split level 0: [/input, 48] [/input, 48] [/input, 48] [/input, 48] [/input, 48] [/input, 48] [/input, 48] [/input, 48] [/input, 85] [/input, 242] 
best_l after optimization: -136.4861297607422
beta sum per layer: [7962.36767578125, 1743.2867431640625]
alpha/beta optimization time: 0.5998764038085938
pruning_in_iteration open status: True
ratio of positive domain = 916 / 1766 = 0.5186862967157417
pruning-in-iteration extra time: 0.030229806900024414
torch.Size([1766, 1])
Time: prepare 0.0415    bound 0.6010    transfer 0.0010    finalize 0.0176    func 0.6613    
Accumulated time: func 11.9917    prepare 0.4119    bound 11.4242    transfer 0.0130    finalize 0.1783    
max lb tensor(9.99999975e-05) min lb tensor(-0.62898552)
Number of Verified Splits: 916 of 1766
Current worst splitting domains lb-rhs (depth):
-0.62899 (19), -0.62358 (19), -0.61387 (19), -0.61055 (19), -0.60778 (19), -0.60126 (19), -0.59778 (19), -0.59011 (19), -0.56189 (19), -0.54388 (19), -0.53984 (19), -0.53295 (19), -0.52648 (19), -0.52636 (19), -0.51669 (19), -0.51249 (19), -0.51053 (19), -0.50873 (19), -0.50535 (19), -0.49638 (19), 
Length of domains: 850
Current (lb-rhs): -0.6289855241775513
15394 domains visited
Time: pickout 0.1185    decision 0.1712    set_bounds 0.0472    solve 0.6635    add 0.0023    
Accumulated time: pickout 0.9605    decision 0.4699    set_bounds 0.5164    solve 12.0113    add 0.0439    
Cumulative time: 14.058808326721191

BaB round 16
batch: 850
splitting decisions: 
split level 0: [/input, 48] [/input, 48] [/input, 48] [/input, 48] [/input, 242] [/input, 242] [/input, 242] [/input, 12] [/input, 12] [/input, 48] 
best_l after optimization: -119.31715393066406
beta sum per layer: [7544.451171875, 1499.1378173828125]
alpha/beta optimization time: 0.6484494209289551
pruning_in_iteration open status: True
ratio of positive domain = 906 / 1700 = 0.5329411764705883
pruning-in-iteration extra time: 0.03168058395385742
torch.Size([1700, 1])
Time: prepare 0.0371    bound 0.6497    transfer 0.0010    finalize 0.0163    func 0.7044    
Accumulated time: func 12.6961    prepare 0.4513    bound 12.0740    transfer 0.0140    finalize 0.1946    
max lb tensor(0.00021875) min lb tensor(-0.58389759)
Number of Verified Splits: 906 of 1700
Current worst splitting domains lb-rhs (depth):
-0.58390 (20), -0.57802 (20), -0.56965 (20), -0.56568 (20), -0.56345 (20), -0.55694 (20), -0.55317 (20), -0.54553 (20), -0.50069 (20), -0.49987 (20), -0.47883 (20), -0.47205 (20), -0.47146 (20), -0.46877 (20), -0.46761 (20), -0.46749 (20), -0.46429 (20), -0.46374 (20), -0.46077 (20), -0.45930 (20), 
Length of domains: 794
Current (lb-rhs): -0.583897590637207
17094 domains visited
Time: pickout 0.1021    decision 0.1473    set_bounds 0.0417    solve 0.7054    add 0.0024    
Accumulated time: pickout 1.0626    decision 0.6172    set_bounds 0.5581    solve 12.7168    add 0.0463    
Cumulative time: 15.060865879058838

BaB round 17
batch: 794
splitting decisions: 
split level 0: [/input, 173] [/input, 173] [/input, 240] [/input, 240] [/input, 240] [/input, 240] [/input, 240] [/input, 171] [/input, 171] [/input, 48] 
best_l after optimization: -104.53412628173828
beta sum per layer: [7032.896484375, 1226.7869873046875]
alpha/beta optimization time: 0.6749041080474854
pruning_in_iteration open status: True
ratio of positive domain = 820 / 1588 = 0.5163727959697733
pruning-in-iteration extra time: 0.03046250343322754
torch.Size([1588, 1])
Time: prepare 0.0362    bound 0.6760    transfer 0.0010    finalize 0.0161    func 0.7295    
Accumulated time: func 13.4256    prepare 0.4896    bound 12.7499    transfer 0.0150    finalize 0.2107    
max lb tensor(0.00116873) min lb tensor(-0.53933775)
Number of Verified Splits: 820 of 1588
Current worst splitting domains lb-rhs (depth):
-0.53934 (21), -0.52621 (21), -0.52090 (21), -0.51690 (21), -0.51429 (21), -0.50954 (21), -0.50481 (21), -0.50155 (21), -0.48668 (21), -0.47790 (21), -0.45361 (21), -0.43921 (21), -0.43302 (21), -0.42661 (21), -0.42465 (21), -0.42407 (21), -0.42387 (21), -0.42370 (21), -0.40594 (21), -0.40578 (21), 
Length of domains: 768
Current (lb-rhs): -0.5393377542495728
18682 domains visited
Time: pickout 0.0991    decision 0.1601    set_bounds 0.0409    solve 0.7307    add 0.0023    
Accumulated time: pickout 1.1617    decision 0.7773    set_bounds 0.5990    solve 13.4474    add 0.0487    
Cumulative time: 16.09806990623474

BaB round 18
batch: 768
splitting decisions: 
split level 0: [/input, 77] [/input, 12] [/input, 77] [/input, 77] [/input, 240] [/input, 12] [/input, 12] [/input, 240] [/input, 83] [/input, 83] 
best_l after optimization: -98.50149536132812
beta sum per layer: [6827.46630859375, 916.5911254882812]
alpha/beta optimization time: 0.738896369934082
pruning_in_iteration open status: True
ratio of positive domain = 780 / 1536 = 0.5078125
pruning-in-iteration extra time: 0.03739285469055176
torch.Size([1536, 1])
Time: prepare 0.0387    bound 0.7404    transfer 0.0012    finalize 0.0156    func 0.7961    
Accumulated time: func 14.2217    prepare 0.5305    bound 13.4903    transfer 0.0162    finalize 0.2263    
max lb tensor(9.99999975e-05) min lb tensor(-0.47890782)
Number of Verified Splits: 780 of 1536
Current worst splitting domains lb-rhs (depth):
-0.47891 (22), -0.47190 (22), -0.46619 (22), -0.46171 (22), -0.46104 (22), -0.45431 (22), -0.44990 (22), -0.44290 (22), -0.44064 (22), -0.44029 (22), -0.43540 (22), -0.43144 (22), -0.42191 (22), -0.41936 (22), -0.41397 (22), -0.40958 (22), -0.39751 (22), -0.39642 (22), -0.39066 (22), -0.38435 (22), 
Length of domains: 756
Current (lb-rhs): -0.47890782356262207
20218 domains visited
Time: pickout 0.0917    decision 0.1433    set_bounds 0.0393    solve 0.7975    add 0.0034    
Accumulated time: pickout 1.2534    decision 0.9205    set_bounds 0.6384    solve 14.2449    add 0.0520    
Cumulative time: 17.177921056747437

BaB round 19
batch: 756
splitting decisions: 
split level 0: [/input, 77] [/input, 77] [/input, 240] [/input, 83] [/input, 83] [/input, 83] [/input, 83] [/input, 83] [/input, 83] [/input, 83] 
best_l after optimization: -88.49044799804688
beta sum per layer: [6545.02685546875, 668.41552734375]
alpha/beta optimization time: 0.8447387218475342
pruning_in_iteration open status: True
ratio of positive domain = 747 / 1512 = 0.49404761904761907
pruning-in-iteration extra time: 0.03803420066833496
torch.Size([1512, 1])
Time: prepare 0.0400    bound 0.8459    transfer 0.0008    finalize 0.0143    func 0.9012    
Accumulated time: func 15.1229    prepare 0.5726    bound 14.3362    transfer 0.0171    finalize 0.2407    
max lb tensor(9.99999975e-05) min lb tensor(-0.42367792)
Number of Verified Splits: 747 of 1512
Current worst splitting domains lb-rhs (depth):
-0.42368 (23), -0.41529 (23), -0.40753 (23), -0.40654 (23), -0.40364 (23), -0.40167 (23), -0.40165 (23), -0.39979 (23), -0.39624 (23), -0.39584 (23), -0.39309 (23), -0.38874 (23), -0.38568 (23), -0.38530 (23), -0.38383 (23), -0.38238 (23), -0.37917 (23), -0.37710 (23), -0.37407 (23), -0.37398 (23), 
Length of domains: 765
Current (lb-rhs): -0.423677921295166
21730 domains visited
Time: pickout 0.0978    decision 0.1359    set_bounds 0.0386    solve 0.9024    add 0.0019    
Accumulated time: pickout 1.3512    decision 1.0564    set_bounds 0.6769    solve 15.1473    add 0.0540    
Cumulative time: 18.35763955116272

BaB round 20
batch: 765
splitting decisions: 
split level 0: [/input, 48] [/input, 48] [/input, 48] [/input, 48] [/input, 48] [/input, 48] [/input, 48] [/input, 48] [/input, 48] [/input, 48] 
best_l after optimization: -66.25672912597656
beta sum per layer: [6263.6259765625, 580.2562866210938]
alpha/beta optimization time: 0.5611045360565186
pruning_in_iteration open status: True
ratio of positive domain = 898 / 1530 = 0.5869281045751634
pruning-in-iteration extra time: 0.026920318603515625
torch.Size([1530, 1])
Time: prepare 0.0318    bound 0.5628    transfer 0.0008    finalize 0.1015    func 0.6970    
Accumulated time: func 15.8199    prepare 0.6062    bound 14.8990    transfer 0.0179    finalize 0.3421    
max lb tensor(9.99999975e-05) min lb tensor(-0.37861538)
Number of Verified Splits: 898 of 1530
Current worst splitting domains lb-rhs (depth):
-0.37862 (24), -0.37090 (24), -0.36274 (24), -0.36236 (24), -0.35789 (24), -0.35713 (24), -0.35676 (24), -0.35399 (24), -0.35221 (24), -0.35102 (24), -0.34886 (24), -0.34379 (24), -0.34100 (24), -0.34094 (24), -0.33915 (24), -0.33907 (24), -0.33417 (24), -0.33349 (24), -0.33062 (24), -0.32897 (24), 
Length of domains: 632
Current (lb-rhs): -0.3786153793334961
23260 domains visited
Time: pickout 0.0857    decision 0.1367    set_bounds 0.0342    solve 0.6981    add 0.0029    
Accumulated time: pickout 1.4370    decision 1.1931    set_bounds 0.7111    solve 15.8454    add 0.0568    
Cumulative time: 19.32072901725769

BaB round 21
batch: 632
splitting decisions: 
split level 0: [/input-3, 29] [/input-3, 29] [/input-3, 29] [/input-3, 29] [/input-3, 29] [/input-3, 29] [/input-3, 29] [/input-3, 29] [/input-3, 29] [/input-3, 29] 
best_l after optimization: -45.35717010498047
beta sum per layer: [4622.5224609375, 401.3763427734375]
alpha/beta optimization time: 0.5386593341827393
pruning_in_iteration open status: True
ratio of positive domain = 806 / 1264 = 0.6376582278481013
pruning-in-iteration extra time: 0.02702808380126953
torch.Size([1264, 1])
Time: prepare 0.0268    bound 0.5397    transfer 0.0007    finalize 0.0164    func 0.5838    
Accumulated time: func 16.4037    prepare 0.6348    bound 15.4386    transfer 0.0186    finalize 0.3585    
max lb tensor(9.99999975e-05) min lb tensor(-0.34065151)
Number of Verified Splits: 806 of 1264
Current worst splitting domains lb-rhs (depth):
-0.34065 (25), -0.33307 (25), -0.32459 (25), -0.32380 (25), -0.32010 (25), -0.31911 (25), -0.31907 (25), -0.31559 (25), -0.31355 (25), -0.31333 (25), -0.31038 (25), -0.30599 (25), -0.30318 (25), -0.30232 (25), -0.30083 (25), -0.30064 (25), -0.29595 (25), -0.29555 (25), -0.29250 (25), -0.29078 (25), 
Length of domains: 458
Current (lb-rhs): -0.3406515121459961
24524 domains visited
Time: pickout 0.0649    decision 0.1084    set_bounds 0.0309    solve 0.5849    add 0.0042    
Accumulated time: pickout 1.5019    decision 1.3015    set_bounds 0.7420    solve 16.4303    add 0.0611    
Cumulative time: 20.117066383361816

BaB round 22
batch: 458
splitting decisions: 
split level 0: [/input, 240] [/input, 240] [/input, 240] [/input, 240] [/input, 240] [/input, 240] [/input, 240] [/input, 240] [/input-3, 29] [/input, 240] 
best_l after optimization: -35.09858703613281
beta sum per layer: [3163.25390625, 332.8861999511719]
alpha/beta optimization time: 0.8202908039093018
pruning_in_iteration open status: True
ratio of positive domain = 530 / 916 = 0.5786026200873362
pruning-in-iteration extra time: 0.03905963897705078
torch.Size([916, 1])
Time: prepare 0.0206    bound 0.8217    transfer 0.0009    finalize 0.0120    func 0.8554    
Accumulated time: func 17.2591    prepare 0.6615    bound 16.2603    transfer 0.0195    finalize 0.3705    
max lb tensor(0.00019968) min lb tensor(-0.30733585)
Number of Verified Splits: 530 of 916
Current worst splitting domains lb-rhs (depth):
-0.30734 (26), -0.30100 (26), -0.29299 (26), -0.28909 (26), -0.28798 (26), -0.28772 (26), -0.28437 (26), -0.28235 (26), -0.27787 (26), -0.26860 (26), -0.26660 (26), -0.26361 (26), -0.26074 (26), -0.26072 (26), -0.25861 (26), -0.25395 (26), -0.25389 (26), -0.24950 (26), -0.24779 (26), -0.24481 (26), 
Length of domains: 386
Current (lb-rhs): -0.30733585357666016
25440 domains visited
Time: pickout 0.0642    decision 0.6041    set_bounds 0.0216    solve 0.8567    add 0.0025    
Accumulated time: pickout 1.5661    decision 1.9055    set_bounds 0.7637    solve 17.2869    add 0.0636    
Cumulative time: 21.66868495941162

BaB round 23
batch: 386
splitting decisions: 
split level 0: [/input, 22] [/input, 22] [/input, 22] [/input, 22] [/input, 22] [/input, 22] [/input, 22] [/input, 170] [/input, 22] [/input, 22] 
best_l after optimization: -28.087478637695312
beta sum per layer: [2490.26904296875, 193.4821319580078]
alpha/beta optimization time: 0.6188812255859375
pruning_in_iteration open status: True
ratio of positive domain = 462 / 772 = 0.5984455958549223
pruning-in-iteration extra time: 0.02916097640991211
torch.Size([772, 1])
Time: prepare 0.0174    bound 0.6205    transfer 0.0006    finalize 0.0096    func 0.6483    
Accumulated time: func 17.9073    prepare 0.6808    bound 16.8808    transfer 0.0201    finalize 0.3800    
max lb tensor(9.99999975e-05) min lb tensor(-0.26325989)
Number of Verified Splits: 462 of 772
Current worst splitting domains lb-rhs (depth):
-0.26326 (27), -0.25718 (27), -0.24795 (27), -0.24444 (27), -0.24251 (27), -0.24243 (27), -0.24193 (27), -0.23805 (27), -0.23599 (27), -0.23448 (27), -0.23129 (27), -0.22932 (27), -0.22829 (27), -0.22242 (27), -0.22202 (27), -0.22121 (27), -0.21793 (27), -0.21676 (27), -0.21566 (27), -0.21389 (27), 
Length of domains: 310
Current (lb-rhs): -0.2632598876953125
26212 domains visited
Time: pickout 0.0494    decision 0.0773    set_bounds 0.0192    solve 0.6501    add 0.0038    
Accumulated time: pickout 1.6155    decision 1.9829    set_bounds 0.7829    solve 17.9371    add 0.0674    
Cumulative time: 22.470325708389282

BaB round 24
batch: 310
splitting decisions: 
split level 0: [/input-3, 47] [/input-3, 47] [/input, 22] [/input-3, 47] [/input, 209] [/input, 209] [/input, 22] [/input, 22] [/input, 209] [/input, 209] 
best_l after optimization: -26.865211486816406
beta sum per layer: [1764.459716796875, 115.42572021484375]
alpha/beta optimization time: 0.5493912696838379
pruning_in_iteration open status: True
ratio of positive domain = 250 / 620 = 0.4032258064516129
pruning-in-iteration extra time: 0.027498722076416016
torch.Size([620, 1])
Time: prepare 0.0145    bound 0.5506    transfer 0.0005    finalize 0.0079    func 0.5748    
Accumulated time: func 18.4821    prepare 0.6968    bound 17.4314    transfer 0.0206    finalize 0.3879    
max lb tensor(9.99999975e-05) min lb tensor(-0.21053648)
Number of Verified Splits: 250 of 620
Current worst splitting domains lb-rhs (depth):
-0.21054 (28), -0.20203 (28), -0.19952 (28), -0.19934 (28), -0.19339 (28), -0.19200 (28), -0.18848 (28), -0.18763 (28), -0.18741 (28), -0.18690 (28), -0.18521 (28), -0.18451 (28), -0.18396 (28), -0.18331 (28), -0.18080 (28), -0.18067 (28), -0.17931 (28), -0.17914 (28), -0.17875 (28), -0.17691 (28), 
Length of domains: 370
Current (lb-rhs): -0.21053647994995117
26832 domains visited
Time: pickout 0.0359    decision 0.0619    set_bounds 0.0157    solve 0.5760    add 0.0036    
Accumulated time: pickout 1.6513    decision 2.0447    set_bounds 0.7986    solve 18.5131    add 0.0710    
Cumulative time: 23.164660692214966

BaB round 25
batch: 370
splitting decisions: 
split level 0: [/input-3, 47] [/input-3, 47] [/input-3, 47] [/input-3, 65] [/input-3, 65] [/input-3, 65] [/input-3, 65] [/input-3, 65] [/input-3, 65] [/input-3, 65] 
best_l after optimization: -17.88677215576172
beta sum per layer: [1733.1182861328125, 117.46012878417969]
alpha/beta optimization time: 0.8633337020874023
pruning_in_iteration open status: True
ratio of positive domain = 434 / 740 = 0.5864864864864865
pruning-in-iteration extra time: 0.04404950141906738
torch.Size([740, 1])
Time: prepare 0.0198    bound 0.8650    transfer 0.0022    finalize 0.0164    func 0.9035    
Accumulated time: func 19.3856    prepare 0.7241    bound 18.2964    transfer 0.0227    finalize 0.4043    
max lb tensor(9.99999975e-05) min lb tensor(-0.18405104)
Number of Verified Splits: 434 of 740
Current worst splitting domains lb-rhs (depth):
-0.18405 (29), -0.17508 (29), -0.17228 (29), -0.17220 (29), -0.16758 (29), -0.16661 (29), -0.16197 (29), -0.16164 (29), -0.16096 (29), -0.16013 (29), -0.15895 (29), -0.15815 (29), -0.15739 (29), -0.15661 (29), -0.15577 (29), -0.15435 (29), -0.15405 (29), -0.15239 (29), -0.15234 (29), -0.15134 (29), 
Length of domains: 306
Current (lb-rhs): -0.1840510368347168
27572 domains visited
Time: pickout 0.0546    decision 0.3951    set_bounds 0.0197    solve 0.9044    add 0.0030    
Accumulated time: pickout 1.7059    decision 2.4399    set_bounds 0.8183    solve 19.4174    add 0.0740    
Cumulative time: 24.54419469833374

BaB round 26
batch: 306
splitting decisions: 
split level 0: [/input-3, 114] [/input-3, 84] [/input-3, 84] [/input-3, 84] [/input, 63] [/input-3, 114] [/input-3, 114] [/input-3, 114] [/input, 63] [/input-3, 114] 
best_l after optimization: -12.36669635772705
beta sum per layer: [1312.7327880859375, 90.87301635742188]
alpha/beta optimization time: 0.9284474849700928
pruning_in_iteration open status: True
ratio of positive domain = 345 / 612 = 0.5637254901960784
pruning-in-iteration extra time: 0.04892230033874512
torch.Size([612, 1])
Time: prepare 0.0150    bound 0.9297    transfer 0.0021    finalize 0.0148    func 0.9618    
Accumulated time: func 20.3475    prepare 0.7462    bound 19.2261    transfer 0.0249    finalize 0.4191    
max lb tensor(9.99999975e-05) min lb tensor(-0.13056207)
Number of Verified Splits: 345 of 612
Current worst splitting domains lb-rhs (depth):
-0.13056 (30), -0.12639 (30), -0.12194 (30), -0.11963 (30), -0.11888 (30), -0.11714 (30), -0.11524 (30), -0.11418 (30), -0.11275 (30), -0.11266 (30), -0.11040 (30), -0.10861 (30), -0.10846 (30), -0.10838 (30), -0.10806 (30), -0.10718 (30), -0.10583 (30), -0.10483 (30), -0.10475 (30), -0.10457 (30), 
Length of domains: 267
Current (lb-rhs): -0.13056206703186035
28184 domains visited
Time: pickout 0.0467    decision 0.3915    set_bounds 0.0171    solve 0.9629    add 0.0023    
Accumulated time: pickout 1.7526    decision 2.8314    set_bounds 0.8355    solve 20.3803    add 0.0763    
Cumulative time: 25.966254234313965

BaB round 27
batch: 267
splitting decisions: 
split level 0: [/input, 209] [/input, 209] [/input, 209] [/input, 233] [/input, 233] [/input, 233] [/input, 73] [/input, 73] [/input, 73] [/input, 233] 
best_l after optimization: -7.423669338226318
beta sum per layer: [791.3267211914062, 51.65948486328125]
alpha/beta optimization time: 0.7051613330841064
pruning_in_iteration open status: True
ratio of positive domain = 384 / 534 = 0.7191011235955056
pruning-in-iteration extra time: 0.03692936897277832
torch.Size([534, 1])
Time: prepare 0.0133    bound 0.7069    transfer 0.0007    finalize 0.0097    func 0.7308    
Accumulated time: func 21.0783    prepare 0.7669    bound 19.9330    transfer 0.0255    finalize 0.4288    
max lb tensor(9.99999975e-05) min lb tensor(-0.10629505)
Number of Verified Splits: 384 of 534
Current worst splitting domains lb-rhs (depth):
-0.10630 (31), -0.10147 (31), -0.09794 (31), -0.09585 (31), -0.09512 (31), -0.09251 (31), -0.09086 (31), -0.09073 (31), -0.08901 (31), -0.08848 (31), -0.08594 (31), -0.08533 (31), -0.08466 (31), -0.08462 (31), -0.08437 (31), -0.08353 (31), -0.08260 (31), -0.08154 (31), -0.08124 (31), -0.07986 (31), 
Length of domains: 150
Current (lb-rhs): -0.10629504919052124
28718 domains visited
Time: pickout 0.0403    decision 0.2834    set_bounds 0.0140    solve 0.7317    add 0.0015    
Accumulated time: pickout 1.7929    decision 3.1147    set_bounds 0.8495    solve 21.1120    add 0.0778    
Cumulative time: 27.03871488571167

BaB round 28
batch: 150
splitting decisions: 
split level 0: [/input, 73] [/input, 73] [/input, 73] [/input, 73] [/input, 73] [/input, 73] [/input, 73] [/input, 233] [/input, 73] [/input, 73] 
best_l after optimization: -2.9599931240081787
beta sum per layer: [405.19964599609375, 9.797870635986328]
alpha/beta optimization time: 0.48464226722717285
pruning_in_iteration open status: True
ratio of positive domain = 197 / 300 = 0.6566666666666667
pruning-in-iteration extra time: 0.024614334106445312
torch.Size([300, 1])
Time: prepare 0.0086    bound 0.4857    transfer 0.0005    finalize 0.0062    func 0.5011    
Accumulated time: func 21.5794    prepare 0.7775    bound 20.4187    transfer 0.0260    finalize 0.4351    
max lb tensor(9.99999975e-05) min lb tensor(-0.07192367)
Number of Verified Splits: 197 of 300
Current worst splitting domains lb-rhs (depth):
-0.07192 (32), -0.06666 (32), -0.06284 (32), -0.06085 (32), -0.06031 (32), -0.05724 (32), -0.05567 (32), -0.05538 (32), -0.05430 (32), -0.05264 (32), -0.05120 (32), -0.04981 (32), -0.04929 (32), -0.04901 (32), -0.04894 (32), -0.04764 (32), -0.04686 (32), -0.04617 (32), -0.04614 (32), -0.04419 (32), 
Length of domains: 103
Current (lb-rhs): -0.07192367315292358
29018 domains visited
Time: pickout 0.0234    decision 0.0497    set_bounds 0.0098    solve 0.5017    add 0.0022    
Accumulated time: pickout 1.8164    decision 3.1644    set_bounds 0.8593    solve 21.6137    add 0.0800    
Cumulative time: 27.626868724822998

BaB round 29
batch: 103
splitting decisions: 
split level 0: [/input, 73] [/input, 233] [/input, 233] [/input, 233] [/input, 233] [/input, 233] [/input, 233] [/input, 233] [/input, 233] [/input, 233] 
best_l after optimization: -1.083042860031128
beta sum per layer: [231.33975219726562, 8.52000904083252]
alpha/beta optimization time: 0.5245423316955566
pruning_in_iteration open status: True
ratio of positive domain = 142 / 206 = 0.6893203883495146
pruning-in-iteration extra time: 0.029181480407714844
torch.Size([206, 1])
Time: prepare 0.0054    bound 0.5257    transfer 0.0004    finalize 0.0090    func 0.5406    
Accumulated time: func 22.1200    prepare 0.7844    bound 20.9444    transfer 0.0264    finalize 0.4440    
max lb tensor(9.99999975e-05) min lb tensor(-0.04954445)
Number of Verified Splits: 142 of 206
Current worst splitting domains lb-rhs (depth):
-0.04954 (33), -0.04278 (33), -0.04101 (33), -0.03891 (33), -0.03810 (33), -0.03381 (33), -0.03249 (33), -0.03222 (33), -0.03194 (33), -0.02947 (33), -0.02785 (33), -0.02671 (33), -0.02634 (33), -0.02626 (33), -0.02539 (33), -0.02405 (33), -0.02372 (33), -0.02364 (33), -0.02274 (33), -0.02159 (33), 
Length of domains: 64
Current (lb-rhs): -0.049544453620910645
29224 domains visited
Time: pickout 0.0143    decision 0.0296    set_bounds 0.0061    solve 0.5416    add 0.0032    
Accumulated time: pickout 1.8306    decision 3.1941    set_bounds 0.8654    solve 22.1553    add 0.0832    
Time out!!!!!!!!
Result: unknown in 30.0898 seconds

 %%%%%%%%%%%%%%%%%%%%%%%%%%%%%%%%%%% idx: 66, vnnlib ID: 66 %%%%%%%%%%%%%%%%%%%%%%%%%%%%%%%%%%%
Finished vnnlib processing in 0.004436 seconds
Model: BoundedModule(
  (/0): BoundInput(name=/0, inputs=[], perturbed=True)
  (/7): BoundParams(name=/7, inputs=[], perturbed=False)
  (/8): BoundParams(name=/8, inputs=[], perturbed=False)
  (/9): BoundParams(name=/9, inputs=[], perturbed=False)
  (/10): BoundParams(name=/10, inputs=[], perturbed=False)
  (/11): BoundParams(name=/11, inputs=[], perturbed=False)
  (/12): BoundParams(name=/12, inputs=[], perturbed=False)
  (/13): BoundFlatten(name=/13, inputs=[/0], perturbed=True)
  (/input): BoundLinear(name=/input, inputs=[/13, /7, /8], perturbed=True)
  (/15): BoundRelu(name=/15, inputs=[/input], perturbed=True)
  (/input-3): BoundLinear(name=/input-3, inputs=[/15, /9, /10], perturbed=True)
  (/17): BoundRelu(name=/17, inputs=[/input-3], perturbed=True)
  (/18): BoundLinear(name=/18, inputs=[/17, /11, /12], perturbed=True)
)
Original output in the first batch: tensor([[ 1.97032559, -2.08022189, -2.99269271, -4.61446619,  0.17889732,
         -2.23053145,  5.43920231, -1.47805119, -1.25968039, -6.01291704]],
       device='cuda:0')
Split layers:
Nonlinear functions:
   BoundRelu(name=/15, inputs=[/input], perturbed=True)
   BoundRelu(name=/17, inputs=[/input-3], perturbed=True)
build batch [1/1]
layer /15 using sparse-features alpha with shape [86]; unstable size 86; total size 256 ([1, 256])
layer /15 start_node /input-3 using sparse-spec alpha [2, 58, 1, 86] with unstable size 57 total_size 128 output_shape torch.Size([128])
layer /15 start_node /18 using full alpha [2, 9, 1, 86] with unstable size None total_size 9 output_shape 9
layer /17 using sparse-features alpha with shape [57]; unstable size 57; total size 128 ([1, 128])
layer /17 start_node /18 using full alpha [2, 9, 1, 57] with unstable size None total_size 9 output_shape 9
Optimizable variables initialized.
initial CROWN bounds (first 10 items): [-0.5273456573486328, 2.9555447101593018, 3.2542340755462646, 4.474867820739746, 0.6740772724151611, 3.055175304412842, 1.357560157775879, 2.453152894973755, 5.915177345275879]
prune_after_crown optimization in use
  original spec size = torch.Size([1, 9])
  pruned spec size = torch.Size([1, 1])
Using alpha-CROWN to initialize bounds.
Early stop at 70th iter due to 10 iterations no improvement!
best_l after optimization: -0.4022362232208252
alpha/beta optimization time: 1.7312817573547363
initial alpha-crown bounds (first 10 items): [-0.4022362232208252]
Global lower bound: -0.4022362232208252
torch.Size([1, 1])
8 / 9 OR specs are verified.
Verified OR indices (first 10 items): [1, 2, 3, 4, 5, 6, 7, 8]
Verified OR lbs (first 10 items): [[inf], [inf], [inf], [inf], [inf], [inf], [inf], [inf]]
Unverified OR indices (first 10 items): [0]
Unverified OR lbs (first 10 items): [[-0.4022362232208252]]
###### Verifying property Instance 66 ######
Batch size: 1
First 10 spec matrices
C: tensor([[[-1.,  0.,  0.,  0.,  0.,  0.,  1.,  0.,  0.,  0.]]], device='cuda:0')
RHS: tensor([[0.]], device='cuda:0')
OR spec sizes: tensor([1], device='cuda:0', dtype=torch.int32)
Remaining timeout: 28.031322240829468
Model prediction is: tensor([ 1.97032559, -2.08022189, -2.99269271, -4.61446619,  0.17889732,
        -2.23053145,  5.43920231, -1.47805119, -1.25968039, -6.01291704],
       device='cuda:0')
Activation BaB batch 1/1 
build_with_refined_bounds batch [1/1]
Optimizable variables initialized.
all alpha initialized
directly get lb and ub from refined bounds
c shape: torch.Size([1, 1, 10])
lA shapes: [torch.Size([1, 1, 256]), torch.Size([1, 1, 128])]
torch.Size([1, 1])
(alpha-)CROWN with fixed intermediate bounds: tensor([[-0.40223622]], device='cuda:0') tensor([[inf]], device='cuda:0')
Intermediate layers: /input,/input-3
Keeping alphas for these layers: ['/18']
Node /15 input 0: size torch.Size([256]) unstable 86
Node /17 input 0: size torch.Size([128]) unstable 57
-----------------
# of unstable neurons: 143
-----------------

BaB round 1
batch: 1
splitting decisions: 
split level 0: [/input-3, 98] 
split level 1: [/input-3, 42] 
split level 2: [/input-3, 81] 
split level 3: [/input-3, 9] 
split level 4: [/input-3, 24] 
split level 5: [/input-3, 74] 
best_l after optimization: -0.14302749931812286
beta sum per layer: [0.0, 0.03495115041732788]
alpha/beta optimization time: 0.9731450080871582
pruning_in_iteration open status: True
ratio of positive domain = 62 / 64 = 0.96875
pruning-in-iteration extra time: 0.056913137435913086
torch.Size([64, 1])
Time: prepare 0.0036    bound 0.9746    transfer 0.0020    finalize 0.0048    func 0.9851    
Accumulated time: func 0.9851    prepare 0.0134    bound 0.9746    transfer 0.0020    finalize 0.0048    
max lb tensor(9.99999975e-05) min lb tensor(-0.08202589)
Number of Verified Splits: 62 of 64
Current worst splitting domains lb-rhs (depth):
-0.08203 (6), -0.06720 (6), 
Length of domains: 2
Current (lb-rhs): -0.08202588558197021
64 domains visited
Time: pickout 0.0013    decision 0.0614    set_bounds 0.0040    solve 0.9859    add 0.0067    
Accumulated time: pickout 0.0013    decision 0.0614    set_bounds 0.0040    solve 0.9859    add 0.0067    
Cumulative time: 1.0858426094055176

BaB round 2
batch: 2
splitting decisions: 
split level 0: [/input-3, 63] [/input-3, 63] 
split level 1: [/input-3, 2] [/input-3, 84] 
split level 2: [/input-3, 84] [/input-3, 2] 
split level 3: [/input, 61] [/input-3, 14] 
split level 4: [/input-3, 0] [/input-3, 0] 

all verified at 0th iter
best_l after optimization: 18.086116790771484
beta sum per layer: [0.0, 1.1184368133544922]
alpha/beta optimization time: 0.008819103240966797
pruning_in_iteration open status: False
ratio of positive domain = 64 / 64 = 1.0
pruning-in-iteration extra time: 0.00037360191345214844
torch.Size([64, 1])
Time: prepare 0.0032    bound 0.0101    transfer 0.0008    finalize 0.0048    func 0.0191    
Accumulated time: func 1.0041    prepare 0.0260    bound 0.9846    transfer 0.0028    finalize 0.0096    
max lb tensor(0.43167830) min lb tensor(0.13921237)
Number of Verified Splits: 64 of 64
Length of domains: 0
No domains left, verification finished!
Current (lb-rhs): 1.0000000116860974e-07
128 domains visited
Time: pickout 0.0087    decision 0.0713    set_bounds 0.0045    solve 0.0198    add 0.0003    
Accumulated time: pickout 0.0100    decision 0.1327    set_bounds 0.0085    solve 1.0056    add 0.0070    
Cumulative time: 1.1906683444976807

Result: safe in 3.1670 seconds

 %%%%%%%%%%%%%%%%%%%%%%%%%%%%%%%%%%% idx: 67, vnnlib ID: 67 %%%%%%%%%%%%%%%%%%%%%%%%%%%%%%%%%%%
Finished vnnlib processing in 0.008360 seconds
Model: BoundedModule(
  (/0): BoundInput(name=/0, inputs=[], perturbed=True)
  (/7): BoundParams(name=/7, inputs=[], perturbed=False)
  (/8): BoundParams(name=/8, inputs=[], perturbed=False)
  (/9): BoundParams(name=/9, inputs=[], perturbed=False)
  (/10): BoundParams(name=/10, inputs=[], perturbed=False)
  (/11): BoundParams(name=/11, inputs=[], perturbed=False)
  (/12): BoundParams(name=/12, inputs=[], perturbed=False)
  (/13): BoundFlatten(name=/13, inputs=[/0], perturbed=True)
  (/input): BoundLinear(name=/input, inputs=[/13, /7, /8], perturbed=True)
  (/15): BoundRelu(name=/15, inputs=[/input], perturbed=True)
  (/input-3): BoundLinear(name=/input-3, inputs=[/15, /9, /10], perturbed=True)
  (/17): BoundRelu(name=/17, inputs=[/input-3], perturbed=True)
  (/18): BoundLinear(name=/18, inputs=[/17, /11, /12], perturbed=True)
)
Original output in the first batch: tensor([[-5.63445997, -4.35324478, -0.73985076, -7.21024942, 11.70242786,
         -4.48509693, -7.39365673, -2.69500422, -5.09472227,  1.51754749]],
       device='cuda:0')
Split layers:
Nonlinear functions:
   BoundRelu(name=/15, inputs=[/input], perturbed=True)
   BoundRelu(name=/17, inputs=[/input-3], perturbed=True)
build batch [1/1]
layer /15 using sparse-features alpha with shape [63]; unstable size 63; total size 256 ([1, 256])
layer /15 start_node /input-3 using sparse-spec alpha [2, 39, 1, 63] with unstable size 38 total_size 128 output_shape torch.Size([128])
layer /15 start_node /18 using full alpha [2, 9, 1, 63] with unstable size None total_size 9 output_shape 9
layer /17 using sparse-features alpha with shape [38]; unstable size 38; total size 128 ([1, 128])
layer /17 start_node /18 using full alpha [2, 9, 1, 38] with unstable size None total_size 9 output_shape 9
Optimizable variables initialized.
initial CROWN bounds (first 10 items): [12.899519920349121, 11.86829948425293, 7.422438621520996, 13.814611434936523, 10.951765060424805, 14.27210521697998, 10.410811424255371, 11.599346160888672, 5.708462715148926]
Verified with initial CROWN!
verified with init bound!
Result: safe-incomplete in 0.3850 seconds

 %%%%%%%%%%%%%%%%%%%%%%%%%%%%%%%%%%% idx: 68, vnnlib ID: 68 %%%%%%%%%%%%%%%%%%%%%%%%%%%%%%%%%%%
Finished vnnlib processing in 0.009750 seconds
Model: BoundedModule(
  (/0): BoundInput(name=/0, inputs=[], perturbed=True)
  (/7): BoundParams(name=/7, inputs=[], perturbed=False)
  (/8): BoundParams(name=/8, inputs=[], perturbed=False)
  (/9): BoundParams(name=/9, inputs=[], perturbed=False)
  (/10): BoundParams(name=/10, inputs=[], perturbed=False)
  (/11): BoundParams(name=/11, inputs=[], perturbed=False)
  (/12): BoundParams(name=/12, inputs=[], perturbed=False)
  (/13): BoundFlatten(name=/13, inputs=[/0], perturbed=True)
  (/input): BoundLinear(name=/input, inputs=[/13, /7, /8], perturbed=True)
  (/15): BoundRelu(name=/15, inputs=[/input], perturbed=True)
  (/input-3): BoundLinear(name=/input-3, inputs=[/15, /9, /10], perturbed=True)
  (/17): BoundRelu(name=/17, inputs=[/input-3], perturbed=True)
  (/18): BoundLinear(name=/18, inputs=[/17, /11, /12], perturbed=True)
)
Original output in the first batch: tensor([[ -8.05346584,  -8.12020016,  -3.19724417,  15.08028221,  -9.87508297,
           0.05043523, -19.84631920,  -5.96615553,   0.77817243,  -0.48078874]],
       device='cuda:0')
Split layers:
Nonlinear functions:
   BoundRelu(name=/15, inputs=[/input], perturbed=True)
   BoundRelu(name=/17, inputs=[/input-3], perturbed=True)
build batch [1/1]
layer /15 using sparse-features alpha with shape [57]; unstable size 57; total size 256 ([1, 256])
layer /15 start_node /input-3 using sparse-spec alpha [2, 27, 1, 57] with unstable size 26 total_size 128 output_shape torch.Size([128])
layer /15 start_node /18 using full alpha [2, 9, 1, 57] with unstable size None total_size 9 output_shape 9
layer /17 using sparse-features alpha with shape [26]; unstable size 26; total size 128 ([1, 128])
layer /17 start_node /18 using full alpha [2, 9, 1, 26] with unstable size None total_size 9 output_shape 9
Optimizable variables initialized.
initial CROWN bounds (first 10 items): [18.437583923339844, 19.609981536865234, 14.512519836425781, 19.629398345947266, 10.290298461914062, 29.48902702331543, 16.33196449279785, 10.661230087280273, 10.771745681762695]
Verified with initial CROWN!
verified with init bound!
Result: safe-incomplete in 0.4038 seconds

 %%%%%%%%%%%%%%%%%%%%%%%%%%%%%%%%%%% idx: 69, vnnlib ID: 69 %%%%%%%%%%%%%%%%%%%%%%%%%%%%%%%%%%%
Finished vnnlib processing in 0.010148 seconds
Model: BoundedModule(
  (/0): BoundInput(name=/0, inputs=[], perturbed=True)
  (/7): BoundParams(name=/7, inputs=[], perturbed=False)
  (/8): BoundParams(name=/8, inputs=[], perturbed=False)
  (/9): BoundParams(name=/9, inputs=[], perturbed=False)
  (/10): BoundParams(name=/10, inputs=[], perturbed=False)
  (/11): BoundParams(name=/11, inputs=[], perturbed=False)
  (/12): BoundParams(name=/12, inputs=[], perturbed=False)
  (/13): BoundFlatten(name=/13, inputs=[/0], perturbed=True)
  (/input): BoundLinear(name=/input, inputs=[/13, /7, /8], perturbed=True)
  (/15): BoundRelu(name=/15, inputs=[/input], perturbed=True)
  (/input-3): BoundLinear(name=/input-3, inputs=[/15, /9, /10], perturbed=True)
  (/17): BoundRelu(name=/17, inputs=[/input-3], perturbed=True)
  (/18): BoundLinear(name=/18, inputs=[/17, /11, /12], perturbed=True)
)
Original output in the first batch: tensor([[11.33552361, -7.99121237, -4.48047400, -6.47437191, -5.23921537,
         -2.22340393, -0.79278123, -1.37590146, -4.36747551, -1.00996900]],
       device='cuda:0')
Split layers:
Nonlinear functions:
   BoundRelu(name=/15, inputs=[/input], perturbed=True)
   BoundRelu(name=/17, inputs=[/input-3], perturbed=True)
build batch [1/1]
layer /15 using sparse-features alpha with shape [50]; unstable size 50; total size 256 ([1, 256])
layer /15 start_node /input-3 using sparse-spec alpha [2, 22, 1, 50] with unstable size 21 total_size 128 output_shape torch.Size([128])
layer /15 start_node /18 using full alpha [2, 9, 1, 50] with unstable size None total_size 9 output_shape 9
layer /17 using sparse-features alpha with shape [21]; unstable size 21; total size 128 ([1, 128])
layer /17 start_node /18 using full alpha [2, 9, 1, 21] with unstable size None total_size 9 output_shape 9
Optimizable variables initialized.
initial CROWN bounds (first 10 items): [16.861644744873047, 13.574187278747559, 15.271976470947266, 13.710155487060547, 10.729022979736328, 10.105840682983398, 9.752182006835938, 13.318601608276367, 10.335345268249512]
Verified with initial CROWN!
verified with init bound!
Result: safe-incomplete in 0.3562 seconds

 %%%%%%%%%%%%%%%%%%%%%%%%%%%%%%%%%%% idx: 70, vnnlib ID: 70 %%%%%%%%%%%%%%%%%%%%%%%%%%%%%%%%%%%
Finished vnnlib processing in 0.007467 seconds
Model: BoundedModule(
  (/0): BoundInput(name=/0, inputs=[], perturbed=True)
  (/7): BoundParams(name=/7, inputs=[], perturbed=False)
  (/8): BoundParams(name=/8, inputs=[], perturbed=False)
  (/9): BoundParams(name=/9, inputs=[], perturbed=False)
  (/10): BoundParams(name=/10, inputs=[], perturbed=False)
  (/11): BoundParams(name=/11, inputs=[], perturbed=False)
  (/12): BoundParams(name=/12, inputs=[], perturbed=False)
  (/13): BoundFlatten(name=/13, inputs=[/0], perturbed=True)
  (/input): BoundLinear(name=/input, inputs=[/13, /7, /8], perturbed=True)
  (/15): BoundRelu(name=/15, inputs=[/input], perturbed=True)
  (/input-3): BoundLinear(name=/input-3, inputs=[/15, /9, /10], perturbed=True)
  (/17): BoundRelu(name=/17, inputs=[/input-3], perturbed=True)
  (/18): BoundLinear(name=/18, inputs=[/17, /11, /12], perturbed=True)
)
Original output in the first batch: tensor([[ -0.90898615,  -4.20605326,   2.46541715,   0.42200121,  -6.31686926,
          -5.43291950, -16.24112701,  12.71652794,  -5.99683905,  -0.45787910]],
       device='cuda:0')
Split layers:
Nonlinear functions:
   BoundRelu(name=/15, inputs=[/input], perturbed=True)
   BoundRelu(name=/17, inputs=[/input-3], perturbed=True)
build batch [1/1]
layer /15 using sparse-features alpha with shape [62]; unstable size 62; total size 256 ([1, 256])
layer /15 start_node /input-3 using sparse-spec alpha [2, 33, 1, 62] with unstable size 32 total_size 128 output_shape torch.Size([128])
layer /15 start_node /18 using full alpha [2, 9, 1, 62] with unstable size None total_size 9 output_shape 9
layer /17 using sparse-features alpha with shape [32]; unstable size 32; total size 128 ([1, 128])
layer /17 start_node /18 using full alpha [2, 9, 1, 32] with unstable size None total_size 9 output_shape 9
Optimizable variables initialized.
initial CROWN bounds (first 10 items): [8.401078224182129, 13.40228271484375, 5.909870624542236, 7.750141143798828, 15.02246379852295, 12.743169784545898, 22.19173240661621, 13.392060279846191, 8.947961807250977]
Verified with initial CROWN!
verified with init bound!
Result: safe-incomplete in 0.3177 seconds

 %%%%%%%%%%%%%%%%%%%%%%%%%%%%%%%%%%% idx: 71, vnnlib ID: 71 %%%%%%%%%%%%%%%%%%%%%%%%%%%%%%%%%%%
Finished vnnlib processing in 0.008983 seconds
Model: BoundedModule(
  (/0): BoundInput(name=/0, inputs=[], perturbed=True)
  (/7): BoundParams(name=/7, inputs=[], perturbed=False)
  (/8): BoundParams(name=/8, inputs=[], perturbed=False)
  (/9): BoundParams(name=/9, inputs=[], perturbed=False)
  (/10): BoundParams(name=/10, inputs=[], perturbed=False)
  (/11): BoundParams(name=/11, inputs=[], perturbed=False)
  (/12): BoundParams(name=/12, inputs=[], perturbed=False)
  (/13): BoundFlatten(name=/13, inputs=[/0], perturbed=True)
  (/input): BoundLinear(name=/input, inputs=[/13, /7, /8], perturbed=True)
  (/15): BoundRelu(name=/15, inputs=[/input], perturbed=True)
  (/input-3): BoundLinear(name=/input-3, inputs=[/15, /9, /10], perturbed=True)
  (/17): BoundRelu(name=/17, inputs=[/input-3], perturbed=True)
  (/18): BoundLinear(name=/18, inputs=[/17, /11, /12], perturbed=True)
)
Original output in the first batch: tensor([[ 17.66843796,  -9.79461384,  -3.40157390, -11.83257294,  -6.37638378,
          -7.10946846,  -2.20693994,  -3.39088750,  -6.14306068,   1.09225762]],
       device='cuda:0')
Split layers:
Nonlinear functions:
   BoundRelu(name=/15, inputs=[/input], perturbed=True)
   BoundRelu(name=/17, inputs=[/input-3], perturbed=True)
build batch [1/1]
layer /15 using sparse-features alpha with shape [46]; unstable size 46; total size 256 ([1, 256])
layer /15 start_node /input-3 using sparse-spec alpha [2, 25, 1, 46] with unstable size 24 total_size 128 output_shape torch.Size([128])
layer /15 start_node /18 using full alpha [2, 9, 1, 46] with unstable size None total_size 9 output_shape 9
layer /17 using sparse-features alpha with shape [24]; unstable size 24; total size 128 ([1, 128])
layer /17 start_node /18 using full alpha [2, 9, 1, 24] with unstable size None total_size 9 output_shape 9
Optimizable variables initialized.
initial CROWN bounds (first 10 items): [24.95530891418457, 18.75434112548828, 27.082447052001953, 20.763643264770508, 21.985618591308594, 17.655044555664062, 17.91799545288086, 21.430124282836914, 14.32406997680664]
Verified with initial CROWN!
verified with init bound!
Result: safe-incomplete in 0.3188 seconds

 %%%%%%%%%%%%%%%%%%%%%%%%%%%%%%%%%%% idx: 72, vnnlib ID: 72 %%%%%%%%%%%%%%%%%%%%%%%%%%%%%%%%%%%
Finished vnnlib processing in 0.007318 seconds
Model: BoundedModule(
  (/0): BoundInput(name=/0, inputs=[], perturbed=True)
  (/7): BoundParams(name=/7, inputs=[], perturbed=False)
  (/8): BoundParams(name=/8, inputs=[], perturbed=False)
  (/9): BoundParams(name=/9, inputs=[], perturbed=False)
  (/10): BoundParams(name=/10, inputs=[], perturbed=False)
  (/11): BoundParams(name=/11, inputs=[], perturbed=False)
  (/12): BoundParams(name=/12, inputs=[], perturbed=False)
  (/13): BoundFlatten(name=/13, inputs=[/0], perturbed=True)
  (/input): BoundLinear(name=/input, inputs=[/13, /7, /8], perturbed=True)
  (/15): BoundRelu(name=/15, inputs=[/input], perturbed=True)
  (/input-3): BoundLinear(name=/input-3, inputs=[/15, /9, /10], perturbed=True)
  (/17): BoundRelu(name=/17, inputs=[/input-3], perturbed=True)
  (/18): BoundLinear(name=/18, inputs=[/17, /11, /12], perturbed=True)
)
Original output in the first batch: tensor([[ 3.64270163, -1.85735404, 10.47421360,  0.63050491, -8.28248119,
         -4.21851110, -8.12912178, -1.43942773, -2.00904155, -5.25168705]],
       device='cuda:0')
Split layers:
Nonlinear functions:
   BoundRelu(name=/15, inputs=[/input], perturbed=True)
   BoundRelu(name=/17, inputs=[/input-3], perturbed=True)
build batch [1/1]
layer /15 using sparse-features alpha with shape [59]; unstable size 59; total size 256 ([1, 256])
layer /15 start_node /input-3 using sparse-spec alpha [2, 33, 1, 59] with unstable size 32 total_size 128 output_shape torch.Size([128])
layer /15 start_node /18 using full alpha [2, 9, 1, 59] with unstable size None total_size 9 output_shape 9
layer /17 using sparse-features alpha with shape [32]; unstable size 32; total size 128 ([1, 128])
layer /17 start_node /18 using full alpha [2, 9, 1, 32] with unstable size None total_size 9 output_shape 9
Optimizable variables initialized.
initial CROWN bounds (first 10 items): [3.1248555183410645, 10.28840160369873, 7.355959415435791, 14.723377227783203, 11.228460311889648, 14.93493938446045, 8.972966194152832, 9.38212776184082, 11.28174877166748]
Verified with initial CROWN!
verified with init bound!
Result: safe-incomplete in 0.3455 seconds

 %%%%%%%%%%%%%%%%%%%%%%%%%%%%%%%%%%% idx: 73, vnnlib ID: 73 %%%%%%%%%%%%%%%%%%%%%%%%%%%%%%%%%%%
Finished vnnlib processing in 0.008891 seconds
Model: BoundedModule(
  (/0): BoundInput(name=/0, inputs=[], perturbed=True)
  (/7): BoundParams(name=/7, inputs=[], perturbed=False)
  (/8): BoundParams(name=/8, inputs=[], perturbed=False)
  (/9): BoundParams(name=/9, inputs=[], perturbed=False)
  (/10): BoundParams(name=/10, inputs=[], perturbed=False)
  (/11): BoundParams(name=/11, inputs=[], perturbed=False)
  (/12): BoundParams(name=/12, inputs=[], perturbed=False)
  (/13): BoundFlatten(name=/13, inputs=[/0], perturbed=True)
  (/input): BoundLinear(name=/input, inputs=[/13, /7, /8], perturbed=True)
  (/15): BoundRelu(name=/15, inputs=[/input], perturbed=True)
  (/input-3): BoundLinear(name=/input-3, inputs=[/15, /9, /10], perturbed=True)
  (/17): BoundRelu(name=/17, inputs=[/input-3], perturbed=True)
  (/18): BoundLinear(name=/18, inputs=[/17, /11, /12], perturbed=True)
)
Original output in the first batch: tensor([[ -2.84632444,  -2.97400475,  -2.65886641,  -0.72952163,  -2.95321918,
          -9.36318398, -15.14622211,   2.36945510,   2.10986447,   5.79733515]],
       device='cuda:0')
Split layers:
Nonlinear functions:
   BoundRelu(name=/15, inputs=[/input], perturbed=True)
   BoundRelu(name=/17, inputs=[/input-3], perturbed=True)
build batch [1/1]
layer /15 using sparse-features alpha with shape [85]; unstable size 85; total size 256 ([1, 256])
layer /15 start_node /input-3 using sparse-spec alpha [2, 38, 1, 85] with unstable size 37 total_size 128 output_shape torch.Size([128])
layer /15 start_node /18 using full alpha [2, 9, 1, 85] with unstable size None total_size 9 output_shape 9
layer /17 using sparse-features alpha with shape [37]; unstable size 37; total size 128 ([1, 128])
layer /17 start_node /18 using full alpha [2, 9, 1, 37] with unstable size None total_size 9 output_shape 9
Optimizable variables initialized.
initial CROWN bounds (first 10 items): [3.5560784339904785, 3.522420883178711, 1.4728810787200928, 0.8188748359680176, 4.7006378173828125, 9.370373725891113, 14.591657638549805, -2.573164224624634, -1.3865470886230469]
prune_after_crown optimization in use
  original spec size = torch.Size([1, 9])
  pruned spec size = torch.Size([1, 2])
Using alpha-CROWN to initialize bounds.
best_l after optimization: -3.263169765472412
alpha/beta optimization time: 0.5286028385162354
initial alpha-crown bounds (first 10 items): [-2.0714025497436523, -1.1917672157287598]
Global lower bound: -2.0714025497436523
torch.Size([1, 2])
7 / 9 OR specs are verified.
Verified OR indices (first 10 items): [0, 1, 2, 3, 4, 5, 6]
Verified OR lbs (first 10 items): [[inf], [inf], [inf], [inf], [inf], [inf], [inf]]
Unverified OR indices (first 10 items): [7, 8]
Unverified OR lbs (first 10 items): [[-2.0714025497436523], [-1.1917672157287598]]
###### Verifying property Instance 73 ######
Batch size: 2
First 10 spec matrices
C: tensor([[[ 0.,  0.,  0.,  0.,  0.,  0.,  0., -1.,  0.,  1.]],

        [[ 0.,  0.,  0.,  0.,  0.,  0.,  0.,  0., -1.,  1.]]], device='cuda:0')
RHS: tensor([[0.],
        [0.]], device='cuda:0')
OR spec sizes: tensor([1, 1], device='cuda:0', dtype=torch.int32)
Remaining timeout: 29.02087163925171
Model prediction is: tensor([ -2.84632444,  -2.97400475,  -2.65886641,  -0.72952163,  -2.95321918,
         -9.36318398, -15.14622211,   2.36945510,   2.10986447,   5.79733515],
       device='cuda:0')
Activation BaB batch 1/1 
build_with_refined_bounds batch [1/1]
Optimizable variables initialized.
all alpha initialized
directly get lb and ub from refined bounds
c shape: torch.Size([2, 1, 10])
lA shapes: [torch.Size([2, 1, 256]), torch.Size([2, 1, 128])]
torch.Size([2, 1])
(alpha-)CROWN with fixed intermediate bounds: tensor([[-2.07140255],
        [-1.19176722]], device='cuda:0') tensor([[inf],
        [inf]], device='cuda:0')
Intermediate layers: /input,/input-3
Keeping alphas for these layers: ['/18']
Node /15 input 0: size torch.Size([256]) unstable 85
Node /17 input 0: size torch.Size([128]) unstable 37
-----------------
# of unstable neurons: 122
-----------------

BaB round 1
batch: 2
splitting decisions: 
split level 0: [/input, 231] [/input-3, 110] 
split level 1: [/input, 222] [/input, 207] 
split level 2: [/input, 58] [/input, 58] 
split level 3: [/input, 161] [/input, 143] 
split level 4: [/input, 54] [/input-3, 104] 
best_l after optimization: -14.509201049804688
beta sum per layer: [52.194801330566406, 9.160032272338867]
alpha/beta optimization time: 0.7879776954650879
pruning_in_iteration open status: True
ratio of positive domain = 38 / 64 = 0.59375
pruning-in-iteration extra time: 0.03392386436462402
torch.Size([64, 1])
Time: prepare 0.0023    bound 0.7891    transfer 0.0027    finalize 0.0045    func 0.7987    
Accumulated time: func 0.7987    prepare 0.0095    bound 0.7891    transfer 0.0027    finalize 0.0045    
max lb tensor(0.00534487) min lb tensor(-1.32667196)
Number of Verified Splits: 38 of 64
Current worst splitting domains lb-rhs (depth):
-1.32667 (5), -1.30390 (5), -1.26730 (5), -1.23651 (5), -0.84938 (5), -0.83730 (5), -0.77768 (5), -0.74106 (5), -0.72175 (5), -0.70944 (5), -0.62151 (5), -0.57190 (5), -0.56453 (5), -0.53360 (5), -0.48324 (5), -0.46369 (5), -0.32097 (5), -0.29936 (5), -0.25093 (5), -0.19794 (5), 
Length of domains: 26
Current (lb-rhs): -1.3266719579696655
64 domains visited
Time: pickout 0.0013    decision 0.0473    set_bounds 0.0036    solve 0.7995    add 0.0062    
Accumulated time: pickout 0.0013    decision 0.0473    set_bounds 0.0036    solve 0.7995    add 0.0062    
Cumulative time: 0.8855156898498535

BaB round 2
batch: 26
splitting decisions: 
split level 0: [/input-3, 99] [/input-3, 99] [/input-3, 99] [/input-3, 17] [/input-3, 99] [/input-3, 17] [/input-3, 99] [/input-3, 17] [/input-3, 99] [/input-3, 17] 
best_l after optimization: -12.430402755737305
beta sum per layer: [92.05287170410156, 20.10512924194336]
alpha/beta optimization time: 0.7708916664123535
pruning_in_iteration open status: True
ratio of positive domain = 25 / 52 = 0.4807692307692307
pruning-in-iteration extra time: 0.045830488204956055
torch.Size([52, 1])
Time: prepare 0.0024    bound 0.7722    transfer 0.0021    finalize 0.0059    func 0.7826    
Accumulated time: func 1.5813    prepare 0.0163    bound 1.5613    transfer 0.0047    finalize 0.0104    
max lb tensor(9.99999975e-05) min lb tensor(-1.25584531)
Number of Verified Splits: 25 of 52
Current worst splitting domains lb-rhs (depth):
-1.25585 (6), -1.23111 (6), -1.20250 (6), -1.16928 (6), -0.69296 (6), -0.64091 (6), -0.63953 (6), -0.63779 (6), -0.53838 (6), -0.53672 (6), -0.52794 (6), -0.51232 (6), -0.48863 (6), -0.46328 (6), -0.37337 (6), -0.31805 (6), -0.23620 (6), -0.17527 (6), -0.15255 (6), -0.13457 (6), 
Length of domains: 27
Current (lb-rhs): -1.255845308303833
116 domains visited
Time: pickout 0.0114    decision 0.0550    set_bounds 0.0023    solve 0.7833    add 0.0029    
Accumulated time: pickout 0.0127    decision 0.1023    set_bounds 0.0059    solve 1.5828    add 0.0091    
Cumulative time: 1.7409844398498535

BaB round 3
batch: 27
splitting decisions: 
split level 0: [/input, 240] [/input, 222] [/input, 240] [/input, 222] [/input, 240] [/input, 240] [/input, 39] [/input, 222] [/input, 39] [/input, 39] 
best_l after optimization: -15.969247817993164
beta sum per layer: [110.02986145019531, 26.636165618896484]
alpha/beta optimization time: 0.7780501842498779
pruning_in_iteration open status: True
ratio of positive domain = 23 / 54 = 0.42592592592592593
pruning-in-iteration extra time: 0.04629063606262207
torch.Size([54, 1])
Time: prepare 0.0036    bound 0.7809    transfer 0.0019    finalize 0.0062    func 0.7926    
Accumulated time: func 2.3740    prepare 0.0248    bound 2.3421    transfer 0.0066    finalize 0.0166    
max lb tensor(9.99999975e-05) min lb tensor(-1.18240690)
Number of Verified Splits: 23 of 54
Current worst splitting domains lb-rhs (depth):
-1.18241 (7), -1.14807 (7), -1.12889 (7), -1.08548 (7), -0.97357 (7), -0.92028 (7), -0.91449 (7), -0.88470 (7), -0.62561 (7), -0.57148 (7), -0.55941 (7), -0.54000 (7), -0.48061 (7), -0.47960 (7), -0.46850 (7), -0.44304 (7), -0.44082 (7), -0.39417 (7), -0.38956 (7), -0.36682 (7), 
Length of domains: 31
Current (lb-rhs): -1.1824069023132324
170 domains visited
Time: pickout 0.0118    decision 0.0567    set_bounds 0.0025    solve 0.7934    add 0.0027    
Accumulated time: pickout 0.0245    decision 0.1590    set_bounds 0.0084    solve 2.3762    add 0.0119    
Cumulative time: 2.6085216999053955

BaB round 4
batch: 31
splitting decisions: 
split level 0: [/input-3, 60] [/input, 240] [/input, 240] [/input, 240] [/input, 240] [/input, 39] [/input, 155] [/input, 39] [/input, 56] [/input, 39] 
best_l after optimization: -18.180931091308594
beta sum per layer: [134.5542449951172, 36.59014129638672]
alpha/beta optimization time: 0.7290859222412109
pruning_in_iteration open status: True
ratio of positive domain = 19 / 62 = 0.30645161290322576
pruning-in-iteration extra time: 0.03046441078186035
torch.Size([62, 1])
Time: prepare 0.0033    bound 0.7304    transfer 0.0019    finalize 0.0050    func 0.7406    
Accumulated time: func 3.1146    prepare 0.0325    bound 3.0725    transfer 0.0085    finalize 0.0217    
max lb tensor(9.99999975e-05) min lb tensor(-1.13266158)
Number of Verified Splits: 19 of 62
Current worst splitting domains lb-rhs (depth):
-1.13266 (8), -1.09897 (8), -1.08172 (8), -1.03796 (8), -0.90061 (8), -0.86019 (8), -0.82007 (8), -0.79865 (8), -0.54028 (8), -0.53344 (8), -0.49444 (8), -0.48470 (8), -0.47938 (8), -0.44104 (8), -0.39320 (8), -0.38600 (8), -0.38445 (8), -0.37226 (8), -0.36329 (8), -0.36127 (8), 
Length of domains: 43
Current (lb-rhs): -1.1326615810394287
232 domains visited
Time: pickout 0.0161    decision 0.0622    set_bounds 0.0027    solve 0.7415    add 0.0045    
Accumulated time: pickout 0.0406    decision 0.2212    set_bounds 0.0111    solve 3.1177    add 0.0164    
Cumulative time: 3.435875177383423

BaB round 5
batch: 43
splitting decisions: 
split level 0: [/input-3, 60] [/input-3, 60] [/input-3, 60] [/input-3, 60] [/input-3, 60] [/input, 56] [/input-3, 60] [/input, 28] [/input-3, 60] [/input, 56] 
best_l after optimization: -14.914739608764648
beta sum per layer: [196.59255981445312, 43.781131744384766]
alpha/beta optimization time: 0.8392679691314697
pruning_in_iteration open status: True
ratio of positive domain = 46 / 86 = 0.5348837209302326
pruning-in-iteration extra time: 0.04465675354003906
torch.Size([86, 1])
Time: prepare 0.0044    bound 0.8406    transfer 0.0017    finalize 0.0047    func 0.8514    
Accumulated time: func 3.9660    prepare 0.0436    bound 3.9132    transfer 0.0102    finalize 0.0263    
max lb tensor(9.99999975e-05) min lb tensor(-1.08790565)
Number of Verified Splits: 46 of 86
Current worst splitting domains lb-rhs (depth):
-1.08791 (9), -1.05368 (9), -1.03578 (9), -0.99128 (9), -0.84486 (9), -0.80177 (9), -0.76085 (9), -0.74426 (9), -0.49247 (9), -0.48768 (9), -0.44519 (9), -0.42815 (9), -0.42181 (9), -0.40286 (9), -0.34782 (9), -0.34005 (9), -0.33969 (9), -0.32732 (9), -0.30249 (9), -0.30107 (9), 
Length of domains: 40
Current (lb-rhs): -1.0879056453704834
318 domains visited
Time: pickout 0.0150    decision 0.0854    set_bounds 0.0036    solve 0.8520    add 0.0037    
Accumulated time: pickout 0.0556    decision 0.3066    set_bounds 0.0147    solve 3.9696    add 0.0201    
Cumulative time: 4.3958399295806885

BaB round 6
batch: 40
splitting decisions: 
split level 0: [/input, 143] [/input, 143] [/input, 143] [/input, 143] [/input, 143] [/input, 161] [/input, 143] [/input, 155] [/input, 143] [/input, 161] 
best_l after optimization: -18.923664093017578
beta sum per layer: [204.0654296875, 41.20383834838867]
alpha/beta optimization time: 0.8869123458862305
pruning_in_iteration open status: True
ratio of positive domain = 25 / 80 = 0.3125
pruning-in-iteration extra time: 0.055834054946899414
torch.Size([80, 1])
Time: prepare 0.0033    bound 0.8880    transfer 0.0013    finalize 0.0086    func 0.9014    
Accumulated time: func 4.8673    prepare 0.0519    bound 4.8012    transfer 0.0115    finalize 0.0350    
max lb tensor(9.99999975e-05) min lb tensor(-1.01993489)
Number of Verified Splits: 25 of 80
Current worst splitting domains lb-rhs (depth):
-1.01993 (10), -0.99310 (10), -0.97362 (10), -0.93340 (10), -0.77822 (10), -0.77228 (10), -0.75114 (10), -0.74120 (10), -0.68923 (10), -0.67644 (10), -0.67231 (10), -0.58494 (10), -0.53778 (10), -0.50578 (10), -0.49060 (10), -0.48973 (10), -0.45220 (10), -0.44635 (10), -0.36526 (10), -0.35450 (10), 
Length of domains: 55
Current (lb-rhs): -1.019934892654419
398 domains visited
Time: pickout 0.0172    decision 0.0683    set_bounds 0.0031    solve 0.9021    add 0.0022    
Accumulated time: pickout 0.0728    decision 0.3748    set_bounds 0.0178    solve 4.8717    add 0.0222    
Cumulative time: 5.389096260070801

BaB round 7
batch: 55
splitting decisions: 
split level 0: [/input, 206] [/input, 164] [/input, 206] [/input, 164] [/input-3, 110] [/input-3, 99] [/input-3, 110] [/input, 50] [/input-3, 110] [/input-3, 99] 
best_l after optimization: -19.042360305786133
beta sum per layer: [291.1827697753906, 71.387451171875]
alpha/beta optimization time: 0.7640414237976074
pruning_in_iteration open status: True
ratio of positive domain = 49 / 110 = 0.44545454545454544
pruning-in-iteration extra time: 0.04214167594909668
torch.Size([110, 1])
Time: prepare 0.0052    bound 0.7657    transfer 0.0017    finalize 0.0058    func 0.7785    
Accumulated time: func 5.6458    prepare 0.0637    bound 5.5669    transfer 0.0132    finalize 0.0408    
max lb tensor(9.99999975e-05) min lb tensor(-0.95387697)
Number of Verified Splits: 49 of 110
Current worst splitting domains lb-rhs (depth):
-0.95388 (11), -0.92722 (11), -0.90208 (11), -0.86398 (11), -0.76282 (11), -0.71024 (11), -0.67386 (11), -0.66855 (11), -0.65874 (11), -0.62030 (11), -0.60415 (11), -0.56629 (11), -0.50321 (11), -0.45145 (11), -0.44920 (11), -0.41564 (11), -0.41435 (11), -0.40881 (11), -0.40435 (11), -0.39623 (11), 
Length of domains: 61
Current (lb-rhs): -0.9538769721984863
508 domains visited
Time: pickout 0.0203    decision 0.0905    set_bounds 0.0047    solve 0.7794    add 0.0034    
Accumulated time: pickout 0.0931    decision 0.4653    set_bounds 0.0225    solve 5.6512    add 0.0256    
Cumulative time: 6.288329362869263

BaB round 8
batch: 61
splitting decisions: 
split level 0: [/input-3, 110] [/input-3, 110] [/input-3, 110] [/input-3, 110] [/input, 164] [/input, 28] [/input, 164] [/input, 81] [/input, 206] [/input, 28] 
best_l after optimization: -15.683107376098633
beta sum per layer: [306.9866638183594, 95.82332611083984]
alpha/beta optimization time: 0.7977399826049805
pruning_in_iteration open status: True
ratio of positive domain = 66 / 122 = 0.540983606557377
pruning-in-iteration extra time: 0.048876285552978516
torch.Size([122, 1])
Time: prepare 0.0068    bound 0.7989    transfer 0.0018    finalize 0.0072    func 0.8147    
Accumulated time: func 6.4605    prepare 0.0752    bound 6.3658    transfer 0.0150    finalize 0.0480    
max lb tensor(9.99999975e-05) min lb tensor(-0.91313291)
Number of Verified Splits: 66 of 122
Current worst splitting domains lb-rhs (depth):
-0.91313 (12), -0.88394 (12), -0.86208 (12), -0.82244 (12), -0.69485 (12), -0.66069 (12), -0.62493 (12), -0.61825 (12), -0.61388 (12), -0.57449 (12), -0.54956 (12), -0.52386 (12), -0.44788 (12), -0.39694 (12), -0.37910 (12), -0.37173 (12), -0.36235 (12), -0.34228 (12), -0.31593 (12), -0.28478 (12), 
Length of domains: 56
Current (lb-rhs): -0.913132905960083
630 domains visited
Time: pickout 0.0151    decision 0.0896    set_bounds 0.0039    solve 0.8163    add 0.0046    
Accumulated time: pickout 0.1082    decision 0.5549    set_bounds 0.0264    solve 6.4675    add 0.0302    
Cumulative time: 7.2183473110198975

BaB round 9
batch: 56
splitting decisions: 
split level 0: [/input, 33] [/input, 240] [/input, 33] [/input, 164] [/input, 240] [/input, 33] [/input, 164] [/input, 240] [/input, 33] [/input, 164] 
best_l after optimization: -13.989863395690918
beta sum per layer: [250.05972290039062, 90.39599609375]
alpha/beta optimization time: 0.8174648284912109
pruning_in_iteration open status: True
ratio of positive domain = 56 / 112 = 0.5
pruning-in-iteration extra time: 0.047202110290527344
torch.Size([112, 1])
Time: prepare 0.0038    bound 0.8185    transfer 0.0017    finalize 0.0048    func 0.8290    
Accumulated time: func 7.2895    prepare 0.0850    bound 7.1843    transfer 0.0168    finalize 0.0528    
max lb tensor(9.99999975e-05) min lb tensor(-0.87510997)
Number of Verified Splits: 56 of 112
Current worst splitting domains lb-rhs (depth):
-0.87511 (13), -0.84388 (13), -0.82634 (13), -0.78025 (13), -0.65366 (13), -0.61012 (13), -0.58799 (13), -0.57577 (13), -0.56815 (13), -0.53306 (13), -0.50623 (13), -0.47653 (13), -0.39934 (13), -0.35142 (13), -0.32384 (13), -0.31461 (13), -0.31172 (13), -0.29348 (13), -0.29086 (13), -0.28815 (13), 
Length of domains: 56
Current (lb-rhs): -0.8751099705696106
742 domains visited
Time: pickout 0.0193    decision 0.0810    set_bounds 0.0036    solve 0.8296    add 0.0023    
Accumulated time: pickout 0.1275    decision 0.6359    set_bounds 0.0300    solve 7.2971    add 0.0325    
Cumulative time: 8.154637575149536

BaB round 10
batch: 56
splitting decisions: 
split level 0: [/input, 28] [/input, 81] [/input, 28] [/input, 33] [/input, 28] [/input, 33] [/input, 81] [/input, 81] [/input, 81] [/input, 81] 
best_l after optimization: -15.10793685913086
beta sum per layer: [241.09500122070312, 101.97950744628906]
alpha/beta optimization time: 0.8230233192443848
pruning_in_iteration open status: True
ratio of positive domain = 52 / 112 = 0.4642857142857143
pruning-in-iteration extra time: 0.041689395904541016
torch.Size([112, 1])
Time: prepare 0.0126    bound 0.8253    transfer 0.0008    finalize 0.0030    func 0.8419    
Accumulated time: func 8.1314    prepare 0.1030    bound 8.0096    transfer 0.0176    finalize 0.0558    
max lb tensor(9.99999975e-05) min lb tensor(-0.80950713)
Number of Verified Splits: 52 of 112
Current worst splitting domains lb-rhs (depth):
-0.80951 (14), -0.77882 (14), -0.75766 (14), -0.71348 (14), -0.58892 (14), -0.54541 (14), -0.54489 (14), -0.52428 (14), -0.52347 (14), -0.50899 (14), -0.50058 (14), -0.48622 (14), -0.47236 (14), -0.46816 (14), -0.43880 (14), -0.40992 (14), -0.33503 (14), -0.28741 (14), -0.27819 (14), -0.27682 (14), 
Length of domains: 60
Current (lb-rhs): -0.8095071315765381
854 domains visited
Time: pickout 0.0127    decision 0.0965    set_bounds 0.0049    solve 0.8427    add 0.0017    
Accumulated time: pickout 0.1402    decision 0.7324    set_bounds 0.0350    solve 8.1398    add 0.0342    
Cumulative time: 9.113661527633667

BaB round 11
batch: 60
splitting decisions: 
split level 0: [/input, 198] [/input, 28] [/input-3, 45] [/input-3, 45] [/input, 28] [/input, 28] [/input, 28] [/input, 28] [/input, 28] [/input, 28] 
best_l after optimization: -15.75934886932373
beta sum per layer: [246.7967529296875, 116.10758209228516]
alpha/beta optimization time: 0.4858977794647217
pruning_in_iteration open status: True
ratio of positive domain = 47 / 120 = 0.3916666666666667
pruning-in-iteration extra time: 0.02433156967163086
torch.Size([120, 1])
Time: prepare 0.0040    bound 0.4871    transfer 0.0003    finalize 0.0015    func 0.4930    
Accumulated time: func 8.6244    prepare 0.1091    bound 8.4967    transfer 0.0179    finalize 0.0574    
max lb tensor(9.99999975e-05) min lb tensor(-0.76438165)
Number of Verified Splits: 47 of 120
Current worst splitting domains lb-rhs (depth):
-0.76438 (15), -0.73413 (15), -0.71332 (15), -0.66926 (15), -0.54228 (15), -0.50705 (15), -0.48712 (15), -0.48151 (15), -0.48076 (15), -0.46483 (15), -0.46347 (15), -0.45608 (15), -0.43887 (15), -0.43027 (15), -0.42569 (15), -0.41684 (15), -0.40273 (15), -0.39731 (15), -0.36758 (15), -0.36256 (15), 
Length of domains: 73
Current (lb-rhs): -0.7643816471099854
974 domains visited
Time: pickout 0.0124    decision 0.0355    set_bounds 0.0046    solve 0.4936    add 0.0023    
Accumulated time: pickout 0.1526    decision 0.7679    set_bounds 0.0396    solve 8.6334    add 0.0365    
Cumulative time: 9.662653923034668

BaB round 12
batch: 73
splitting decisions: 
split level 0: [/input, 50] [/input, 50] [/input, 138] [/input, 198] [/input, 198] [/input, 186] [/input, 198] [/input, 138] [/input, 186] [/input, 138] 
best_l after optimization: -12.11274242401123
beta sum per layer: [319.69964599609375, 112.92849731445312]
alpha/beta optimization time: 0.48479652404785156
pruning_in_iteration open status: True
ratio of positive domain = 87 / 146 = 0.595890410958904
pruning-in-iteration extra time: 0.02573394775390625
torch.Size([146, 1])
Time: prepare 0.0040    bound 0.4857    transfer 0.0003    finalize 0.0028    func 0.4929    
Accumulated time: func 9.1172    prepare 0.1150    bound 8.9824    transfer 0.0182    finalize 0.0601    
max lb tensor(9.99999975e-05) min lb tensor(-0.72765154)
Number of Verified Splits: 87 of 146
Current worst splitting domains lb-rhs (depth):
-0.72765 (16), -0.69940 (16), -0.68126 (16), -0.63699 (16), -0.50232 (16), -0.46777 (16), -0.44071 (16), -0.43032 (16), -0.42725 (16), -0.42447 (16), -0.37978 (16), -0.36385 (16), -0.36285 (16), -0.35299 (16), -0.35005 (16), -0.33688 (16), -0.31974 (16), -0.29610 (16), -0.27497 (16), -0.27280 (16), 
Length of domains: 59
Current (lb-rhs): -0.7276515364646912
1120 domains visited
Time: pickout 0.0135    decision 0.0382    set_bounds 0.0042    solve 0.4935    add 0.0021    
Accumulated time: pickout 0.1660    decision 0.8061    set_bounds 0.0438    solve 9.1270    add 0.0386    
Cumulative time: 10.2147376537323

BaB round 13
batch: 59
splitting decisions: 
split level 0: [/input, 138] [/input, 198] [/input, 186] [/input, 186] [/input, 138] [/input, 198] [/input, 138] [/input, 198] [/input, 138] [/input, 206] 
best_l after optimization: -13.451923370361328
beta sum per layer: [252.98402404785156, 114.69270324707031]
alpha/beta optimization time: 0.6545724868774414
pruning_in_iteration open status: True
ratio of positive domain = 62 / 118 = 0.5254237288135593
pruning-in-iteration extra time: 0.0324397087097168
torch.Size([118, 1])
Time: prepare 0.0036    bound 0.6556    transfer 0.0005    finalize 0.0033    func 0.6630    
Accumulated time: func 9.7802    prepare 0.1199    bound 9.6380    transfer 0.0187    finalize 0.0634    
max lb tensor(9.99999975e-05) min lb tensor(-0.67110229)
Number of Verified Splits: 62 of 118
Current worst splitting domains lb-rhs (depth):
-0.67110 (17), -0.66838 (17), -0.66399 (17), -0.62508 (17), -0.61956 (17), -0.58096 (17), -0.57934 (17), -0.45336 (17), -0.43199 (17), -0.41140 (17), -0.39331 (17), -0.39325 (17), -0.37518 (17), -0.36740 (17), -0.34640 (17), -0.33095 (17), -0.32464 (17), -0.29341 (17), -0.28526 (17), -0.27437 (17), 
Length of domains: 56
Current (lb-rhs): -0.6711022853851318
1238 domains visited
Time: pickout 0.0131    decision 0.0273    set_bounds 0.0038    solve 0.6637    add 0.0053    
Accumulated time: pickout 0.1791    decision 0.8334    set_bounds 0.0475    solve 9.7907    add 0.0439    
Cumulative time: 10.928411722183228

BaB round 14
batch: 56
splitting decisions: 
split level 0: [/input, 198] [/input, 33] [/input, 186] [/input, 50] [/input, 186] [/input-3, 4] [/input, 50] [/input, 39] [/input, 216] [/input, 216] 
best_l after optimization: -13.656277656555176
beta sum per layer: [276.19476318359375, 71.32025146484375]
alpha/beta optimization time: 0.8642771244049072
pruning_in_iteration open status: True
ratio of positive domain = 54 / 112 = 0.4821428571428571
pruning-in-iteration extra time: 0.05362057685852051
torch.Size([112, 1])
Time: prepare 0.0039    bound 0.8655    transfer 0.0015    finalize 0.0052    func 0.8761    
Accumulated time: func 10.6564    prepare 0.1280    bound 10.5035    transfer 0.0202    finalize 0.0686    
max lb tensor(9.99999975e-05) min lb tensor(-0.63852501)
Number of Verified Splits: 54 of 112
Current worst splitting domains lb-rhs (depth):
-0.63853 (18), -0.63057 (18), -0.60841 (18), -0.60800 (18), -0.59072 (18), -0.58381 (18), -0.54549 (18), -0.54427 (18), -0.42320 (18), -0.37852 (18), -0.36919 (18), -0.36129 (18), -0.36023 (18), -0.34476 (18), -0.33718 (18), -0.33145 (18), -0.32642 (18), -0.32143 (18), -0.29323 (18), -0.29180 (18), 
Length of domains: 58
Current (lb-rhs): -0.6385250091552734
1350 domains visited
Time: pickout 0.0176    decision 0.0799    set_bounds 0.0035    solve 0.8768    add 0.0033    
Accumulated time: pickout 0.1967    decision 0.9133    set_bounds 0.0511    solve 10.6675    add 0.0472    
Cumulative time: 11.910090684890747

BaB round 15
batch: 58
splitting decisions: 
split level 0: [/input, 50] [/input, 138] [/input, 33] [/input, 33] [/input-3, 4] [/input, 138] [/input, 138] [/input, 138] [/input, 198] [/input, 138] 
best_l after optimization: -13.472410202026367
beta sum per layer: [297.26690673828125, 55.13308334350586]
alpha/beta optimization time: 0.9023058414459229
pruning_in_iteration open status: True
ratio of positive domain = 53 / 116 = 0.4568965517241379
pruning-in-iteration extra time: 0.05105733871459961
torch.Size([116, 1])
Time: prepare 0.0050    bound 0.9039    transfer 0.0025    finalize 0.0062    func 0.9178    
Accumulated time: func 11.5741    prepare 0.1390    bound 11.4074    transfer 0.0227    finalize 0.0748    
max lb tensor(9.99999975e-05) min lb tensor(-0.60703033)
Number of Verified Splits: 53 of 116
Current worst splitting domains lb-rhs (depth):
-0.60703 (19), -0.59967 (19), -0.57596 (19), -0.57571 (19), -0.56131 (19), -0.55277 (19), -0.51545 (19), -0.51494 (19), -0.38949 (19), -0.34440 (19), -0.33455 (19), -0.32773 (19), -0.32764 (19), -0.31242 (19), -0.30508 (19), -0.29929 (19), -0.29302 (19), -0.28549 (19), -0.28475 (19), -0.27682 (19), 
Length of domains: 63
Current (lb-rhs): -0.6070303320884705
1466 domains visited
Time: pickout 0.0201    decision 0.0947    set_bounds 0.0051    solve 0.9188    add 0.0021    
Accumulated time: pickout 0.2168    decision 1.0080    set_bounds 0.0562    solve 11.5863    add 0.0493    
Cumulative time: 12.951414108276367

BaB round 16
batch: 63
splitting decisions: 
split level 0: [/input, 33] [/input, 50] [/input, 50] [/input, 138] [/input, 186] [/input, 186] [/input, 198] [/input, 50] [/input, 186] [/input-3, 47] 
best_l after optimization: -10.79468059539795
beta sum per layer: [329.289306640625, 64.61817169189453]
alpha/beta optimization time: 0.8204104900360107
pruning_in_iteration open status: True
ratio of positive domain = 63 / 126 = 0.5
pruning-in-iteration extra time: 0.046363115310668945
torch.Size([126, 1])
Time: prepare 0.0055    bound 0.8230    transfer 0.0020    finalize 0.0057    func 0.8363    
Accumulated time: func 12.4104    prepare 0.1499    bound 12.2304    transfer 0.0247    finalize 0.0805    
max lb tensor(0.00148171) min lb tensor(-0.57708347)
Number of Verified Splits: 63 of 126
Current worst splitting domains lb-rhs (depth):
-0.57708 (20), -0.57000 (20), -0.54449 (20), -0.54432 (20), -0.53047 (20), -0.52172 (20), -0.48645 (20), -0.48640 (20), -0.35850 (20), -0.31138 (20), -0.30089 (20), -0.29542 (20), -0.29408 (20), -0.28050 (20), -0.26957 (20), -0.26303 (20), -0.25951 (20), -0.23239 (20), -0.22692 (20), -0.22309 (20), 
Length of domains: 63
Current (lb-rhs): -0.5770834684371948
1592 domains visited
Time: pickout 0.0140    decision 0.0925    set_bounds 0.0047    solve 0.8373    add 0.0033    
Accumulated time: pickout 0.2309    decision 1.1004    set_bounds 0.0609    solve 12.4236    add 0.0526    
Cumulative time: 13.903911352157593

BaB round 17
batch: 63
splitting decisions: 
split level 0: [/input, 63] [/input-3, 47] [/input-3, 47] [/input, 198] [/input, 198] [/input, 186] [/input, 186] [/input, 186] [/input, 198] [/input, 198] 
best_l after optimization: -9.39531135559082
beta sum per layer: [343.3075866699219, 44.345947265625]
alpha/beta optimization time: 0.8429782390594482
pruning_in_iteration open status: True
ratio of positive domain = 78 / 126 = 0.6190476190476191
pruning-in-iteration extra time: 0.048960208892822266
torch.Size([126, 1])
Time: prepare 0.0050    bound 0.8442    transfer 0.0018    finalize 0.0058    func 0.8570    
Accumulated time: func 13.2675    prepare 0.1592    bound 13.0747    transfer 0.0266    finalize 0.0863    
max lb tensor(9.99999975e-05) min lb tensor(-0.54794264)
Number of Verified Splits: 78 of 126
Current worst splitting domains lb-rhs (depth):
-0.54794 (21), -0.54112 (21), -0.51459 (21), -0.51440 (21), -0.50291 (21), -0.49391 (21), -0.45833 (21), -0.45781 (21), -0.32751 (21), -0.28383 (21), -0.27156 (21), -0.26385 (21), -0.26233 (21), -0.25097 (21), -0.24037 (21), -0.23849 (21), -0.23419 (21), -0.22816 (21), -0.21691 (21), -0.19391 (21), 
Length of domains: 48
Current (lb-rhs): -0.5479426383972168
1718 domains visited
Time: pickout 0.0186    decision 0.0857    set_bounds 0.0044    solve 0.8579    add 0.0033    
Accumulated time: pickout 0.2495    decision 1.1862    set_bounds 0.0653    solve 13.2816    add 0.0559    
Cumulative time: 14.874723196029663

BaB round 18
batch: 48
splitting decisions: 
split level 0: [/input, 234] [/input, 216] [/input, 71] [/input, 71] [/input, 71] [/input, 71] [/input, 175] [/input, 175] [/input, 175] [/input, 175] 
best_l after optimization: -12.425129890441895
beta sum per layer: [298.0546875, 16.865947723388672]
alpha/beta optimization time: 0.7768714427947998
pruning_in_iteration open status: True
ratio of positive domain = 36 / 96 = 0.375
pruning-in-iteration extra time: 0.04217839241027832
torch.Size([96, 1])
Time: prepare 0.0039    bound 0.7781    transfer 0.0027    finalize 0.0069    func 0.7917    
Accumulated time: func 14.0592    prepare 0.1671    bound 13.8527    transfer 0.0293    finalize 0.0933    
max lb tensor(9.99999975e-05) min lb tensor(-0.51132607)
Number of Verified Splits: 36 of 96
Current worst splitting domains lb-rhs (depth):
-0.51133 (22), -0.50487 (22), -0.47850 (22), -0.47816 (22), -0.46720 (22), -0.45930 (22), -0.45918 (22), -0.44863 (22), -0.42586 (22), -0.42384 (22), -0.42304 (22), -0.42261 (22), -0.40298 (22), -0.39379 (22), -0.36678 (22), -0.36041 (22), -0.29190 (22), -0.24769 (22), -0.23512 (22), -0.22873 (22), 
Length of domains: 60
Current (lb-rhs): -0.5113260746002197
1814 domains visited
Time: pickout 0.0215    decision 0.0798    set_bounds 0.0031    solve 0.7924    add 0.0040    
Accumulated time: pickout 0.2710    decision 1.2660    set_bounds 0.0684    solve 14.0740    add 0.0599    
Cumulative time: 15.77611231803894

BaB round 19
batch: 60
splitting decisions: 
split level 0: [/input-3, 104] [/input-3, 104] [/input-3, 104] [/input-3, 104] [/input-3, 104] [/input-3, 104] [/input-3, 104] [/input-3, 104] [/input-3, 104] [/input-3, 104] 
best_l after optimization: -18.14983367919922
beta sum per layer: [392.31744384765625, 39.36197280883789]
alpha/beta optimization time: 0.6317429542541504
pruning_in_iteration open status: False
ratio of positive domain = 21 / 120 = 0.17500000000000004
pruning-in-iteration extra time: 0.0006718635559082031
torch.Size([120, 1])
Time: prepare 0.0047    bound 0.6333    transfer 0.0007    finalize 0.0047    func 0.6435    
Accumulated time: func 14.7027    prepare 0.1761    bound 14.4861    transfer 0.0300    finalize 0.0979    
max lb tensor(0.17814553) min lb tensor(-0.47855493)
Number of Verified Splits: 21 of 120
Current worst splitting domains lb-rhs (depth):
-0.47855 (23), -0.47305 (23), -0.44728 (23), -0.44671 (23), -0.44656 (23), -0.43682 (23), -0.43024 (23), -0.42438 (23), -0.42374 (23), -0.41421 (23), -0.40398 (23), -0.39856 (23), -0.39455 (23), -0.39448 (23), -0.39018 (23), -0.38979 (23), -0.38869 (23), -0.37967 (23), -0.36833 (23), -0.36340 (23), 
Length of domains: 99
Current (lb-rhs): -0.47855493426322937
1934 domains visited
Time: pickout 0.0209    decision 0.0864    set_bounds 0.0042    solve 0.6442    add 0.0037    
Accumulated time: pickout 0.2919    decision 1.3524    set_bounds 0.0727    solve 14.7182    add 0.0636    
Cumulative time: 16.53611183166504

BaB round 20
batch: 99
splitting decisions: 
split level 0: [/input, 198] [/input, 50] [/input, 50] [/input, 138] [/input, 198] [/input, 198] [/input, 50] [/input, 50] [/input, 198] [/input, 50] 
best_l after optimization: -16.290035247802734
beta sum per layer: [649.79345703125, 48.842811584472656]
alpha/beta optimization time: 0.867861270904541
pruning_in_iteration open status: True
ratio of positive domain = 99 / 198 = 0.5
pruning-in-iteration extra time: 0.04377150535583496
torch.Size([198, 1])
Time: prepare 0.0063    bound 0.8691    transfer 0.0034    finalize 0.0125    func 0.8914    
Accumulated time: func 15.5941    prepare 0.1873    bound 15.3552    transfer 0.0334    finalize 0.1104    
max lb tensor(0.00236529) min lb tensor(-0.45048669)
Number of Verified Splits: 99 of 198
Current worst splitting domains lb-rhs (depth):
-0.45049 (24), -0.44461 (24), -0.42144 (24), -0.41835 (24), -0.41777 (24), -0.40962 (24), -0.40222 (24), -0.39910 (24), -0.39560 (24), -0.38345 (24), -0.37705 (24), -0.37200 (24), -0.36711 (24), -0.36637 (24), -0.36404 (24), -0.35930 (24), -0.35701 (24), -0.35234 (24), -0.33860 (24), -0.33602 (24), 
Length of domains: 99
Current (lb-rhs): -0.4504866898059845
2132 domains visited
Time: pickout 0.0211    decision 0.1215    set_bounds 0.0063    solve 0.8923    add 0.0019    
Accumulated time: pickout 0.3130    decision 1.4739    set_bounds 0.0789    solve 15.6105    add 0.0655    
Cumulative time: 17.579716682434082

BaB round 21
batch: 99
splitting decisions: 
split level 0: [/input, 50] [/input, 186] [/input, 186] [/input, 198] [/input, 50] [/input, 71] [/input, 198] [/input, 198] [/input, 50] [/input, 198] 
best_l after optimization: -14.227548599243164
beta sum per layer: [617.0308837890625, 38.684608459472656]
alpha/beta optimization time: 0.8572461605072021
pruning_in_iteration open status: True
ratio of positive domain = 111 / 198 = 0.5606060606060606
pruning-in-iteration extra time: 0.045900583267211914
torch.Size([198, 1])
Time: prepare 0.0057    bound 0.8584    transfer 0.0020    finalize 0.0061    func 0.8723    
Accumulated time: func 16.4664    prepare 0.1985    bound 16.2136    transfer 0.0354    finalize 0.1165    
max lb tensor(9.99999975e-05) min lb tensor(-0.42254800)
Number of Verified Splits: 111 of 198
Current worst splitting domains lb-rhs (depth):
-0.42255 (25), -0.41633 (25), -0.39495 (25), -0.39082 (25), -0.39045 (25), -0.38284 (25), -0.37411 (25), -0.37344 (25), -0.36541 (25), -0.35421 (25), -0.35152 (25), -0.34288 (25), -0.34046 (25), -0.33992 (25), -0.33578 (25), -0.32990 (25), -0.32639 (25), -0.32575 (25), -0.31135 (25), -0.31088 (25), 
Length of domains: 87
Current (lb-rhs): -0.42254799604415894
2330 domains visited
Time: pickout 0.0193    decision 0.1183    set_bounds 0.0062    solve 0.8737    add 0.0045    
Accumulated time: pickout 0.3323    decision 1.5922    set_bounds 0.0851    solve 16.4842    add 0.0699    
Cumulative time: 18.602609157562256

BaB round 22
batch: 87
splitting decisions: 
split level 0: [/input, 71] [/input, 71] [/input, 71] [/input, 71] [/input, 71] [/input, 186] [/input, 71] [/input-3, 38] [/input, 71] [/input-3, 38] 
best_l after optimization: -16.929019927978516
beta sum per layer: [516.873779296875, 33.457305908203125]
alpha/beta optimization time: 0.8277802467346191
pruning_in_iteration open status: True
ratio of positive domain = 64 / 174 = 0.367816091954023
pruning-in-iteration extra time: 0.04737210273742676
torch.Size([174, 1])
Time: prepare 0.0068    bound 0.8293    transfer 0.0038    finalize 0.0057    func 0.8458    
Accumulated time: func 17.3123    prepare 0.2098    bound 17.0429    transfer 0.0392    finalize 0.1222    
max lb tensor(9.99999975e-05) min lb tensor(-0.39502892)
Number of Verified Splits: 64 of 174
Current worst splitting domains lb-rhs (depth):
-0.39503 (26), -0.38886 (26), -0.36557 (26), -0.36324 (26), -0.36281 (26), -0.35616 (26), -0.34778 (26), -0.34451 (26), -0.33524 (26), -0.32289 (26), -0.32205 (26), -0.31575 (26), -0.31514 (26), -0.31357 (26), -0.30621 (26), -0.29878 (26), -0.29509 (26), -0.29482 (26), -0.28413 (26), -0.28132 (26), 
Length of domains: 110
Current (lb-rhs): -0.3950289189815521
2504 domains visited
Time: pickout 0.0178    decision 0.1199    set_bounds 0.0051    solve 0.8468    add 0.0022    
Accumulated time: pickout 0.3501    decision 1.7121    set_bounds 0.0902    solve 17.3310    add 0.0722    
Cumulative time: 19.595153331756592

BaB round 23
batch: 110
splitting decisions: 
split level 0: [/input-3, 38] [/input-3, 38] [/input-3, 38] [/input-3, 38] [/input-3, 32] [/input, 71] [/input-3, 38] [/input-3, 38] [/input-3, 38] [/input-3, 38] 
best_l after optimization: -14.910802841186523
beta sum per layer: [572.7939453125, 80.40690612792969]
alpha/beta optimization time: 1.0000782012939453
pruning_in_iteration open status: True
ratio of positive domain = 105 / 220 = 0.4772727272727273
pruning-in-iteration extra time: 0.05194354057312012
torch.Size([220, 1])
Time: prepare 0.0101    bound 1.0024    transfer 0.0022    finalize 0.0063    func 1.0210    
Accumulated time: func 18.3333    prepare 0.2260    bound 18.0453    transfer 0.0414    finalize 0.1285    
max lb tensor(9.99999975e-05) min lb tensor(-0.37062767)
Number of Verified Splits: 105 of 220
Current worst splitting domains lb-rhs (depth):
-0.37063 (27), -0.36417 (27), -0.34131 (27), -0.33791 (27), -0.33738 (27), -0.33186 (27), -0.32290 (27), -0.31963 (27), -0.30992 (27), -0.29741 (27), -0.29737 (27), -0.29020 (27), -0.29008 (27), -0.28873 (27), -0.28124 (27), -0.27243 (27), -0.26978 (27), -0.26951 (27), -0.26029 (27), -0.25612 (27), 
Length of domains: 115
Current (lb-rhs): -0.37062767148017883
2724 domains visited
Time: pickout 0.0229    decision 0.1676    set_bounds 0.0098    solve 1.0223    add 0.0022    
Accumulated time: pickout 0.3729    decision 1.8797    set_bounds 0.1000    solve 18.3533    add 0.0744    
Cumulative time: 20.82069206237793

BaB round 24
batch: 115
splitting decisions: 
split level 0: [/input, 216] [/input, 216] [/input, 216] [/input, 216] [/input, 216] [/input, 216] [/input, 216] [/input, 216] [/input, 216] [/input, 216] 
best_l after optimization: -15.192068099975586
beta sum per layer: [559.2667236328125, 92.9306869506836]
alpha/beta optimization time: 0.9658763408660889
pruning_in_iteration open status: True
ratio of positive domain = 112 / 230 = 0.4869565217391304
pruning-in-iteration extra time: 0.053881168365478516
torch.Size([230, 1])
Time: prepare 0.0066    bound 0.9671    transfer 0.0024    finalize 0.0154    func 0.9916    
Accumulated time: func 19.3249    prepare 0.2389    bound 19.0124    transfer 0.0437    finalize 0.1439    
max lb tensor(9.99999975e-05) min lb tensor(-0.34779850)
Number of Verified Splits: 112 of 230
Current worst splitting domains lb-rhs (depth):
-0.34780 (28), -0.34125 (28), -0.31866 (28), -0.31486 (28), -0.31431 (28), -0.30938 (28), -0.30054 (28), -0.29680 (28), -0.28681 (28), -0.27763 (28), -0.27434 (28), -0.26742 (28), -0.26716 (28), -0.26562 (28), -0.25819 (28), -0.24942 (28), -0.24721 (28), -0.24649 (28), -0.23782 (28), -0.23396 (28), 
Length of domains: 118
Current (lb-rhs): -0.34779849648475647
2954 domains visited
Time: pickout 0.0238    decision 0.1515    set_bounds 0.0076    solve 0.9942    add 0.0045    
Accumulated time: pickout 0.3967    decision 2.0313    set_bounds 0.1076    solve 19.3475    add 0.0789    
Cumulative time: 22.00296950340271

BaB round 25
batch: 118
splitting decisions: 
split level 0: [/input-3, 32] [/input-3, 32] [/input-3, 32] [/input-3, 32] [/input-3, 32] [/input-3, 32] [/input-3, 32] [/input-3, 32] [/input, 216] [/input, 63] 
best_l after optimization: -12.452296257019043
beta sum per layer: [645.7537841796875, 37.520172119140625]
alpha/beta optimization time: 0.869288444519043
pruning_in_iteration open status: True
ratio of positive domain = 132 / 236 = 0.5593220338983051
pruning-in-iteration extra time: 0.04680371284484863
torch.Size([236, 1])
Time: prepare 0.0068    bound 0.8709    transfer 0.0031    finalize 0.0126    func 0.8935    
Accumulated time: func 20.2185    prepare 0.2529    bound 19.8833    transfer 0.0468    finalize 0.1565    
max lb tensor(9.99999975e-05) min lb tensor(-0.32572916)
Number of Verified Splits: 132 of 236
Current worst splitting domains lb-rhs (depth):
-0.32573 (29), -0.31936 (29), -0.30023 (29), -0.29268 (29), -0.29208 (29), -0.28815 (29), -0.28227 (29), -0.27937 (29), -0.26422 (29), -0.25458 (29), -0.25206 (29), -0.25123 (29), -0.24592 (29), -0.24548 (29), -0.24444 (29), -0.22901 (29), -0.22659 (29), -0.22378 (29), -0.22348 (29), -0.21120 (29), 
Length of domains: 104
Current (lb-rhs): -0.3257291615009308
3190 domains visited
Time: pickout 0.0245    decision 0.1585    set_bounds 0.0071    solve 0.8943    add 0.0030    
Accumulated time: pickout 0.4212    decision 2.1898    set_bounds 0.1147    solve 20.2418    add 0.0819    
Cumulative time: 23.0916006565094

BaB round 26
batch: 104
splitting decisions: 
split level 0: [/input, 63] [/input, 63] [/input, 63] [/input, 63] [/input, 81] [/input, 81] [/input, 81] [/input, 81] [/input, 81] [/input, 63] 
best_l after optimization: -11.320444107055664
beta sum per layer: [575.030517578125, 32.980892181396484]
alpha/beta optimization time: 0.8089950084686279
pruning_in_iteration open status: True
ratio of positive domain = 106 / 208 = 0.5096153846153846
pruning-in-iteration extra time: 0.04681706428527832
torch.Size([208, 1])
Time: prepare 0.0077    bound 0.8112    transfer 0.0025    finalize 0.0098    func 0.8314    
Accumulated time: func 21.0498    prepare 0.2658    bound 20.6945    transfer 0.0494    finalize 0.1663    
max lb tensor(9.99999975e-05) min lb tensor(-0.30744883)
Number of Verified Splits: 106 of 208
Current worst splitting domains lb-rhs (depth):
-0.30745 (30), -0.30130 (30), -0.28455 (30), -0.27492 (30), -0.27437 (30), -0.27060 (30), -0.26452 (30), -0.26214 (30), -0.24581 (30), -0.23837 (30), -0.23331 (30), -0.23328 (30), -0.22870 (30), -0.22829 (30), -0.22742 (30), -0.21465 (30), -0.20741 (30), -0.20733 (30), -0.20420 (30), -0.19346 (30), 
Length of domains: 102
Current (lb-rhs): -0.3074488341808319
3398 domains visited
Time: pickout 0.0219    decision 0.1340    set_bounds 0.0066    solve 0.8330    add 0.0030    
Accumulated time: pickout 0.4430    decision 2.3238    set_bounds 0.1213    solve 21.0748    add 0.0849    
Cumulative time: 24.091209888458252

BaB round 27
batch: 102
splitting decisions: 
split level 0: [/input, 216] [/input-3, 25] [/input-3, 25] [/input-3, 25] [/input-3, 25] [/input-3, 25] [/input-3, 25] [/input-3, 25] [/input-3, 25] [/input-3, 25] 
best_l after optimization: -9.59613037109375
beta sum per layer: [552.7930297851562, 37.09088134765625]
alpha/beta optimization time: 0.7949213981628418
pruning_in_iteration open status: True
ratio of positive domain = 114 / 204 = 0.5588235294117647
pruning-in-iteration extra time: 0.047389984130859375
torch.Size([204, 1])
Time: prepare 0.0075    bound 0.7969    transfer 0.0019    finalize 0.0114    func 0.8180    
Accumulated time: func 21.8678    prepare 0.2782    bound 21.4914    transfer 0.0513    finalize 0.1778    
max lb tensor(9.99999975e-05) min lb tensor(-0.29003105)
Number of Verified Splits: 114 of 204
Current worst splitting domains lb-rhs (depth):
-0.29003 (31), -0.28393 (31), -0.27432 (31), -0.25731 (31), -0.25683 (31), -0.25460 (31), -0.25330 (31), -0.24490 (31), -0.22847 (31), -0.22805 (31), -0.22357 (31), -0.21769 (31), -0.21511 (31), -0.21166 (31), -0.21125 (31), -0.20473 (31), -0.19630 (31), -0.18989 (31), -0.18664 (31), -0.18074 (31), 
Length of domains: 90
Current (lb-rhs): -0.2900310456752777
3602 domains visited
Time: pickout 0.0235    decision 0.1389    set_bounds 0.0076    solve 0.8188    add 0.0021    
Accumulated time: pickout 0.4665    decision 2.4628    set_bounds 0.1289    solve 21.8936    add 0.0871    
Cumulative time: 25.082788467407227

BaB round 28
batch: 90
splitting decisions: 
split level 0: [/input, 81] [/input, 63] [/input, 81] [/input, 208] [/input, 63] [/input, 115] [/input, 115] [/input, 115] [/input, 115] [/input-3, 107] 
best_l after optimization: -9.249733924865723
beta sum per layer: [503.5631103515625, 26.297008514404297]
alpha/beta optimization time: 0.5403094291687012
pruning_in_iteration open status: True
ratio of positive domain = 87 / 180 = 0.4833333333333333
pruning-in-iteration extra time: 0.027225255966186523
torch.Size([180, 1])
Time: prepare 0.0072    bound 0.5412    transfer 0.0004    finalize 0.0024    func 0.5515    
Accumulated time: func 22.4193    prepare 0.2891    bound 22.0326    transfer 0.0517    finalize 0.1802    
max lb tensor(9.99999975e-05) min lb tensor(-0.27316633)
Number of Verified Splits: 87 of 180
Current worst splitting domains lb-rhs (depth):
-0.27317 (32), -0.26704 (32), -0.26084 (32), -0.24143 (32), -0.24097 (32), -0.24046 (32), -0.23730 (32), -0.22882 (32), -0.21573 (32), -0.21298 (32), -0.21039 (32), -0.20449 (32), -0.20024 (32), -0.19513 (32), -0.19493 (32), -0.19178 (32), -0.18165 (32), -0.17512 (32), -0.17209 (32), -0.16777 (32), 
Length of domains: 93
Current (lb-rhs): -0.27316632866859436
3782 domains visited
Time: pickout 0.0211    decision 0.1067    set_bounds 0.0057    solve 0.5523    add 0.0051    
Accumulated time: pickout 0.4876    decision 2.5695    set_bounds 0.1346    solve 22.4459    add 0.0921    
Cumulative time: 25.774402618408203

BaB round 29
batch: 93
splitting decisions: 
split level 0: [/input, 63] [/input, 81] [/input, 81] [/input, 208] [/input, 63] [/input, 81] [/input, 81] [/input, 81] [/input, 208] [/input, 208] 
best_l after optimization: -7.84993314743042
beta sum per layer: [511.5220031738281, 32.694358825683594]
alpha/beta optimization time: 0.49887633323669434
pruning_in_iteration open status: True
ratio of positive domain = 105 / 186 = 0.564516129032258
pruning-in-iteration extra time: 0.024634361267089844
torch.Size([186, 1])
Time: prepare 0.0046    bound 0.4998    transfer 0.0004    finalize 0.0021    func 0.5070    
Accumulated time: func 22.9263    prepare 0.2949    bound 22.5324    transfer 0.0521    finalize 0.1822    
max lb tensor(9.99999975e-05) min lb tensor(-0.26271155)
Number of Verified Splits: 105 of 186
Current worst splitting domains lb-rhs (depth):
-0.26271 (33), -0.25659 (33), -0.24944 (33), -0.23080 (33), -0.23024 (33), -0.23021 (33), -0.22594 (33), -0.21753 (33), -0.20219 (33), -0.19939 (33), -0.19904 (33), -0.19352 (33), -0.18718 (33), -0.18414 (33), -0.18381 (33), -0.18056 (33), -0.16996 (33), -0.16205 (33), -0.15932 (33), -0.15763 (33), 
Length of domains: 81
Current (lb-rhs): -0.2627115547657013
3968 domains visited
Time: pickout 0.0168    decision 0.0269    set_bounds 0.0051    solve 0.5076    add 0.0032    
Accumulated time: pickout 0.5043    decision 2.5964    set_bounds 0.1398    solve 22.9535    add 0.0953    
Cumulative time: 26.33463764190674

BaB round 30
batch: 81
splitting decisions: 
split level 0: [/input, 81] [/input, 81] [/input-3, 107] [/input-3, 107] [/input-3, 107] [/input, 81] [/input-3, 107] [/input-3, 107] [/input, 63] [/input-3, 107] 
best_l after optimization: -7.696205139160156
beta sum per layer: [452.6621398925781, 27.352697372436523]
alpha/beta optimization time: 0.5189323425292969
pruning_in_iteration open status: True
ratio of positive domain = 80 / 162 = 0.49382716049382713
pruning-in-iteration extra time: 0.028531312942504883
torch.Size([162, 1])
Time: prepare 0.0051    bound 0.5200    transfer 0.0005    finalize 0.0021    func 0.5277    
Accumulated time: func 23.4540    prepare 0.3013    bound 23.0524    transfer 0.0525    finalize 0.1843    
max lb tensor(9.99999975e-05) min lb tensor(-0.24988112)
Number of Verified Splits: 80 of 162
Current worst splitting domains lb-rhs (depth):
-0.24988 (34), -0.24370 (34), -0.23848 (34), -0.22077 (34), -0.21864 (34), -0.21790 (34), -0.21164 (34), -0.20352 (34), -0.19117 (34), -0.18870 (34), -0.18746 (34), -0.18531 (34), -0.17740 (34), -0.17107 (34), -0.17085 (34), -0.17063 (34), -0.16162 (34), -0.15229 (34), -0.14976 (34), -0.14961 (34), 
Length of domains: 82
Current (lb-rhs): -0.24988111853599548
4130 domains visited
Time: pickout 0.0157    decision 0.0307    set_bounds 0.0085    solve 0.5283    add 0.0038    
Accumulated time: pickout 0.5201    decision 2.6271    set_bounds 0.1482    solve 23.4818    add 0.0991    
Cumulative time: 26.92254114151001

BaB round 31
batch: 82
splitting decisions: 
split level 0: [/input, 110] [/input, 81] [/input-3, 22] [/input-3, 22] [/input-3, 22] [/input, 110] [/input, 110] [/input, 110] [/input, 208] [/input, 208] 
best_l after optimization: -6.642034530639648
beta sum per layer: [402.2859802246094, 24.691864013671875]
alpha/beta optimization time: 0.6930296421051025
pruning_in_iteration open status: True
ratio of positive domain = 89 / 164 = 0.5426829268292683
pruning-in-iteration extra time: 0.03862738609313965
torch.Size([164, 1])
Time: prepare 0.0052    bound 0.6945    transfer 0.0023    finalize 0.0060    func 0.7082    
Accumulated time: func 24.1622    prepare 0.3078    bound 23.7469    transfer 0.0549    finalize 0.1903    
max lb tensor(9.99999975e-05) min lb tensor(-0.23930822)
Number of Verified Splits: 89 of 164
Current worst splitting domains lb-rhs (depth):
-0.23931 (35), -0.23337 (35), -0.22934 (35), -0.21178 (35), -0.20868 (35), -0.20772 (35), -0.20116 (35), -0.19333 (35), -0.18177 (35), -0.17890 (35), -0.17737 (35), -0.17639 (35), -0.16795 (35), -0.16136 (35), -0.16111 (35), -0.16098 (35), -0.15288 (35), -0.14306 (35), -0.14066 (35), -0.14002 (35), 
Length of domains: 75
Current (lb-rhs): -0.2393082231283188
4294 domains visited
Time: pickout 0.0164    decision 0.0335    set_bounds 0.0051    solve 0.7091    add 0.0034    
Accumulated time: pickout 0.5364    decision 2.6606    set_bounds 0.1533    solve 24.1909    add 0.1025    
Cumulative time: 27.690770864486694

BaB round 32
batch: 75
splitting decisions: 
split level 0: [/input, 110] [/input, 110] [/input, 81] [/input, 80] [/input, 80] [/input, 80] [/input-3, 107] [/input-3, 22] [/input, 80] [/input-3, 22] 
best_l after optimization: -5.991946220397949
beta sum per layer: [340.2604675292969, 23.890525817871094]
alpha/beta optimization time: 0.8830103874206543
pruning_in_iteration open status: True
ratio of positive domain = 78 / 150 = 0.52
pruning-in-iteration extra time: 0.05559945106506348
torch.Size([150, 1])
Time: prepare 0.0065    bound 0.8851    transfer 0.0037    finalize 0.0087    func 0.9040    
Accumulated time: func 25.0662    prepare 0.3206    bound 24.6321    transfer 0.0585    finalize 0.1989    
max lb tensor(9.99999975e-05) min lb tensor(-0.23057118)
Number of Verified Splits: 78 of 150
Current worst splitting domains lb-rhs (depth):
-0.23057 (36), -0.22492 (36), -0.22117 (36), -0.20363 (36), -0.20068 (36), -0.19948 (36), -0.19291 (36), -0.18510 (36), -0.17278 (36), -0.16984 (36), -0.16793 (36), -0.16768 (36), -0.15923 (36), -0.15302 (36), -0.15288 (36), -0.15256 (36), -0.14385 (36), -0.13439 (36), -0.13248 (36), -0.13050 (36), 
Length of domains: 72
Current (lb-rhs): -0.2305711805820465
4444 domains visited
Time: pickout 0.0152    decision 0.1057    set_bounds 0.0052    solve 0.9049    add 0.0034    
Accumulated time: pickout 0.5516    decision 2.7663    set_bounds 0.1586    solve 25.0958    add 0.1059    
Cumulative time: 28.725659370422363

BaB round 33
batch: 72
splitting decisions: 
split level 0: [/input-3, 22] [/input-3, 107] [/input-3, 22] [/input, 80] [/input, 80] [/input-3, 22] [/input, 80] [/input, 80] [/input-3, 22] [/input-3, 22] 
best_l after optimization: -5.411711692810059
beta sum per layer: [318.98956298828125, 22.7235107421875]
alpha/beta optimization time: 0.8197383880615234
pruning_in_iteration open status: True
ratio of positive domain = 77 / 144 = 0.5347222222222222
pruning-in-iteration extra time: 0.046387434005737305
torch.Size([144, 1])
Time: prepare 0.0057    bound 0.8224    transfer 0.0017    finalize 0.0073    func 0.8372    
Accumulated time: func 25.9034    prepare 0.3355    bound 25.4544    transfer 0.0603    finalize 0.2062    
max lb tensor(9.99999975e-05) min lb tensor(-0.22213902)
Number of Verified Splits: 77 of 144
Current worst splitting domains lb-rhs (depth):
-0.22214 (37), -0.21666 (37), -0.21330 (37), -0.19808 (37), -0.19267 (37), -0.19148 (37), -0.18476 (37), -0.17734 (37), -0.16678 (37), -0.16071 (37), -0.15917 (37), -0.15899 (37), -0.15027 (37), -0.14558 (37), -0.14472 (37), -0.14302 (37), -0.13655 (37), -0.12615 (37), -0.12389 (37), -0.12148 (37), 
Length of domains: 67
Current (lb-rhs): -0.22213901579380035
4588 domains visited
Time: pickout 0.0182    decision 0.1347    set_bounds 0.0054    solve 0.8379    add 0.0031    
Accumulated time: pickout 0.5698    decision 2.9011    set_bounds 0.1639    solve 25.9337    add 0.1091    
Time out!!!!!!!!
Result: unknown in 30.7105 seconds

 %%%%%%%%%%%%%%%%%%%%%%%%%%%%%%%%%%% idx: 74, vnnlib ID: 74 %%%%%%%%%%%%%%%%%%%%%%%%%%%%%%%%%%%
Finished vnnlib processing in 0.008512 seconds
Model: BoundedModule(
  (/0): BoundInput(name=/0, inputs=[], perturbed=True)
  (/7): BoundParams(name=/7, inputs=[], perturbed=False)
  (/8): BoundParams(name=/8, inputs=[], perturbed=False)
  (/9): BoundParams(name=/9, inputs=[], perturbed=False)
  (/10): BoundParams(name=/10, inputs=[], perturbed=False)
  (/11): BoundParams(name=/11, inputs=[], perturbed=False)
  (/12): BoundParams(name=/12, inputs=[], perturbed=False)
  (/13): BoundFlatten(name=/13, inputs=[/0], perturbed=True)
  (/input): BoundLinear(name=/input, inputs=[/13, /7, /8], perturbed=True)
  (/15): BoundRelu(name=/15, inputs=[/input], perturbed=True)
  (/input-3): BoundLinear(name=/input-3, inputs=[/15, /9, /10], perturbed=True)
  (/17): BoundRelu(name=/17, inputs=[/input-3], perturbed=True)
  (/18): BoundLinear(name=/18, inputs=[/17, /11, /12], perturbed=True)
)
Original output in the first batch: tensor([[-8.92054462,  8.09856033, -4.66122723, -2.41006708, -1.60924077,
         -4.07582378, -6.84359694, -0.49343580, -0.34908912, -3.70933580]],
       device='cuda:0')
Split layers:
Nonlinear functions:
   BoundRelu(name=/15, inputs=[/input], perturbed=True)
   BoundRelu(name=/17, inputs=[/input-3], perturbed=True)
build batch [1/1]
layer /15 using sparse-features alpha with shape [96]; unstable size 96; total size 256 ([1, 256])
layer /15 start_node /input-3 using sparse-spec alpha [2, 44, 1, 96] with unstable size 43 total_size 128 output_shape torch.Size([128])
layer /15 start_node /18 using full alpha [2, 9, 1, 96] with unstable size None total_size 9 output_shape 9
layer /17 using sparse-features alpha with shape [43]; unstable size 43; total size 128 ([1, 128])
layer /17 start_node /18 using full alpha [2, 9, 1, 43] with unstable size None total_size 9 output_shape 9
Optimizable variables initialized.
initial CROWN bounds (first 10 items): [11.999314308166504, 7.7362260818481445, 4.807025909423828, 5.34127140045166, 5.93403959274292, 9.767305374145508, 3.8499948978424072, 3.6003360748291016, 6.010814666748047]
Verified with initial CROWN!
verified with init bound!
Result: safe-incomplete in 0.3152 seconds

 %%%%%%%%%%%%%%%%%%%%%%%%%%%%%%%%%%% idx: 75, vnnlib ID: 75 %%%%%%%%%%%%%%%%%%%%%%%%%%%%%%%%%%%
Finished vnnlib processing in 0.008550 seconds
Model: BoundedModule(
  (/0): BoundInput(name=/0, inputs=[], perturbed=True)
  (/7): BoundParams(name=/7, inputs=[], perturbed=False)
  (/8): BoundParams(name=/8, inputs=[], perturbed=False)
  (/9): BoundParams(name=/9, inputs=[], perturbed=False)
  (/10): BoundParams(name=/10, inputs=[], perturbed=False)
  (/11): BoundParams(name=/11, inputs=[], perturbed=False)
  (/12): BoundParams(name=/12, inputs=[], perturbed=False)
  (/13): BoundFlatten(name=/13, inputs=[/0], perturbed=True)
  (/input): BoundLinear(name=/input, inputs=[/13, /7, /8], perturbed=True)
  (/15): BoundRelu(name=/15, inputs=[/input], perturbed=True)
  (/input-3): BoundLinear(name=/input-3, inputs=[/15, /9, /10], perturbed=True)
  (/17): BoundRelu(name=/17, inputs=[/input-3], perturbed=True)
  (/18): BoundLinear(name=/18, inputs=[/17, /11, /12], perturbed=True)
)
Original output in the first batch: tensor([[ -8.04134560,  -0.50065994,  -0.05560916,   3.06958652,  -3.43683839,
          -6.32258224, -18.08946800,  11.10626984,  -2.64037824,  -2.65743613]],
       device='cuda:0')
Split layers:
Nonlinear functions:
   BoundRelu(name=/15, inputs=[/input], perturbed=True)
   BoundRelu(name=/17, inputs=[/input-3], perturbed=True)
build batch [1/1]
layer /15 using sparse-features alpha with shape [69]; unstable size 69; total size 256 ([1, 256])
layer /15 start_node /input-3 using sparse-spec alpha [2, 32, 1, 69] with unstable size 31 total_size 128 output_shape torch.Size([128])
layer /15 start_node /18 using full alpha [2, 9, 1, 69] with unstable size None total_size 9 output_shape 9
layer /17 using sparse-features alpha with shape [31]; unstable size 31; total size 128 ([1, 128])
layer /17 start_node /18 using full alpha [2, 9, 1, 31] with unstable size None total_size 9 output_shape 9
Optimizable variables initialized.
initial CROWN bounds (first 10 items): [14.90680980682373, 8.227421760559082, 6.973734378814697, 3.837106227874756, 10.249164581298828, 12.213797569274902, 23.21612548828125, 8.724881172180176, 9.294434547424316]
Verified with initial CROWN!
verified with init bound!
Result: safe-incomplete in 0.3364 seconds

 %%%%%%%%%%%%%%%%%%%%%%%%%%%%%%%%%%% idx: 76, vnnlib ID: 76 %%%%%%%%%%%%%%%%%%%%%%%%%%%%%%%%%%%
Finished vnnlib processing in 0.008874 seconds
Model: BoundedModule(
  (/0): BoundInput(name=/0, inputs=[], perturbed=True)
  (/7): BoundParams(name=/7, inputs=[], perturbed=False)
  (/8): BoundParams(name=/8, inputs=[], perturbed=False)
  (/9): BoundParams(name=/9, inputs=[], perturbed=False)
  (/10): BoundParams(name=/10, inputs=[], perturbed=False)
  (/11): BoundParams(name=/11, inputs=[], perturbed=False)
  (/12): BoundParams(name=/12, inputs=[], perturbed=False)
  (/13): BoundFlatten(name=/13, inputs=[/0], perturbed=True)
  (/input): BoundLinear(name=/input, inputs=[/13, /7, /8], perturbed=True)
  (/15): BoundRelu(name=/15, inputs=[/input], perturbed=True)
  (/input-3): BoundLinear(name=/input-3, inputs=[/15, /9, /10], perturbed=True)
  (/17): BoundRelu(name=/17, inputs=[/input-3], perturbed=True)
  (/18): BoundLinear(name=/18, inputs=[/17, /11, /12], perturbed=True)
)
Original output in the first batch: tensor([[ -7.97380924,  -3.12879133,  -3.85269809,  11.43951225,  -5.16961479,
           0.35177654, -13.02583408,  -8.12302971,   1.15428710,  -0.67045659]],
       device='cuda:0')
Split layers:
Nonlinear functions:
   BoundRelu(name=/15, inputs=[/input], perturbed=True)
   BoundRelu(name=/17, inputs=[/input-3], perturbed=True)
build batch [1/1]
layer /15 using sparse-features alpha with shape [75]; unstable size 75; total size 256 ([1, 256])
layer /15 start_node /input-3 using sparse-spec alpha [2, 41, 1, 75] with unstable size 40 total_size 128 output_shape torch.Size([128])
layer /15 start_node /18 using full alpha [2, 9, 1, 75] with unstable size None total_size 9 output_shape 9
layer /17 using sparse-features alpha with shape [40]; unstable size 40; total size 128 ([1, 128])
layer /17 start_node /18 using full alpha [2, 9, 1, 40] with unstable size None total_size 9 output_shape 9
Optimizable variables initialized.
initial CROWN bounds (first 10 items): [13.788904190063477, 9.423669815063477, 10.384708404541016, 10.828837394714355, 5.016584396362305, 17.568801879882812, 14.178476333618164, 5.82615852355957, 7.008335113525391]
Verified with initial CROWN!
verified with init bound!
Result: safe-incomplete in 0.3204 seconds

 %%%%%%%%%%%%%%%%%%%%%%%%%%%%%%%%%%% idx: 77, vnnlib ID: 77 %%%%%%%%%%%%%%%%%%%%%%%%%%%%%%%%%%%
Finished vnnlib processing in 0.008173 seconds
Model: BoundedModule(
  (/0): BoundInput(name=/0, inputs=[], perturbed=True)
  (/7): BoundParams(name=/7, inputs=[], perturbed=False)
  (/8): BoundParams(name=/8, inputs=[], perturbed=False)
  (/9): BoundParams(name=/9, inputs=[], perturbed=False)
  (/10): BoundParams(name=/10, inputs=[], perturbed=False)
  (/11): BoundParams(name=/11, inputs=[], perturbed=False)
  (/12): BoundParams(name=/12, inputs=[], perturbed=False)
  (/13): BoundFlatten(name=/13, inputs=[/0], perturbed=True)
  (/input): BoundLinear(name=/input, inputs=[/13, /7, /8], perturbed=True)
  (/15): BoundRelu(name=/15, inputs=[/input], perturbed=True)
  (/input-3): BoundLinear(name=/input-3, inputs=[/15, /9, /10], perturbed=True)
  (/17): BoundRelu(name=/17, inputs=[/input-3], perturbed=True)
  (/18): BoundLinear(name=/18, inputs=[/17, /11, /12], perturbed=True)
)
Original output in the first batch: tensor([[-2.84353781,  1.58031070,  6.69312716, -0.40056524, -8.19963741,
         -2.65929818, -4.67845345,  1.37969732,  0.58360761, -5.56763935]],
       device='cuda:0')
Split layers:
Nonlinear functions:
   BoundRelu(name=/15, inputs=[/input], perturbed=True)
   BoundRelu(name=/17, inputs=[/input-3], perturbed=True)
build batch [1/1]
layer /15 using sparse-features alpha with shape [70]; unstable size 70; total size 256 ([1, 256])
layer /15 start_node /input-3 using sparse-spec alpha [2, 40, 1, 70] with unstable size 39 total_size 128 output_shape torch.Size([128])
layer /15 start_node /18 using full alpha [2, 9, 1, 70] with unstable size None total_size 9 output_shape 9
layer /17 using sparse-features alpha with shape [39]; unstable size 39; total size 128 ([1, 128])
layer /17 start_node /18 using full alpha [2, 9, 1, 39] with unstable size None total_size 9 output_shape 9
Optimizable variables initialized.
initial CROWN bounds (first 10 items): [6.426032066345215, 2.729679584503174, 4.415537357330322, 10.625225067138672, 5.136120796203613, 7.286961555480957, 2.215456008911133, 2.895223617553711, 8.278913497924805]
Verified with initial CROWN!
verified with init bound!
Result: safe-incomplete in 0.3253 seconds

 %%%%%%%%%%%%%%%%%%%%%%%%%%%%%%%%%%% idx: 78, vnnlib ID: 78 %%%%%%%%%%%%%%%%%%%%%%%%%%%%%%%%%%%
Finished vnnlib processing in 0.008036 seconds
Model: BoundedModule(
  (/0): BoundInput(name=/0, inputs=[], perturbed=True)
  (/7): BoundParams(name=/7, inputs=[], perturbed=False)
  (/8): BoundParams(name=/8, inputs=[], perturbed=False)
  (/9): BoundParams(name=/9, inputs=[], perturbed=False)
  (/10): BoundParams(name=/10, inputs=[], perturbed=False)
  (/11): BoundParams(name=/11, inputs=[], perturbed=False)
  (/12): BoundParams(name=/12, inputs=[], perturbed=False)
  (/13): BoundFlatten(name=/13, inputs=[/0], perturbed=True)
  (/input): BoundLinear(name=/input, inputs=[/13, /7, /8], perturbed=True)
  (/15): BoundRelu(name=/15, inputs=[/input], perturbed=True)
  (/input-3): BoundLinear(name=/input-3, inputs=[/15, /9, /10], perturbed=True)
  (/17): BoundRelu(name=/17, inputs=[/input-3], perturbed=True)
  (/18): BoundLinear(name=/18, inputs=[/17, /11, /12], perturbed=True)
)
Original output in the first batch: tensor([[ -6.13920546,  -2.94719934,  -6.13818407,  -1.23918283,   1.90350223,
          -5.16411638, -12.40936184,  -1.57693660,   1.40821564,   5.88062191]],
       device='cuda:0')
Split layers:
Nonlinear functions:
   BoundRelu(name=/15, inputs=[/input], perturbed=True)
   BoundRelu(name=/17, inputs=[/input-3], perturbed=True)
build batch [1/1]
layer /15 using sparse-features alpha with shape [97]; unstable size 97; total size 256 ([1, 256])
layer /15 start_node /input-3 using sparse-spec alpha [2, 44, 1, 97] with unstable size 43 total_size 128 output_shape torch.Size([128])
layer /15 start_node /18 using full alpha [2, 9, 1, 97] with unstable size None total_size 9 output_shape 9
layer /17 using sparse-features alpha with shape [43]; unstable size 43; total size 128 ([1, 128])
layer /17 start_node /18 using full alpha [2, 9, 1, 43] with unstable size None total_size 9 output_shape 9
Optimizable variables initialized.
initial CROWN bounds (first 10 items): [5.530000686645508, 2.1291589736938477, 4.037374019622803, 0.06740832328796387, -2.684199333190918, 3.226313591003418, 9.472929954528809, 0.48859119415283203, -2.1288890838623047]
prune_after_crown optimization in use
  original spec size = torch.Size([1, 9])
  pruned spec size = torch.Size([1, 2])
Using alpha-CROWN to initialize bounds.
Early stop at 95th iter due to 10 iterations no improvement!
best_l after optimization: -4.195990562438965
alpha/beta optimization time: 2.5793235301971436
initial alpha-crown bounds (first 10 items): [-2.232741594314575, -1.9632492065429688]
Global lower bound: -2.232741594314575
torch.Size([1, 2])
7 / 9 OR specs are verified.
Verified OR indices (first 10 items): [0, 1, 2, 3, 5, 6, 7]
Verified OR lbs (first 10 items): [[inf], [inf], [inf], [inf], [inf], [inf], [inf]]
Unverified OR indices (first 10 items): [4, 8]
Unverified OR lbs (first 10 items): [[-2.232741594314575], [-1.9632492065429688]]
###### Verifying property Instance 78 ######
Batch size: 2
First 10 spec matrices
C: tensor([[[ 0.,  0.,  0.,  0., -1.,  0.,  0.,  0.,  0.,  1.]],

        [[ 0.,  0.,  0.,  0.,  0.,  0.,  0.,  0., -1.,  1.]]], device='cuda:0')
RHS: tensor([[0.],
        [0.]], device='cuda:0')
OR spec sizes: tensor([1, 1], device='cuda:0', dtype=torch.int32)
Remaining timeout: 28.752164840698242
Model prediction is: tensor([ -6.13920546,  -2.94719934,  -6.13818407,  -1.23918283,   1.90350223,
         -5.16411638, -12.40936184,  -1.57693660,   1.40821564,   5.88062191],
       device='cuda:0')
Activation BaB batch 1/1 
build_with_refined_bounds batch [1/1]
Optimizable variables initialized.
all alpha initialized
directly get lb and ub from refined bounds
c shape: torch.Size([2, 1, 10])
lA shapes: [torch.Size([2, 1, 256]), torch.Size([2, 1, 128])]
torch.Size([2, 1])
(alpha-)CROWN with fixed intermediate bounds: tensor([[-2.23274159],
        [-1.96324921]], device='cuda:0') tensor([[inf],
        [inf]], device='cuda:0')
Intermediate layers: /input,/input-3
Keeping alphas for these layers: ['/18']
Node /15 input 0: size torch.Size([256]) unstable 97
Node /17 input 0: size torch.Size([128]) unstable 43
-----------------
# of unstable neurons: 140
-----------------

BaB round 1
batch: 2
splitting decisions: 
split level 0: [/input, 238] [/input, 58] 
split level 1: [/input, 116] [/input-3, 104] 
split level 2: [/input-3, 34] [/input, 143] 
split level 3: [/input-3, 118] [/input, 239] 
split level 4: [/input-3, 110] [/input-3, 110] 
best_l after optimization: -17.939311981201172
beta sum per layer: [33.366641998291016, 17.018653869628906]
alpha/beta optimization time: 0.8730423450469971
pruning_in_iteration open status: True
ratio of positive domain = 42 / 64 = 0.65625
pruning-in-iteration extra time: 0.04233813285827637
torch.Size([64, 1])
Time: prepare 0.0084    bound 0.8746    transfer 0.0021    finalize 0.0057    func 0.8908    
Accumulated time: func 0.8908    prepare 0.0162    bound 0.8746    transfer 0.0021    finalize 0.0057    
max lb tensor(9.99999975e-05) min lb tensor(-1.57400870)
Number of Verified Splits: 42 of 64
Current worst splitting domains lb-rhs (depth):
-1.57401 (5), -1.49616 (5), -1.48255 (5), -1.47785 (5), -1.35069 (5), -1.28993 (5), -1.12061 (5), -1.11890 (5), -1.06494 (5), -1.03499 (5), -0.89040 (5), -0.84745 (5), -0.73587 (5), -0.72615 (5), -0.57321 (5), -0.54658 (5), -0.36831 (5), -0.08324 (5), -0.05728 (5), -0.04519 (5), 
Length of domains: 22
Current (lb-rhs): -1.5740087032318115
64 domains visited
Time: pickout 0.0010    decision 0.0534    set_bounds 0.0043    solve 0.8916    add 0.0070    
Accumulated time: pickout 0.0010    decision 0.0534    set_bounds 0.0043    solve 0.8916    add 0.0070    
Cumulative time: 0.9849586486816406

BaB round 2
batch: 22
splitting decisions: 
split level 0: [/input, 183] [/input, 160] [/input, 183] [/input, 160] [/input, 183] [/input, 160] [/input, 58] [/input, 160] [/input, 58] [/input, 160] 
split level 1: [/input-3, 4] [/input-3, 48] [/input, 58] [/input-3, 48] [/input, 58] [/input-3, 48] [/input-3, 4] [/input-3, 48] [/input-3, 4] [/input-3, 48] 
best_l after optimization: -42.510108947753906
beta sum per layer: [132.35694885253906, 79.7327651977539]
alpha/beta optimization time: 0.8046379089355469
pruning_in_iteration open status: True
ratio of positive domain = 25 / 88 = 0.28409090909090906
pruning-in-iteration extra time: 0.046907901763916016
torch.Size([88, 1])
Time: prepare 0.0034    bound 0.8059    transfer 0.0017    finalize 0.0065    func 0.8177    
Accumulated time: func 1.7085    prepare 0.0254    bound 1.6805    transfer 0.0038    finalize 0.0122    
max lb tensor(9.99999975e-05) min lb tensor(-1.43149590)
Number of Verified Splits: 25 of 88
Current worst splitting domains lb-rhs (depth):
-1.43150 (7), -1.28072 (7), -1.24692 (7), -1.24515 (7), -1.24383 (7), -1.23509 (7), -1.22659 (7), -1.21289 (7), -1.21041 (7), -1.19875 (7), -1.19000 (7), -1.18521 (7), -1.09280 (7), -1.08679 (7), -1.02268 (7), -0.91607 (7), -0.91295 (7), -0.84642 (7), -0.81529 (7), -0.80034 (7), 
Length of domains: 63
Current (lb-rhs): -1.4314959049224854
152 domains visited
Time: pickout 0.0146    decision 0.0706    set_bounds 0.0046    solve 0.8185    add 0.0024    
Accumulated time: pickout 0.0156    decision 0.1240    set_bounds 0.0089    solve 1.7102    add 0.0094    
Cumulative time: 1.8960483074188232

BaB round 3
batch: 63
splitting decisions: 
split level 0: [/input-3, 99] [/input-3, 4] [/input, 7] [/input-3, 4] [/input-3, 99] [/input, 148] [/input, 7] [/input, 148] [/input, 58] [/input-3, 4] 
best_l after optimization: -62.68608856201172
beta sum per layer: [260.70794677734375, 125.8918228149414]
alpha/beta optimization time: 0.6975817680358887
pruning_in_iteration open status: False
ratio of positive domain = 22 / 126 = 0.17460317460317465
pruning-in-iteration extra time: 0.0005872249603271484
torch.Size([126, 1])
Time: prepare 0.0057    bound 0.6992    transfer 0.0011    finalize 0.0069    func 0.7130    
Accumulated time: func 2.4215    prepare 0.0362    bound 2.3797    transfer 0.0050    finalize 0.0191    
max lb tensor(0.14543033) min lb tensor(-1.30767059)
Number of Verified Splits: 22 of 126
Current worst splitting domains lb-rhs (depth):
-1.30767 (8), -1.26750 (8), -1.17149 (8), -1.15861 (8), -1.15309 (8), -1.15113 (8), -1.14350 (8), -1.13899 (8), -1.13012 (8), -1.12453 (8), -1.11919 (8), -1.11239 (8), -1.11026 (8), -1.09615 (8), -1.09539 (8), -1.09002 (8), -1.07156 (8), -1.06108 (8), -1.05889 (8), -1.05816 (8), 
Length of domains: 104
Current (lb-rhs): -1.3076705932617188
278 domains visited
Time: pickout 0.0174    decision 0.0910    set_bounds 0.0060    solve 0.7139    add 0.0038    
Accumulated time: pickout 0.0330    decision 0.2150    set_bounds 0.0149    solve 2.4240    add 0.0132    
Cumulative time: 2.728975534439087

BaB round 4
batch: 104
splitting decisions: 
split level 0: [/input, 7] [/input, 237] [/input-3, 99] [/input, 237] [/input, 7] [/input, 237] [/input-3, 99] [/input, 237] [/input, 237] [/input-3, 99] 
best_l after optimization: -98.38558959960938
beta sum per layer: [487.91461181640625, 191.04922485351562]
alpha/beta optimization time: 0.700343132019043
pruning_in_iteration open status: False
ratio of positive domain = 19 / 208 = 0.09134615384615385
pruning-in-iteration extra time: 0.0008580684661865234
torch.Size([208, 1])
Time: prepare 0.0073    bound 0.7022    transfer 0.0019    finalize 0.0122    func 0.7238    
Accumulated time: func 3.1453    prepare 0.0496    bound 3.0819    transfer 0.0069    finalize 0.0312    
max lb tensor(0.45088792) min lb tensor(-1.18926477)
Number of Verified Splits: 19 of 208
Current worst splitting domains lb-rhs (depth):
-1.18926 (9), -1.14976 (9), -1.12528 (9), -1.09646 (9), -1.07989 (9), -1.07804 (9), -1.07592 (9), -1.07175 (9), -1.06669 (9), -1.06369 (9), -1.05059 (9), -1.04301 (9), -1.03841 (9), -1.03298 (9), -1.03136 (9), -1.01482 (9), -1.01403 (9), -1.00572 (9), -0.99081 (9), -0.97706 (9), 
Length of domains: 189
Current (lb-rhs): -1.1892647743225098
486 domains visited
Time: pickout 0.0302    decision 0.1509    set_bounds 0.0076    solve 0.7246    add 0.0022    
Accumulated time: pickout 0.0633    decision 0.3658    set_bounds 0.0225    solve 3.1486    add 0.0154    
Cumulative time: 3.644801139831543

BaB round 5
batch: 189
splitting decisions: 
split level 0: [/input, 50] [/input, 50] [/input, 50] [/input, 50] [/input-3, 4] [/input, 50] [/input-3, 4] [/input, 50] [/input, 50] [/input-3, 99] 
best_l after optimization: -144.43527221679688
beta sum per layer: [1044.1015625, 412.0062255859375]
alpha/beta optimization time: 0.5200514793395996
pruning_in_iteration open status: False
ratio of positive domain = 68 / 378 = 0.17989417989417988
pruning-in-iteration extra time: 9.751319885253906e-05
torch.Size([378, 1])
Time: prepare 0.0091    bound 0.5209    transfer 0.0003    finalize 0.0103    func 0.5408    
Accumulated time: func 3.6861    prepare 0.0674    bound 3.6029    transfer 0.0072    finalize 0.0415    
max lb tensor(0.16453505) min lb tensor(-1.10392380)
Number of Verified Splits: 68 of 378
Current worst splitting domains lb-rhs (depth):
-1.10392 (10), -1.06442 (10), -1.04429 (10), -1.02651 (10), -1.00562 (10), -0.99810 (10), -0.99085 (10), -0.98973 (10), -0.98787 (10), -0.98259 (10), -0.97623 (10), -0.97376 (10), -0.97277 (10), -0.96138 (10), -0.96123 (10), -0.96065 (10), -0.95391 (10), -0.95240 (10), -0.94801 (10), -0.94419 (10), 
Length of domains: 310
Current (lb-rhs): -1.1039237976074219
864 domains visited
Time: pickout 0.0356    decision 0.2367    set_bounds 0.0090    solve 0.5417    add 0.0035    
Accumulated time: pickout 0.0988    decision 0.6025    set_bounds 0.0315    solve 3.6904    add 0.0189    
Cumulative time: 4.4719603061676025

BaB round 6
batch: 310
splitting decisions: 
split level 0: [/input-3, 63] [/input-3, 99] [/input-3, 63] [/input-3, 99] [/input, 50] [/input-3, 63] [/input, 50] [/input-3, 99] [/input, 58] [/input, 50] 
best_l after optimization: -189.06668090820312
beta sum per layer: [2052.7314453125, 553.7291259765625]
alpha/beta optimization time: 0.43224477767944336
pruning_in_iteration open status: True
ratio of positive domain = 149 / 620 = 0.24032258064516132
pruning-in-iteration extra time: 0.015362024307250977
torch.Size([620, 1])
Time: prepare 0.0140    bound 0.4336    transfer 0.0004    finalize 0.0152    func 0.4634    
Accumulated time: func 4.1495    prepare 0.0828    bound 4.0364    transfer 0.0076    finalize 0.0568    
max lb tensor(9.99999975e-05) min lb tensor(-1.02514148)
Number of Verified Splits: 149 of 620
Current worst splitting domains lb-rhs (depth):
-1.02514 (11), -0.98724 (11), -0.96672 (11), -0.96523 (11), -0.94660 (11), -0.92886 (11), -0.92034 (11), -0.91302 (11), -0.90790 (11), -0.90708 (11), -0.90033 (11), -0.90031 (11), -0.89916 (11), -0.89487 (11), -0.88517 (11), -0.88371 (11), -0.87932 (11), -0.87654 (11), -0.87520 (11), -0.86877 (11), 
Length of domains: 471
Current (lb-rhs): -1.0251414775848389
1484 domains visited
Time: pickout 0.0363    decision 0.0672    set_bounds 0.0152    solve 0.4640    add 0.0025    
Accumulated time: pickout 0.1352    decision 0.6698    set_bounds 0.0467    solve 4.1544    add 0.0214    
Cumulative time: 5.058160066604614

BaB round 7
batch: 471
splitting decisions: 
split level 0: [/input-3, 35] [/input, 235] [/input-3, 35] [/input-3, 63] [/input, 235] [/input-3, 63] [/input-3, 35] [/input, 110] [/input-3, 35] [/input, 7] 
best_l after optimization: -196.74667358398438
beta sum per layer: [3675.119140625, 705.2586669921875]
alpha/beta optimization time: 0.5559134483337402
pruning_in_iteration open status: True
ratio of positive domain = 369 / 942 = 0.39171974522292996
pruning-in-iteration extra time: 0.024981975555419922
torch.Size([942, 1])
Time: prepare 0.0215    bound 0.5571    transfer 0.0007    finalize 0.0142    func 0.5936    
Accumulated time: func 4.7431    prepare 0.1063    bound 4.5935    transfer 0.0084    finalize 0.0709    
max lb tensor(9.99999975e-05) min lb tensor(-0.96070075)
Number of Verified Splits: 369 of 942
Current worst splitting domains lb-rhs (depth):
-0.96070 (12), -0.92526 (12), -0.89974 (12), -0.89227 (12), -0.87135 (12), -0.85900 (12), -0.85637 (12), -0.85279 (12), -0.84596 (12), -0.84145 (12), -0.84123 (12), -0.83820 (12), -0.83720 (12), -0.82609 (12), -0.82342 (12), -0.82285 (12), -0.82249 (12), -0.81407 (12), -0.81258 (12), -0.81162 (12), 
Length of domains: 573
Current (lb-rhs): -0.9607007503509521
2426 domains visited
Time: pickout 0.0524    decision 0.1191    set_bounds 0.0232    solve 0.5946    add 0.0020    
Accumulated time: pickout 0.1875    decision 0.7889    set_bounds 0.0699    solve 4.7489    add 0.0234    
Cumulative time: 5.8515684604644775

BaB round 8
batch: 573
splitting decisions: 
split level 0: [/input-3, 23] [/input-3, 99] [/input-3, 23] [/input-3, 99] [/input, 235] [/input-3, 99] [/input-3, 99] [/input-3, 35] [/input-3, 23] [/input, 163] 
best_l after optimization: -214.7682342529297
beta sum per layer: [4375.919921875, 944.031494140625]
alpha/beta optimization time: 0.6913998126983643
pruning_in_iteration open status: True
ratio of positive domain = 455 / 1146 = 0.3970331588132635
pruning-in-iteration extra time: 0.03696894645690918
torch.Size([1146, 1])
Time: prepare 0.0227    bound 0.6923    transfer 0.0007    finalize 0.0174    func 0.7333    
Accumulated time: func 5.4764    prepare 0.1309    bound 5.2858    transfer 0.0090    finalize 0.0883    
max lb tensor(0.00159979) min lb tensor(-0.90419853)
Number of Verified Splits: 455 of 1146
Current worst splitting domains lb-rhs (depth):
-0.90420 (13), -0.86526 (13), -0.84487 (13), -0.83628 (13), -0.81381 (13), -0.80336 (13), -0.79772 (13), -0.79701 (13), -0.78872 (13), -0.78516 (13), -0.78350 (13), -0.77643 (13), -0.77393 (13), -0.77302 (13), -0.76777 (13), -0.76747 (13), -0.75499 (13), -0.75495 (13), -0.75244 (13), -0.75047 (13), 
Length of domains: 691
Current (lb-rhs): -0.9041985273361206
3572 domains visited
Time: pickout 0.0672    decision 0.0985    set_bounds 0.0259    solve 0.7353    add 0.0049    
Accumulated time: pickout 0.2547    decision 0.8873    set_bounds 0.0959    solve 5.4843    add 0.0283    
Cumulative time: 6.786313772201538

BaB round 9
batch: 691
splitting decisions: 
split level 0: [/input, 163] [/input, 163] [/input-3, 63] [/input-3, 63] [/input, 7] [/input, 163] [/input-3, 63] [/input, 163] [/input-3, 63] [/input, 163] 
best_l after optimization: -204.15098571777344
beta sum per layer: [4775.109375, 1255.470947265625]
alpha/beta optimization time: 0.5404617786407471
pruning_in_iteration open status: True
ratio of positive domain = 675 / 1382 = 0.48842257597684513
pruning-in-iteration extra time: 0.03203415870666504
torch.Size([1382, 1])
Time: prepare 0.0292    bound 0.5414    transfer 0.0007    finalize 0.0101    func 0.5816    
Accumulated time: func 6.0580    prepare 0.1620    bound 5.8272    transfer 0.0098    finalize 0.0985    
max lb tensor(0.00190520) min lb tensor(-0.84150505)
Number of Verified Splits: 675 of 1382
Current worst splitting domains lb-rhs (depth):
-0.84151 (14), -0.81315 (14), -0.78432 (14), -0.77423 (14), -0.75094 (14), -0.74883 (14), -0.74623 (14), -0.73567 (14), -0.73215 (14), -0.71992 (14), -0.71950 (14), -0.71652 (14), -0.70766 (14), -0.70757 (14), -0.70657 (14), -0.70339 (14), -0.70289 (14), -0.69699 (14), -0.69650 (14), -0.68759 (14), 
Length of domains: 707
Current (lb-rhs): -0.8415050506591797
4954 domains visited
Time: pickout 0.0748    decision 0.1165    set_bounds 0.0326    solve 0.5824    add 0.0042    
Accumulated time: pickout 0.3295    decision 1.0038    set_bounds 0.1285    solve 6.0667    add 0.0325    
Cumulative time: 7.59945273399353

BaB round 10
batch: 707
splitting decisions: 
split level 0: [/input, 7] [/input, 7] [/input, 177] [/input, 177] [/input-3, 99] [/input-3, 99] [/input, 239] [/input, 7] [/input, 239] [/input, 7] 
best_l after optimization: -198.06021118164062
beta sum per layer: [4737.58984375, 1335.138671875]
alpha/beta optimization time: 0.529076099395752
pruning_in_iteration open status: True
ratio of positive domain = 634 / 1414 = 0.4483734087694484
pruning-in-iteration extra time: 0.030813932418823242
torch.Size([1414, 1])
Time: prepare 0.0283    bound 0.5300    transfer 0.0007    finalize 0.0116    func 0.5718    
Accumulated time: func 6.6297    prepare 0.1923    bound 6.3572    transfer 0.0105    finalize 0.1101    
max lb tensor(0.00298703) min lb tensor(-0.79116869)
Number of Verified Splits: 634 of 1414
Current worst splitting domains lb-rhs (depth):
-0.79117 (15), -0.74883 (15), -0.73351 (15), -0.72863 (15), -0.70077 (15), -0.68899 (15), -0.68586 (15), -0.68287 (15), -0.66741 (15), -0.65856 (15), -0.65578 (15), -0.65364 (15), -0.65344 (15), -0.65170 (15), -0.65101 (15), -0.65098 (15), -0.64523 (15), -0.64219 (15), -0.64063 (15), -0.63982 (15), 
Length of domains: 780
Current (lb-rhs): -0.7911686897277832
6368 domains visited
Time: pickout 0.0772    decision 0.1181    set_bounds 0.0334    solve 0.5727    add 0.0018    
Accumulated time: pickout 0.4067    decision 1.1219    set_bounds 0.1618    solve 6.6394    add 0.0343    
Cumulative time: 8.40471863746643

BaB round 11
batch: 780
splitting decisions: 
split level 0: [/input, 163] [/input, 163] [/input-3, 63] [/input-3, 63] [/input-3, 23] [/input, 177] [/input-3, 23] [/input, 177] [/input, 163] [/input, 163] 
best_l after optimization: -196.9218292236328
beta sum per layer: [4899.7021484375, 1300.595458984375]
alpha/beta optimization time: 0.6522903442382812
pruning_in_iteration open status: True
ratio of positive domain = 741 / 1560 = 0.475
pruning-in-iteration extra time: 0.033550262451171875
torch.Size([1560, 1])
Time: prepare 0.0345    bound 0.6534    transfer 0.0013    finalize 0.0195    func 0.7088    
Accumulated time: func 7.3386    prepare 0.2288    bound 7.0106    transfer 0.0118    finalize 0.1296    
max lb tensor(0.00028300) min lb tensor(-0.74433935)
Number of Verified Splits: 741 of 1560
Current worst splitting domains lb-rhs (depth):
-0.74434 (16), -0.70034 (16), -0.68712 (16), -0.66582 (16), -0.63953 (16), -0.63717 (16), -0.63307 (16), -0.62693 (16), -0.61237 (16), -0.61082 (16), -0.60846 (16), -0.60658 (16), -0.60485 (16), -0.59902 (16), -0.59872 (16), -0.59614 (16), -0.59526 (16), -0.59294 (16), -0.59223 (16), -0.58949 (16), 
Length of domains: 819
Current (lb-rhs): -0.7443393468856812
7928 domains visited
Time: pickout 0.0797    decision 0.1312    set_bounds 0.0371    solve 0.7101    add 0.0030    
Accumulated time: pickout 0.4864    decision 1.2532    set_bounds 0.1989    solve 7.3496    add 0.0373    
Cumulative time: 9.368784666061401

BaB round 12
batch: 819
splitting decisions: 
split level 0: [/input-3, 35] [/input-3, 35] [/input-3, 35] [/input-3, 35] [/input-3, 5] [/input-3, 5] [/input-3, 35] [/input-3, 35] [/input-3, 5] [/input, 239] 
best_l after optimization: -174.2330780029297
beta sum per layer: [5460.5830078125, 934.06787109375]
alpha/beta optimization time: 0.6373522281646729
pruning_in_iteration open status: True
ratio of positive domain = 808 / 1638 = 0.4932844932844933
pruning-in-iteration extra time: 0.03444552421569824
torch.Size([1638, 1])
Time: prepare 0.0346    bound 0.6384    transfer 0.0010    finalize 0.0185    func 0.6927    
Accumulated time: func 8.0312    prepare 0.2665    bound 7.6490    transfer 0.0127    finalize 0.1481    
max lb tensor(0.00148964) min lb tensor(-0.68256283)
Number of Verified Splits: 808 of 1638
Current worst splitting domains lb-rhs (depth):
-0.68256 (17), -0.63758 (17), -0.63592 (17), -0.62905 (17), -0.61892 (17), -0.61430 (17), -0.59023 (17), -0.58937 (17), -0.57834 (17), -0.57086 (17), -0.56992 (17), -0.56717 (17), -0.55547 (17), -0.55232 (17), -0.55055 (17), -0.54625 (17), -0.54592 (17), -0.54498 (17), -0.54275 (17), -0.53703 (17), 
Length of domains: 830
Current (lb-rhs): -0.6825628280639648
9566 domains visited
Time: pickout 0.1141    decision 0.1567    set_bounds 0.0387    solve 0.6939    add 0.0032    
Accumulated time: pickout 0.6005    decision 1.4099    set_bounds 0.2376    solve 8.0434    add 0.0405    
Cumulative time: 10.379770994186401

BaB round 13
batch: 830
splitting decisions: 
split level 0: [/input, 139] [/input-3, 117] [/input, 139] [/input, 139] [/input, 110] [/input, 110] [/input, 139] [/input-3, 117] [/input-3, 117] [/input-3, 117] 
best_l after optimization: -193.29702758789062
beta sum per layer: [5363.77294921875, 984.2824096679688]
alpha/beta optimization time: 0.49904322624206543
pruning_in_iteration open status: True
ratio of positive domain = 738 / 1660 = 0.444578313253012
pruning-in-iteration extra time: 0.02524733543395996
torch.Size([1660, 1])
Time: prepare 0.0374    bound 0.5000    transfer 0.0011    finalize 0.0104    func 0.5492    
Accumulated time: func 8.5805    prepare 0.3061    bound 8.1490    transfer 0.0139    finalize 0.1585    
max lb tensor(9.99999975e-05) min lb tensor(-0.63400507)
Number of Verified Splits: 738 of 1660
Current worst splitting domains lb-rhs (depth):
-0.63401 (18), -0.58677 (18), -0.58175 (18), -0.57732 (18), -0.55619 (18), -0.55553 (18), -0.55284 (18), -0.54625 (18), -0.54461 (18), -0.52684 (18), -0.51726 (18), -0.51409 (18), -0.51327 (18), -0.50751 (18), -0.50587 (18), -0.49708 (18), -0.49289 (18), -0.49221 (18), -0.49019 (18), -0.48564 (18), 
Length of domains: 922
Current (lb-rhs): -0.634005069732666
11226 domains visited
Time: pickout 0.1030    decision 0.1566    set_bounds 0.0401    solve 0.5516    add 0.0033    
Accumulated time: pickout 0.7035    decision 1.5664    set_bounds 0.2778    solve 8.5951    add 0.0438    
Cumulative time: 11.237983226776123

BaB round 14
batch: 922
splitting decisions: 
split level 0: [/input-3, 60] [/input, 139] [/input-3, 48] [/input-3, 117] [/input-3, 117] [/input, 139] [/input-3, 117] [/input, 139] [/input, 139] [/input, 139] 
best_l after optimization: -234.49319458007812
beta sum per layer: [5269.7177734375, 1076.99658203125]
alpha/beta optimization time: 0.6202960014343262
pruning_in_iteration open status: True
ratio of positive domain = 782 / 1844 = 0.4240780911062907
pruning-in-iteration extra time: 0.02646017074584961
torch.Size([1844, 1])
Time: prepare 0.0382    bound 0.6213    transfer 0.0013    finalize 0.0134    func 0.6755    
Accumulated time: func 9.2560    prepare 0.3470    bound 8.7703    transfer 0.0152    finalize 0.1720    
max lb tensor(0.00183344) min lb tensor(-0.56656671)
Number of Verified Splits: 782 of 1844
Current worst splitting domains lb-rhs (depth):
-0.56657 (19), -0.56578 (19), -0.54772 (19), -0.53844 (19), -0.51356 (19), -0.51124 (19), -0.51102 (19), -0.50894 (19), -0.50570 (19), -0.49327 (19), -0.48352 (19), -0.47782 (19), -0.47670 (19), -0.46946 (19), -0.46728 (19), -0.46554 (19), -0.46355 (19), -0.46315 (19), -0.44919 (19), -0.44315 (19), 
Length of domains: 1062
Current (lb-rhs): -0.5665667057037354
13070 domains visited
Time: pickout 0.1059    decision 0.3114    set_bounds 0.0416    solve 0.6766    add 0.0075    
Accumulated time: pickout 0.8094    decision 1.8778    set_bounds 0.3194    solve 9.2716    add 0.0513    
Cumulative time: 12.384456872940063

BaB round 15
batch: 1024
splitting decisions: 
split level 0: [/input, 155] [/input, 155] [/input, 194] [/input-3, 48] [/input-3, 68] [/input, 198] [/input, 155] [/input, 155] [/input, 155] [/input, 155] 
best_l after optimization: -241.01271057128906
beta sum per layer: [4717.0, 1321.78173828125]
alpha/beta optimization time: 0.7468905448913574
pruning_in_iteration open status: True
ratio of positive domain = 793 / 2048 = 0.38720703125
pruning-in-iteration extra time: 0.03213310241699219
torch.Size([2048, 1])
Time: prepare 0.0476    bound 0.7481    transfer 0.0013    finalize 0.0145    func 0.8118    
Accumulated time: func 10.0678    prepare 0.3970    bound 9.5184    transfer 0.0164    finalize 0.1865    
max lb tensor(0.00140119) min lb tensor(-0.52322197)
Number of Verified Splits: 793 of 2048
Current worst splitting domains lb-rhs (depth):
-0.56657 (19), -0.54772 (19), -0.52322 (20), -0.51124 (19), -0.50013 (20), -0.47670 (19), -0.47574 (20), -0.46701 (20), -0.46587 (20), -0.46354 (20), -0.44352 (20), -0.44315 (19), -0.43754 (20), -0.43491 (20), -0.43480 (20), -0.42688 (20), -0.42415 (19), -0.42357 (20), -0.42183 (20), -0.41770 (20), 
Length of domains: 1293
Current (lb-rhs): -0.5665667057037354
15118 domains visited
Time: pickout 0.1099    decision 0.1880    set_bounds 0.0500    solve 0.8132    add 0.0029    
Accumulated time: pickout 0.9193    decision 2.0658    set_bounds 0.3693    solve 10.0849    add 0.0542    
current_vram/total_varm: 0.3GB/8.6GB, batch_size increase to 2048
Cumulative time: 13.553187131881714

BaB round 16
batch: 1293
splitting decisions: 
split level 0: [/input-3, 60] [/input, 139] [/input-3, 60] [/input-3, 60] [/input, 139] [/input-3, 117] [/input, 139] [/input, 139] [/input, 139] [/input-3, 117] 
best_l after optimization: -201.482177734375
beta sum per layer: [5355.876953125, 1894.708984375]
alpha/beta optimization time: 0.5895359516143799
pruning_in_iteration open status: True
ratio of positive domain = 1267 / 2586 = 0.4899458623356535
pruning-in-iteration extra time: 0.02552032470703125
torch.Size([2586, 1])
Time: prepare 0.0688    bound 0.5906    transfer 0.0014    finalize 0.0194    func 0.6804    
Accumulated time: func 10.7482    prepare 0.4686    bound 10.1090    transfer 0.0179    finalize 0.2059    
max lb tensor(9.99999975e-05) min lb tensor(-0.52428448)
Number of Verified Splits: 1267 of 2586
Current worst splitting domains lb-rhs (depth):
-0.52428 (20), -0.48219 (20), -0.48035 (20), -0.47750 (21), -0.46656 (20), -0.44870 (21), -0.42465 (21), -0.41937 (21), -0.41590 (21), -0.41314 (21), -0.41299 (20), -0.40752 (20), -0.39820 (21), -0.39773 (20), -0.39724 (21), -0.39205 (21), -0.38645 (21), -0.38268 (20), -0.37923 (21), -0.37634 (21), 
Length of domains: 1319
Current (lb-rhs): -0.5242844820022583
17704 domains visited
Time: pickout 0.1462    decision 0.2229    set_bounds 0.0615    solve 0.6816    add 0.0026    
Accumulated time: pickout 1.0655    decision 2.2887    set_bounds 0.4309    solve 10.7664    add 0.0568    
Cumulative time: 14.67179012298584

BaB round 17
batch: 1319
splitting decisions: 
split level 0: [/input-3, 60] [/input-3, 60] [/input-3, 60] [/input-3, 60] [/input-3, 60] [/input-3, 60] [/input-3, 60] [/input-3, 60] [/input-3, 60] [/input-3, 60] 
best_l after optimization: -161.376708984375
beta sum per layer: [5478.21533203125, 2096.6640625]
alpha/beta optimization time: 0.559922456741333
pruning_in_iteration open status: True
ratio of positive domain = 1282 / 2638 = 0.48597422289613346
pruning-in-iteration extra time: 0.025149106979370117
torch.Size([2638, 1])
Time: prepare 0.0681    bound 0.5610    transfer 0.0013    finalize 0.0243    func 0.6561    
Accumulated time: func 11.4043    prepare 0.5414    bound 10.6700    transfer 0.0191    finalize 0.2301    
max lb tensor(9.99999975e-05) min lb tensor(-0.47903132)
Number of Verified Splits: 1282 of 2638
Current worst splitting domains lb-rhs (depth):
-0.47903 (21), -0.43827 (21), -0.43631 (21), -0.43069 (22), -0.42060 (21), -0.39177 (22), -0.39098 (22), -0.37302 (22), -0.37049 (22), -0.36894 (21), -0.36725 (22), -0.36713 (22), -0.36578 (22), -0.36324 (21), -0.35963 (22), -0.35770 (22), -0.34697 (22), -0.34636 (21), -0.34093 (22), -0.33964 (21), 
Length of domains: 1356
Current (lb-rhs): -0.4790313243865967
20342 domains visited
Time: pickout 0.1485    decision 0.2540    set_bounds 0.0673    solve 0.6574    add 0.0031    
Accumulated time: pickout 1.2140    decision 2.5427    set_bounds 0.4981    solve 11.4238    add 0.0599    
Cumulative time: 15.806331634521484

BaB round 18
batch: 1356
splitting decisions: 
split level 0: [/input, 194] [/input-3, 48] [/input, 235] [/input, 235] [/input, 235] [/input, 235] [/input, 235] [/input, 235] [/input, 235] [/input, 235] 
best_l after optimization: -114.48042297363281
beta sum per layer: [5198.0546875, 2039.124755859375]
alpha/beta optimization time: 0.5558550357818604
pruning_in_iteration open status: True
ratio of positive domain = 1469 / 2712 = 0.5416666666666667
pruning-in-iteration extra time: 0.027089834213256836
torch.Size([2712, 1])
Time: prepare 0.0623    bound 0.5568    transfer 0.0013    finalize 0.0201    func 0.6408    
Accumulated time: func 12.0452    prepare 0.6062    bound 11.2268    transfer 0.0204    finalize 0.2503    
max lb tensor(9.99999975e-05) min lb tensor(-0.43170726)
Number of Verified Splits: 1469 of 2712
Current worst splitting domains lb-rhs (depth):
-0.43171 (22), -0.39031 (22), -0.38849 (22), -0.38259 (23), -0.37391 (22), -0.34637 (23), -0.34451 (23), -0.34352 (23), -0.33174 (23), -0.32764 (23), -0.32492 (23), -0.32063 (22), -0.32026 (23), -0.31842 (23), -0.31510 (22), -0.31366 (23), -0.31140 (23), -0.30888 (23), -0.30808 (23), -0.30701 (23), 
Length of domains: 1243
Current (lb-rhs): -0.4317072629928589
23054 domains visited
Time: pickout 0.1541    decision 0.3070    set_bounds 0.0616    solve 0.6421    add 0.0025    
Accumulated time: pickout 1.3681    decision 2.8497    set_bounds 0.5597    solve 12.0660    add 0.0624    
Cumulative time: 16.97908043861389

BaB round 19
batch: 1243
splitting decisions: 
split level 0: [/input-3, 48] [/input-3, 68] [/input-3, 68] [/input-3, 68] [/input-3, 48] [/input-3, 48] [/input-3, 48] [/input-3, 48] [/input-3, 68] [/input, 239] 
best_l after optimization: -76.60011291503906
beta sum per layer: [4362.21435546875, 1745.7998046875]
alpha/beta optimization time: 0.5177333354949951
pruning_in_iteration open status: True
ratio of positive domain = 1532 / 2486 = 0.6162510056315367
pruning-in-iteration extra time: 0.02474379539489746
torch.Size([2486, 1])
Time: prepare 0.0587    bound 0.5188    transfer 0.0013    finalize 0.0232    func 0.6032    
Accumulated time: func 12.6483    prepare 0.6682    bound 11.7457    transfer 0.0217    finalize 0.2734    
max lb tensor(9.99999975e-05) min lb tensor(-0.38396573)
Number of Verified Splits: 1532 of 2486
Current worst splitting domains lb-rhs (depth):
-0.38397 (23), -0.34448 (23), -0.34291 (23), -0.34218 (24), -0.34088 (23), -0.32615 (23), -0.30818 (24), -0.30707 (24), -0.30069 (24), -0.29402 (24), -0.28831 (23), -0.28825 (23), -0.28617 (23), -0.28486 (24), -0.28262 (24), -0.28166 (24), -0.27458 (24), -0.27373 (23), -0.27262 (24), -0.27164 (24), 
Length of domains: 954
Current (lb-rhs): -0.38396573066711426
25540 domains visited
Time: pickout 0.1353    decision 0.2147    set_bounds 0.0584    solve 0.6043    add 0.0045    
Accumulated time: pickout 1.5034    decision 3.0644    set_bounds 0.6181    solve 12.6703    add 0.0669    
Cumulative time: 18.002992153167725

BaB round 20
batch: 954
splitting decisions: 
split level 0: [/input, 145] [/input, 145] [/input, 145] [/input, 145] [/input, 145] [/input, 145] [/input, 145] [/input, 138] [/input, 145] [/input, 145] 
best_l after optimization: -45.39509582519531
beta sum per layer: [2748.0654296875, 1165.0692138671875]
alpha/beta optimization time: 0.4903550148010254
pruning_in_iteration open status: True
ratio of positive domain = 1251 / 1908 = 0.6556603773584906
pruning-in-iteration extra time: 0.022052288055419922
torch.Size([1908, 1])
Time: prepare 0.0369    bound 0.4913    transfer 0.0010    finalize 0.0199    func 0.5493    
Accumulated time: func 13.1976    prepare 0.7071    bound 12.2369    transfer 0.0227    finalize 0.2934    
max lb tensor(9.99999975e-05) min lb tensor(-0.34381509)
Number of Verified Splits: 1251 of 1908
Current worst splitting domains lb-rhs (depth):
-0.34382 (24), -0.31273 (25), -0.30427 (24), -0.30240 (24), -0.28419 (24), -0.28210 (25), -0.28147 (25), -0.27520 (25), -0.26316 (25), -0.25633 (25), -0.25448 (25), -0.25220 (25), -0.25042 (25), -0.24733 (25), -0.24063 (25), -0.23554 (25), -0.23327 (24), -0.23030 (25), -0.22789 (24), -0.22732 (24), 
Length of domains: 657
Current (lb-rhs): -0.3438150882720947
27448 domains visited
Time: pickout 0.1008    decision 0.1490    set_bounds 0.0426    solve 0.5504    add 0.0021    
Accumulated time: pickout 1.6042    decision 3.2135    set_bounds 0.6607    solve 13.2208    add 0.0691    
Cumulative time: 18.852771997451782

BaB round 21
batch: 657
splitting decisions: 
split level 0: [/input, 143] [/input, 143] [/input, 143] [/input, 143] [/input, 143] [/input, 143] [/input, 143] [/input, 145] [/input, 143] [/input, 194] 
best_l after optimization: -28.028682708740234
beta sum per layer: [1522.640380859375, 794.7794189453125]
alpha/beta optimization time: 0.5341951847076416
pruning_in_iteration open status: True
ratio of positive domain = 829 / 1314 = 0.6308980213089802
pruning-in-iteration extra time: 0.027439594268798828
torch.Size([1314, 1])
Time: prepare 0.0264    bound 0.5352    transfer 0.0008    finalize 0.0174    func 0.5800    
Accumulated time: func 13.7776    prepare 0.7355    bound 12.7722    transfer 0.0235    finalize 0.3108    
max lb tensor(9.99999975e-05) min lb tensor(-0.31476676)
Number of Verified Splits: 829 of 1314
Current worst splitting domains lb-rhs (depth):
-0.31477 (25), -0.27470 (26), -0.27150 (25), -0.26957 (25), -0.25523 (25), -0.25386 (26), -0.25316 (26), -0.24088 (26), -0.23742 (26), -0.23206 (26), -0.22892 (26), -0.22639 (26), -0.22433 (26), -0.21651 (26), -0.21389 (26), -0.21236 (26), -0.20749 (26), -0.20743 (26), -0.20140 (26), -0.20071 (25), 
Length of domains: 485
Current (lb-rhs): -0.3147667646408081
28762 domains visited
Time: pickout 0.0684    decision 0.1024    set_bounds 0.0283    solve 0.5821    add 0.0018    
Accumulated time: pickout 1.6725    decision 3.3158    set_bounds 0.6890    solve 13.8028    add 0.0708    
Cumulative time: 19.63859724998474

BaB round 22
batch: 485
splitting decisions: 
split level 0: [/input, 33] [/input, 56] [/input, 33] [/input, 33] [/input, 56] [/input, 56] [/input, 56] [/input, 56] [/input, 56] [/input, 56] 
best_l after optimization: -16.64809799194336
beta sum per layer: [1033.40185546875, 553.2145385742188]
alpha/beta optimization time: 0.5988638401031494
pruning_in_iteration open status: True
ratio of positive domain = 656 / 970 = 0.6762886597938145
pruning-in-iteration extra time: 0.028569936752319336
torch.Size([970, 1])
Time: prepare 0.0213    bound 0.5999    transfer 0.0009    finalize 0.0167    func 0.6390    
Accumulated time: func 14.4166    prepare 0.7592    bound 13.3721    transfer 0.0244    finalize 0.3275    
max lb tensor(9.99999975e-05) min lb tensor(-0.27760005)
Number of Verified Splits: 656 of 970
Current worst splitting domains lb-rhs (depth):
-0.27760 (26), -0.24318 (27), -0.23639 (26), -0.23424 (26), -0.22271 (27), -0.22186 (27), -0.22128 (27), -0.21856 (27), -0.21722 (26), -0.20728 (27), -0.20547 (26), -0.20363 (27), -0.19451 (27), -0.19431 (27), -0.19215 (27), -0.18940 (27), -0.18375 (27), -0.18189 (27), -0.18088 (27), -0.17820 (27), 
Length of domains: 314
Current (lb-rhs): -0.2776000499725342
29732 domains visited
Time: pickout 0.0578    decision 0.0951    set_bounds 0.0248    solve 0.6398    add 0.0029    
Accumulated time: pickout 1.7304    decision 3.4109    set_bounds 0.7138    solve 14.4426    add 0.0737    
Cumulative time: 20.46142077445984

BaB round 23
batch: 314
splitting decisions: 
split level 0: [/input, 56] [/input, 55] [/input, 33] [/input, 33] [/input, 194] [/input, 138] [/input, 194] [/input, 194] [/input, 56] [/input, 138] 
best_l after optimization: -10.71049976348877
beta sum per layer: [721.765625, 351.3789978027344]
alpha/beta optimization time: 0.8895556926727295
pruning_in_iteration open status: True
ratio of positive domain = 442 / 628 = 0.7038216560509554
pruning-in-iteration extra time: 0.047925472259521484
torch.Size([628, 1])
Time: prepare 0.0156    bound 0.8908    transfer 0.0022    finalize 0.0110    func 0.9198    
Accumulated time: func 15.3364    prepare 0.7764    bound 14.2628    transfer 0.0266    finalize 0.3385    
max lb tensor(9.99999975e-05) min lb tensor(-0.24563146)
Number of Verified Splits: 442 of 628
Current worst splitting domains lb-rhs (depth):
-0.24563 (27), -0.21335 (28), -0.20508 (28), -0.20350 (28), -0.20271 (27), -0.20084 (27), -0.19331 (28), -0.18960 (28), -0.18503 (27), -0.17927 (28), -0.17562 (28), -0.17116 (28), -0.16899 (28), -0.16666 (27), -0.16553 (28), -0.16113 (28), -0.15694 (28), -0.15182 (28), -0.15180 (28), -0.15054 (28), 
Length of domains: 186
Current (lb-rhs): -0.24563145637512207
30360 domains visited
Time: pickout 0.0367    decision 0.0994    set_bounds 0.0157    solve 0.9216    add 0.0026    
Accumulated time: pickout 1.7670    decision 3.5103    set_bounds 0.7296    solve 15.3643    add 0.0763    
Cumulative time: 21.539457321166992

BaB round 24
batch: 186
splitting decisions: 
split level 0: [/input, 55] [/input, 55] [/input-3, 77] [/input-3, 77] [/input-3, 77] [/input-3, 77] [/input-3, 77] [/input-3, 77] [/input-3, 77] [/input-3, 77] 
best_l after optimization: -7.137018203735352
beta sum per layer: [523.8917236328125, 153.34686279296875]
alpha/beta optimization time: 0.5548608303070068
pruning_in_iteration open status: True
ratio of positive domain = 252 / 372 = 0.6774193548387097
pruning-in-iteration extra time: 0.030773639678955078
torch.Size([372, 1])
Time: prepare 0.0095    bound 0.5558    transfer 0.0004    finalize 0.0095    func 0.5753    
Accumulated time: func 15.9117    prepare 0.7929    bound 14.8186    transfer 0.0270    finalize 0.3480    
max lb tensor(9.99999975e-05) min lb tensor(-0.21551228)
Number of Verified Splits: 252 of 372
Current worst splitting domains lb-rhs (depth):
-0.21551 (28), -0.18651 (29), -0.18520 (29), -0.18178 (29), -0.17727 (28), -0.17657 (29), -0.17528 (28), -0.17293 (29), -0.16174 (29), -0.15820 (29), -0.15466 (28), -0.15261 (29), -0.15031 (29), -0.14771 (29), -0.14379 (29), -0.13978 (29), -0.13922 (28), -0.13467 (29), -0.12844 (29), -0.12493 (29), 
Length of domains: 120
Current (lb-rhs): -0.21551227569580078
30732 domains visited
Time: pickout 0.0320    decision 0.1942    set_bounds 0.0093    solve 0.5760    add 0.0026    
Accumulated time: pickout 1.7990    decision 3.7045    set_bounds 0.7388    solve 15.9402    add 0.0790    
Cumulative time: 22.35465168952942

BaB round 25
batch: 120
splitting decisions: 
split level 0: [/input, 143] [/input, 55] [/input, 55] [/input, 143] [/input, 33] [/input, 138] [/input, 138] [/input, 33] [/input, 33] [/input, 33] 
best_l after optimization: -5.396396636962891
beta sum per layer: [405.782958984375, 90.3553466796875]
alpha/beta optimization time: 0.45787715911865234
pruning_in_iteration open status: True
ratio of positive domain = 158 / 240 = 0.6583333333333333
pruning-in-iteration extra time: 0.024953365325927734
torch.Size([240, 1])
Time: prepare 0.0057    bound 0.4588    transfer 0.0004    finalize 0.0113    func 0.4764    
Accumulated time: func 16.3882    prepare 0.7998    bound 15.2774    transfer 0.0274    finalize 0.3594    
max lb tensor(0.00035322) min lb tensor(-0.18864655)
Number of Verified Splits: 158 of 240
Current worst splitting domains lb-rhs (depth):
-0.18865 (29), -0.16580 (30), -0.16280 (30), -0.16105 (30), -0.15760 (30), -0.15577 (30), -0.14706 (30), -0.14513 (29), -0.14373 (29), -0.14368 (30), -0.12800 (29), -0.12459 (30), -0.12322 (30), -0.12039 (30), -0.11945 (30), -0.11890 (30), -0.11624 (30), -0.10845 (30), -0.10781 (29), -0.10578 (30), 
Length of domains: 82
Current (lb-rhs): -0.18864655494689941
30972 domains visited
Time: pickout 0.0161    decision 0.0318    set_bounds 0.0066    solve 0.4772    add 0.0014    
Accumulated time: pickout 1.8151    decision 3.7363    set_bounds 0.7454    solve 16.4174    add 0.0804    
Cumulative time: 22.88856267929077

BaB round 26
batch: 82
splitting decisions: 
split level 0: [/input, 33] [/input, 143] [/input, 55] [/input, 33] [/input, 55] [/input, 65] [/input, 33] [/input, 65] [/input, 65] [/input, 65] 
best_l after optimization: -4.060585021972656
beta sum per layer: [245.62689208984375, 40.83631134033203]
alpha/beta optimization time: 0.4509880542755127
pruning_in_iteration open status: True
ratio of positive domain = 94 / 164 = 0.5731707317073171
pruning-in-iteration extra time: 0.026726961135864258
torch.Size([164, 1])
Time: prepare 0.0043    bound 0.4520    transfer 0.0004    finalize 0.0018    func 0.4586    
Accumulated time: func 16.8468    prepare 0.8054    bound 15.7294    transfer 0.0279    finalize 0.3612    
max lb tensor(9.99999975e-05) min lb tensor(-0.15638727)
Number of Verified Splits: 94 of 164
Current worst splitting domains lb-rhs (depth):
-0.15639 (30), -0.14733 (31), -0.14589 (31), -0.14275 (31), -0.13959 (31), -0.13615 (31), -0.13283 (31), -0.12979 (31), -0.11266 (30), -0.11031 (30), -0.10580 (31), -0.10577 (31), -0.10500 (31), -0.10260 (31), -0.09721 (31), -0.09496 (30), -0.09435 (31), -0.08944 (30), -0.08880 (31), -0.08554 (31), 
Length of domains: 70
Current (lb-rhs): -0.15638726949691772
31136 domains visited
Time: pickout 0.0136    decision 0.0264    set_bounds 0.0046    solve 0.4591    add 0.0028    
Accumulated time: pickout 1.8287    decision 3.7627    set_bounds 0.7500    solve 16.8766    add 0.0832    
Cumulative time: 23.395662784576416

BaB round 27
batch: 70
splitting decisions: 
split level 0: [/input, 65] [/input, 143] [/input, 143] [/input, 65] [/input, 65] [/input, 65] [/input, 65] [/input, 65] [/input, 65] [/input, 65] 
best_l after optimization: -2.8650994300842285
beta sum per layer: [187.0022430419922, 28.050804138183594]
alpha/beta optimization time: 0.44884705543518066
pruning_in_iteration open status: True
ratio of positive domain = 83 / 140 = 0.5928571428571429
pruning-in-iteration extra time: 0.024230480194091797
torch.Size([140, 1])
Time: prepare 0.0041    bound 0.4499    transfer 0.0003    finalize 0.0019    func 0.4564    
Accumulated time: func 17.3032    prepare 0.8109    bound 16.1793    transfer 0.0282    finalize 0.3631    
max lb tensor(9.99999975e-05) min lb tensor(-0.13700676)
Number of Verified Splits: 83 of 140
Current worst splitting domains lb-rhs (depth):
-0.13701 (31), -0.12488 (32), -0.12320 (32), -0.12287 (32), -0.11905 (32), -0.11766 (32), -0.11413 (32), -0.11099 (32), -0.09312 (31), -0.09122 (32), -0.09061 (31), -0.09024 (32), -0.08628 (32), -0.08118 (32), -0.07852 (32), -0.07467 (31), -0.07420 (32), -0.06559 (31), -0.06165 (32), -0.05947 (32), 
Length of domains: 57
Current (lb-rhs): -0.1370067596435547
31276 domains visited
Time: pickout 0.0106    decision 0.0275    set_bounds 0.0042    solve 0.4570    add 0.0085    
Accumulated time: pickout 1.8393    decision 3.7902    set_bounds 0.7542    solve 17.3335    add 0.0918    
Cumulative time: 23.904329776763916

BaB round 28
batch: 57
splitting decisions: 
split level 0: [/input, 65] [/input, 44] [/input, 55] [/input, 44] [/input, 44] [/input, 44] [/input, 33] [/input, 33] [/input, 44] [/input, 44] 
best_l after optimization: -2.0630593299865723
beta sum per layer: [139.01629638671875, 14.278804779052734]
alpha/beta optimization time: 0.7670681476593018
pruning_in_iteration open status: True
ratio of positive domain = 71 / 114 = 0.6228070175438596
pruning-in-iteration extra time: 0.04254770278930664
torch.Size([114, 1])
Time: prepare 0.0032    bound 0.7682    transfer 0.0017    finalize 0.0049    func 0.7781    
Accumulated time: func 18.0812    prepare 0.8156    bound 16.9476    transfer 0.0299    finalize 0.3680    
max lb tensor(9.99999975e-05) min lb tensor(-0.11980188)
Number of Verified Splits: 71 of 114
Current worst splitting domains lb-rhs (depth):
-0.11980 (32), -0.10736 (33), -0.10734 (33), -0.10206 (33), -0.09900 (33), -0.09852 (33), -0.09626 (33), -0.09556 (33), -0.07550 (32), -0.07490 (33), -0.07292 (33), -0.07277 (32), -0.06535 (33), -0.06264 (33), -0.06098 (33), -0.05609 (33), -0.05608 (32), -0.04775 (32), -0.04705 (33), -0.04612 (33), 
Length of domains: 43
Current (lb-rhs): -0.11980187892913818
31390 domains visited
Time: pickout 0.0138    decision 0.0259    set_bounds 0.0032    solve 0.7787    add 0.0022    
Accumulated time: pickout 1.8531    decision 3.8161    set_bounds 0.7574    solve 18.1122    add 0.0939    
Cumulative time: 24.728567123413086

BaB round 29
batch: 43
splitting decisions: 
split level 0: [/input, 44] [/input, 44] [/input, 44] [/input, 44] [/input, 44] [/input, 44] [/input, 44] [/input, 44] [/input, 44] [/input, 44] 
best_l after optimization: -1.3988460302352905
beta sum per layer: [87.94376373291016, 8.256771087646484]
alpha/beta optimization time: 0.7988286018371582
pruning_in_iteration open status: True
ratio of positive domain = 50 / 86 = 0.5813953488372092
pruning-in-iteration extra time: 0.04221177101135254
torch.Size([86, 1])
Time: prepare 0.0051    bound 0.8001    transfer 0.0024    finalize 0.0089    func 0.8169    
Accumulated time: func 18.8981    prepare 0.8250    bound 17.7476    transfer 0.0323    finalize 0.3769    
max lb tensor(9.99999975e-05) min lb tensor(-0.10287237)
Number of Verified Splits: 50 of 86
Current worst splitting domains lb-rhs (depth):
-0.10287 (33), -0.09292 (34), -0.09132 (34), -0.08613 (34), -0.08306 (34), -0.07589 (34), -0.07169 (34), -0.06961 (34), -0.05752 (33), -0.05724 (34), -0.05438 (33), -0.05014 (34), -0.04840 (34), -0.04565 (34), -0.04491 (34), -0.03974 (34), -0.03971 (33), -0.03046 (33), -0.02284 (34), -0.02224 (34), 
Length of domains: 36
Current (lb-rhs): -0.10287237167358398
31476 domains visited
Time: pickout 0.0148    decision 0.0650    set_bounds 0.0029    solve 0.8178    add 0.0021    
Accumulated time: pickout 1.8679    decision 3.8811    set_bounds 0.7603    solve 18.9301    add 0.0960    
Cumulative time: 25.631561517715454

BaB round 30
batch: 36
splitting decisions: 
split level 0: [/input, 44] [/input, 56] [/input, 143] [/input, 56] [/input, 160] [/input, 160] [/input-3, 73] [/input, 44] [/input-3, 73] [/input-3, 35] 
best_l after optimization: -0.827584981918335
beta sum per layer: [62.54866027832031, 7.826702117919922]
alpha/beta optimization time: 0.8168032169342041
pruning_in_iteration open status: True
ratio of positive domain = 46 / 72 = 0.6388888888888888
pruning-in-iteration extra time: 0.0466458797454834
torch.Size([72, 1])
Time: prepare 0.0035    bound 0.8179    transfer 0.0017    finalize 0.0050    func 0.8282    
Accumulated time: func 19.7263    prepare 0.8334    bound 18.5655    transfer 0.0339    finalize 0.3819    
max lb tensor(9.99999975e-05) min lb tensor(-0.08682042)
Number of Verified Splits: 46 of 72
Current worst splitting domains lb-rhs (depth):
-0.08682 (34), -0.07960 (35), -0.06794 (35), -0.06201 (35), -0.05788 (35), -0.05743 (35), -0.05711 (35), -0.05341 (35), -0.04107 (34), -0.03787 (34), -0.03606 (35), -0.03090 (35), -0.02959 (35), -0.02539 (35), -0.02455 (34), -0.02448 (35), -0.02099 (35), -0.01407 (34), -0.00687 (35), -0.00551 (35), 
Length of domains: 26
Current (lb-rhs): -0.08682042360305786
31548 domains visited
Time: pickout 0.0125    decision 0.0629    set_bounds 0.0033    solve 0.8290    add 0.0020    
Accumulated time: pickout 1.8804    decision 3.9440    set_bounds 0.7636    solve 19.7591    add 0.0980    
Cumulative time: 26.541706800460815

BaB round 31
batch: 26
splitting decisions: 
split level 0: [/input, 160] [/input, 56] [/input-3, 35] [/input-3, 35] [/input-3, 73] [/input, 56] [/input, 56] [/input, 160] [/input, 160] [/input, 160] 
best_l after optimization: -0.46291905641555786
beta sum per layer: [31.644332885742188, 7.108078956604004]
alpha/beta optimization time: 1.0106747150421143
pruning_in_iteration open status: True
ratio of positive domain = 35 / 52 = 0.6730769230769231
pruning-in-iteration extra time: 0.060122013092041016
torch.Size([52, 1])
Time: prepare 0.0035    bound 1.0122    transfer 0.0018    finalize 0.0063    func 1.0239    
Accumulated time: func 20.7502    prepare 0.8418    bound 19.5777    transfer 0.0358    finalize 0.3882    
max lb tensor(9.99999975e-05) min lb tensor(-0.05863917)
Number of Verified Splits: 35 of 52
Current worst splitting domains lb-rhs (depth):
-0.05864 (35), -0.05819 (36), -0.05509 (36), -0.04409 (36), -0.04149 (36), -0.04009 (36), -0.04009 (36), -0.03595 (36), -0.02374 (35), -0.01665 (36), -0.01410 (36), -0.01243 (36), -0.01105 (36), -0.00889 (36), -0.00337 (35), -0.00227 (35), -0.00029 (35), 
Length of domains: 17
Current (lb-rhs): -0.05863916873931885
31600 domains visited
Time: pickout 0.0099    decision 0.0492    set_bounds 0.0025    solve 1.0247    add 0.0050    
Accumulated time: pickout 1.8903    decision 3.9933    set_bounds 0.7660    solve 20.7838    add 0.1030    
Cumulative time: 27.63386106491089

BaB round 32
batch: 17
splitting decisions: 
split level 0: [/input-3, 73] [/input, 197] [/input, 160] [/input, 56] [/input, 56] [/input, 160] [/input-3, 73] [/input, 160] [/input-3, 35] [/input, 197] 
split level 1: [/input, 197] [/input, 39] [/input-3, 73] [/input-3, 73] [/input-3, 73] [/input-3, 73] [/input, 39] [/input, 39] [/input, 39] [/input, 72] 
best_l after optimization: -0.1633523553609848
beta sum per layer: [16.469079971313477, 10.18033504486084]
alpha/beta optimization time: 0.9381132125854492
pruning_in_iteration open status: True
ratio of positive domain = 60 / 68 = 0.8823529411764706
pruning-in-iteration extra time: 0.05783200263977051
torch.Size([68, 1])
Time: prepare 0.0054    bound 0.9396    transfer 0.0017    finalize 0.0066    func 0.9535    
Accumulated time: func 21.7037    prepare 0.8532    bound 20.5173    transfer 0.0374    finalize 0.3947    
max lb tensor(9.99999975e-05) min lb tensor(-0.03515685)
Number of Verified Splits: 60 of 68
Current worst splitting domains lb-rhs (depth):
-0.03516 (38), -0.03074 (37), -0.02240 (38), -0.01970 (38), -0.01700 (38), -0.01588 (38), -0.01555 (38), -0.01293 (38), 
Length of domains: 8
Current (lb-rhs): -0.035156846046447754
31668 domains visited
Time: pickout 0.0137    decision 0.0638    set_bounds 0.0067    solve 0.9544    add 0.0021    
Accumulated time: pickout 1.9040    decision 4.0570    set_bounds 0.7728    solve 21.7382    add 0.1051    
Cumulative time: 28.675137281417847

BaB round 33
batch: 8
splitting decisions: 
split level 0: [/input, 197] [/input, 120] [/input, 120] [/input, 160] [/input, 160] [/input, 143] [/input, 143] [/input, 143] 
split level 1: [/input, 72] [/input, 39] [/input, 197] [/input-3, 35] [/input-3, 35] [/input, 72] [/input-3, 78] [/input-3, 78] 
split level 2: [/input, 219] [/input, 219] [/input, 39] [/input, 219] [/input, 219] [/input, 219] [/input, 219] [/input, 219] 

all verified at 0th iter
best_l after optimization: 8.941478729248047
beta sum per layer: [1.4413995742797852, 9.445061683654785]
alpha/beta optimization time: 0.009432315826416016
pruning_in_iteration open status: False
ratio of positive domain = 64 / 64 = 1.0
pruning-in-iteration extra time: 0.0003223419189453125
torch.Size([64, 1])
Time: prepare 0.0037    bound 0.0108    transfer 0.0008    finalize 0.0066    func 0.0220    
Accumulated time: func 21.7257    prepare 0.8619    bound 20.5281    transfer 0.0383    finalize 0.4013    
max lb tensor(0.52334166) min lb tensor(0.00208032)
Number of Verified Splits: 64 of 64
Length of domains: 0
No domains left, verification finished!
Current (lb-rhs): 1.0000000116860974e-07
31732 domains visited
Time: pickout 0.0096    decision 0.0551    set_bounds 0.0060    solve 0.0231    add 0.0003    
Accumulated time: pickout 1.9136    decision 4.1122    set_bounds 0.7788    solve 21.7613    add 0.1054    
Time out!!!!!!!!
Result: unknown in 30.0244 seconds

 %%%%%%%%%%%%%%%%%%%%%%%%%%%%%%%%%%% idx: 79, vnnlib ID: 79 %%%%%%%%%%%%%%%%%%%%%%%%%%%%%%%%%%%
Finished vnnlib processing in 0.007536 seconds
Model: BoundedModule(
  (/0): BoundInput(name=/0, inputs=[], perturbed=True)
  (/7): BoundParams(name=/7, inputs=[], perturbed=False)
  (/8): BoundParams(name=/8, inputs=[], perturbed=False)
  (/9): BoundParams(name=/9, inputs=[], perturbed=False)
  (/10): BoundParams(name=/10, inputs=[], perturbed=False)
  (/11): BoundParams(name=/11, inputs=[], perturbed=False)
  (/12): BoundParams(name=/12, inputs=[], perturbed=False)
  (/13): BoundFlatten(name=/13, inputs=[/0], perturbed=True)
  (/input): BoundLinear(name=/input, inputs=[/13, /7, /8], perturbed=True)
  (/15): BoundRelu(name=/15, inputs=[/input], perturbed=True)
  (/input-3): BoundLinear(name=/input-3, inputs=[/15, /9, /10], perturbed=True)
  (/17): BoundRelu(name=/17, inputs=[/input-3], perturbed=True)
  (/18): BoundLinear(name=/18, inputs=[/17, /11, /12], perturbed=True)
)
Original output in the first batch: tensor([[ -4.75340748,  -3.62604618,   1.52733850,   1.21014273,  -6.64585495,
          -7.59498692, -21.33079147,  10.90746880,   0.14089027,  -1.20119345]],
       device='cuda:0')
Split layers:
Nonlinear functions:
   BoundRelu(name=/15, inputs=[/input], perturbed=True)
   BoundRelu(name=/17, inputs=[/input-3], perturbed=True)
build batch [1/1]
layer /15 using sparse-features alpha with shape [53]; unstable size 53; total size 256 ([1, 256])
layer /15 start_node /input-3 using sparse-spec alpha [2, 24, 1, 53] with unstable size 23 total_size 128 output_shape torch.Size([128])
layer /15 start_node /18 using full alpha [2, 9, 1, 53] with unstable size None total_size 9 output_shape 9
layer /17 using sparse-features alpha with shape [23]; unstable size 23; total size 128 ([1, 128])
layer /17 start_node /18 using full alpha [2, 9, 1, 23] with unstable size None total_size 9 output_shape 9
Optimizable variables initialized.
initial CROWN bounds (first 10 items): [11.452367782592773, 11.558399200439453, 5.10565710067749, 6.2903971672058105, 14.193313598632812, 13.80505657196045, 26.45291519165039, 6.057900428771973, 8.607189178466797]
Verified with initial CROWN!
verified with init bound!
Result: safe-incomplete in 0.3998 seconds

 %%%%%%%%%%%%%%%%%%%%%%%%%%%%%%%%%%% idx: 80, vnnlib ID: 80 %%%%%%%%%%%%%%%%%%%%%%%%%%%%%%%%%%%
Finished vnnlib processing in 0.009498 seconds
Model: BoundedModule(
  (/0): BoundInput(name=/0, inputs=[], perturbed=True)
  (/7): BoundParams(name=/7, inputs=[], perturbed=False)
  (/8): BoundParams(name=/8, inputs=[], perturbed=False)
  (/9): BoundParams(name=/9, inputs=[], perturbed=False)
  (/10): BoundParams(name=/10, inputs=[], perturbed=False)
  (/11): BoundParams(name=/11, inputs=[], perturbed=False)
  (/12): BoundParams(name=/12, inputs=[], perturbed=False)
  (/13): BoundFlatten(name=/13, inputs=[/0], perturbed=True)
  (/input): BoundLinear(name=/input, inputs=[/13, /7, /8], perturbed=True)
  (/15): BoundRelu(name=/15, inputs=[/input], perturbed=True)
  (/input-3): BoundLinear(name=/input-3, inputs=[/15, /9, /10], perturbed=True)
  (/17): BoundRelu(name=/17, inputs=[/input-3], perturbed=True)
  (/18): BoundLinear(name=/18, inputs=[/17, /11, /12], perturbed=True)
)
Original output in the first batch: tensor([[ -1.39256644,  -3.07094979,  -4.68531466,  -4.28303385,  -0.76768941,
          -1.41510248, -11.53651524,   8.35695457,  -5.85941267,   2.66713977]],
       device='cuda:0')
Split layers:
Nonlinear functions:
   BoundRelu(name=/15, inputs=[/input], perturbed=True)
   BoundRelu(name=/17, inputs=[/input-3], perturbed=True)
build batch [1/1]
layer /15 using sparse-features alpha with shape [80]; unstable size 80; total size 256 ([1, 256])
layer /15 start_node /input-3 using sparse-spec alpha [2, 40, 1, 80] with unstable size 39 total_size 128 output_shape torch.Size([128])
layer /15 start_node /18 using full alpha [2, 9, 1, 80] with unstable size None total_size 9 output_shape 9
layer /17 using sparse-features alpha with shape [39]; unstable size 39; total size 128 ([1, 128])
layer /17 start_node /18 using full alpha [2, 9, 1, 39] with unstable size None total_size 9 output_shape 9
Optimizable variables initialized.
initial CROWN bounds (first 10 items): [5.394162178039551, 7.129678726196289, 8.423272132873535, 7.930899620056152, 3.3225388526916504, 3.4672372341156006, 13.452286720275879, 8.607248306274414, 0.5304572582244873]
Verified with initial CROWN!
verified with init bound!
Result: safe-incomplete in 0.3481 seconds

 %%%%%%%%%%%%%%%%%%%%%%%%%%%%%%%%%%% idx: 81, vnnlib ID: 81 %%%%%%%%%%%%%%%%%%%%%%%%%%%%%%%%%%%
Finished vnnlib processing in 0.007602 seconds
Model: BoundedModule(
  (/0): BoundInput(name=/0, inputs=[], perturbed=True)
  (/7): BoundParams(name=/7, inputs=[], perturbed=False)
  (/8): BoundParams(name=/8, inputs=[], perturbed=False)
  (/9): BoundParams(name=/9, inputs=[], perturbed=False)
  (/10): BoundParams(name=/10, inputs=[], perturbed=False)
  (/11): BoundParams(name=/11, inputs=[], perturbed=False)
  (/12): BoundParams(name=/12, inputs=[], perturbed=False)
  (/13): BoundFlatten(name=/13, inputs=[/0], perturbed=True)
  (/input): BoundLinear(name=/input, inputs=[/13, /7, /8], perturbed=True)
  (/15): BoundRelu(name=/15, inputs=[/input], perturbed=True)
  (/input-3): BoundLinear(name=/input-3, inputs=[/15, /9, /10], perturbed=True)
  (/17): BoundRelu(name=/17, inputs=[/input-3], perturbed=True)
  (/18): BoundLinear(name=/18, inputs=[/17, /11, /12], perturbed=True)
)
Original output in the first batch: tensor([[ 0.60199678, -2.19489813, -1.06817734, -7.15759611, -2.90779138,
         -0.78798974,  5.36109734, -4.61225271, -2.20505452, -0.11808200]],
       device='cuda:0')
Split layers:
Nonlinear functions:
   BoundRelu(name=/15, inputs=[/input], perturbed=True)
   BoundRelu(name=/17, inputs=[/input-3], perturbed=True)
build batch [1/1]
layer /15 using sparse-features alpha with shape [74]; unstable size 74; total size 256 ([1, 256])
layer /15 start_node /input-3 using sparse-spec alpha [2, 44, 1, 74] with unstable size 43 total_size 128 output_shape torch.Size([128])
layer /15 start_node /18 using full alpha [2, 9, 1, 74] with unstable size None total_size 9 output_shape 9
layer /17 using sparse-features alpha with shape [43]; unstable size 43; total size 128 ([1, 128])
layer /17 start_node /18 using full alpha [2, 9, 1, 43] with unstable size None total_size 9 output_shape 9
Optimizable variables initialized.
initial CROWN bounds (first 10 items): [0.3698984384536743, 2.3784892559051514, 0.41228699684143066, 6.3906097412109375, 2.836027145385742, 0.8270306587219238, 3.2733042240142822, 2.768367052078247, -0.7659101486206055]
prune_after_crown optimization in use
  original spec size = torch.Size([1, 9])
  pruned spec size = torch.Size([1, 1])
Using alpha-CROWN to initialize bounds.
best_l after optimization: -0.3793518543243408
alpha/beta optimization time: 2.4513068199157715
initial alpha-crown bounds (first 10 items): [-0.3793518543243408]
Global lower bound: -0.3793518543243408
torch.Size([1, 1])
8 / 9 OR specs are verified.
Verified OR indices (first 10 items): [0, 1, 2, 3, 4, 5, 6, 7]
Verified OR lbs (first 10 items): [[inf], [inf], [inf], [inf], [inf], [inf], [inf], [inf]]
Unverified OR indices (first 10 items): [8]
Unverified OR lbs (first 10 items): [[-0.3793518543243408]]
###### Verifying property Instance 81 ######
Batch size: 1
First 10 spec matrices
C: tensor([[[ 0.,  0.,  0.,  0.,  0.,  0.,  1.,  0.,  0., -1.]]], device='cuda:0')
RHS: tensor([[0.]], device='cuda:0')
OR spec sizes: tensor([1], device='cuda:0', dtype=torch.int32)
Remaining timeout: 29.09863805770874
Model prediction is: tensor([ 0.60199678, -2.19489813, -1.06817734, -7.15759611, -2.90779138,
        -0.78798974,  5.36109734, -4.61225271, -2.20505452, -0.11808200],
       device='cuda:0')
Activation BaB batch 1/1 
build_with_refined_bounds batch [1/1]
Optimizable variables initialized.
all alpha initialized
directly get lb and ub from refined bounds
c shape: torch.Size([1, 1, 10])
lA shapes: [torch.Size([1, 1, 256]), torch.Size([1, 1, 128])]
torch.Size([1, 1])
(alpha-)CROWN with fixed intermediate bounds: tensor([[-0.37935185]], device='cuda:0') tensor([[inf]], device='cuda:0')
Intermediate layers: /input,/input-3
Keeping alphas for these layers: ['/18']
Node /15 input 0: size torch.Size([256]) unstable 74
Node /17 input 0: size torch.Size([128]) unstable 43
-----------------
# of unstable neurons: 117
-----------------

BaB round 1
batch: 1
splitting decisions: 
split level 0: [/input, 125] 
split level 1: [/input, 132] 
split level 2: [/input-3, 119] 
split level 3: [/input-3, 79] 
split level 4: [/input-3, 36] 
split level 5: [/input-3, 14] 

all verified at 0th iter
best_l after optimization: 39.837406158447266
beta sum per layer: [0.0, 0.0]
alpha/beta optimization time: 0.007749080657958984
pruning_in_iteration open status: False
ratio of positive domain = 64 / 64 = 1.0
pruning-in-iteration extra time: 0.002031087875366211
torch.Size([64, 1])
Time: prepare 0.0024    bound 0.0106    transfer 0.0024    finalize 0.0056    func 0.0213    
Accumulated time: func 0.0213    prepare 0.0143    bound 0.0106    transfer 0.0024    finalize 0.0056    
max lb tensor(1.05460393) min lb tensor(0.16106606)
Number of Verified Splits: 64 of 64
Length of domains: 0
No domains left, verification finished!
Current (lb-rhs): 1.0000000116860974e-07
64 domains visited
Time: pickout 0.0007    decision 0.0635    set_bounds 0.0044    solve 0.0219    add 0.0003    
Accumulated time: pickout 0.0007    decision 0.0635    set_bounds 0.0044    solve 0.0219    add 0.0003    
Cumulative time: 0.1218571662902832

Result: safe in 1.0263 seconds

 %%%%%%%%%%%%%%%%%%%%%%%%%%%%%%%%%%% idx: 82, vnnlib ID: 82 %%%%%%%%%%%%%%%%%%%%%%%%%%%%%%%%%%%
Finished vnnlib processing in 0.008145 seconds
Model: BoundedModule(
  (/0): BoundInput(name=/0, inputs=[], perturbed=True)
  (/7): BoundParams(name=/7, inputs=[], perturbed=False)
  (/8): BoundParams(name=/8, inputs=[], perturbed=False)
  (/9): BoundParams(name=/9, inputs=[], perturbed=False)
  (/10): BoundParams(name=/10, inputs=[], perturbed=False)
  (/11): BoundParams(name=/11, inputs=[], perturbed=False)
  (/12): BoundParams(name=/12, inputs=[], perturbed=False)
  (/13): BoundFlatten(name=/13, inputs=[/0], perturbed=True)
  (/input): BoundLinear(name=/input, inputs=[/13, /7, /8], perturbed=True)
  (/15): BoundRelu(name=/15, inputs=[/input], perturbed=True)
  (/input-3): BoundLinear(name=/input-3, inputs=[/15, /9, /10], perturbed=True)
  (/17): BoundRelu(name=/17, inputs=[/input-3], perturbed=True)
  (/18): BoundLinear(name=/18, inputs=[/17, /11, /12], perturbed=True)
)
Original output in the first batch: tensor([[-3.20955515, -0.45353636, 13.29957581,  0.23680535, -4.59351826,
         -8.87521267, -8.92163563, -0.11306100, -0.18337712, -8.53866386]],
       device='cuda:0')
Split layers:
Nonlinear functions:
   BoundRelu(name=/15, inputs=[/input], perturbed=True)
   BoundRelu(name=/17, inputs=[/input-3], perturbed=True)
build batch [1/1]
layer /15 using sparse-features alpha with shape [53]; unstable size 53; total size 256 ([1, 256])
layer /15 start_node /input-3 using sparse-spec alpha [2, 26, 1, 53] with unstable size 25 total_size 128 output_shape torch.Size([128])
layer /15 start_node /18 using full alpha [2, 9, 1, 53] with unstable size None total_size 9 output_shape 9
layer /17 using sparse-features alpha with shape [25]; unstable size 25; total size 128 ([1, 128])
layer /17 start_node /18 using full alpha [2, 9, 1, 25] with unstable size None total_size 9 output_shape 9
Optimizable variables initialized.
initial CROWN bounds (first 10 items): [13.504902839660645, 11.710976600646973, 10.65869426727295, 13.913142204284668, 18.596920013427734, 18.730148315429688, 10.456825256347656, 10.463400840759277, 17.715465545654297]
Verified with initial CROWN!
verified with init bound!
Result: safe-incomplete in 0.3635 seconds

 %%%%%%%%%%%%%%%%%%%%%%%%%%%%%%%%%%% idx: 83, vnnlib ID: 83 %%%%%%%%%%%%%%%%%%%%%%%%%%%%%%%%%%%
Finished vnnlib processing in 0.014480 seconds
Model: BoundedModule(
  (/0): BoundInput(name=/0, inputs=[], perturbed=True)
  (/7): BoundParams(name=/7, inputs=[], perturbed=False)
  (/8): BoundParams(name=/8, inputs=[], perturbed=False)
  (/9): BoundParams(name=/9, inputs=[], perturbed=False)
  (/10): BoundParams(name=/10, inputs=[], perturbed=False)
  (/11): BoundParams(name=/11, inputs=[], perturbed=False)
  (/12): BoundParams(name=/12, inputs=[], perturbed=False)
  (/13): BoundFlatten(name=/13, inputs=[/0], perturbed=True)
  (/input): BoundLinear(name=/input, inputs=[/13, /7, /8], perturbed=True)
  (/15): BoundRelu(name=/15, inputs=[/input], perturbed=True)
  (/input-3): BoundLinear(name=/input-3, inputs=[/15, /9, /10], perturbed=True)
  (/17): BoundRelu(name=/17, inputs=[/input-3], perturbed=True)
  (/18): BoundLinear(name=/18, inputs=[/17, /11, /12], perturbed=True)
)
Original output in the first batch: tensor([[ -1.40589726,  -3.36110067,  -2.58059096,  -2.80342126,  -3.18315172,
          -2.73263025, -13.23323345,  10.77332020,  -5.11441278,   1.80569828]],
       device='cuda:0')
Split layers:
Nonlinear functions:
   BoundRelu(name=/15, inputs=[/input], perturbed=True)
   BoundRelu(name=/17, inputs=[/input-3], perturbed=True)
build batch [1/1]
layer /15 using sparse-features alpha with shape [58]; unstable size 58; total size 256 ([1, 256])
layer /15 start_node /input-3 using sparse-spec alpha [2, 37, 1, 58] with unstable size 36 total_size 128 output_shape torch.Size([128])
layer /15 start_node /18 using full alpha [2, 9, 1, 58] with unstable size None total_size 9 output_shape 9
layer /17 using sparse-features alpha with shape [36]; unstable size 36; total size 128 ([1, 128])
layer /17 start_node /18 using full alpha [2, 9, 1, 36] with unstable size None total_size 9 output_shape 9
Optimizable variables initialized.
initial CROWN bounds (first 10 items): [7.6534271240234375, 10.041377067565918, 9.04275131225586, 8.895323753356934, 8.736705780029297, 7.615967750549316, 17.334121704101562, 10.467780113220215, 4.651334762573242]
Verified with initial CROWN!
verified with init bound!
Result: safe-incomplete in 0.3306 seconds

 %%%%%%%%%%%%%%%%%%%%%%%%%%%%%%%%%%% idx: 84, vnnlib ID: 84 %%%%%%%%%%%%%%%%%%%%%%%%%%%%%%%%%%%
Finished vnnlib processing in 0.008535 seconds
Model: BoundedModule(
  (/0): BoundInput(name=/0, inputs=[], perturbed=True)
  (/7): BoundParams(name=/7, inputs=[], perturbed=False)
  (/8): BoundParams(name=/8, inputs=[], perturbed=False)
  (/9): BoundParams(name=/9, inputs=[], perturbed=False)
  (/10): BoundParams(name=/10, inputs=[], perturbed=False)
  (/11): BoundParams(name=/11, inputs=[], perturbed=False)
  (/12): BoundParams(name=/12, inputs=[], perturbed=False)
  (/13): BoundFlatten(name=/13, inputs=[/0], perturbed=True)
  (/input): BoundLinear(name=/input, inputs=[/13, /7, /8], perturbed=True)
  (/15): BoundRelu(name=/15, inputs=[/input], perturbed=True)
  (/input-3): BoundLinear(name=/input-3, inputs=[/15, /9, /10], perturbed=True)
  (/17): BoundRelu(name=/17, inputs=[/input-3], perturbed=True)
  (/18): BoundLinear(name=/18, inputs=[/17, /11, /12], perturbed=True)
)
Original output in the first batch: tensor([[-5.69501257, -3.72130895, -3.05451369, -2.32870436, -1.33145070,
          1.09465110, -0.56899285, -6.28319168,  7.19095135, -5.09690046]],
       device='cuda:0')
Split layers:
Nonlinear functions:
   BoundRelu(name=/15, inputs=[/input], perturbed=True)
   BoundRelu(name=/17, inputs=[/input-3], perturbed=True)
build batch [1/1]
layer /15 using sparse-features alpha with shape [72]; unstable size 72; total size 256 ([1, 256])
layer /15 start_node /input-3 using sparse-spec alpha [2, 33, 1, 72] with unstable size 32 total_size 128 output_shape torch.Size([128])
layer /15 start_node /18 using full alpha [2, 9, 1, 72] with unstable size None total_size 9 output_shape 9
layer /17 using sparse-features alpha with shape [32]; unstable size 32; total size 128 ([1, 128])
layer /17 start_node /18 using full alpha [2, 9, 1, 32] with unstable size None total_size 9 output_shape 9
Optimizable variables initialized.
initial CROWN bounds (first 10 items): [9.811293601989746, 7.885499954223633, 6.5148701667785645, 6.191190242767334, 4.4166083335876465, 1.5688714981079102, 4.374183177947998, 9.296404838562012, 8.52392864227295]
Verified with initial CROWN!
verified with init bound!
Result: safe-incomplete in 0.3367 seconds

 %%%%%%%%%%%%%%%%%%%%%%%%%%%%%%%%%%% idx: 85, vnnlib ID: 85 %%%%%%%%%%%%%%%%%%%%%%%%%%%%%%%%%%%
Finished vnnlib processing in 0.009236 seconds
Model: BoundedModule(
  (/0): BoundInput(name=/0, inputs=[], perturbed=True)
  (/7): BoundParams(name=/7, inputs=[], perturbed=False)
  (/8): BoundParams(name=/8, inputs=[], perturbed=False)
  (/9): BoundParams(name=/9, inputs=[], perturbed=False)
  (/10): BoundParams(name=/10, inputs=[], perturbed=False)
  (/11): BoundParams(name=/11, inputs=[], perturbed=False)
  (/12): BoundParams(name=/12, inputs=[], perturbed=False)
  (/13): BoundFlatten(name=/13, inputs=[/0], perturbed=True)
  (/input): BoundLinear(name=/input, inputs=[/13, /7, /8], perturbed=True)
  (/15): BoundRelu(name=/15, inputs=[/input], perturbed=True)
  (/input-3): BoundLinear(name=/input-3, inputs=[/15, /9, /10], perturbed=True)
  (/17): BoundRelu(name=/17, inputs=[/input-3], perturbed=True)
  (/18): BoundLinear(name=/18, inputs=[/17, /11, /12], perturbed=True)
)
Original output in the first batch: tensor([[-12.78998470,  -5.80758095,  -9.17274475,  -8.48033524,  17.41563797,
          -1.49576938, -10.67071819,  -4.92643356,  -3.26440597,   1.22844446]],
       device='cuda:0')
Split layers:
Nonlinear functions:
   BoundRelu(name=/15, inputs=[/input], perturbed=True)
   BoundRelu(name=/17, inputs=[/input-3], perturbed=True)
build batch [1/1]
layer /15 using sparse-features alpha with shape [42]; unstable size 42; total size 256 ([1, 256])
layer /15 start_node /input-3 using sparse-spec alpha [2, 24, 1, 42] with unstable size 23 total_size 128 output_shape torch.Size([128])
layer /15 start_node /18 using full alpha [2, 9, 1, 42] with unstable size None total_size 9 output_shape 9
layer /17 using sparse-features alpha with shape [23]; unstable size 23; total size 128 ([1, 128])
layer /17 start_node /18 using full alpha [2, 9, 1, 23] with unstable size None total_size 9 output_shape 9
Optimizable variables initialized.
initial CROWN bounds (first 10 items): [26.547286987304688, 20.459346771240234, 23.10021209716797, 21.500198364257812, 14.56552791595459, 23.977916717529297, 19.349891662597656, 16.492822647094727, 12.689000129699707]
Verified with initial CROWN!
verified with init bound!
Result: safe-incomplete in 0.3137 seconds

 %%%%%%%%%%%%%%%%%%%%%%%%%%%%%%%%%%% idx: 86, vnnlib ID: 86 %%%%%%%%%%%%%%%%%%%%%%%%%%%%%%%%%%%
Finished vnnlib processing in 0.007948 seconds
Model: BoundedModule(
  (/0): BoundInput(name=/0, inputs=[], perturbed=True)
  (/7): BoundParams(name=/7, inputs=[], perturbed=False)
  (/8): BoundParams(name=/8, inputs=[], perturbed=False)
  (/9): BoundParams(name=/9, inputs=[], perturbed=False)
  (/10): BoundParams(name=/10, inputs=[], perturbed=False)
  (/11): BoundParams(name=/11, inputs=[], perturbed=False)
  (/12): BoundParams(name=/12, inputs=[], perturbed=False)
  (/13): BoundFlatten(name=/13, inputs=[/0], perturbed=True)
  (/input): BoundLinear(name=/input, inputs=[/13, /7, /8], perturbed=True)
  (/15): BoundRelu(name=/15, inputs=[/input], perturbed=True)
  (/input-3): BoundLinear(name=/input-3, inputs=[/15, /9, /10], perturbed=True)
  (/17): BoundRelu(name=/17, inputs=[/input-3], perturbed=True)
  (/18): BoundLinear(name=/18, inputs=[/17, /11, /12], perturbed=True)
)
Original output in the first batch: tensor([[ -3.50205660,  -2.21142197,   2.07468510,   0.67200857,  -8.10237408,
          -6.72087860, -16.77965355,  10.61212063,  -0.59182340,  -2.57198954]],
       device='cuda:0')
Split layers:
Nonlinear functions:
   BoundRelu(name=/15, inputs=[/input], perturbed=True)
   BoundRelu(name=/17, inputs=[/input-3], perturbed=True)
build batch [1/1]
layer /15 using sparse-features alpha with shape [56]; unstable size 56; total size 256 ([1, 256])
layer /15 start_node /input-3 using sparse-spec alpha [2, 28, 1, 56] with unstable size 27 total_size 128 output_shape torch.Size([128])
layer /15 start_node /18 using full alpha [2, 9, 1, 56] with unstable size None total_size 9 output_shape 9
layer /17 using sparse-features alpha with shape [27]; unstable size 27; total size 128 ([1, 128])
layer /17 start_node /18 using full alpha [2, 9, 1, 27] with unstable size None total_size 9 output_shape 9
Optimizable variables initialized.
initial CROWN bounds (first 10 items): [9.323015213012695, 9.583514213562012, 4.1942315101623535, 6.323519229888916, 14.94515323638916, 12.360271453857422, 20.840059280395508, 6.3451642990112305, 9.123750686645508]
Verified with initial CROWN!
verified with init bound!
Result: safe-incomplete in 0.3190 seconds

 %%%%%%%%%%%%%%%%%%%%%%%%%%%%%%%%%%% idx: 87, vnnlib ID: 87 %%%%%%%%%%%%%%%%%%%%%%%%%%%%%%%%%%%
Finished vnnlib processing in 0.008225 seconds
Model: BoundedModule(
  (/0): BoundInput(name=/0, inputs=[], perturbed=True)
  (/7): BoundParams(name=/7, inputs=[], perturbed=False)
  (/8): BoundParams(name=/8, inputs=[], perturbed=False)
  (/9): BoundParams(name=/9, inputs=[], perturbed=False)
  (/10): BoundParams(name=/10, inputs=[], perturbed=False)
  (/11): BoundParams(name=/11, inputs=[], perturbed=False)
  (/12): BoundParams(name=/12, inputs=[], perturbed=False)
  (/13): BoundFlatten(name=/13, inputs=[/0], perturbed=True)
  (/input): BoundLinear(name=/input, inputs=[/13, /7, /8], perturbed=True)
  (/15): BoundRelu(name=/15, inputs=[/input], perturbed=True)
  (/input-3): BoundLinear(name=/input-3, inputs=[/15, /9, /10], perturbed=True)
  (/17): BoundRelu(name=/17, inputs=[/input-3], perturbed=True)
  (/18): BoundLinear(name=/18, inputs=[/17, /11, /12], perturbed=True)
)
Original output in the first batch: tensor([[ -6.73355198,  -2.17781568,  -1.99822962,   9.94541359,  -5.09470940,
          -0.37450057, -11.21110916,   0.16358061,  -4.12330627,  -1.42412436]],
       device='cuda:0')
Split layers:
Nonlinear functions:
   BoundRelu(name=/15, inputs=[/input], perturbed=True)
   BoundRelu(name=/17, inputs=[/input-3], perturbed=True)
build batch [1/1]
layer /15 using sparse-features alpha with shape [68]; unstable size 68; total size 256 ([1, 256])
layer /15 start_node /input-3 using sparse-spec alpha [2, 43, 1, 68] with unstable size 42 total_size 128 output_shape torch.Size([128])
layer /15 start_node /18 using full alpha [2, 9, 1, 68] with unstable size None total_size 9 output_shape 9
layer /17 using sparse-features alpha with shape [42]; unstable size 42; total size 128 ([1, 128])
layer /17 start_node /18 using full alpha [2, 9, 1, 42] with unstable size None total_size 9 output_shape 9
Optimizable variables initialized.
initial CROWN bounds (first 10 items): [11.269942283630371, 7.734955310821533, 7.522548675537109, 9.19461727142334, 5.83806037902832, 15.281634330749512, 4.250266075134277, 10.70174789428711, 6.668935775756836]
Verified with initial CROWN!
verified with init bound!
Result: safe-incomplete in 0.3023 seconds

 %%%%%%%%%%%%%%%%%%%%%%%%%%%%%%%%%%% idx: 88, vnnlib ID: 88 %%%%%%%%%%%%%%%%%%%%%%%%%%%%%%%%%%%
Finished vnnlib processing in 0.009391 seconds
Model: BoundedModule(
  (/0): BoundInput(name=/0, inputs=[], perturbed=True)
  (/7): BoundParams(name=/7, inputs=[], perturbed=False)
  (/8): BoundParams(name=/8, inputs=[], perturbed=False)
  (/9): BoundParams(name=/9, inputs=[], perturbed=False)
  (/10): BoundParams(name=/10, inputs=[], perturbed=False)
  (/11): BoundParams(name=/11, inputs=[], perturbed=False)
  (/12): BoundParams(name=/12, inputs=[], perturbed=False)
  (/13): BoundFlatten(name=/13, inputs=[/0], perturbed=True)
  (/input): BoundLinear(name=/input, inputs=[/13, /7, /8], perturbed=True)
  (/15): BoundRelu(name=/15, inputs=[/input], perturbed=True)
  (/input-3): BoundLinear(name=/input-3, inputs=[/15, /9, /10], perturbed=True)
  (/17): BoundRelu(name=/17, inputs=[/input-3], perturbed=True)
  (/18): BoundLinear(name=/18, inputs=[/17, /11, /12], perturbed=True)
)
Original output in the first batch: tensor([[ -0.51726097,  -4.02888823,  -2.49721718, -10.29336929,   1.75465465,
          -0.27187997,  11.24418354,  -7.74318409,  -2.48093033,  -7.41745520]],
       device='cuda:0')
Split layers:
Nonlinear functions:
   BoundRelu(name=/15, inputs=[/input], perturbed=True)
   BoundRelu(name=/17, inputs=[/input-3], perturbed=True)
build batch [1/1]
layer /15 using sparse-features alpha with shape [63]; unstable size 63; total size 256 ([1, 256])
layer /15 start_node /input-3 using sparse-spec alpha [2, 26, 1, 63] with unstable size 25 total_size 128 output_shape torch.Size([128])
layer /15 start_node /18 using full alpha [2, 9, 1, 63] with unstable size None total_size 9 output_shape 9
layer /17 using sparse-features alpha with shape [25]; unstable size 25; total size 128 ([1, 128])
layer /17 start_node /18 using full alpha [2, 9, 1, 25] with unstable size None total_size 9 output_shape 9
Optimizable variables initialized.
initial CROWN bounds (first 10 items): [8.527700424194336, 12.339022636413574, 9.877821922302246, 17.257400512695312, 5.182158470153809, 7.473049640655518, 14.801441192626953, 10.079529762268066, 13.776389122009277]
Verified with initial CROWN!
verified with init bound!
Result: safe-incomplete in 0.3249 seconds

 %%%%%%%%%%%%%%%%%%%%%%%%%%%%%%%%%%% idx: 89, vnnlib ID: 89 %%%%%%%%%%%%%%%%%%%%%%%%%%%%%%%%%%%
Finished vnnlib processing in 0.008583 seconds
Model: BoundedModule(
  (/0): BoundInput(name=/0, inputs=[], perturbed=True)
  (/7): BoundParams(name=/7, inputs=[], perturbed=False)
  (/8): BoundParams(name=/8, inputs=[], perturbed=False)
  (/9): BoundParams(name=/9, inputs=[], perturbed=False)
  (/10): BoundParams(name=/10, inputs=[], perturbed=False)
  (/11): BoundParams(name=/11, inputs=[], perturbed=False)
  (/12): BoundParams(name=/12, inputs=[], perturbed=False)
  (/13): BoundFlatten(name=/13, inputs=[/0], perturbed=True)
  (/input): BoundLinear(name=/input, inputs=[/13, /7, /8], perturbed=True)
  (/15): BoundRelu(name=/15, inputs=[/input], perturbed=True)
  (/input-3): BoundLinear(name=/input-3, inputs=[/15, /9, /10], perturbed=True)
  (/17): BoundRelu(name=/17, inputs=[/input-3], perturbed=True)
  (/18): BoundLinear(name=/18, inputs=[/17, /11, /12], perturbed=True)
)
Original output in the first batch: tensor([[-7.66539860,  8.75103951, -1.07795942, -2.84878182, -1.75865102,
         -3.48646903, -5.26888466,  0.05186577, -1.29577744, -8.91123486]],
       device='cuda:0')
Split layers:
Nonlinear functions:
   BoundRelu(name=/15, inputs=[/input], perturbed=True)
   BoundRelu(name=/17, inputs=[/input-3], perturbed=True)
build batch [1/1]
layer /15 using sparse-features alpha with shape [88]; unstable size 88; total size 256 ([1, 256])
layer /15 start_node /input-3 using sparse-spec alpha [2, 44, 1, 88] with unstable size 43 total_size 128 output_shape torch.Size([128])
layer /15 start_node /18 using full alpha [2, 9, 1, 88] with unstable size None total_size 9 output_shape 9
layer /17 using sparse-features alpha with shape [43]; unstable size 43; total size 128 ([1, 128])
layer /17 start_node /18 using full alpha [2, 9, 1, 43] with unstable size None total_size 9 output_shape 9
Optimizable variables initialized.
initial CROWN bounds (first 10 items): [11.163252830505371, 4.185103416442871, 5.926348686218262, 5.059236526489258, 6.175367832183838, 8.21200180053711, 3.9619784355163574, 4.519248962402344, 11.422351837158203]
Verified with initial CROWN!
verified with init bound!
Result: safe-incomplete in 0.3130 seconds

 %%%%%%%%%%%%%%%%%%%%%%%%%%%%%%%%%%% idx: 90, vnnlib ID: 90 %%%%%%%%%%%%%%%%%%%%%%%%%%%%%%%%%%%
Finished vnnlib processing in 0.008554 seconds
Model: BoundedModule(
  (/0): BoundInput(name=/0, inputs=[], perturbed=True)
  (/7): BoundParams(name=/7, inputs=[], perturbed=False)
  (/8): BoundParams(name=/8, inputs=[], perturbed=False)
  (/9): BoundParams(name=/9, inputs=[], perturbed=False)
  (/10): BoundParams(name=/10, inputs=[], perturbed=False)
  (/11): BoundParams(name=/11, inputs=[], perturbed=False)
  (/12): BoundParams(name=/12, inputs=[], perturbed=False)
  (/13): BoundFlatten(name=/13, inputs=[/0], perturbed=True)
  (/input): BoundLinear(name=/input, inputs=[/13, /7, /8], perturbed=True)
  (/15): BoundRelu(name=/15, inputs=[/input], perturbed=True)
  (/input-3): BoundLinear(name=/input-3, inputs=[/15, /9, /10], perturbed=True)
  (/17): BoundRelu(name=/17, inputs=[/input-3], perturbed=True)
  (/18): BoundLinear(name=/18, inputs=[/17, /11, /12], perturbed=True)
)
Original output in the first batch: tensor([[ -2.58037591,  -6.53528786,  -3.40209079,  10.33000374, -10.34586430,
           0.52429467, -13.35416412,  -7.91340351,   2.71459436,   1.26867032]],
       device='cuda:0')
Split layers:
Nonlinear functions:
   BoundRelu(name=/15, inputs=[/input], perturbed=True)
   BoundRelu(name=/17, inputs=[/input-3], perturbed=True)
build batch [1/1]
layer /15 using sparse-features alpha with shape [61]; unstable size 61; total size 256 ([1, 256])
layer /15 start_node /input-3 using sparse-spec alpha [2, 33, 1, 61] with unstable size 32 total_size 128 output_shape torch.Size([128])
layer /15 start_node /18 using full alpha [2, 9, 1, 61] with unstable size None total_size 9 output_shape 9
layer /17 using sparse-features alpha with shape [32]; unstable size 32; total size 128 ([1, 128])
layer /17 start_node /18 using full alpha [2, 9, 1, 32] with unstable size None total_size 9 output_shape 9
Optimizable variables initialized.
initial CROWN bounds (first 10 items): [7.57579231262207, 12.757342338562012, 9.532854080200195, 15.352458953857422, 5.680813789367676, 17.941335678100586, 13.440146446228027, 3.823606014251709, 4.168377876281738]
Verified with initial CROWN!
verified with init bound!
Result: safe-incomplete in 0.3218 seconds

 %%%%%%%%%%%%%%%%%%%%%%%%%%%%%%%%%%% idx: 91, vnnlib ID: 91 %%%%%%%%%%%%%%%%%%%%%%%%%%%%%%%%%%%
Finished vnnlib processing in 0.008043 seconds
Model: BoundedModule(
  (/0): BoundInput(name=/0, inputs=[], perturbed=True)
  (/7): BoundParams(name=/7, inputs=[], perturbed=False)
  (/8): BoundParams(name=/8, inputs=[], perturbed=False)
  (/9): BoundParams(name=/9, inputs=[], perturbed=False)
  (/10): BoundParams(name=/10, inputs=[], perturbed=False)
  (/11): BoundParams(name=/11, inputs=[], perturbed=False)
  (/12): BoundParams(name=/12, inputs=[], perturbed=False)
  (/13): BoundFlatten(name=/13, inputs=[/0], perturbed=True)
  (/input): BoundLinear(name=/input, inputs=[/13, /7, /8], perturbed=True)
  (/15): BoundRelu(name=/15, inputs=[/input], perturbed=True)
  (/input-3): BoundLinear(name=/input-3, inputs=[/15, /9, /10], perturbed=True)
  (/17): BoundRelu(name=/17, inputs=[/input-3], perturbed=True)
  (/18): BoundLinear(name=/18, inputs=[/17, /11, /12], perturbed=True)
)
Original output in the first batch: tensor([[-4.65438843, -1.46351266, -3.54640818, -2.52237296, -3.32734203,
          2.65505481,  8.64562035, -8.75736141, -0.79096800, -6.87836456]],
       device='cuda:0')
Split layers:
Nonlinear functions:
   BoundRelu(name=/15, inputs=[/input], perturbed=True)
   BoundRelu(name=/17, inputs=[/input-3], perturbed=True)
build batch [1/1]
layer /15 using sparse-features alpha with shape [75]; unstable size 75; total size 256 ([1, 256])
layer /15 start_node /input-3 using sparse-spec alpha [2, 39, 1, 75] with unstable size 38 total_size 128 output_shape torch.Size([128])
layer /15 start_node /18 using full alpha [2, 9, 1, 75] with unstable size None total_size 9 output_shape 9
layer /17 using sparse-features alpha with shape [38]; unstable size 38; total size 128 ([1, 128])
layer /17 start_node /18 using full alpha [2, 9, 1, 38] with unstable size None total_size 9 output_shape 9
Optimizable variables initialized.
initial CROWN bounds (first 10 items): [9.466476440429688, 6.079524993896484, 6.699634552001953, 5.458005905151367, 7.063656806945801, 1.342775821685791, 11.884244918823242, 4.821725845336914, 9.535238265991211]
Verified with initial CROWN!
verified with init bound!
Result: safe-incomplete in 0.3163 seconds

 %%%%%%%%%%%%%%%%%%%%%%%%%%%%%%%%%%% idx: 92, vnnlib ID: 92 %%%%%%%%%%%%%%%%%%%%%%%%%%%%%%%%%%%
Finished vnnlib processing in 0.007559 seconds
Model: BoundedModule(
  (/0): BoundInput(name=/0, inputs=[], perturbed=True)
  (/7): BoundParams(name=/7, inputs=[], perturbed=False)
  (/8): BoundParams(name=/8, inputs=[], perturbed=False)
  (/9): BoundParams(name=/9, inputs=[], perturbed=False)
  (/10): BoundParams(name=/10, inputs=[], perturbed=False)
  (/11): BoundParams(name=/11, inputs=[], perturbed=False)
  (/12): BoundParams(name=/12, inputs=[], perturbed=False)
  (/13): BoundFlatten(name=/13, inputs=[/0], perturbed=True)
  (/input): BoundLinear(name=/input, inputs=[/13, /7, /8], perturbed=True)
  (/15): BoundRelu(name=/15, inputs=[/input], perturbed=True)
  (/input-3): BoundLinear(name=/input-3, inputs=[/15, /9, /10], perturbed=True)
  (/17): BoundRelu(name=/17, inputs=[/input-3], perturbed=True)
  (/18): BoundLinear(name=/18, inputs=[/17, /11, /12], perturbed=True)
)
Original output in the first batch: tensor([[-5.68225145, -2.77254486, -3.19437551, -2.91485953,  2.27502441,
         -3.12778306, -7.76349974, -2.45193720, -0.57496959,  6.02535725]],
       device='cuda:0')
Split layers:
Nonlinear functions:
   BoundRelu(name=/15, inputs=[/input], perturbed=True)
   BoundRelu(name=/17, inputs=[/input-3], perturbed=True)
build batch [1/1]
layer /15 using sparse-features alpha with shape [105]; unstable size 105; total size 256 ([1, 256])
layer /15 start_node /input-3 using sparse-spec alpha [2, 61, 1, 105] with unstable size 60 total_size 128 output_shape torch.Size([128])
layer /15 start_node /18 using full alpha [2, 9, 1, 105] with unstable size None total_size 9 output_shape 9
layer /17 using sparse-features alpha with shape [60]; unstable size 60; total size 128 ([1, 128])
layer /17 start_node /18 using full alpha [2, 9, 1, 60] with unstable size None total_size 9 output_shape 9
Optimizable variables initialized.
initial CROWN bounds (first 10 items): [4.016437530517578, 0.3512697219848633, -0.6648411750793457, 0.17299890518188477, -3.3978798389434814, 0.40383195877075195, 3.8277268409729004, -0.37091064453125, -1.2701466083526611]
prune_after_crown optimization in use
  original spec size = torch.Size([1, 9])
  pruned spec size = torch.Size([1, 4])
Using alpha-CROWN to initialize bounds.
Early stop at 65th iter due to 10 iterations no improvement!
best_l after optimization: -4.911340236663818
alpha/beta optimization time: 1.555349349975586
initial alpha-crown bounds (first 10 items): [-0.4905533790588379, -3.081691265106201, -0.1900930404663086, -1.1490025520324707]
Global lower bound: -3.081691265106201
torch.Size([1, 4])
5 / 9 OR specs are verified.
Verified OR indices (first 10 items): [0, 1, 3, 5, 6]
Verified OR lbs (first 10 items): [[inf], [inf], [inf], [inf], [inf]]
Unverified OR indices (first 10 items): [2, 4, 7, 8]
Unverified OR lbs (first 10 items): [[-0.4905533790588379], [-3.081691265106201], [-0.1900930404663086], [-1.1490025520324707]]
###### Verifying property Instance 92 ######
Batch size: 4
First 10 spec matrices
C: tensor([[[ 0.,  0., -1.,  0.,  0.,  0.,  0.,  0.,  0.,  1.]],

        [[ 0.,  0.,  0.,  0., -1.,  0.,  0.,  0.,  0.,  1.]],

        [[ 0.,  0.,  0.,  0.,  0.,  0.,  0., -1.,  0.,  1.]],

        [[ 0.,  0.,  0.,  0.,  0.,  0.,  0.,  0., -1.,  1.]]], device='cuda:0')
RHS: tensor([[0.],
        [0.],
        [0.],
        [0.]], device='cuda:0')
OR spec sizes: tensor([1, 1, 1, 1], device='cuda:0', dtype=torch.int32)
Remaining timeout: 28.01453423500061
Model prediction is: tensor([-5.68225145, -2.77254486, -3.19437551, -2.91485953,  2.27502441,
        -3.12778306, -7.76349974, -2.45193720, -0.57496959,  6.02535725],
       device='cuda:0')
Activation BaB batch 1/1 
build_with_refined_bounds batch [1/1]
Optimizable variables initialized.
all alpha initialized
directly get lb and ub from refined bounds
c shape: torch.Size([4, 1, 10])
lA shapes: [torch.Size([4, 1, 256]), torch.Size([4, 1, 128])]
torch.Size([4, 1])
(alpha-)CROWN with fixed intermediate bounds: tensor([[-0.49055338],
        [-3.08169127],
        [-0.19009304],
        [-1.14900255]], device='cuda:0') tensor([[inf],
        [inf],
        [inf],
        [inf]], device='cuda:0')
Intermediate layers: /input,/input-3
Keeping alphas for these layers: ['/18']
Node /15 input 0: size torch.Size([256]) unstable 105
Node /17 input 0: size torch.Size([128]) unstable 58
-----------------
# of unstable neurons: 163
-----------------

BaB round 1
batch: 4
splitting decisions: 
split level 0: [/input, 120] [/input, 222] [/input, 222] [/input, 58] 
split level 1: [/input, 222] [/input-3, 34] [/input, 58] [/input, 7] 
split level 2: [/input-3, 34] [/input-3, 118] [/input, 231] [/input-3, 110] 
split level 3: [/input, 252] [/input-3, 110] [/input, 120] [/input-3, 104] 
best_l after optimization: -17.762901306152344
beta sum per layer: [6.37797737121582, 26.149391174316406]
alpha/beta optimization time: 0.7521045207977295
pruning_in_iteration open status: True
ratio of positive domain = 46 / 64 = 0.71875
pruning-in-iteration extra time: 0.043717145919799805
torch.Size([64, 1])
Time: prepare 0.0032    bound 0.7533    transfer 0.0030    finalize 0.0053    func 0.7649    
Accumulated time: func 0.7649    prepare 0.0099    bound 0.7533    transfer 0.0030    finalize 0.0053    
max lb tensor(9.99999975e-05) min lb tensor(-2.67220259)
Number of Verified Splits: 46 of 64
Current worst splitting domains lb-rhs (depth):
-2.67220 (4), -2.60423 (4), -1.61569 (4), -1.56907 (4), -1.53846 (4), -1.43171 (4), -1.14609 (4), -1.07191 (4), -0.76094 (4), -0.71706 (4), -0.62436 (4), -0.57885 (4), -0.35743 (4), -0.26562 (4), -0.24928 (4), -0.23381 (4), -0.19543 (4), -0.13536 (4), 
Length of domains: 18
Current (lb-rhs): -2.6722025871276855
64 domains visited
Time: pickout 0.0011    decision 0.0523    set_bounds 0.0034    solve 0.7658    add 0.0110    
Accumulated time: pickout 0.0011    decision 0.0523    set_bounds 0.0034    solve 0.7658    add 0.0110    
Cumulative time: 0.864816427230835

BaB round 2
batch: 18
splitting decisions: 
split level 0: [/input, 76] [/input, 76] [/input, 7] [/input, 7] [/input, 76] [/input, 76] [/input, 7] [/input, 7] [/input, 76] [/input, 76] 
split level 1: [/input-3, 117] [/input-3, 117] [/input, 231] [/input, 231] [/input, 7] [/input, 7] [/input-3, 117] [/input-3, 117] [/input-3, 117] [/input-3, 117] 
best_l after optimization: -34.3662223815918
beta sum per layer: [56.02996063232422, 136.18862915039062]
alpha/beta optimization time: 0.8933568000793457
pruning_in_iteration open status: True
ratio of positive domain = 33 / 72 = 0.45833333333333337
pruning-in-iteration extra time: 0.048272132873535156
torch.Size([72, 1])
Time: prepare 0.0035    bound 0.8946    transfer 0.0012    finalize 0.0067    func 0.9061    
Accumulated time: func 1.6710    prepare 0.0185    bound 1.6479    transfer 0.0042    finalize 0.0120    
max lb tensor(9.99999975e-05) min lb tensor(-2.36258936)
Number of Verified Splits: 33 of 72
Current worst splitting domains lb-rhs (depth):
-2.36259 (6), -2.29455 (6), -2.29056 (6), -2.24491 (6), -2.07208 (6), -2.01731 (6), -1.99255 (6), -1.95736 (6), -1.20319 (6), -1.18391 (6), -1.17675 (6), -1.14185 (6), -1.13202 (6), -1.01584 (6), -0.90786 (6), -0.76608 (6), -0.64777 (6), -0.62078 (6), -0.59731 (6), -0.59154 (6), 
Length of domains: 39
Current (lb-rhs): -2.3625893592834473
136 domains visited
Time: pickout 0.0105    decision 0.0552    set_bounds 0.0034    solve 0.9068    add 0.0044    
Accumulated time: pickout 0.0117    decision 0.1076    set_bounds 0.0068    solve 1.6727    add 0.0154    
Cumulative time: 1.845919132232666

BaB round 3
batch: 39
splitting decisions: 
split level 0: [/input, 44] [/input, 44] [/input-3, 63] [/input-3, 63] [/input, 252] [/input, 252] [/input, 252] [/input, 44] [/input, 44] [/input-3, 63] 
best_l after optimization: -51.69149398803711
beta sum per layer: [108.98606872558594, 137.7403564453125]
alpha/beta optimization time: 0.9008564949035645
pruning_in_iteration open status: True
ratio of positive domain = 18 / 78 = 0.23076923076923073
pruning-in-iteration extra time: 0.035151004791259766
torch.Size([78, 1])
Time: prepare 0.0034    bound 0.9031    transfer 0.0034    finalize 0.0099    func 0.9199    
Accumulated time: func 2.5909    prepare 0.0284    bound 2.5509    transfer 0.0076    finalize 0.0219    
max lb tensor(9.99999975e-05) min lb tensor(-2.27234697)
Number of Verified Splits: 18 of 78
Current worst splitting domains lb-rhs (depth):
-2.27235 (7), -2.20210 (7), -2.19889 (7), -2.15313 (7), -1.98467 (7), -1.96028 (7), -1.94125 (7), -1.89535 (7), -1.89318 (7), -1.88049 (7), -1.87514 (7), -1.83743 (7), -1.78352 (7), -1.75464 (7), -1.69126 (7), -1.69048 (7), -1.09474 (7), -1.08584 (7), -1.07148 (7), -1.06902 (7), 
Length of domains: 60
Current (lb-rhs): -2.2723469734191895
214 domains visited
Time: pickout 0.0143    decision 0.0712    set_bounds 0.0031    solve 0.9209    add 0.0051    
Accumulated time: pickout 0.0260    decision 0.1788    set_bounds 0.0099    solve 2.5936    add 0.0205    
Cumulative time: 2.8612866401672363

BaB round 4
batch: 60
splitting decisions: 
split level 0: [/input-3, 117] [/input-3, 117] [/input-3, 60] [/input-3, 60] [/input, 235] [/input, 235] [/input-3, 117] [/input-3, 117] [/input-3, 60] [/input-3, 60] 
best_l after optimization: -72.73426818847656
beta sum per layer: [217.99014282226562, 190.99990844726562]
alpha/beta optimization time: 0.7729806900024414
pruning_in_iteration open status: True
ratio of positive domain = 39 / 120 = 0.32499999999999996
pruning-in-iteration extra time: 0.040082454681396484
torch.Size([120, 1])
Time: prepare 0.0056    bound 0.7755    transfer 0.0022    finalize 0.0052    func 0.7886    
Accumulated time: func 3.3796    prepare 0.0412    bound 3.3264    transfer 0.0098    finalize 0.0272    
max lb tensor(9.99999975e-05) min lb tensor(-2.19388962)
Number of Verified Splits: 39 of 120
Current worst splitting domains lb-rhs (depth):
-2.19389 (8), -2.12986 (8), -2.12524 (8), -2.08121 (8), -1.87547 (8), -1.87191 (8), -1.83766 (8), -1.81740 (8), -1.80001 (8), -1.77692 (8), -1.76709 (8), -1.74066 (8), -1.68076 (8), -1.65714 (8), -1.60696 (8), -1.59793 (8), -1.58371 (8), -1.49453 (8), -1.48242 (8), -1.41861 (8), 
Length of domains: 81
Current (lb-rhs): -2.193889617919922
334 domains visited
Time: pickout 0.0183    decision 0.1029    set_bounds 0.0043    solve 0.7895    add 0.0031    
Accumulated time: pickout 0.0443    decision 0.2817    set_bounds 0.0141    solve 3.3831    add 0.0236    
Cumulative time: 3.7798092365264893

BaB round 5
batch: 81
splitting decisions: 
split level 0: [/input-3, 63] [/input-3, 4] [/input-3, 4] [/input, 58] [/input, 58] [/input-3, 4] [/input-3, 4] [/input, 58] [/input, 58] [/input-3, 63] 
best_l after optimization: -107.64079284667969
beta sum per layer: [389.86578369140625, 260.18695068359375]
alpha/beta optimization time: 0.61086106300354
pruning_in_iteration open status: False
ratio of positive domain = 28 / 162 = 0.1728395061728395
pruning-in-iteration extra time: 0.00033354759216308594
torch.Size([162, 1])
Time: prepare 0.0060    bound 0.6122    transfer 0.0014    finalize 0.0112    func 0.6310    
Accumulated time: func 4.0106    prepare 0.0511    bound 3.9387    transfer 0.0113    finalize 0.0384    
max lb tensor(0.22633219) min lb tensor(-2.08665586)
Number of Verified Splits: 28 of 162
Current worst splitting domains lb-rhs (depth):
-2.08666 (9), -2.02034 (9), -2.00850 (9), -1.99346 (9), -1.96460 (9), -1.94724 (9), -1.91280 (9), -1.88969 (9), -1.76294 (9), -1.76051 (9), -1.72674 (9), -1.70402 (9), -1.68019 (9), -1.67413 (9), -1.66054 (9), -1.65461 (9), -1.64971 (9), -1.62020 (9), -1.61751 (9), -1.60640 (9), 
Length of domains: 134
Current (lb-rhs): -2.086655855178833
496 domains visited
Time: pickout 0.0182    decision 0.1096    set_bounds 0.0056    solve 0.6320    add 0.0030    
Accumulated time: pickout 0.0625    decision 0.3913    set_bounds 0.0198    solve 4.0151    add 0.0266    
Cumulative time: 4.548763036727905

BaB round 6
batch: 134
splitting decisions: 
split level 0: [/input, 235] [/input, 235] [/input, 207] [/input, 207] [/input-3, 5] [/input, 235] [/input, 207] [/input-3, 117] [/input, 120] [/input, 120] 
best_l after optimization: -133.10394287109375
beta sum per layer: [803.6244506835938, 425.5701904296875]
alpha/beta optimization time: 0.5635955333709717
pruning_in_iteration open status: True
ratio of positive domain = 70 / 268 = 0.26119402985074625
pruning-in-iteration extra time: 0.01604294776916504
torch.Size([268, 1])
Time: prepare 0.0070    bound 0.5646    transfer 0.0005    finalize 0.0073    func 0.5795    
Accumulated time: func 4.5901    prepare 0.0679    bound 4.5033    transfer 0.0117    finalize 0.0457    
max lb tensor(9.99999975e-05) min lb tensor(-2.02543354)
Number of Verified Splits: 70 of 268
Current worst splitting domains lb-rhs (depth):
-2.02543 (10), -1.95452 (10), -1.94266 (10), -1.92735 (10), -1.89719 (10), -1.88155 (10), -1.84738 (10), -1.82187 (10), -1.69919 (10), -1.66945 (10), -1.66059 (10), -1.61125 (10), -1.59370 (10), -1.59168 (10), -1.58593 (10), -1.58447 (10), -1.58146 (10), -1.54526 (10), -1.54493 (10), -1.52738 (10), 
Length of domains: 198
Current (lb-rhs): -2.0254335403442383
764 domains visited
Time: pickout 0.0227    decision 0.1652    set_bounds 0.0072    solve 0.5802    add 0.0024    
Accumulated time: pickout 0.0852    decision 0.5565    set_bounds 0.0269    solve 4.5953    add 0.0290    
Cumulative time: 5.326918601989746

BaB round 7
batch: 198
splitting decisions: 
split level 0: [/input-3, 5] [/input-3, 5] [/input, 44] [/input, 28] [/input, 235] [/input-3, 5] [/input, 28] [/input, 44] [/input, 28] [/input, 28] 
best_l after optimization: -172.42257690429688
beta sum per layer: [1349.278076171875, 571.254638671875]
alpha/beta optimization time: 0.612375020980835
pruning_in_iteration open status: True
ratio of positive domain = 130 / 396 = 0.3282828282828283
pruning-in-iteration extra time: 0.02383899688720703
torch.Size([396, 1])
Time: prepare 0.0106    bound 0.6134    transfer 0.0008    finalize 0.0062    func 0.6311    
Accumulated time: func 5.2212    prepare 0.0802    bound 5.1167    transfer 0.0126    finalize 0.0519    
max lb tensor(9.99999975e-05) min lb tensor(-1.94951153)
Number of Verified Splits: 130 of 396
Current worst splitting domains lb-rhs (depth):
-1.94951 (11), -1.88113 (11), -1.86417 (11), -1.84621 (11), -1.81882 (11), -1.79801 (11), -1.76984 (11), -1.76358 (11), -1.71794 (11), -1.70153 (11), -1.68516 (11), -1.68254 (11), -1.68079 (11), -1.64562 (11), -1.63160 (11), -1.61145 (11), -1.60575 (11), -1.60145 (11), -1.57037 (11), -1.54905 (11), 
Length of domains: 266
Current (lb-rhs): -1.9495115280151367
1160 domains visited
Time: pickout 0.0275    decision 0.0484    set_bounds 0.0104    solve 0.6321    add 0.0018    
Accumulated time: pickout 0.1127    decision 0.6049    set_bounds 0.0373    solve 5.2274    add 0.0308    
Cumulative time: 6.047800064086914

BaB round 8
batch: 266
splitting decisions: 
split level 0: [/input, 28] [/input, 28] [/input-3, 117] [/input, 44] [/input, 44] [/input, 164] [/input-3, 5] [/input-3, 5] [/input-3, 60] [/input, 164] 
best_l after optimization: -233.2170867919922
beta sum per layer: [1993.218505859375, 853.0567626953125]
alpha/beta optimization time: 0.6170070171356201
pruning_in_iteration open status: True
ratio of positive domain = 147 / 532 = 0.2763157894736842
pruning-in-iteration extra time: 0.021494626998901367
torch.Size([532, 1])
Time: prepare 0.0139    bound 0.6183    transfer 0.0005    finalize 0.0068    func 0.6396    
Accumulated time: func 5.8609    prepare 0.0958    bound 5.7350    transfer 0.0130    finalize 0.0587    
max lb tensor(9.99999975e-05) min lb tensor(-1.88584995)
Number of Verified Splits: 147 of 532
Current worst splitting domains lb-rhs (depth):
-1.88585 (12), -1.81619 (12), -1.79799 (12), -1.78392 (12), -1.75209 (12), -1.73304 (12), -1.69978 (12), -1.69137 (12), -1.63688 (12), -1.62786 (12), -1.62078 (12), -1.60364 (12), -1.60006 (12), -1.57095 (12), -1.56786 (12), -1.56264 (12), -1.54936 (12), -1.53877 (12), -1.52078 (12), -1.50763 (12), 
Length of domains: 385
Current (lb-rhs): -1.885849952697754
1692 domains visited
Time: pickout 0.0344    decision 0.0589    set_bounds 0.0134    solve 0.6411    add 0.0019    
Accumulated time: pickout 0.1471    decision 0.6638    set_bounds 0.0507    solve 5.8685    add 0.0327    
Cumulative time: 6.798478126525879

BaB round 9
batch: 385
splitting decisions: 
split level 0: [/input, 28] [/input-3, 117] [/input, 164] [/input, 235] [/input-3, 54] [/input-3, 54] [/input, 164] [/input-3, 60] [/input, 28] [/input, 28] 
best_l after optimization: -315.5809326171875
beta sum per layer: [3475.7353515625, 1108.186767578125]
alpha/beta optimization time: 0.7586193084716797
pruning_in_iteration open status: True
ratio of positive domain = 236 / 770 = 0.3064935064935065
pruning-in-iteration extra time: 0.02861189842224121
torch.Size([770, 1])
Time: prepare 0.0194    bound 0.7600    transfer 0.0007    finalize 0.0133    func 0.7935    
Accumulated time: func 6.6544    prepare 0.1170    bound 6.4950    transfer 0.0137    finalize 0.0719    
max lb tensor(9.99999975e-05) min lb tensor(-1.80044937)
Number of Verified Splits: 236 of 770
Current worst splitting domains lb-rhs (depth):
-1.80045 (13), -1.72784 (13), -1.70682 (13), -1.68182 (13), -1.66926 (13), -1.65777 (13), -1.63090 (13), -1.62828 (13), -1.60537 (13), -1.60357 (13), -1.60230 (13), -1.59846 (13), -1.58501 (13), -1.57051 (13), -1.55234 (13), -1.54888 (13), -1.53442 (13), -1.52189 (13), -1.50991 (13), -1.50945 (13), 
Length of domains: 534
Current (lb-rhs): -1.8004493713378906
2462 domains visited
Time: pickout 0.0491    decision 0.1713    set_bounds 0.0210    solve 0.7944    add 0.0017    
Accumulated time: pickout 0.1962    decision 0.8351    set_bounds 0.0717    solve 6.6629    add 0.0343    
Cumulative time: 7.837432622909546

BaB round 10
batch: 534
splitting decisions: 
split level 0: [/input-3, 63] [/input, 164] [/input-3, 117] [/input, 28] [/input-3, 4] [/input-3, 4] [/input, 50] [/input, 164] [/input, 164] [/input-3, 4] 
best_l after optimization: -394.2986755371094
beta sum per layer: [5600.60546875, 1258.530517578125]
alpha/beta optimization time: 0.4997379779815674
pruning_in_iteration open status: True
ratio of positive domain = 347 / 1068 = 0.32490636704119846
pruning-in-iteration extra time: 0.021784305572509766
torch.Size([1068, 1])
Time: prepare 0.0236    bound 0.5009    transfer 0.0007    finalize 0.0106    func 0.5360    
Accumulated time: func 7.1904    prepare 0.1423    bound 6.9959    transfer 0.0144    finalize 0.0826    
max lb tensor(9.99999975e-05) min lb tensor(-1.69766545)
Number of Verified Splits: 347 of 1068
Current worst splitting domains lb-rhs (depth):
-1.69767 (14), -1.69281 (14), -1.62570 (14), -1.62497 (14), -1.61937 (14), -1.60087 (14), -1.57362 (14), -1.56490 (14), -1.55188 (14), -1.54263 (14), -1.53834 (14), -1.52903 (14), -1.51467 (14), -1.51249 (14), -1.49826 (14), -1.49376 (14), -1.49212 (14), -1.47524 (14), -1.47453 (14), -1.46157 (14), 
Length of domains: 721
Current (lb-rhs): -1.6976654529571533
3530 domains visited
Time: pickout 0.0603    decision 0.0929    set_bounds 0.0248    solve 0.5368    add 0.0019    
Accumulated time: pickout 0.2565    decision 0.9280    set_bounds 0.0965    solve 7.1997    add 0.0363    
Cumulative time: 8.55583643913269

BaB round 11
batch: 721
splitting decisions: 
split level 0: [/input, 164] [/input-3, 63] [/input-3, 63] [/input-3, 63] [/input, 235] [/input, 235] [/input, 231] [/input-3, 63] [/input-3, 63] [/input, 235] 
best_l after optimization: -605.0086669921875
beta sum per layer: [8257.560546875, 1273.63037109375]
alpha/beta optimization time: 0.682337760925293
pruning_in_iteration open status: True
ratio of positive domain = 420 / 1442 = 0.2912621359223301
pruning-in-iteration extra time: 0.029419660568237305
torch.Size([1442, 1])
Time: prepare 0.0305    bound 0.6836    transfer 0.0030    finalize 0.0240    func 0.7413    
Accumulated time: func 7.9317    prepare 0.1752    bound 7.6795    transfer 0.0174    finalize 0.1066    
max lb tensor(9.99999975e-05) min lb tensor(-1.61950207)
Number of Verified Splits: 420 of 1442
Current worst splitting domains lb-rhs (depth):
-1.61950 (15), -1.60957 (15), -1.54177 (15), -1.53840 (15), -1.53353 (15), -1.52106 (15), -1.51922 (15), -1.49610 (15), -1.49460 (15), -1.48062 (15), -1.47497 (15), -1.46813 (15), -1.46808 (15), -1.45118 (15), -1.44035 (15), -1.43760 (15), -1.43400 (15), -1.43341 (15), -1.42556 (15), -1.41158 (15), 
Length of domains: 1022
Current (lb-rhs): -1.619502067565918
4972 domains visited
Time: pickout 0.0772    decision 0.1247    set_bounds 0.0332    solve 0.7424    add 0.0030    
Accumulated time: pickout 0.3337    decision 1.0528    set_bounds 0.1297    solve 7.9421    add 0.0393    
Cumulative time: 9.538708925247192

BaB round 12
batch: 1022
splitting decisions: 
split level 0: [/input-3, 60] [/input-3, 60] [/input-3, 60] [/input-3, 60] [/input, 207] [/input, 207] [/input-3, 60] [/input-3, 60] [/input, 207] [/input, 207] 
best_l after optimization: -882.771484375
beta sum per layer: [12069.962890625, 1801.2646484375]
alpha/beta optimization time: 0.6065523624420166
pruning_in_iteration open status: True
ratio of positive domain = 457 / 2044 = 0.22358121330724068
pruning-in-iteration extra time: 0.014573812484741211
torch.Size([2044, 1])
Time: prepare 0.0450    bound 0.6075    transfer 0.0020    finalize 0.0160    func 0.6708    
Accumulated time: func 8.6024    prepare 0.2224    bound 8.2870    transfer 0.0194    finalize 0.1226    
max lb tensor(9.99999975e-05) min lb tensor(-1.53831124)
Number of Verified Splits: 457 of 2044
Current worst splitting domains lb-rhs (depth):
-1.53831 (16), -1.53195 (16), -1.46831 (16), -1.46338 (16), -1.45542 (16), -1.43894 (16), -1.43586 (16), -1.40988 (16), -1.40875 (16), -1.39508 (16), -1.39003 (16), -1.38701 (16), -1.38572 (16), -1.38539 (16), -1.38061 (16), -1.37699 (16), -1.37013 (16), -1.35906 (16), -1.35482 (16), -1.34114 (16), 
Length of domains: 1587
Current (lb-rhs): -1.538311243057251
7016 domains visited
Time: pickout 0.1138    decision 0.1919    set_bounds 0.0496    solve 0.6719    add 0.0095    
Accumulated time: pickout 0.4475    decision 1.2446    set_bounds 0.1793    solve 8.6140    add 0.0488    
Cumulative time: 10.577950239181519

BaB round 13
batch: 1024
splitting decisions: 
split level 0: [/input-3, 60] [/input-3, 60] [/input, 207] [/input-3, 60] [/input-3, 60] [/input-3, 60] [/input, 164] [/input, 164] [/input, 164] [/input, 164] 
best_l after optimization: -701.1168212890625
beta sum per layer: [13067.1669921875, 2703.186279296875]
alpha/beta optimization time: 0.6684207916259766
pruning_in_iteration open status: True
ratio of positive domain = 528 / 2048 = 0.2578125
pruning-in-iteration extra time: 0.02154231071472168
torch.Size([2048, 1])
Time: prepare 0.0451    bound 0.6695    transfer 0.0012    finalize 0.0172    func 0.7333    
Accumulated time: func 9.3357    prepare 0.2697    bound 8.9565    transfer 0.0206    finalize 0.1398    
max lb tensor(0.00055885) min lb tensor(-1.47327042)
Number of Verified Splits: 528 of 2048
Current worst splitting domains lb-rhs (depth):
-1.47327 (17), -1.46564 (17), -1.43894 (16), -1.41316 (17), -1.40988 (16), -1.39708 (17), -1.39508 (16), -1.39003 (16), -1.38701 (16), -1.38607 (17), -1.37846 (17), -1.35906 (16), -1.35482 (16), -1.35122 (17), -1.33839 (16), -1.33335 (17), -1.33018 (16), -1.32195 (16), -1.32172 (17), -1.32136 (16), 
Length of domains: 2083
Current (lb-rhs): -1.4732704162597656
9064 domains visited
Time: pickout 0.1200    decision 0.1756    set_bounds 0.0492    solve 0.7355    add 0.0067    
Accumulated time: pickout 0.5675    decision 1.4203    set_bounds 0.2285    solve 9.3495    add 0.0555    
current_vram/total_varm: 0.3GB/8.6GB, batch_size increase to 2048
Cumulative time: 11.669745922088623

BaB round 14
batch: 2048
splitting decisions: 
split level 0: [/input, 50] [/input, 28] [/input-3, 117] [/input, 50] [/input, 28] [/input, 28] [/input-3, 117] [/input, 50] [/input-3, 60] [/input-3, 60] 
best_l after optimization: -1007.765625
beta sum per layer: [25642.095703125, 5388.2744140625]
alpha/beta optimization time: 0.8315818309783936
pruning_in_iteration open status: True
ratio of positive domain = 1792 / 4096 = 0.4375
pruning-in-iteration extra time: 0.028449058532714844
torch.Size([4096, 1])
Time: prepare 0.0949    bound 0.8327    transfer 0.0027    finalize 0.0277    func 0.9590    
Accumulated time: func 10.2947    prepare 0.3726    bound 9.7893    transfer 0.0233    finalize 0.1675    
max lb tensor(0.00548720) min lb tensor(-1.42350316)
Number of Verified Splits: 1792 of 4096
Current worst splitting domains lb-rhs (depth):
-1.42350 (18), -1.41642 (18), -1.38067 (17), -1.36359 (18), -1.35170 (17), -1.35016 (18), -1.33154 (18), -1.32794 (18), -1.32323 (17), -1.31867 (17), -1.30998 (17), -1.30437 (17), -1.29995 (18), -1.29665 (17), -1.28404 (18), -1.27429 (18), -1.27128 (17), -1.26209 (17), -1.25482 (17), -1.24949 (17), 
Length of domains: 2339
Current (lb-rhs): -1.4235031604766846
13160 domains visited
Time: pickout 0.2306    decision 0.3788    set_bounds 0.1969    solve 0.9605    add 0.0034    
Accumulated time: pickout 0.7981    decision 1.7991    set_bounds 0.4254    solve 10.3100    add 0.0589    
current_vram/total_varm: 0.4GB/8.6GB, batch_size increase to 4096
Cumulative time: 13.447446584701538

BaB round 15
batch: 2339
splitting decisions: 
split level 0: [/input, 50] [/input, 50] [/input, 50] [/input, 50] [/input, 164] [/input, 164] [/input, 50] [/input, 50] [/input, 164] [/input-3, 101] 
best_l after optimization: -942.1251220703125
beta sum per layer: [28908.470703125, 5937.66455078125]
alpha/beta optimization time: 0.7993607521057129
pruning_in_iteration open status: True
ratio of positive domain = 2371 / 4678 = 0.5068405301410859
pruning-in-iteration extra time: 0.02700066566467285
torch.Size([4678, 1])
Time: prepare 0.1148    bound 0.8006    transfer 0.0019    finalize 0.0278    func 0.9455    
Accumulated time: func 11.2403    prepare 0.4960    bound 10.5899    transfer 0.0252    finalize 0.1953    
max lb tensor(0.00620818) min lb tensor(-1.36054039)
Number of Verified Splits: 2371 of 4678
Current worst splitting domains lb-rhs (depth):
-1.36054 (19), -1.35767 (19), -1.33293 (18), -1.31610 (19), -1.30284 (19), -1.30087 (18), -1.28420 (19), -1.28054 (19), -1.27677 (18), -1.26822 (18), -1.25926 (18), -1.25437 (18), -1.24569 (18), -1.23722 (19), -1.23503 (19), -1.22842 (19), -1.22160 (18), -1.21200 (18), -1.20478 (18), -1.20020 (18), 
Length of domains: 2307
Current (lb-rhs): -1.3605403900146484
17838 domains visited
Time: pickout 0.2430    decision 0.4396    set_bounds 0.1142    solve 0.9473    add 0.0030    
Accumulated time: pickout 1.0411    decision 2.2386    set_bounds 0.5397    solve 11.2573    add 0.0619    
Cumulative time: 15.202894926071167

BaB round 16
batch: 2307
splitting decisions: 
split level 0: [/input-3, 5] [/input-3, 5] [/input-3, 5] [/input-3, 5] [/input-3, 101] [/input-3, 101] [/input-3, 5] [/input-3, 5] [/input-3, 101] [/input, 198] 
best_l after optimization: -878.9849853515625
beta sum per layer: [29020.126953125, 5348.1875]
alpha/beta optimization time: 0.7406141757965088
pruning_in_iteration open status: True
ratio of positive domain = 2348 / 4614 = 0.5088859991330732
pruning-in-iteration extra time: 0.02778482437133789
torch.Size([4614, 1])
Time: prepare 0.1031    bound 0.7418    transfer 0.0017    finalize 0.0326    func 0.8795    
Accumulated time: func 12.1197    prepare 0.6037    bound 11.3317    transfer 0.0269    finalize 0.2279    
max lb tensor(0.00324130) min lb tensor(-1.31288528)
Number of Verified Splits: 2348 of 4614
Current worst splitting domains lb-rhs (depth):
-1.31289 (20), -1.29792 (20), -1.27946 (19), -1.25886 (20), -1.24738 (19), -1.23789 (20), -1.22260 (20), -1.22259 (19), -1.21824 (20), -1.21671 (19), -1.21400 (19), -1.20282 (19), -1.19462 (19), -1.19166 (20), -1.17430 (20), -1.16919 (19), -1.16193 (20), -1.16039 (19), -1.15481 (19), -1.14765 (19), 
Length of domains: 2266
Current (lb-rhs): -1.3128852844238281
22452 domains visited
Time: pickout 0.2602    decision 0.4549    set_bounds 0.1036    solve 0.8812    add 0.0034    
Accumulated time: pickout 1.3013    decision 2.6935    set_bounds 0.6432    solve 12.1385    add 0.0653    
Cumulative time: 16.914404153823853

BaB round 17
batch: 2266
splitting decisions: 
split level 0: [/input, 231] [/input, 231] [/input, 231] [/input, 231] [/input, 198] [/input, 198] [/input, 231] [/input, 231] [/input, 198] [/input, 164] 
best_l after optimization: -871.7156372070312
beta sum per layer: [29273.623046875, 4816.462890625]
alpha/beta optimization time: 0.7919039726257324
pruning_in_iteration open status: True
ratio of positive domain = 2059 / 4532 = 0.45432480141218
pruning-in-iteration extra time: 0.027208328247070312
torch.Size([4532, 1])
Time: prepare 0.1057    bound 0.7930    transfer 0.0019    finalize 0.0311    func 0.9319    
Accumulated time: func 13.0516    prepare 0.7134    bound 12.1247    transfer 0.0289    finalize 0.2590    
max lb tensor(0.00188851) min lb tensor(-1.25941682)
Number of Verified Splits: 2059 of 4532
Current worst splitting domains lb-rhs (depth):
-1.25942 (21), -1.23397 (21), -1.22416 (20), -1.19577 (21), -1.19280 (20), -1.18523 (21), -1.17017 (20), -1.16720 (21), -1.16270 (20), -1.15709 (21), -1.15199 (20), -1.14146 (21), -1.14142 (20), -1.13757 (20), -1.11146 (21), -1.11123 (21), -1.10802 (20), -1.10592 (20), -1.09113 (20), -1.08876 (20), 
Length of domains: 2473
Current (lb-rhs): -1.2594168186187744
26984 domains visited
Time: pickout 0.2381    decision 0.3700    set_bounds 0.1091    solve 0.9340    add 0.0036    
Accumulated time: pickout 1.5394    decision 3.0635    set_bounds 0.7523    solve 13.0725    add 0.0689    
Cumulative time: 18.578068494796753

BaB round 18
batch: 2473
splitting decisions: 
split level 0: [/input, 3] [/input, 3] [/input, 3] [/input, 3] [/input, 65] [/input, 65] [/input, 3] [/input, 3] [/input, 65] [/input-3, 76] 
best_l after optimization: -811.9822998046875
beta sum per layer: [31766.9609375, 5430.2626953125]
alpha/beta optimization time: 0.8050751686096191
pruning_in_iteration open status: True
ratio of positive domain = 2425 / 4946 = 0.4902951880307319
pruning-in-iteration extra time: 0.0287015438079834
torch.Size([4946, 1])
Time: prepare 0.1194    bound 0.8061    transfer 0.0024    finalize 0.0352    func 0.9641    
Accumulated time: func 14.0158    prepare 0.8424    bound 12.9308    transfer 0.0313    finalize 0.2942    
max lb tensor(0.00395727) min lb tensor(-1.20766926)
Number of Verified Splits: 2425 of 4946
Current worst splitting domains lb-rhs (depth):
-1.20767 (22), -1.18706 (22), -1.15827 (21), -1.14479 (22), -1.13590 (22), -1.12957 (21), -1.11545 (22), -1.11155 (22), -1.10389 (21), -1.10363 (21), -1.10067 (21), -1.09149 (21), -1.09081 (22), -1.07893 (21), -1.06410 (22), -1.06079 (22), -1.05963 (21), -1.04217 (21), -1.04203 (21), -1.04077 (21), 
Length of domains: 2521
Current (lb-rhs): -1.2076692581176758
31930 domains visited
Time: pickout 0.2705    decision 0.5605    set_bounds 0.1275    solve 0.9658    add 0.0038    
Accumulated time: pickout 1.8099    decision 3.6241    set_bounds 0.8798    solve 14.0383    add 0.0727    
Cumulative time: 20.516159296035767

BaB round 19
batch: 2521
splitting decisions: 
split level 0: [/input-3, 48] [/input-3, 48] [/input, 139] [/input, 231] [/input, 139] [/input, 231] [/input, 231] [/input, 231] [/input, 231] [/input-3, 23] 
best_l after optimization: -750.2027587890625
beta sum per layer: [32288.66015625, 5811.05029296875]
alpha/beta optimization time: 0.7842867374420166
pruning_in_iteration open status: True
ratio of positive domain = 2519 / 5042 = 0.49960333201110674
pruning-in-iteration extra time: 0.027303695678710938
torch.Size([5042, 1])
Time: prepare 0.1283    bound 0.7856    transfer 0.0014    finalize 0.0353    func 0.9508    
Accumulated time: func 14.9666    prepare 0.9802    bound 13.7164    transfer 0.0327    finalize 0.3296    
max lb tensor(0.00417089) min lb tensor(-1.16099381)
Number of Verified Splits: 2519 of 5042
Current worst splitting domains lb-rhs (depth):
-1.16099 (23), -1.11822 (23), -1.11021 (22), -1.08838 (23), -1.08322 (22), -1.08260 (23), -1.07275 (23), -1.06752 (23), -1.05679 (22), -1.05488 (22), -1.05324 (22), -1.04457 (23), -1.03920 (22), -1.03739 (23), -1.03316 (22), -1.01717 (23), -1.00621 (22), -0.99686 (23), -0.99581 (22), -0.99447 (22), 
Length of domains: 2523
Current (lb-rhs): -1.1609938144683838
36972 domains visited
Time: pickout 0.2834    decision 0.4258    set_bounds 0.1272    solve 0.9526    add 0.0033    
Accumulated time: pickout 2.0934    decision 4.0498    set_bounds 1.0070    solve 14.9909    add 0.0761    
Cumulative time: 22.3225998878479

BaB round 20
batch: 2523
splitting decisions: 
split level 0: [/input-3, 107] [/input, 138] [/input, 231] [/input, 231] [/input-3, 101] [/input, 146] [/input-3, 101] [/input-3, 101] [/input-3, 101] [/input-3, 83] 
best_l after optimization: -704.0036010742188
beta sum per layer: [31916.4140625, 6416.78515625]
alpha/beta optimization time: 0.7162606716156006
pruning_in_iteration open status: True
ratio of positive domain = 2493 / 5046 = 0.4940546967895363
pruning-in-iteration extra time: 0.028279542922973633
torch.Size([5046, 1])
Time: prepare 0.1225    bound 0.7173    transfer 0.0015    finalize 0.0313    func 0.8735    
Accumulated time: func 15.8401    prepare 1.1072    bound 14.4337    transfer 0.0341    finalize 0.3609    
max lb tensor(0.00305760) min lb tensor(-1.12145257)
Number of Verified Splits: 2493 of 5046
Current worst splitting domains lb-rhs (depth):
-1.12145 (24), -1.07240 (24), -1.06320 (23), -1.04022 (24), -1.03793 (23), -1.02699 (24), -1.02603 (24), -1.02552 (24), -1.01189 (23), -1.01171 (23), -1.00948 (23), -1.00036 (24), -0.99412 (23), -0.99063 (24), -0.98975 (23), -0.96472 (24), -0.96208 (23), -0.95339 (24), -0.95169 (23), -0.94988 (23), 
Length of domains: 2553
Current (lb-rhs): -1.1214525699615479
42018 domains visited
Time: pickout 0.3882    decision 0.4105    set_bounds 0.1281    solve 0.8750    add 0.0028    
Accumulated time: pickout 2.4815    decision 4.4603    set_bounds 1.1351    solve 15.8659    add 0.0789    
Cumulative time: 24.137234687805176

BaB round 21
batch: 2553
splitting decisions: 
split level 0: [/input-3, 101] [/input-3, 48] [/input-3, 76] [/input, 139] [/input-3, 76] [/input, 198] [/input-3, 76] [/input, 198] [/input-3, 48] [/input, 198] 
best_l after optimization: -752.1098022460938
beta sum per layer: [31952.4296875, 7756.34765625]
alpha/beta optimization time: 0.7378716468811035
pruning_in_iteration open status: True
ratio of positive domain = 2252 / 5106 = 0.44104974539757147
pruning-in-iteration extra time: 0.026496171951293945
torch.Size([5106, 1])
Time: prepare 0.1216    bound 0.7389    transfer 0.0013    finalize 0.1277    func 0.9908    
Accumulated time: func 16.8309    prepare 1.2335    bound 15.1725    transfer 0.0354    finalize 0.4886    
max lb tensor(0.00215042) min lb tensor(-1.06007576)
Number of Verified Splits: 2252 of 5106
Current worst splitting domains lb-rhs (depth):
-1.06008 (25), -1.01079 (25), -1.00731 (24), -0.98739 (25), -0.98419 (25), -0.97445 (24), -0.96911 (24), -0.96747 (24), -0.96440 (25), -0.96433 (25), -0.95592 (24), -0.94953 (24), -0.94548 (24), -0.93898 (25), -0.93204 (24), -0.92690 (25), -0.91913 (25), -0.91866 (24), -0.91785 (25), -0.91292 (25), 
Length of domains: 2854
Current (lb-rhs): -1.0600757598876953
47124 domains visited
Time: pickout -1.7087    decision 0.4186    set_bounds 0.1198    solve 0.9927    add 0.0039    
Accumulated time: pickout 0.7728    decision 4.8789    set_bounds 1.2549    solve 16.8587    add 0.0827    
Cumulative time: 23.974902629852295

BaB round 22
batch: 2854
splitting decisions: 
split level 0: [/input, 198] [/input, 198] [/input-3, 76] [/input-3, 76] [/input, 65] [/input, 198] [/input, 198] [/input, 198] [/input-3, 48] [/input-3, 76] 
best_l after optimization: -881.7803955078125
beta sum per layer: [34473.265625, 9390.9326171875]
alpha/beta optimization time: 0.8380405902862549
pruning_in_iteration open status: True
ratio of positive domain = 2274 / 5708 = 0.39838822704975474
pruning-in-iteration extra time: 0.027792692184448242
torch.Size([5708, 1])
Time: prepare 0.1265    bound 0.8391    transfer 0.0021    finalize 0.0395    func 1.0076    
Accumulated time: func 17.8385    prepare 1.3693    bound 16.0117    transfer 0.0374    finalize 0.5281    
max lb tensor(0.00066423) min lb tensor(-0.99728060)
Number of Verified Splits: 2274 of 5708
Current worst splitting domains lb-rhs (depth):
-0.99728 (26), -0.97507 (26), -0.97037 (26), -0.94520 (25), -0.92756 (26), -0.92617 (26), -0.91273 (25), -0.90905 (25), -0.90713 (25), -0.90447 (26), -0.89962 (26), -0.89337 (26), -0.89251 (25), -0.88854 (26), -0.88727 (25), -0.88473 (26), -0.88445 (25), -0.87210 (26), -0.86770 (25), -0.86638 (26), 
Length of domains: 3434
Current (lb-rhs): -0.9972805976867676
52832 domains visited
Time: pickout 0.2922    decision 0.4542    set_bounds 0.1407    solve 1.0097    add 0.0046    
Accumulated time: pickout 1.0651    decision 5.3331    set_bounds 1.3956    solve 17.8684    add 0.0873    
Cumulative time: 25.889038562774658

BaB round 23
batch: 3434
splitting decisions: 
split level 0: [/input-3, 48] [/input, 65] [/input, 81] [/input-3, 23] [/input, 65] [/input, 81] [/input, 198] [/input, 65] [/input, 198] [/input, 198] 
best_l after optimization: -970.1981201171875
beta sum per layer: [38945.80078125, 12449.2626953125]
alpha/beta optimization time: 0.9605908393859863
pruning_in_iteration open status: True
ratio of positive domain = 2829 / 6868 = 0.41191030867792666
pruning-in-iteration extra time: 0.029824018478393555
torch.Size([6868, 1])
Time: prepare 0.1672    bound 0.9618    transfer 0.0027    finalize 0.0425    func 1.1750    
Accumulated time: func 19.0135    prepare 1.5488    bound 16.9734    transfer 0.0402    finalize 0.5706    
max lb tensor(0.00121319) min lb tensor(-0.94317436)
Number of Verified Splits: 2829 of 6868
Current worst splitting domains lb-rhs (depth):
-0.94317 (27), -0.90424 (27), -0.90393 (26), -0.90218 (27), -0.89840 (27), -0.89526 (27), -0.88488 (27), -0.87621 (27), -0.86830 (26), -0.86092 (27), -0.85286 (26), -0.84605 (27), -0.84324 (27), -0.84067 (26), -0.83817 (26), -0.83519 (26), -0.83411 (27), -0.83219 (26), -0.82075 (27), -0.81889 (27), 
Length of domains: 4039
Current (lb-rhs): -0.9431743621826172
59700 domains visited
Time: pickout 0.3805    decision 0.6962    set_bounds 0.1668    solve 1.1768    add 0.0047    
Accumulated time: pickout 1.4455    decision 6.0293    set_bounds 1.5624    solve 19.0452    add 0.0920    
Time out!!!!!!!!
Result: unknown in 30.3355 seconds

 %%%%%%%%%%%%%%%%%%%%%%%%%%%%%%%%%%% idx: 93, vnnlib ID: 93 %%%%%%%%%%%%%%%%%%%%%%%%%%%%%%%%%%%
Finished vnnlib processing in 0.003156 seconds
Model: BoundedModule(
  (/0): BoundInput(name=/0, inputs=[], perturbed=True)
  (/7): BoundParams(name=/7, inputs=[], perturbed=False)
  (/8): BoundParams(name=/8, inputs=[], perturbed=False)
  (/9): BoundParams(name=/9, inputs=[], perturbed=False)
  (/10): BoundParams(name=/10, inputs=[], perturbed=False)
  (/11): BoundParams(name=/11, inputs=[], perturbed=False)
  (/12): BoundParams(name=/12, inputs=[], perturbed=False)
  (/13): BoundFlatten(name=/13, inputs=[/0], perturbed=True)
  (/input): BoundLinear(name=/input, inputs=[/13, /7, /8], perturbed=True)
  (/15): BoundRelu(name=/15, inputs=[/input], perturbed=True)
  (/input-3): BoundLinear(name=/input-3, inputs=[/15, /9, /10], perturbed=True)
  (/17): BoundRelu(name=/17, inputs=[/input-3], perturbed=True)
  (/18): BoundLinear(name=/18, inputs=[/17, /11, /12], perturbed=True)
)
Original output in the first batch: tensor([[ -2.19685745,  -6.99660015,  -2.99369311,  11.28717995, -10.80333996,
           1.20316875, -17.06593513,  -6.91495514,  -0.65623027,   2.28233886]],
       device='cuda:0')
Split layers:
Nonlinear functions:
   BoundRelu(name=/15, inputs=[/input], perturbed=True)
   BoundRelu(name=/17, inputs=[/input-3], perturbed=True)
build batch [1/1]
layer /15 using sparse-features alpha with shape [59]; unstable size 59; total size 256 ([1, 256])
layer /15 start_node /input-3 using sparse-spec alpha [2, 29, 1, 59] with unstable size 28 total_size 128 output_shape torch.Size([128])
layer /15 start_node /18 using full alpha [2, 9, 1, 59] with unstable size None total_size 9 output_shape 9
layer /17 using sparse-features alpha with shape [28]; unstable size 28; total size 128 ([1, 128])
layer /17 start_node /18 using full alpha [2, 9, 1, 28] with unstable size None total_size 9 output_shape 9
Optimizable variables initialized.
initial CROWN bounds (first 10 items): [8.656333923339844, 14.519989013671875, 10.168184280395508, 17.284198760986328, 6.109708786010742, 23.064382553100586, 13.381522178649902, 8.495586395263672, 4.96180534362793]
Verified with initial CROWN!
verified with init bound!
Result: safe-incomplete in 0.1248 seconds

 %%%%%%%%%%%%%%%%%%%%%%%%%%%%%%%%%%% idx: 94, vnnlib ID: 94 %%%%%%%%%%%%%%%%%%%%%%%%%%%%%%%%%%%
Finished vnnlib processing in 0.002675 seconds
Model: BoundedModule(
  (/0): BoundInput(name=/0, inputs=[], perturbed=True)
  (/7): BoundParams(name=/7, inputs=[], perturbed=False)
  (/8): BoundParams(name=/8, inputs=[], perturbed=False)
  (/9): BoundParams(name=/9, inputs=[], perturbed=False)
  (/10): BoundParams(name=/10, inputs=[], perturbed=False)
  (/11): BoundParams(name=/11, inputs=[], perturbed=False)
  (/12): BoundParams(name=/12, inputs=[], perturbed=False)
  (/13): BoundFlatten(name=/13, inputs=[/0], perturbed=True)
  (/input): BoundLinear(name=/input, inputs=[/13, /7, /8], perturbed=True)
  (/15): BoundRelu(name=/15, inputs=[/input], perturbed=True)
  (/input-3): BoundLinear(name=/input-3, inputs=[/15, /9, /10], perturbed=True)
  (/17): BoundRelu(name=/17, inputs=[/input-3], perturbed=True)
  (/18): BoundLinear(name=/18, inputs=[/17, /11, /12], perturbed=True)
)
Original output in the first batch: tensor([[-10.74927044,   8.42138767,  -3.07140517,  -3.63725448,   1.07303691,
          -7.08616018,  -5.80023050,  -2.16326690,   1.12491667,  -5.97465229]],
       device='cuda:0')
Split layers:
Nonlinear functions:
   BoundRelu(name=/15, inputs=[/input], perturbed=True)
   BoundRelu(name=/17, inputs=[/input-3], perturbed=True)
build batch [1/1]
layer /15 using sparse-features alpha with shape [80]; unstable size 80; total size 256 ([1, 256])
layer /15 start_node /input-3 using sparse-spec alpha [2, 29, 1, 80] with unstable size 28 total_size 128 output_shape torch.Size([128])
layer /15 start_node /18 using full alpha [2, 9, 1, 80] with unstable size None total_size 9 output_shape 9
layer /17 using sparse-features alpha with shape [28]; unstable size 28; total size 128 ([1, 128])
layer /17 start_node /18 using full alpha [2, 9, 1, 28] with unstable size None total_size 9 output_shape 9
Optimizable variables initialized.
initial CROWN bounds (first 10 items): [15.053360939025879, 7.241800785064697, 7.408417224884033, 3.671952724456787, 10.979035377502441, 10.070229530334473, 7.024736404418945, 3.0199549198150635, 10.08315658569336]
Verified with initial CROWN!
verified with init bound!
Result: safe-incomplete in 0.1101 seconds

 %%%%%%%%%%%%%%%%%%%%%%%%%%%%%%%%%%% idx: 95, vnnlib ID: 95 %%%%%%%%%%%%%%%%%%%%%%%%%%%%%%%%%%%
Finished vnnlib processing in 0.002586 seconds
Model: BoundedModule(
  (/0): BoundInput(name=/0, inputs=[], perturbed=True)
  (/7): BoundParams(name=/7, inputs=[], perturbed=False)
  (/8): BoundParams(name=/8, inputs=[], perturbed=False)
  (/9): BoundParams(name=/9, inputs=[], perturbed=False)
  (/10): BoundParams(name=/10, inputs=[], perturbed=False)
  (/11): BoundParams(name=/11, inputs=[], perturbed=False)
  (/12): BoundParams(name=/12, inputs=[], perturbed=False)
  (/13): BoundFlatten(name=/13, inputs=[/0], perturbed=True)
  (/input): BoundLinear(name=/input, inputs=[/13, /7, /8], perturbed=True)
  (/15): BoundRelu(name=/15, inputs=[/input], perturbed=True)
  (/input-3): BoundLinear(name=/input-3, inputs=[/15, /9, /10], perturbed=True)
  (/17): BoundRelu(name=/17, inputs=[/input-3], perturbed=True)
  (/18): BoundLinear(name=/18, inputs=[/17, /11, /12], perturbed=True)
)
Original output in the first batch: tensor([[-5.65735435, -5.40533781, -4.75201797, -7.21073580, 10.19650745,
         -2.65251851, -5.55615854, -4.95683575, -2.76090360,  2.29872298]],
       device='cuda:0')
Split layers:
Nonlinear functions:
   BoundRelu(name=/15, inputs=[/input], perturbed=True)
   BoundRelu(name=/17, inputs=[/input-3], perturbed=True)
build batch [1/1]
layer /15 using sparse-features alpha with shape [45]; unstable size 45; total size 256 ([1, 256])
layer /15 start_node /input-3 using sparse-spec alpha [2, 32, 1, 45] with unstable size 31 total_size 128 output_shape torch.Size([128])
layer /15 start_node /18 using full alpha [2, 9, 1, 45] with unstable size None total_size 9 output_shape 9
layer /17 using sparse-features alpha with shape [31]; unstable size 31; total size 128 ([1, 128])
layer /17 start_node /18 using full alpha [2, 9, 1, 31] with unstable size None total_size 9 output_shape 9
Optimizable variables initialized.
initial CROWN bounds (first 10 items): [11.319571495056152, 11.91049575805664, 10.29606819152832, 12.105969429016113, 7.46162748336792, 11.031274795532227, 11.228218078613281, 8.070000648498535, 2.5563154220581055]
Verified with initial CROWN!
verified with init bound!
Result: safe-incomplete in 0.1068 seconds

 %%%%%%%%%%%%%%%%%%%%%%%%%%%%%%%%%%% idx: 96, vnnlib ID: 96 %%%%%%%%%%%%%%%%%%%%%%%%%%%%%%%%%%%
Finished vnnlib processing in 0.002719 seconds
Model: BoundedModule(
  (/0): BoundInput(name=/0, inputs=[], perturbed=True)
  (/7): BoundParams(name=/7, inputs=[], perturbed=False)
  (/8): BoundParams(name=/8, inputs=[], perturbed=False)
  (/9): BoundParams(name=/9, inputs=[], perturbed=False)
  (/10): BoundParams(name=/10, inputs=[], perturbed=False)
  (/11): BoundParams(name=/11, inputs=[], perturbed=False)
  (/12): BoundParams(name=/12, inputs=[], perturbed=False)
  (/13): BoundFlatten(name=/13, inputs=[/0], perturbed=True)
  (/input): BoundLinear(name=/input, inputs=[/13, /7, /8], perturbed=True)
  (/15): BoundRelu(name=/15, inputs=[/input], perturbed=True)
  (/input-3): BoundLinear(name=/input-3, inputs=[/15, /9, /10], perturbed=True)
  (/17): BoundRelu(name=/17, inputs=[/input-3], perturbed=True)
  (/18): BoundLinear(name=/18, inputs=[/17, /11, /12], perturbed=True)
)
Original output in the first batch: tensor([[-8.06805134e+00,  3.06377554e+00, -3.97758937e+00,  2.17742592e-01,
          3.51130843e-01, -2.49573731e+00, -6.87813425e+00, -7.79261053e-01,
          5.50520606e-03,  1.87327906e-01]], device='cuda:0')
Split layers:
Nonlinear functions:
   BoundRelu(name=/15, inputs=[/input], perturbed=True)
   BoundRelu(name=/17, inputs=[/input-3], perturbed=True)
build batch [1/1]
layer /15 using sparse-features alpha with shape [109]; unstable size 109; total size 256 ([1, 256])
layer /15 start_node /input-3 using sparse-spec alpha [2, 66, 1, 109] with unstable size 65 total_size 128 output_shape torch.Size([128])
layer /15 start_node /18 using full alpha [2, 9, 1, 109] with unstable size None total_size 9 output_shape 9
layer /17 using sparse-features alpha with shape [65]; unstable size 65; total size 128 ([1, 128])
layer /17 start_node /18 using full alpha [2, 9, 1, 65] with unstable size None total_size 9 output_shape 9
Optimizable variables initialized.
initial CROWN bounds (first 10 items): [5.570945739746094, 2.2215628623962402, -3.188483238220215, -2.1587018966674805, -1.1312732696533203, 5.0899553298950195, -1.4825067520141602, -1.8500308990478516, -3.525498151779175]
prune_after_crown optimization in use
  original spec size = torch.Size([1, 9])
  pruned spec size = torch.Size([1, 6])
Using alpha-CROWN to initialize bounds.
best_l after optimization: -11.265764236450195
alpha/beta optimization time: 1.6388494968414307
initial alpha-crown bounds (first 10 items): [-2.8811771869659424, -1.7274677753448486, -0.8603029251098633, -1.2674400806427002, -1.4430127143859863, -3.0863635540008545]
Global lower bound: -3.0863635540008545
torch.Size([1, 6])
3 / 9 OR specs are verified.
Verified OR indices (first 10 items): [0, 1, 5]
Verified OR lbs (first 10 items): [[inf], [inf], [inf]]
Unverified OR indices (first 10 items): [2, 3, 4, 6, 7, 8]
Unverified OR lbs (first 10 items): [[-2.8811771869659424], [-1.7274677753448486], [-0.8603029251098633], [-1.2674400806427002], [-1.4430127143859863], [-3.0863635540008545]]
###### Verifying property Instance 96 ######
Batch size: 6
First 10 spec matrices
C: tensor([[[ 0.,  1.,  0., -1.,  0.,  0.,  0.,  0.,  0.,  0.]],

        [[ 0.,  1.,  0.,  0., -1.,  0.,  0.,  0.,  0.,  0.]],

        [[ 0.,  1.,  0.,  0.,  0., -1.,  0.,  0.,  0.,  0.]],

        [[ 0.,  1.,  0.,  0.,  0.,  0.,  0., -1.,  0.,  0.]],

        [[ 0.,  1.,  0.,  0.,  0.,  0.,  0.,  0., -1.,  0.]],

        [[ 0.,  1.,  0.,  0.,  0.,  0.,  0.,  0.,  0., -1.]]], device='cuda:0')
RHS: tensor([[0.],
        [0.],
        [0.],
        [0.],
        [0.],
        [0.]], device='cuda:0')
OR spec sizes: tensor([1, 1, 1, 1, 1, 1], device='cuda:0', dtype=torch.int32)
Remaining timeout: 28.15446162223816
Model prediction is: tensor([-8.06805134e+00,  3.06377554e+00, -3.97758937e+00,  2.17742592e-01,
         3.51130843e-01, -2.49573731e+00, -6.87813425e+00, -7.79261053e-01,
         5.50520606e-03,  1.87327906e-01], device='cuda:0')
Activation BaB batch 1/1 
build_with_refined_bounds batch [1/1]
Optimizable variables initialized.
all alpha initialized
directly get lb and ub from refined bounds
c shape: torch.Size([6, 1, 10])
lA shapes: [torch.Size([6, 1, 256]), torch.Size([6, 1, 128])]
torch.Size([6, 1])
(alpha-)CROWN with fixed intermediate bounds: tensor([[-2.88117719],
        [-1.72746778],
        [-0.86030293],
        [-1.26744008],
        [-1.44301271],
        [-3.08636355]], device='cuda:0') tensor([[inf],
        [inf],
        [inf],
        [inf],
        [inf],
        [inf]], device='cuda:0')
Intermediate layers: /input,/input-3
Keeping alphas for these layers: ['/18']
Node /15 input 0: size torch.Size([256]) unstable 109
Node /17 input 0: size torch.Size([128]) unstable 63
-----------------
# of unstable neurons: 172
-----------------

BaB round 1
batch: 6
splitting decisions: 
split level 0: [/input, 172] [/input-3, 43] [/input, 135] [/input, 222] [/input-3, 80] [/input, 172] 
split level 1: [/input, 160] [/input-3, 80] [/input, 172] [/input-3, 74] [/input-3, 74] [/input-3, 27] 
split level 2: [/input-3, 0] [/input-3, 73] [/input, 190] [/input-3, 60] [/input-3, 31] [/input-3, 74] 
split level 3: [/input-3, 74] [/input-3, 36] [/input, 173] [/input-3, 65] [/input-3, 16] [/input-3, 36] 
best_l after optimization: -33.034706115722656
beta sum per layer: [23.868356704711914, 52.466304779052734]
alpha/beta optimization time: 0.6554219722747803
pruning_in_iteration open status: True
ratio of positive domain = 65 / 96 = 0.6770833333333333
pruning-in-iteration extra time: 0.025979042053222656
torch.Size([96, 1])
Time: prepare 0.0021    bound 0.6565    transfer 0.0004    finalize 0.0024    func 0.6615    
Accumulated time: func 0.6615    prepare 0.0041    bound 0.6565    transfer 0.0004    finalize 0.0024    
max lb tensor(9.99999975e-05) min lb tensor(-2.83849478)
Number of Verified Splits: 65 of 96
Current worst splitting domains lb-rhs (depth):
-2.83849 (4), -2.64744 (4), -2.53723 (4), -2.23825 (4), -1.51796 (4), -1.46458 (4), -1.39922 (4), -1.34222 (4), -1.33175 (4), -1.32848 (4), -1.27124 (4), -1.26458 (4), -1.14600 (4), -1.09025 (4), -1.03243 (4), -0.98336 (4), -0.93679 (4), -0.90623 (4), -0.78943 (4), -0.77792 (4), 
Length of domains: 31
Current (lb-rhs): -2.8384947776794434
96 domains visited
Time: pickout 0.0016    decision 0.0274    set_bounds 0.0049    solve 0.6624    add 0.0054    
Accumulated time: pickout 0.0016    decision 0.0274    set_bounds 0.0049    solve 0.6624    add 0.0054    
Cumulative time: 0.726306676864624

BaB round 2
batch: 31
splitting decisions: 
split level 0: [/input-3, 40] [/input-3, 73] [/input-3, 40] [/input-3, 73] [/input-3, 40] [/input-3, 36] [/input-3, 118] [/input-3, 73] [/input-3, 40] [/input-3, 36] 
best_l after optimization: -39.92809295654297
beta sum per layer: [42.61510467529297, 97.23211669921875]
alpha/beta optimization time: 0.546334981918335
pruning_in_iteration open status: True
ratio of positive domain = 18 / 62 = 0.29032258064516125
pruning-in-iteration extra time: 0.02184319496154785
torch.Size([62, 1])
Time: prepare 0.0025    bound 0.5475    transfer 0.0004    finalize 0.0017    func 0.5521    
Accumulated time: func 1.2137    prepare 0.0085    bound 1.2040    transfer 0.0008    finalize 0.0041    
max lb tensor(9.99999975e-05) min lb tensor(-2.76112890)
Number of Verified Splits: 18 of 62
Current worst splitting domains lb-rhs (depth):
-2.76113 (5), -2.59541 (5), -2.48121 (5), -2.43918 (5), -2.18969 (5), -2.14682 (5), -1.62609 (5), -1.48537 (5), -1.45189 (5), -1.40240 (5), -1.29649 (5), -1.19972 (5), -1.12759 (5), -0.96631 (5), -0.93511 (5), -0.92021 (5), -0.91431 (5), -0.91083 (5), -0.86257 (5), -0.82188 (5), 
Length of domains: 44
Current (lb-rhs): -2.7611289024353027
158 domains visited
Time: pickout 0.0116    decision 0.0277    set_bounds 0.0023    solve 0.5529    add 0.0024    
Accumulated time: pickout 0.0133    decision 0.0552    set_bounds 0.0072    solve 1.2153    add 0.0078    
Cumulative time: 1.323544979095459

BaB round 3
batch: 44
splitting decisions: 
split level 0: [/input, 135] [/input-3, 36] [/input-3, 105] [/input, 23] [/input-3, 31] [/input-3, 27] [/input-3, 105] [/input-3, 66] [/input, 57] [/input-3, 66] 
best_l after optimization: -56.36152648925781
beta sum per layer: [69.03813171386719, 206.73605346679688]
alpha/beta optimization time: 0.5355973243713379
pruning_in_iteration open status: False
ratio of positive domain = 16 / 88 = 0.18181818181818177
pruning-in-iteration extra time: 0.0006694793701171875
torch.Size([88, 1])
Time: prepare 0.0052    bound 0.5376    transfer 0.0017    finalize 0.0072    func 0.5517    
Accumulated time: func 1.7654    prepare 0.0153    bound 1.7415    transfer 0.0024    finalize 0.0114    
max lb tensor(0.18651938) min lb tensor(-2.69595146)
Number of Verified Splits: 16 of 88
Current worst splitting domains lb-rhs (depth):
-2.69595 (6), -2.57872 (6), -2.50985 (6), -2.41870 (6), -2.36731 (6), -2.36572 (6), -2.35823 (6), -2.29037 (6), -2.07580 (6), -2.07361 (6), -2.04967 (6), -2.03129 (6), -1.41174 (6), -1.41006 (6), -1.35692 (6), -1.33461 (6), -1.23902 (6), -1.21002 (6), -1.14447 (6), -1.07403 (6), 
Length of domains: 72
Current (lb-rhs): -2.695951461791992
246 domains visited
Time: pickout 0.0144    decision 0.0291    set_bounds 0.0131    solve 0.5527    add 0.0037    
Accumulated time: pickout 0.0277    decision 0.0842    set_bounds 0.0203    solve 1.7680    add 0.0115    
Cumulative time: 1.9367430210113525

BaB round 4
batch: 72
splitting decisions: 
split level 0: [/input, 108] [/input-3, 31] [/input-3, 55] [/input-3, 43] [/input-3, 36] [/input-3, 105] [/input-3, 55] [/input-3, 43] [/input, 155] [/input-3, 55] 
best_l after optimization: -84.30608367919922
beta sum per layer: [148.15924072265625, 341.08526611328125]
alpha/beta optimization time: 0.8921074867248535
pruning_in_iteration open status: True
ratio of positive domain = 42 / 144 = 0.29166666666666663
pruning-in-iteration extra time: 0.03960585594177246
torch.Size([144, 1])
Time: prepare 0.0061    bound 0.8934    transfer 0.0018    finalize 0.0091    func 0.9104    
Accumulated time: func 2.6758    prepare 0.0295    bound 2.6349    transfer 0.0042    finalize 0.0204    
max lb tensor(9.99999975e-05) min lb tensor(-2.64528275)
Number of Verified Splits: 42 of 144
Current worst splitting domains lb-rhs (depth):
-2.64528 (7), -2.52672 (7), -2.43437 (7), -2.34257 (7), -2.32695 (7), -2.32513 (7), -2.30081 (7), -2.29528 (7), -2.23717 (7), -2.20652 (7), -2.01648 (7), -2.01404 (7), -1.98221 (7), -1.96572 (7), -1.96061 (7), -1.89495 (7), -1.74991 (7), -1.73200 (7), -1.68416 (7), -1.68014 (7), 
Length of domains: 102
Current (lb-rhs): -2.645282745361328
390 domains visited
Time: pickout 0.0194    decision 0.1299    set_bounds 0.0052    solve 0.9111    add 0.0047    
Accumulated time: pickout 0.0470    decision 0.2141    set_bounds 0.0255    solve 2.6791    add 0.0162    
Cumulative time: 3.007413387298584

BaB round 5
batch: 102
splitting decisions: 
split level 0: [/input-3, 60] [/input-3, 122] [/input-3, 60] [/input, 108] [/input-3, 122] [/input, 23] [/input-3, 60] [/input, 23] [/input-3, 40] [/input-3, 55] 
best_l after optimization: -116.73737335205078
beta sum per layer: [276.1131896972656, 543.9137573242188]
alpha/beta optimization time: 0.7828094959259033
pruning_in_iteration open status: True
ratio of positive domain = 54 / 204 = 0.2647058823529411
pruning-in-iteration extra time: 0.040268659591674805
torch.Size([204, 1])
Time: prepare 0.0078    bound 0.7848    transfer 0.0027    finalize 0.0104    func 0.8058    
Accumulated time: func 3.4816    prepare 0.0420    bound 3.4197    transfer 0.0069    finalize 0.0308    
max lb tensor(9.99999975e-05) min lb tensor(-2.60182357)
Number of Verified Splits: 54 of 204
Current worst splitting domains lb-rhs (depth):
-2.60182 (8), -2.46864 (8), -2.38931 (8), -2.29700 (8), -2.28146 (8), -2.28045 (8), -2.19635 (8), -2.19460 (8), -2.19050 (8), -2.16001 (8), -1.95628 (8), -1.92502 (8), -1.90877 (8), -1.89450 (8), -1.88392 (8), -1.88068 (8), -1.86649 (8), -1.84233 (8), -1.75762 (8), -1.71650 (8), 
Length of domains: 150
Current (lb-rhs): -2.601823568344116
594 domains visited
Time: pickout 0.0188    decision 0.1215    set_bounds 0.0060    solve 0.8067    add 0.0020    
Accumulated time: pickout 0.0658    decision 0.3356    set_bounds 0.0314    solve 3.4857    add 0.0182    
Cumulative time: 3.9627480506896973

BaB round 6
batch: 150
splitting decisions: 
split level 0: [/input-3, 16] [/input-3, 63] [/input-3, 127] [/input-3, 80] [/input-3, 63] [/input, 108] [/input, 197] [/input-3, 16] [/input, 197] [/input, 207] 
best_l after optimization: -160.34176635742188
beta sum per layer: [446.712890625, 912.343994140625]
alpha/beta optimization time: 0.9444208145141602
pruning_in_iteration open status: True
ratio of positive domain = 80 / 300 = 0.2666666666666667
pruning-in-iteration extra time: 0.039107322692871094
torch.Size([300, 1])
Time: prepare 0.0085    bound 0.9466    transfer 0.0020    finalize 0.0090    func 0.9662    
Accumulated time: func 4.4478    prepare 0.0561    bound 4.3663    transfer 0.0089    finalize 0.0398    
max lb tensor(0.00056374) min lb tensor(-2.55128479)
Number of Verified Splits: 80 of 300
Current worst splitting domains lb-rhs (depth):
-2.55128 (9), -2.42921 (9), -2.38563 (9), -2.34625 (9), -2.25136 (9), -2.23659 (9), -2.22650 (9), -2.15491 (9), -2.14289 (9), -2.13880 (9), -2.11066 (9), -2.05286 (9), -1.87551 (9), -1.85916 (9), -1.84835 (9), -1.83077 (9), -1.74372 (9), -1.72987 (9), -1.70478 (9), -1.67337 (9), 
Length of domains: 220
Current (lb-rhs): -2.5512847900390625
894 domains visited
Time: pickout 0.0285    decision 0.1830    set_bounds 0.0090    solve 0.9675    add 0.0026    
Accumulated time: pickout 0.0943    decision 0.5186    set_bounds 0.0405    solve 4.4533    add 0.0208    
Cumulative time: 5.154083490371704

BaB round 7
batch: 220
splitting decisions: 
split level 0: [/input, 97] [/input-3, 16] [/input-3, 80] [/input-3, 122] [/input-3, 60] [/input, 172] [/input-3, 122] [/input-3, 60] [/input, 235] [/input, 197] 
best_l after optimization: -205.3987579345703
beta sum per layer: [838.1796875, 1496.837890625]
alpha/beta optimization time: 1.2144429683685303
pruning_in_iteration open status: True
ratio of positive domain = 132 / 440 = 0.30000000000000004
pruning-in-iteration extra time: 0.049968719482421875
torch.Size([440, 1])
Time: prepare 0.0144    bound 1.2163    transfer 0.0022    finalize 0.0139    func 1.2471    
Accumulated time: func 5.6949    prepare 0.0764    bound 5.5826    transfer 0.0111    finalize 0.0537    
max lb tensor(0.00531816) min lb tensor(-2.51840138)
Number of Verified Splits: 132 of 440
Current worst splitting domains lb-rhs (depth):
-2.51840 (10), -2.39838 (10), -2.33255 (10), -2.29093 (10), -2.19734 (10), -2.19032 (10), -2.17608 (10), -2.12313 (10), -2.11853 (10), -2.11451 (10), -2.09666 (10), -2.05118 (10), -1.99510 (10), -1.98880 (10), -1.93997 (10), -1.91498 (10), -1.85122 (10), -1.82381 (10), -1.80864 (10), -1.80813 (10), 
Length of domains: 308
Current (lb-rhs): -2.5184013843536377
1334 domains visited
Time: pickout 0.0323    decision 0.2714    set_bounds 0.0153    solve 1.2484    add 0.0036    
Accumulated time: pickout 0.1266    decision 0.7901    set_bounds 0.0558    solve 5.7016    add 0.0244    
Cumulative time: 6.72596001625061

BaB round 8
batch: 308
splitting decisions: 
split level 0: [/input, 57] [/input, 77] [/input, 173] [/input-3, 51] [/input-3, 36] [/input, 108] [/input-3, 127] [/input, 31] [/input-3, 55] [/input, 97] 
best_l after optimization: -286.3060302734375
beta sum per layer: [1472.317626953125, 2180.78857421875]
alpha/beta optimization time: 0.7145884037017822
pruning_in_iteration open status: True
ratio of positive domain = 173 / 616 = 0.2808441558441559
pruning-in-iteration extra time: 0.025154829025268555
torch.Size([616, 1])
Time: prepare 0.0147    bound 0.7155    transfer 0.0006    finalize 0.0089    func 0.7398    
Accumulated time: func 6.4347    prepare 0.0996    bound 6.2981    transfer 0.0117    finalize 0.0626    
max lb tensor(9.99999975e-05) min lb tensor(-2.48840618)
Number of Verified Splits: 173 of 616
Current worst splitting domains lb-rhs (depth):
-2.48841 (11), -2.34279 (11), -2.32640 (11), -2.30135 (11), -2.24812 (11), -2.15502 (11), -2.15471 (11), -2.13143 (11), -2.08476 (11), -2.07939 (11), -2.05998 (11), -2.03730 (11), -2.00842 (11), -1.95974 (11), -1.89882 (11), -1.87180 (11), -1.82795 (11), -1.82338 (11), -1.77683 (11), -1.76653 (11), 
Length of domains: 443
Current (lb-rhs): -2.488406181335449
1950 domains visited
Time: pickout 0.0417    decision 0.3440    set_bounds 0.0147    solve 0.7407    add 0.0018    
Accumulated time: pickout 0.1684    decision 1.1341    set_bounds 0.0705    solve 6.4423    add 0.0262    
Cumulative time: 7.869930028915405

BaB round 9
batch: 443
splitting decisions: 
split level 0: [/input-3, 127] [/input, 97] [/input, 121] [/input, 172] [/input-3, 122] [/input, 108] [/input, 207] [/input, 41] [/input-3, 111] [/input-3, 102] 
best_l after optimization: -381.53546142578125
beta sum per layer: [2684.7001953125, 3124.4794921875]
alpha/beta optimization time: 0.6599347591400146
pruning_in_iteration open status: True
ratio of positive domain = 259 / 886 = 0.29232505643340856
pruning-in-iteration extra time: 0.023337841033935547
torch.Size([886, 1])
Time: prepare 0.0271    bound 0.6611    transfer 0.0006    finalize 0.0144    func 0.7046    
Accumulated time: func 7.1393    prepare 0.1284    bound 6.9591    transfer 0.0123    finalize 0.0770    
max lb tensor(9.99999975e-05) min lb tensor(-2.45439887)
Number of Verified Splits: 259 of 886
Current worst splitting domains lb-rhs (depth):
-2.45440 (12), -2.29380 (12), -2.28110 (12), -2.26714 (12), -2.19893 (12), -2.11222 (12), -2.10817 (12), -2.07443 (12), -2.05592 (12), -2.03134 (12), -2.00906 (12), -2.00179 (12), -1.99375 (12), -1.98977 (12), -1.96579 (12), -1.91795 (12), -1.90126 (12), -1.86842 (12), -1.85405 (12), -1.85387 (12), 
Length of domains: 627
Current (lb-rhs): -2.4543988704681396
2836 domains visited
Time: pickout 0.0518    decision 0.0910    set_bounds 0.0242    solve 0.7059    add 0.0020    
Accumulated time: pickout 0.2201    decision 1.2251    set_bounds 0.0947    solve 7.1482    add 0.0282    
Cumulative time: 8.74626088142395

BaB round 10
batch: 627
splitting decisions: 
split level 0: [/input-3, 65] [/input-3, 0] [/input, 41] [/input-3, 60] [/input, 135] [/input, 23] [/input-3, 25] [/input-3, 51] [/input, 20] [/input, 108] 
best_l after optimization: -499.0088195800781
beta sum per layer: [4314.2958984375, 4375.611328125]
alpha/beta optimization time: 0.7767102718353271
pruning_in_iteration open status: True
ratio of positive domain = 386 / 1254 = 0.3078149920255183
pruning-in-iteration extra time: 0.029296398162841797
torch.Size([1254, 1])
Time: prepare 0.0267    bound 0.7778    transfer 0.0008    finalize 0.0085    func 0.8140    
Accumulated time: func 7.9534    prepare 0.1568    bound 7.7370    transfer 0.0131    finalize 0.0855    
max lb tensor(0.00113964) min lb tensor(-2.40711427)
Number of Verified Splits: 386 of 1254
Current worst splitting domains lb-rhs (depth):
-2.40711 (13), -2.35670 (13), -2.24627 (13), -2.23667 (13), -2.21407 (13), -2.18001 (13), -2.15502 (13), -2.06719 (13), -2.06551 (13), -2.02778 (13), -2.02683 (13), -2.01253 (13), -2.00979 (13), -1.97597 (13), -1.95699 (13), -1.94855 (13), -1.94345 (13), -1.94088 (13), -1.92163 (13), -1.92059 (13), 
Length of domains: 868
Current (lb-rhs): -2.407114267349243
4090 domains visited
Time: pickout 0.0720    decision 0.1097    set_bounds 0.0286    solve 0.8148    add 0.0055    
Accumulated time: pickout 0.2921    decision 1.3348    set_bounds 0.1234    solve 7.9630    add 0.0336    
Cumulative time: 9.779261589050293

BaB round 11
batch: 868
splitting decisions: 
split level 0: [/input-3, 102] [/input, 97] [/input, 97] [/input, 78] [/input-3, 105] [/input-3, 66] [/input-3, 46] [/input, 151] [/input, 135] [/input, 235] 
best_l after optimization: -610.0097045898438
beta sum per layer: [6770.66650390625, 5952.548828125]
alpha/beta optimization time: 0.5591425895690918
pruning_in_iteration open status: True
ratio of positive domain = 683 / 1736 = 0.39343317972350234
pruning-in-iteration extra time: 0.021915674209594727
torch.Size([1736, 1])
Time: prepare 0.0316    bound 0.5601    transfer 0.0009    finalize 0.0141    func 0.6069    
Accumulated time: func 8.5602    prepare 0.1918    bound 8.2970    transfer 0.0140    finalize 0.0996    
max lb tensor(9.99999975e-05) min lb tensor(-2.35615969)
Number of Verified Splits: 683 of 1736
Current worst splitting domains lb-rhs (depth):
-2.35616 (14), -2.31061 (14), -2.21199 (14), -2.19391 (14), -2.16081 (14), -2.15982 (14), -2.13409 (14), -2.12572 (14), -2.08890 (14), -2.03519 (14), -2.01241 (14), -2.00426 (14), -1.99901 (14), -1.98300 (14), -1.98160 (14), -1.96231 (14), -1.96087 (14), -1.95083 (14), -1.94464 (14), -1.93941 (14), 
Length of domains: 1053
Current (lb-rhs): -2.3561596870422363
5826 domains visited
Time: pickout 0.0834    decision 0.1482    set_bounds 0.0345    solve 0.6079    add 0.0070    
Accumulated time: pickout 0.3756    decision 1.4830    set_bounds 0.1579    solve 8.5709    add 0.0406    
Cumulative time: 10.664618492126465

BaB round 12
batch: 1024
splitting decisions: 
split level 0: [/input-3, 27] [/input-3, 27] [/input, 77] [/input-3, 80] [/input-3, 0] [/input, 151] [/input-3, 16] [/input, 197] [/input, 85] [/input, 30] 
best_l after optimization: -706.0855102539062
beta sum per layer: [9161.16015625, 7408.3017578125]
alpha/beta optimization time: 0.5608935356140137
pruning_in_iteration open status: True
ratio of positive domain = 800 / 2048 = 0.390625
pruning-in-iteration extra time: 0.021934986114501953
torch.Size([2048, 1])
Time: prepare 0.0403    bound 0.5618    transfer 0.0009    finalize 0.0156    func 0.6188    
Accumulated time: func 9.1790    prepare 0.2343    bound 8.8588    transfer 0.0150    finalize 0.1152    
max lb tensor(0.00096679) min lb tensor(-2.30386949)
Number of Verified Splits: 800 of 2048
Current worst splitting domains lb-rhs (depth):
-2.30387 (15), -2.28511 (15), -2.16835 (15), -2.16597 (15), -2.13375 (15), -2.13195 (15), -2.11015 (15), -2.08631 (15), -2.07530 (15), -2.03701 (15), -2.03198 (15), -1.99901 (14), -1.99692 (15), -1.98549 (15), -1.98300 (14), -1.95748 (15), -1.93888 (15), -1.92290 (15), -1.91311 (15), -1.91157 (15), 
Length of domains: 1277
Current (lb-rhs): -2.3038694858551025
7874 domains visited
Time: pickout 0.1021    decision 0.1482    set_bounds 0.0429    solve 0.6202    add 0.0024    
Accumulated time: pickout 0.4776    decision 1.6311    set_bounds 0.2007    solve 9.1911    add 0.0430    
current_vram/total_varm: 0.3GB/8.6GB, batch_size increase to 2048
Cumulative time: 11.583416938781738

BaB round 13
batch: 1277
splitting decisions: 
split level 0: [/input-3, 105] [/input-3, 27] [/input, 197] [/input, 77] [/input-3, 122] [/input, 123] [/input, 93] [/input, 243] [/input-3, 122] [/input, 93] 
best_l after optimization: -940.0496826171875
beta sum per layer: [12624.841796875, 9193.0390625]
alpha/beta optimization time: 0.6202247142791748
pruning_in_iteration open status: True
ratio of positive domain = 966 / 2554 = 0.3782302270947533
pruning-in-iteration extra time: 0.02503204345703125
torch.Size([2554, 1])
Time: prepare 0.0599    bound 0.6217    transfer 0.0014    finalize 0.0231    func 0.7065    
Accumulated time: func 9.8855    prepare 0.2969    bound 9.4806    transfer 0.0164    finalize 0.1383    
max lb tensor(0.00684929) min lb tensor(-2.25245404)
Number of Verified Splits: 966 of 2554
Current worst splitting domains lb-rhs (depth):
-2.25245 (16), -2.23598 (16), -2.17345 (16), -2.15528 (16), -2.12661 (16), -2.12634 (16), -2.08819 (16), -2.06065 (16), -2.03696 (16), -2.03085 (16), -2.03034 (16), -1.99103 (16), -1.98396 (16), -1.97973 (16), -1.97170 (16), -1.96523 (16), -1.96375 (16), -1.95015 (16), -1.94957 (15), -1.94108 (16), 
Length of domains: 1588
Current (lb-rhs): -2.2524540424346924
10428 domains visited
Time: pickout 0.1196    decision 0.1892    set_bounds 0.0590    solve 0.7077    add 0.0033    
Accumulated time: pickout 0.5972    decision 1.8203    set_bounds 0.2597    solve 9.8988    add 0.0464    
Cumulative time: 12.666496753692627

BaB round 14
batch: 1588
splitting decisions: 
split level 0: [/input-3, 102] [/input, 145] [/input-3, 27] [/input, 197] [/input-3, 122] [/input, 78] [/input, 145] [/input-3, 122] [/input, 151] [/input-3, 102] 
best_l after optimization: -1241.393798828125
beta sum per layer: [18087.67578125, 11093.544921875]
alpha/beta optimization time: 0.6441736221313477
pruning_in_iteration open status: True
ratio of positive domain = 1124 / 3176 = 0.353904282115869
pruning-in-iteration extra time: 0.02345442771911621
torch.Size([3176, 1])
Time: prepare 0.0698    bound 0.6451    transfer 0.0013    finalize 0.0246    func 0.7418    
Accumulated time: func 10.6274    prepare 0.3694    bound 10.1257    transfer 0.0177    finalize 0.1629    
max lb tensor(0.00172162) min lb tensor(-2.20033383)
Number of Verified Splits: 1124 of 3176
Current worst splitting domains lb-rhs (depth):
-2.20033 (17), -2.18789 (17), -2.12348 (17), -2.11896 (17), -2.11684 (17), -2.10493 (17), -2.08875 (17), -2.07950 (17), -2.04325 (17), -2.00554 (17), -1.99951 (17), -1.99078 (17), -1.98965 (17), -1.98801 (17), -1.98361 (17), -1.95540 (17), -1.94863 (17), -1.93954 (17), -1.93839 (17), -1.93547 (17), 
Length of domains: 2052
Current (lb-rhs): -2.200333833694458
13604 domains visited
Time: pickout 0.1686    decision 0.3633    set_bounds 0.0722    solve 0.7431    add 0.0067    
Accumulated time: pickout 0.7658    decision 2.1836    set_bounds 0.3319    solve 10.6419    add 0.0530    
Cumulative time: 14.026529788970947

BaB round 15
batch: 2048
splitting decisions: 
split level 0: [/input, 77] [/input, 197] [/input, 209] [/input, 243] [/input, 77] [/input, 145] [/input, 41] [/input, 85] [/input-3, 46] [/input, 123] 
best_l after optimization: -1545.092529296875
beta sum per layer: [26635.6796875, 14089.2060546875]
alpha/beta optimization time: 0.6691977977752686
pruning_in_iteration open status: True
ratio of positive domain = 1471 / 4096 = 0.359130859375
pruning-in-iteration extra time: 0.021783113479614258
torch.Size([4096, 1])
Time: prepare 0.0927    bound 0.6703    transfer 0.0017    finalize 0.0247    func 0.7897    
Accumulated time: func 11.4171    prepare 0.4700    bound 10.7960    transfer 0.0195    finalize 0.1876    
max lb tensor(0.01145363) min lb tensor(-2.17120552)
Number of Verified Splits: 1471 of 4096
Current worst splitting domains lb-rhs (depth):
-2.17121 (18), -2.14199 (18), -2.09314 (18), -2.08549 (18), -2.07218 (18), -2.05798 (18), -2.04841 (18), -2.04727 (18), -2.01195 (18), -2.00792 (18), -1.97589 (18), -1.95694 (18), -1.95511 (18), -1.95184 (18), -1.94910 (18), -1.93492 (18), -1.92435 (18), -1.91610 (18), -1.91088 (18), -1.90629 (18), 
Length of domains: 2629
Current (lb-rhs): -2.171205520629883
17700 domains visited
Time: pickout 0.2132    decision 0.3239    set_bounds 0.0893    solve 0.7914    add 0.0038    
Accumulated time: pickout 0.9790    decision 2.5075    set_bounds 0.4212    solve 11.4333    add 0.0568    
current_vram/total_varm: 0.5GB/8.6GB, batch_size increase to 4096
Cumulative time: 15.457443952560425

BaB round 16
batch: 2629
splitting decisions: 
split level 0: [/input, 194] [/input, 85] [/input, 145] [/input, 209] [/input, 173] [/input, 41] [/input, 77] [/input, 71] [/input, 194] [/input-3, 46] 
best_l after optimization: -1995.310546875
beta sum per layer: [37017.59375, 18641.12109375]
alpha/beta optimization time: 0.7822134494781494
pruning_in_iteration open status: True
ratio of positive domain = 1791 / 5258 = 0.34062381133510844
pruning-in-iteration extra time: 0.024738073348999023
torch.Size([5258, 1])
Time: prepare 0.1076    bound 0.7833    transfer 0.0014    finalize 0.0424    func 0.9359    
Accumulated time: func 12.3530    prepare 0.5871    bound 11.5793    transfer 0.0209    finalize 0.2300    
max lb tensor(0.00337791) min lb tensor(-2.12895727)
Number of Verified Splits: 1791 of 5258
Current worst splitting domains lb-rhs (depth):
-2.12896 (19), -2.11256 (19), -2.05411 (19), -2.04471 (19), -2.04169 (19), -2.02868 (19), -2.02113 (19), -2.01111 (19), -1.98124 (19), -1.98030 (19), -1.97372 (19), -1.93525 (19), -1.92323 (19), -1.92273 (19), -1.92234 (19), -1.90952 (19), -1.90320 (19), -1.88352 (19), -1.88223 (19), -1.87544 (19), 
Length of domains: 3467
Current (lb-rhs): -2.1289572715759277
22958 domains visited
Time: pickout 0.2775    decision 0.4811    set_bounds 0.1165    solve 0.9380    add 0.0054    
Accumulated time: pickout 1.2565    decision 2.9887    set_bounds 0.5377    solve 12.3713    add 0.0622    
Cumulative time: 17.284794330596924

BaB round 17
batch: 3467
splitting decisions: 
split level 0: [/input-3, 102] [/input, 41] [/input-3, 51] [/input, 135] [/input-3, 105] [/input, 173] [/input, 77] [/input, 20] [/input, 243] [/input, 20] 
best_l after optimization: -2440.86865234375
beta sum per layer: [52539.15625, 24320.951171875]
alpha/beta optimization time: 0.8552534580230713
pruning_in_iteration open status: True
ratio of positive domain = 2507 / 6934 = 0.3615517738678973
pruning-in-iteration extra time: 0.0214078426361084
torch.Size([6934, 1])
Time: prepare 0.1557    bound 0.8563    transfer 0.0014    finalize 0.0374    func 1.0510    
Accumulated time: func 13.4040    prepare 0.7542    bound 12.4355    transfer 0.0223    finalize 0.2674    
max lb tensor(0.00747716) min lb tensor(-2.10005283)
Number of Verified Splits: 2507 of 6934
Current worst splitting domains lb-rhs (depth):
-2.10005 (20), -2.08759 (20), -2.02313 (20), -2.01550 (20), -2.01377 (20), -2.00164 (20), -1.98711 (20), -1.97589 (20), -1.94659 (20), -1.93827 (20), -1.92699 (20), -1.90313 (20), -1.89567 (20), -1.88810 (20), -1.88140 (20), -1.87764 (20), -1.87273 (20), -1.85255 (20), -1.84688 (20), -1.83308 (20), 
Length of domains: 4427
Current (lb-rhs): -2.100052833557129
29892 domains visited
Time: pickout 0.3627    decision 0.5241    set_bounds 0.2549    solve 1.0524    add 0.0132    
Accumulated time: pickout 1.6193    decision 3.5128    set_bounds 0.7926    solve 13.4237    add 0.0753    
Cumulative time: 19.502070665359497

BaB round 18
batch: 4096
splitting decisions: 
split level 0: [/input-3, 122] [/input, 151] [/input, 31] [/input, 197] [/input, 130] [/input, 154] [/input-3, 80] [/input, 130] [/input, 71] [/input-3, 122] 
best_l after optimization: -2784.99072265625
beta sum per layer: [68869.9375, 28027.6953125]
alpha/beta optimization time: 1.051194429397583
pruning_in_iteration open status: True
ratio of positive domain = 3043 / 8192 = 0.3714599609375
pruning-in-iteration extra time: 0.028045654296875
torch.Size([8192, 1])
Time: prepare 0.1917    bound 1.0528    transfer 0.0042    finalize 0.0457    func 1.2953    
Accumulated time: func 14.6993    prepare 0.9587    bound 13.4884    transfer 0.0264    finalize 0.3131    
max lb tensor(0.00439638) min lb tensor(-2.07411480)
Number of Verified Splits: 3043 of 8192
Current worst splitting domains lb-rhs (depth):
-2.07411 (21), -2.04882 (21), -2.01550 (20), -1.99497 (21), -1.97776 (21), -1.96441 (21), -1.95689 (21), -1.93693 (21), -1.91719 (21), -1.90236 (21), -1.90051 (21), -1.89520 (21), -1.87527 (21), -1.85929 (21), -1.85852 (21), -1.85255 (20), -1.84674 (21), -1.84618 (21), -1.83668 (21), -1.83511 (21), 
Length of domains: 5480
Current (lb-rhs): -2.0741147994995117
38084 domains visited
Time: pickout 0.3836    decision 0.6009    set_bounds 0.3238    solve 1.2974    add 0.0074    
Accumulated time: pickout 2.0028    decision 4.1137    set_bounds 1.1164    solve 14.7212    add 0.0827    
current_vram/total_varm: 1.3GB/8.6GB, batch_size increase to 8192
Cumulative time: 22.13372492790222

BaB round 19
batch: 5480
splitting decisions: 
split level 0: [/input, 20] [/input-3, 105] [/input, 77] [/input, 154] [/input-3, 51] [/input, 102] [/input, 173] [/input, 128] [/input-3, 10] [/input-3, 10] 
best_l after optimization: -3626.5146484375
beta sum per layer: [97973.921875, 36958.02734375]
alpha/beta optimization time: 1.7708375453948975
pruning_in_iteration open status: True
ratio of positive domain = 4058 / 10960 = 0.3702554744525547
pruning-in-iteration extra time: 0.037909507751464844
torch.Size([10960, 1])
Time: prepare -1.4551    bound 1.7722    transfer 0.0036    finalize 0.0767    func 0.3992    
Accumulated time: func 15.0985    prepare -0.4783    bound 15.2606    transfer 0.0301    finalize 0.3898    
max lb tensor(0.00423956) min lb tensor(-2.04213524)
Number of Verified Splits: 4058 of 10960
Current worst splitting domains lb-rhs (depth):
-2.04214 (22), -2.01835 (22), -1.98776 (21), -1.96151 (22), -1.94632 (22), -1.93349 (22), -1.91905 (22), -1.91510 (22), -1.87976 (22), -1.87749 (22), -1.86265 (22), -1.84656 (22), -1.84362 (22), -1.83143 (22), -1.82901 (22), -1.82479 (22), -1.82371 (21), -1.82314 (22), -1.81290 (22), -1.80451 (22), 
Length of domains: 6902
Current (lb-rhs): -2.042135238647461
49044 domains visited
Time: pickout 0.5711    decision 0.9859    set_bounds 0.4369    solve 0.4026    add 0.0093    
Accumulated time: pickout 2.5739    decision 5.0996    set_bounds 1.5533    solve 15.1238    add 0.0920    
Cumulative time: 24.5692400932312

BaB round 20
batch: 6902
splitting decisions: 
split level 0: [/input-3, 51] [/input, 173] [/input, 173] [/input, 71] [/input, 102] [/input, 173] [/input, 194] [/input, 173] [/input, 169] [/input-3, 122] 
best_l after optimization: -4242.37451171875
beta sum per layer: [130565.9609375, 45951.1015625]
alpha/beta optimization time: 1.697012186050415
pruning_in_iteration open status: True
ratio of positive domain = 5241 / 13804 = 0.3796725586786439
pruning-in-iteration extra time: 0.030750751495361328
torch.Size([13804, 1])
Time: prepare 0.3690    bound 1.6985    transfer 0.0045    finalize 0.0833    func 2.1567    
Accumulated time: func 17.2551    prepare -0.0867    bound 16.9591    transfer 0.0345    finalize 0.4731    
max lb tensor(0.01027668) min lb tensor(-2.02367878)
Number of Verified Splits: 5241 of 13804
Current worst splitting domains lb-rhs (depth):
-2.02368 (23), -1.99676 (23), -1.95475 (22), -1.94064 (23), -1.92674 (23), -1.91650 (23), -1.89731 (23), -1.88905 (23), -1.85683 (23), -1.85142 (23), -1.84262 (23), -1.82658 (23), -1.82394 (23), -1.81016 (23), -1.80460 (23), -1.80142 (23), -1.79468 (23), -1.79251 (22), -1.79218 (23), -1.78471 (23), 
Length of domains: 8563
Current (lb-rhs): -2.023678779602051
62848 domains visited
Time: pickout 0.9917    decision 1.4368    set_bounds 0.5750    solve 2.1605    add 0.0246    
Accumulated time: pickout 3.5656    decision 6.5365    set_bounds 2.1283    solve 17.2843    add 0.1166    
Time out!!!!!!!!
Result: unknown in 31.6730 seconds

 %%%%%%%%%%%%%%%%%%%%%%%%%%%%%%%%%%% idx: 97, vnnlib ID: 97 %%%%%%%%%%%%%%%%%%%%%%%%%%%%%%%%%%%
Finished vnnlib processing in 0.003047 seconds
Model: BoundedModule(
  (/0): BoundInput(name=/0, inputs=[], perturbed=True)
  (/7): BoundParams(name=/7, inputs=[], perturbed=False)
  (/8): BoundParams(name=/8, inputs=[], perturbed=False)
  (/9): BoundParams(name=/9, inputs=[], perturbed=False)
  (/10): BoundParams(name=/10, inputs=[], perturbed=False)
  (/11): BoundParams(name=/11, inputs=[], perturbed=False)
  (/12): BoundParams(name=/12, inputs=[], perturbed=False)
  (/13): BoundFlatten(name=/13, inputs=[/0], perturbed=True)
  (/input): BoundLinear(name=/input, inputs=[/13, /7, /8], perturbed=True)
  (/15): BoundRelu(name=/15, inputs=[/input], perturbed=True)
  (/input-3): BoundLinear(name=/input-3, inputs=[/15, /9, /10], perturbed=True)
  (/17): BoundRelu(name=/17, inputs=[/input-3], perturbed=True)
  (/18): BoundLinear(name=/18, inputs=[/17, /11, /12], perturbed=True)
)
Original output in the first batch: tensor([[ -6.41585493,  -0.73915619,   4.11203527,   3.21174574,  -2.64169717,
         -12.17170429, -14.18944931,  12.24637699,  -4.24213219,  -8.09498978]],
       device='cuda:0')
Split layers:
Nonlinear functions:
   BoundRelu(name=/15, inputs=[/input], perturbed=True)
   BoundRelu(name=/17, inputs=[/input-3], perturbed=True)
build batch [1/1]
layer /15 using sparse-features alpha with shape [60]; unstable size 60; total size 256 ([1, 256])
layer /15 start_node /input-3 using sparse-spec alpha [2, 35, 1, 60] with unstable size 34 total_size 128 output_shape torch.Size([128])
layer /15 start_node /18 using full alpha [2, 9, 1, 60] with unstable size None total_size 9 output_shape 9
layer /17 using sparse-features alpha with shape [34]; unstable size 34; total size 128 ([1, 128])
layer /17 start_node /18 using full alpha [2, 9, 1, 34] with unstable size None total_size 9 output_shape 9
Optimizable variables initialized.
initial CROWN bounds (first 10 items): [13.95879077911377, 9.61350154876709, 3.796762466430664, 5.4503631591796875, 10.483607292175293, 19.078598022460938, 19.5705509185791, 11.366547584533691, 15.937826156616211]
Verified with initial CROWN!
verified with init bound!
Result: safe-incomplete in 0.1421 seconds

 %%%%%%%%%%%%%%%%%%%%%%%%%%%%%%%%%%% idx: 98, vnnlib ID: 98 %%%%%%%%%%%%%%%%%%%%%%%%%%%%%%%%%%%
Finished vnnlib processing in 0.003776 seconds
Model: BoundedModule(
  (/0): BoundInput(name=/0, inputs=[], perturbed=True)
  (/7): BoundParams(name=/7, inputs=[], perturbed=False)
  (/8): BoundParams(name=/8, inputs=[], perturbed=False)
  (/9): BoundParams(name=/9, inputs=[], perturbed=False)
  (/10): BoundParams(name=/10, inputs=[], perturbed=False)
  (/11): BoundParams(name=/11, inputs=[], perturbed=False)
  (/12): BoundParams(name=/12, inputs=[], perturbed=False)
  (/13): BoundFlatten(name=/13, inputs=[/0], perturbed=True)
  (/input): BoundLinear(name=/input, inputs=[/13, /7, /8], perturbed=True)
  (/15): BoundRelu(name=/15, inputs=[/input], perturbed=True)
  (/input-3): BoundLinear(name=/input-3, inputs=[/15, /9, /10], perturbed=True)
  (/17): BoundRelu(name=/17, inputs=[/input-3], perturbed=True)
  (/18): BoundLinear(name=/18, inputs=[/17, /11, /12], perturbed=True)
)
Original output in the first batch: tensor([[ 2.56647706, -2.20413756, -3.37282729, -6.59184980, -2.38611269,
          1.26520753,  7.10178280, -4.70492697, -2.42691135, -4.51577950]],
       device='cuda:0')
Split layers:
Nonlinear functions:
   BoundRelu(name=/15, inputs=[/input], perturbed=True)
   BoundRelu(name=/17, inputs=[/input-3], perturbed=True)
build batch [1/1]
layer /15 using sparse-features alpha with shape [69]; unstable size 69; total size 256 ([1, 256])
layer /15 start_node /input-3 using sparse-spec alpha [2, 38, 1, 69] with unstable size 37 total_size 128 output_shape torch.Size([128])
layer /15 start_node /18 using full alpha [2, 9, 1, 69] with unstable size None total_size 9 output_shape 9
layer /17 using sparse-features alpha with shape [37]; unstable size 37; total size 128 ([1, 128])
layer /17 start_node /18 using full alpha [2, 9, 1, 37] with unstable size None total_size 9 output_shape 9
Optimizable variables initialized.
initial CROWN bounds (first 10 items): [0.9379996061325073, 5.142427444458008, 5.631043434143066, 9.301488876342773, 5.200470447540283, 2.2772135734558105, 6.782925605773926, 6.464056491851807, 7.793980598449707]
Verified with initial CROWN!
verified with init bound!
Result: safe-incomplete in 0.1114 seconds

 %%%%%%%%%%%%%%%%%%%%%%%%%%%%%%%%%%% idx: 99, vnnlib ID: 99 %%%%%%%%%%%%%%%%%%%%%%%%%%%%%%%%%%%
Finished vnnlib processing in 0.003025 seconds
Model: BoundedModule(
  (/0): BoundInput(name=/0, inputs=[], perturbed=True)
  (/7): BoundParams(name=/7, inputs=[], perturbed=False)
  (/8): BoundParams(name=/8, inputs=[], perturbed=False)
  (/9): BoundParams(name=/9, inputs=[], perturbed=False)
  (/10): BoundParams(name=/10, inputs=[], perturbed=False)
  (/11): BoundParams(name=/11, inputs=[], perturbed=False)
  (/12): BoundParams(name=/12, inputs=[], perturbed=False)
  (/13): BoundFlatten(name=/13, inputs=[/0], perturbed=True)
  (/input): BoundLinear(name=/input, inputs=[/13, /7, /8], perturbed=True)
  (/15): BoundRelu(name=/15, inputs=[/input], perturbed=True)
  (/input-3): BoundLinear(name=/input-3, inputs=[/15, /9, /10], perturbed=True)
  (/17): BoundRelu(name=/17, inputs=[/input-3], perturbed=True)
  (/18): BoundLinear(name=/18, inputs=[/17, /11, /12], perturbed=True)
)
Original output in the first batch: tensor([[ -4.41915989,  -8.83041573,  -5.91285038,  -1.80059266,   0.11756902,
          -6.66388416, -15.47683811,   0.34475839,  -3.83964276,  12.14115906]],
       device='cuda:0')
Split layers:
Nonlinear functions:
   BoundRelu(name=/15, inputs=[/input], perturbed=True)
   BoundRelu(name=/17, inputs=[/input-3], perturbed=True)
build batch [1/1]
layer /15 using sparse-features alpha with shape [52]; unstable size 52; total size 256 ([1, 256])
layer /15 start_node /input-3 using sparse-spec alpha [2, 30, 1, 52] with unstable size 29 total_size 128 output_shape torch.Size([128])
layer /15 start_node /18 using full alpha [2, 9, 1, 52] with unstable size None total_size 9 output_shape 9
layer /17 using sparse-features alpha with shape [29]; unstable size 29; total size 128 ([1, 128])
layer /17 start_node /18 using full alpha [2, 9, 1, 29] with unstable size None total_size 9 output_shape 9
Optimizable variables initialized.
initial CROWN bounds (first 10 items): [12.88044548034668, 16.91593360900879, 13.811923027038574, 9.644179344177246, 6.959383964538574, 14.274871826171875, 22.464176177978516, 6.793876647949219, 11.634552001953125]
Verified with initial CROWN!
verified with init bound!
Result: safe-incomplete in 0.1130 seconds
############# Summary #############
Final verified acc: 92.0% (total 100 examples)
Problem instances count: 100 , total verified (safe/unsat): 92 , total falsified (unsafe/sat): 0 , timeout: 8
mean time for ALL instances (total 100):3.169188919245201, max time: 34.270418882369995
mean time for verified SAFE instances(total 92): 0.7171298602352971, max time: 18.683152198791504
mean time for verified SAFE + TIMEOUT instances (total 100): 3.169189236164093, max time: 34.270418882369995 
safe-incomplete (total 83), index: [0, 1, 2, 3, 4, 5, 6, 7, 8, 9, 10, 11, 12, 13, 14, 15, 16, 17, 18, 19, 20, 22, 23, 24, 25, 26, 27, 28, 30, 32, 34, 35, 36, 37, 39, 41, 42, 44, 45, 46, 47, 48, 49, 51, 52, 53, 54, 55, 56, 57, 58, 59, 60, 63, 64, 67, 68, 69, 70, 71, 72, 74, 75, 76, 77, 79, 80, 82, 83, 84, 85, 86, 87, 88, 89, 90, 91, 93, 94, 95, 97, 98, 99]
safe (total 9), index: [21, 29, 31, 33, 40, 43, 50, 66, 81]
unknown (total 8), index: [38, 61, 62, 65, 73, 78, 92, 96]
