INFO     10:58:02     [tensor_storage.py:70] Hugepage enabled for branch-and-bound domains.
Configurations:

general:
  device: cuda
  seed: 100
  conv_mode: patches
  deterministic: false
  double_fp: false
  loss_reduction_func: sum
  sparse_alpha: true
  sparse_interm: true
  save_adv_example: false
  verify_onnxruntime_output: false
  eval_adv_example: false
  onnx_adv_example: false
  show_adv_example: false
  precompile_jit: false
  reset_seed_after_precompile: false
  prepare_only: false
  complete_verifier: bab
  enable_incomplete_verification: true
  csv_name: null
  results_file: out.txt
  root_path: ''
  deterministic_opt: false
  graph_optimizer: 'Customized("custom_graph_optimizer", "default_optimizer")'
  buffer_has_batchdim: false
  save_output: false
  output_file: out.pkl
  return_optimized_model: false
  store_all_specs_on_cpu: false
  adhoc_tuning: null
model:
  name: null
  path: null
  onnx_path: ../saved_models/mnist_fcnn.onnx
  onnx_path_prefix: ''
  cache_onnx_conversion: false
  debug_onnx: false
  onnx_quirks: null
  input_shape: null
  onnx_loader: default_onnx_and_vnnlib_loader
  onnx_optimization_flags: []
  onnx_vnnlib_joint_optimization_flags: none
  check_optimized: false
  flatten_final_output: false
  optimize_graph: null
  with_jacobian: false
  bound_opts: null
data:
  start: 0
  end: 100
  select_instance: null
  num_outputs: 10
  mean: 0.0
  std: 1.0
  pkl_path: null
  dataset: MNIST
  data_filter_path: null
  data_idx_file: null
specification:
  type: lp
  robustness_type: verified-acc
  norm: .inf
  epsilon: 0.01
  epsilon_min: 0.0
  vnnlib_path: null
  vnnlib_path_prefix: ''
  shrink_eps: null
  rhs_offset: null
solver:
  batch_size: 1024
  auto_enlarge_batch_size: true
  batched_crown_auto_enlarge_max_vram_ratio: 0.9
  min_batch_size_ratio: 0.1
  use_float64_in_last_iteration: false
  early_stop_patience: 10
  start_save_best: 0.5
  bound_prop_method: alpha-crown
  init_bound_prop_method: same
  prune_after_crown: true
  optimize_disjuncts_separately: false
  build_batch_size: 1000000
  skip_with_refined_bound: true
  forward_before_compute_bounds: false
  crown:
    batch_size: 1000000000
    max_crown_size: 1000000000
    activation_bound_option: adaptive
    compare_crown_with_ibp: false
  alpha-crown:
    alpha: true
    lr_alpha: 0.1
    iteration: 100
    share_alphas: false
    lr_decay: 0.98
    full_conv_alpha: true
    max_coeff_mul: .inf
    matmul_share_alphas: false
    disable_optimization: []
    max_time: 1.0
    alpha_dtype: float16
    input_split_alpha_iteration: 5
    input_split_lr_alpha: 0.05
  invprop:
    apply_output_constraints_to: []
    tighten_input_bounds: false
    best_of_oc_and_no_oc: false
    directly_optimize: []
    oc_lr: 0.1
    share_gammas: false
  beta-crown:
    lr_alpha: 0.01
    lr_beta: 0.05
    lr_decay: 0.98
    optimizer: adam
    iteration: 50
    beta: true
    beta_warmup: true
    enable_opt_interm_bounds: false
    all_node_split_LP: false
  forward:
    refine: false
    max_dim: 10000
    reset_threshold: 1.0
  mip:
    unstable_neuron_threshold: 0
    parallel_solvers: null
    solver_threads: 1
    refine_neuron_timeout: 15
    refine_neuron_time_percentage: 0.8
    early_stop: true
    adv_warmup: true
    mip_solver: gurobi
    skip_unsafe: false
    topk_filter: 1.0
    sliding_window: -1
    extra_constraint: false
    refine_neuron_timeout_increasement: 0
    timeout_neuron_percentage: 0.3
    remaining_timeout_threshold: 1
    remove_unstable_neurons: false
    formulation: mip
    output_cut: false
bab:
  max_domains: .inf
  decision_thresh: 0
  timeout: 30
  timeout_scale: 1
  max_iterations: -1
  override_timeout: null
  get_upper_bound: false
  pruning_in_iteration: true
  pruning_in_iteration_ratio: 0.2
  sort_targets: false
  batched_domain_list: true
  optimized_interm: ''
  interm_transfer: true
  recompute_interm: false
  sort_domain_interval: -1
  vanilla_crown: false
  tree_traversal: depth_first
  hugetensor_allocator: true
  cut:
    enabled: false
    cuts_path: null
    bab_cut: false
    lp_cut: false
    lr: 0.01
    lr_decay: 1.0
    iteration: 100
    bab_iteration: -1
    early_stop_patience: -1
    lr_beta: 0.02
    number_cuts: 50
    topk_cuts_in_filter: 1000
    batch_size_primal: 100
    max_num: 1000000000
    patches_cut: false
    cplex_cuts: false
    cplex_cuts_wait: 0
    cplex_cuts_revpickup: true
    cut_reference_bounds: true
    fix_intermediate_bounds: false
    manual_cuts: null
    biccos:
      enabled: false
      auto_param: true
      constraint_strengthening: true
      drop_ratio: 0.5
      max_infer_iter: 20
      max_domain: 10000.0
      heuristic: neuron_influence_score
      save_cuts: false
      multi_tree_branching:
        enabled: false
        restore_best_tree: true
        keep_n_best_domains: 50
        target_batch_size: 200
        iterations: 3
  clip_n_verify:
    rearrange_constraints: false
    alpha_crown: false
    prune: false
    final_layer: false
    clip_input_domain:
      enabled: false
      clip_type: relaxed
      clip_neuron_selection_type: ratio
      clip_neuron_selection_value: -1.0
      clip_iterations: 1
      clip_calculate_volume_metrics: false
    clip_interm_domain:
      enabled: false
      with_input: false
      clip_in_alpha_crown: false
      topk_objective: 20
  branching:
    method: kfsb
    candidates: 3
    reduceop: min
    enable_intermediate_bound_opt: false
    branching_input_and_activation: false
    branching_input_and_activation_order: [input, relu]
    branching_input_iterations: 30
    branching_relu_iterations: 50
    nonlinear_split:
      method: bbps
      disable: false
      branching_point_method: uniform
      num_branches: 2
      filter: false
      filter_beta: false
      filter_clamp: false
      filter_batch_size: 10000
      filter_iterations: 25
      relu_only: false
      loose_tanh_threshold: null
      branching_point:
        db_path: branching_points.pt
        num_iterations: 1000
        batch_size: 1000000
        range_l: -5.0
        range_u: 5.0
        log_interval: 100
        step_size_1d: 0.01
        step_size: 0.2
    input_split:
      split_hint: null
      enable: false
      reorder_bab: false
      input_dim_threshold: 20
      adv_check: 0
      split_partitions: 2
      sb_margin_weight: 1.0
      sb_sum: false
      sb_primary_spec: null
      bf_backup_thresh: -1
      bf_rhs_offset: 0
      bf_iters: 1000000000.0
      bf_batch_size: 100000
      bf_zero_crossing_score: false
      touch_zero_score: 0
      ibp_enhancement: true
      compare_with_old_bounds: true
      update_rhs_with_attack: false
      sb_coeff_thresh: 0.001
      sort_index: null
      sort_descending: true
      show_progress: false
      presplit_domains: null
      skip_getting_worst_domain: false
  attack:
    enabled: false
    beam_candidates: 8
    beam_depth: 7
    max_dive_fix_ratio: 0.8
    min_local_free_ratio: 0.2
    mip_start_iteration: 5
    mip_timeout: 30.0
    adv_pool_threshold: null
    refined_mip_attacker: false
    refined_batch_size: null
attack:
  general_attack: true
  pgd_order: skip
  pgd_steps: 100
  pgd_restarts: 30
  pgd_batch_size: 100000000
  pgd_early_stop: true
  pgd_lr_decay: 0.99
  pgd_alpha: auto
  pgd_alpha_scale: false
  pgd_loss_mode: null
  pgd_restart_when_stuck: false
  enable_mip_attack: false
  adv_saver: default_adv_saver
  adv_verifier: default_adv_verifier
  early_stop_condition: default_early_stop_condition
  adv_example_finalizer: default_adv_example_finalizer
  pgd_loss: default_pgd_loss
  cex_path: ./test_cex.txt
  attack_mode: PGD
  attack_tolerance: 0.0
  attack_func: attack_with_general_specs
  gama_lambda: 10.0
  gama_decay: 0.9
  input_split:
    pgd_steps: 100
    pgd_restarts: 30
    pgd_alpha: auto
  input_split_check_adv:
    enabled: auto
    pgd_steps: 5
    pgd_restarts: 5
    pgd_alpha: auto
    max_num_domains: 10
debug:
  view_model: false
  lp_test: null
  rescale_vnnlib_ptb: null
  test_optimized_bounds: false
  test_optimized_bounds_after_n_iterations: 0
  print_verbose_decisions: false
  biccos_mip_sanity_check: false
  sanity_check: 0
  z_split_enabled: false
  save_minimal_config: null
  save_minimal_config_omit_keys: []

Experiments at Sun Mar 15 10:58:02 2026 on LAPTOP-RGROMBPB
Loading onnx ../saved_models/mnist_fcnn.onnx with quirks {}
Finished onnx model loading in 0.0718 seconds
ConvertModel(
  (Flatten_/flatten/Flatten_output_0): Flatten()
  (Gemm_/fc1/Gemm_output_0): Linear(in_features=784, out_features=256, bias=True)
  (Relu_/relu1/Relu_output_0): ReLU()
  (Gemm_/fc2/Gemm_output_0): Linear(in_features=256, out_features=128, bias=True)
  (Relu_/relu2/Relu_output_0): ReLU()
  (Gemm_output): Linear(in_features=128, out_features=10, bias=True)
)
Parameters:
  Gemm_/fc1/Gemm_output_0.weight: shape torch.Size([256, 784])
  Gemm_/fc1/Gemm_output_0.bias: shape torch.Size([256])
  Gemm_/fc2/Gemm_output_0.weight: shape torch.Size([128, 256])
  Gemm_/fc2/Gemm_output_0.bias: shape torch.Size([128])
  Gemm_output.weight: shape torch.Size([10, 128])
  Gemm_output.bias: shape torch.Size([10])
Trying generic MNIST/CIFAR data loader.
Internal results will be saved to out.txt.

 %%%%%%%%%%%%%%%%%%%%%%%%%%%%%%%%%%% idx: 0, vnnlib ID: 0 %%%%%%%%%%%%%%%%%%%%%%%%%%%%%%%%%%%
Finished vnnlib processing in 0.520146 seconds
Model: BoundedModule(
  (/0): BoundInput(name=/0, inputs=[], perturbed=True)
  (/7): BoundParams(name=/7, inputs=[], perturbed=False)
  (/8): BoundParams(name=/8, inputs=[], perturbed=False)
  (/9): BoundParams(name=/9, inputs=[], perturbed=False)
  (/10): BoundParams(name=/10, inputs=[], perturbed=False)
  (/11): BoundParams(name=/11, inputs=[], perturbed=False)
  (/12): BoundParams(name=/12, inputs=[], perturbed=False)
  (/13): BoundFlatten(name=/13, inputs=[/0], perturbed=True)
  (/input): BoundLinear(name=/input, inputs=[/13, /7, /8], perturbed=True)
  (/15): BoundRelu(name=/15, inputs=[/input], perturbed=True)
  (/input-3): BoundLinear(name=/input-3, inputs=[/15, /9, /10], perturbed=True)
  (/17): BoundRelu(name=/17, inputs=[/input-3], perturbed=True)
  (/18): BoundLinear(name=/18, inputs=[/17, /11, /12], perturbed=True)
)
Original output in the first batch: tensor([[ -2.62709618,  -3.93045497,   2.42758274,   1.34271681,  -7.55108500,
          -3.03453207, -16.15865898,  11.32413006,  -2.15107512,  -1.89813960]],
       device='cuda:0')
Split layers:
Nonlinear functions:
   BoundRelu(name=/15, inputs=[/input], perturbed=True)
   BoundRelu(name=/17, inputs=[/input-3], perturbed=True)
build batch [1/1]
layer /15 using sparse-features alpha with shape [33]; unstable size 33; total size 256 ([1, 256])
layer /15 start_node /input-3 using sparse-spec alpha [2, 14, 1, 33] with unstable size 13 total_size 128 output_shape torch.Size([128])
layer /15 start_node /18 using full alpha [2, 9, 1, 33] with unstable size None total_size 9 output_shape 9
layer /17 using sparse-features alpha with shape [13]; unstable size 13; total size 128 ([1, 128])
layer /17 start_node /18 using full alpha [2, 9, 1, 13] with unstable size None total_size 9 output_shape 9
Optimizable variables initialized.
initial CROWN bounds (first 10 items): [11.518583297729492, 13.701475143432617, 6.6544108390808105, 7.957239627838135, 17.04947280883789, 11.890865325927734, 24.511568069458008, 11.021417617797852, 11.310213088989258]
Verified with initial CROWN!
verified with init bound!
Result: safe-incomplete in 1.3196 seconds

 %%%%%%%%%%%%%%%%%%%%%%%%%%%%%%%%%%% idx: 1, vnnlib ID: 1 %%%%%%%%%%%%%%%%%%%%%%%%%%%%%%%%%%%
Finished vnnlib processing in 0.003808 seconds
Model: BoundedModule(
  (/0): BoundInput(name=/0, inputs=[], perturbed=True)
  (/7): BoundParams(name=/7, inputs=[], perturbed=False)
  (/8): BoundParams(name=/8, inputs=[], perturbed=False)
  (/9): BoundParams(name=/9, inputs=[], perturbed=False)
  (/10): BoundParams(name=/10, inputs=[], perturbed=False)
  (/11): BoundParams(name=/11, inputs=[], perturbed=False)
  (/12): BoundParams(name=/12, inputs=[], perturbed=False)
  (/13): BoundFlatten(name=/13, inputs=[/0], perturbed=True)
  (/input): BoundLinear(name=/input, inputs=[/13, /7, /8], perturbed=True)
  (/15): BoundRelu(name=/15, inputs=[/input], perturbed=True)
  (/input-3): BoundLinear(name=/input-3, inputs=[/15, /9, /10], perturbed=True)
  (/17): BoundRelu(name=/17, inputs=[/input-3], perturbed=True)
  (/18): BoundLinear(name=/18, inputs=[/17, /11, /12], perturbed=True)
)
Original output in the first batch: tensor([[ -0.84430981,   1.75961614,  12.05968571,   1.74023378,  -8.54982471,
          -6.07389450,  -5.40484381,  -5.65584373,  -1.18578339, -11.80680084]],
       device='cuda:0')
Split layers:
Nonlinear functions:
   BoundRelu(name=/15, inputs=[/input], perturbed=True)
   BoundRelu(name=/17, inputs=[/input-3], perturbed=True)
build batch [1/1]
layer /15 using sparse-features alpha with shape [22]; unstable size 22; total size 256 ([1, 256])
layer /15 start_node /input-3 using sparse-spec alpha [2, 6, 1, 22] with unstable size 5 total_size 128 output_shape torch.Size([128])
layer /15 start_node /18 using full alpha [2, 9, 1, 22] with unstable size None total_size 9 output_shape 9
layer /17 using sparse-features alpha with shape [5]; unstable size 5; total size 128 ([1, 128])
layer /17 start_node /18 using full alpha [2, 9, 1, 5] with unstable size None total_size 9 output_shape 9
Optimizable variables initialized.
initial CROWN bounds (first 10 items): [11.370019912719727, 9.051315307617188, 8.741178512573242, 19.022159576416016, 15.913139343261719, 15.657418251037598, 16.40949821472168, 11.696481704711914, 21.833189010620117]
Verified with initial CROWN!
verified with init bound!
Result: safe-incomplete in 0.1011 seconds

 %%%%%%%%%%%%%%%%%%%%%%%%%%%%%%%%%%% idx: 2, vnnlib ID: 2 %%%%%%%%%%%%%%%%%%%%%%%%%%%%%%%%%%%
Finished vnnlib processing in 0.002587 seconds
Model: BoundedModule(
  (/0): BoundInput(name=/0, inputs=[], perturbed=True)
  (/7): BoundParams(name=/7, inputs=[], perturbed=False)
  (/8): BoundParams(name=/8, inputs=[], perturbed=False)
  (/9): BoundParams(name=/9, inputs=[], perturbed=False)
  (/10): BoundParams(name=/10, inputs=[], perturbed=False)
  (/11): BoundParams(name=/11, inputs=[], perturbed=False)
  (/12): BoundParams(name=/12, inputs=[], perturbed=False)
  (/13): BoundFlatten(name=/13, inputs=[/0], perturbed=True)
  (/input): BoundLinear(name=/input, inputs=[/13, /7, /8], perturbed=True)
  (/15): BoundRelu(name=/15, inputs=[/input], perturbed=True)
  (/input-3): BoundLinear(name=/input-3, inputs=[/15, /9, /10], perturbed=True)
  (/17): BoundRelu(name=/17, inputs=[/input-3], perturbed=True)
  (/18): BoundLinear(name=/18, inputs=[/17, /11, /12], perturbed=True)
)
Original output in the first batch: tensor([[-5.75340366,  7.46007252,  0.01370008, -2.57942486, -3.00174642,
         -3.34327674, -4.61608553,  0.03578753, -0.70205069, -5.70084667]],
       device='cuda:0')
Split layers:
Nonlinear functions:
   BoundRelu(name=/15, inputs=[/input], perturbed=True)
   BoundRelu(name=/17, inputs=[/input-3], perturbed=True)
build batch [1/1]
layer /15 using sparse-features alpha with shape [59]; unstable size 59; total size 256 ([1, 256])
layer /15 start_node /input-3 using sparse-spec alpha [2, 31, 1, 59] with unstable size 30 total_size 128 output_shape torch.Size([128])
layer /15 start_node /18 using full alpha [2, 9, 1, 59] with unstable size None total_size 9 output_shape 9
layer /17 using sparse-features alpha with shape [30]; unstable size 30; total size 128 ([1, 128])
layer /17 start_node /18 using full alpha [2, 9, 1, 30] with unstable size None total_size 9 output_shape 9
Optimizable variables initialized.
initial CROWN bounds (first 10 items): [11.098153114318848, 5.15728759765625, 7.800165176391602, 8.276565551757812, 8.220820426940918, 9.545665740966797, 5.5209550857543945, 5.763751029968262, 10.65549087524414]
Verified with initial CROWN!
verified with init bound!
Result: safe-incomplete in 0.0929 seconds

 %%%%%%%%%%%%%%%%%%%%%%%%%%%%%%%%%%% idx: 3, vnnlib ID: 3 %%%%%%%%%%%%%%%%%%%%%%%%%%%%%%%%%%%
Finished vnnlib processing in 0.002290 seconds
Model: BoundedModule(
  (/0): BoundInput(name=/0, inputs=[], perturbed=True)
  (/7): BoundParams(name=/7, inputs=[], perturbed=False)
  (/8): BoundParams(name=/8, inputs=[], perturbed=False)
  (/9): BoundParams(name=/9, inputs=[], perturbed=False)
  (/10): BoundParams(name=/10, inputs=[], perturbed=False)
  (/11): BoundParams(name=/11, inputs=[], perturbed=False)
  (/12): BoundParams(name=/12, inputs=[], perturbed=False)
  (/13): BoundFlatten(name=/13, inputs=[/0], perturbed=True)
  (/input): BoundLinear(name=/input, inputs=[/13, /7, /8], perturbed=True)
  (/15): BoundRelu(name=/15, inputs=[/input], perturbed=True)
  (/input-3): BoundLinear(name=/input-3, inputs=[/15, /9, /10], perturbed=True)
  (/17): BoundRelu(name=/17, inputs=[/input-3], perturbed=True)
  (/18): BoundLinear(name=/18, inputs=[/17, /11, /12], perturbed=True)
)
Original output in the first batch: tensor([[12.00480556, -6.33176327, -2.10126901, -6.47142601, -2.87900472,
         -4.93269444, -2.63211679, -1.42530715, -5.17383242, -0.28778812]],
       device='cuda:0')
Split layers:
Nonlinear functions:
   BoundRelu(name=/15, inputs=[/input], perturbed=True)
   BoundRelu(name=/17, inputs=[/input-3], perturbed=True)
build batch [1/1]
layer /15 using sparse-features alpha with shape [31]; unstable size 31; total size 256 ([1, 256])
layer /15 start_node /input-3 using sparse-spec alpha [2, 12, 1, 31] with unstable size 11 total_size 128 output_shape torch.Size([128])
layer /15 start_node /18 using full alpha [2, 9, 1, 31] with unstable size None total_size 9 output_shape 9
layer /17 using sparse-features alpha with shape [11]; unstable size 11; total size 128 ([1, 128])
layer /17 start_node /18 using full alpha [2, 9, 1, 11] with unstable size None total_size 9 output_shape 9
Optimizable variables initialized.
initial CROWN bounds (first 10 items): [16.778982162475586, 12.62732982635498, 16.90534019470215, 13.165568351745605, 15.344175338745117, 13.346818923950195, 11.446955680847168, 16.061473846435547, 10.990368843078613]
Verified with initial CROWN!
verified with init bound!
Result: safe-incomplete in 0.0886 seconds

 %%%%%%%%%%%%%%%%%%%%%%%%%%%%%%%%%%% idx: 4, vnnlib ID: 4 %%%%%%%%%%%%%%%%%%%%%%%%%%%%%%%%%%%
Finished vnnlib processing in 0.002266 seconds
Model: BoundedModule(
  (/0): BoundInput(name=/0, inputs=[], perturbed=True)
  (/7): BoundParams(name=/7, inputs=[], perturbed=False)
  (/8): BoundParams(name=/8, inputs=[], perturbed=False)
  (/9): BoundParams(name=/9, inputs=[], perturbed=False)
  (/10): BoundParams(name=/10, inputs=[], perturbed=False)
  (/11): BoundParams(name=/11, inputs=[], perturbed=False)
  (/12): BoundParams(name=/12, inputs=[], perturbed=False)
  (/13): BoundFlatten(name=/13, inputs=[/0], perturbed=True)
  (/input): BoundLinear(name=/input, inputs=[/13, /7, /8], perturbed=True)
  (/15): BoundRelu(name=/15, inputs=[/input], perturbed=True)
  (/input-3): BoundLinear(name=/input-3, inputs=[/15, /9, /10], perturbed=True)
  (/17): BoundRelu(name=/17, inputs=[/input-3], perturbed=True)
  (/18): BoundLinear(name=/18, inputs=[/17, /11, /12], perturbed=True)
)
Original output in the first batch: tensor([[-2.58283901, -5.42938042, -3.90377069, -9.46804523, 11.06212902,
         -4.83165073, -5.49415207, -1.31718206, -3.83344913,  2.82200480]],
       device='cuda:0')
Split layers:
Nonlinear functions:
   BoundRelu(name=/15, inputs=[/input], perturbed=True)
   BoundRelu(name=/17, inputs=[/input-3], perturbed=True)
build batch [1/1]
layer /15 using sparse-features alpha with shape [43]; unstable size 43; total size 256 ([1, 256])
layer /15 start_node /input-3 using sparse-spec alpha [2, 25, 1, 43] with unstable size 24 total_size 128 output_shape torch.Size([128])
layer /15 start_node /18 using full alpha [2, 9, 1, 43] with unstable size None total_size 9 output_shape 9
layer /17 using sparse-features alpha with shape [24]; unstable size 24; total size 128 ([1, 128])
layer /17 start_node /18 using full alpha [2, 9, 1, 24] with unstable size None total_size 9 output_shape 9
Optimizable variables initialized.
initial CROWN bounds (first 10 items): [11.622344970703125, 14.664399147033691, 12.621362686157227, 18.38524055480957, 13.773024559020996, 14.323750495910645, 10.4295654296875, 12.604515075683594, 6.425772666931152]
Verified with initial CROWN!
verified with init bound!
Result: safe-incomplete in 0.0973 seconds

 %%%%%%%%%%%%%%%%%%%%%%%%%%%%%%%%%%% idx: 5, vnnlib ID: 5 %%%%%%%%%%%%%%%%%%%%%%%%%%%%%%%%%%%
Finished vnnlib processing in 0.002411 seconds
Model: BoundedModule(
  (/0): BoundInput(name=/0, inputs=[], perturbed=True)
  (/7): BoundParams(name=/7, inputs=[], perturbed=False)
  (/8): BoundParams(name=/8, inputs=[], perturbed=False)
  (/9): BoundParams(name=/9, inputs=[], perturbed=False)
  (/10): BoundParams(name=/10, inputs=[], perturbed=False)
  (/11): BoundParams(name=/11, inputs=[], perturbed=False)
  (/12): BoundParams(name=/12, inputs=[], perturbed=False)
  (/13): BoundFlatten(name=/13, inputs=[/0], perturbed=True)
  (/input): BoundLinear(name=/input, inputs=[/13, /7, /8], perturbed=True)
  (/15): BoundRelu(name=/15, inputs=[/input], perturbed=True)
  (/input-3): BoundLinear(name=/input-3, inputs=[/15, /9, /10], perturbed=True)
  (/17): BoundRelu(name=/17, inputs=[/input-3], perturbed=True)
  (/18): BoundLinear(name=/18, inputs=[/17, /11, /12], perturbed=True)
)
Original output in the first batch: tensor([[-6.68805027,  9.83950043, -2.42570567, -3.96930623, -2.04458261,
         -6.23611307, -7.72248459,  1.42508328, -1.92200065, -5.32851410]],
       device='cuda:0')
Split layers:
Nonlinear functions:
   BoundRelu(name=/15, inputs=[/input], perturbed=True)
   BoundRelu(name=/17, inputs=[/input-3], perturbed=True)
build batch [1/1]
layer /15 using sparse-features alpha with shape [51]; unstable size 51; total size 256 ([1, 256])
layer /15 start_node /input-3 using sparse-spec alpha [2, 25, 1, 51] with unstable size 24 total_size 128 output_shape torch.Size([128])
layer /15 start_node /18 using full alpha [2, 9, 1, 51] with unstable size None total_size 9 output_shape 9
layer /17 using sparse-features alpha with shape [24]; unstable size 24; total size 128 ([1, 128])
layer /17 start_node /18 using full alpha [2, 9, 1, 24] with unstable size None total_size 9 output_shape 9
Optimizable variables initialized.
initial CROWN bounds (first 10 items): [14.38959789276123, 10.12431526184082, 11.338923454284668, 9.739261627197266, 13.5706205368042, 15.475790023803711, 6.269732475280762, 9.624214172363281, 12.453330039978027]
Verified with initial CROWN!
verified with init bound!
Result: safe-incomplete in 0.1020 seconds

 %%%%%%%%%%%%%%%%%%%%%%%%%%%%%%%%%%% idx: 6, vnnlib ID: 6 %%%%%%%%%%%%%%%%%%%%%%%%%%%%%%%%%%%
Finished vnnlib processing in 0.004800 seconds
Model: BoundedModule(
  (/0): BoundInput(name=/0, inputs=[], perturbed=True)
  (/7): BoundParams(name=/7, inputs=[], perturbed=False)
  (/8): BoundParams(name=/8, inputs=[], perturbed=False)
  (/9): BoundParams(name=/9, inputs=[], perturbed=False)
  (/10): BoundParams(name=/10, inputs=[], perturbed=False)
  (/11): BoundParams(name=/11, inputs=[], perturbed=False)
  (/12): BoundParams(name=/12, inputs=[], perturbed=False)
  (/13): BoundFlatten(name=/13, inputs=[/0], perturbed=True)
  (/input): BoundLinear(name=/input, inputs=[/13, /7, /8], perturbed=True)
  (/15): BoundRelu(name=/15, inputs=[/input], perturbed=True)
  (/input-3): BoundLinear(name=/input-3, inputs=[/15, /9, /10], perturbed=True)
  (/17): BoundRelu(name=/17, inputs=[/input-3], perturbed=True)
  (/18): BoundLinear(name=/18, inputs=[/17, /11, /12], perturbed=True)
)
Original output in the first batch: tensor([[-9.04448700, -3.32577753, -5.62316847, -7.19888163, 10.03248310,
         -0.99190742, -6.51666737, -2.81980824,  1.91216886, -0.72780555]],
       device='cuda:0')
Split layers:
Nonlinear functions:
   BoundRelu(name=/15, inputs=[/input], perturbed=True)
   BoundRelu(name=/17, inputs=[/input-3], perturbed=True)
build batch [1/1]
layer /15 using sparse-features alpha with shape [49]; unstable size 49; total size 256 ([1, 256])
layer /15 start_node /input-3 using sparse-spec alpha [2, 18, 1, 49] with unstable size 17 total_size 128 output_shape torch.Size([128])
layer /15 start_node /18 using full alpha [2, 9, 1, 49] with unstable size None total_size 9 output_shape 9
layer /17 using sparse-features alpha with shape [17]; unstable size 17; total size 128 ([1, 128])
layer /17 start_node /18 using full alpha [2, 9, 1, 17] with unstable size None total_size 9 output_shape 9
Optimizable variables initialized.
initial CROWN bounds (first 10 items): [16.62552261352539, 11.392752647399902, 13.017180442810059, 14.651163101196289, 8.347445487976074, 13.685067176818848, 10.783402442932129, 5.417099475860596, 8.743890762329102]
Verified with initial CROWN!
verified with init bound!
Result: safe-incomplete in 0.1036 seconds

 %%%%%%%%%%%%%%%%%%%%%%%%%%%%%%%%%%% idx: 7, vnnlib ID: 7 %%%%%%%%%%%%%%%%%%%%%%%%%%%%%%%%%%%
Finished vnnlib processing in 0.002852 seconds
Model: BoundedModule(
  (/0): BoundInput(name=/0, inputs=[], perturbed=True)
  (/7): BoundParams(name=/7, inputs=[], perturbed=False)
  (/8): BoundParams(name=/8, inputs=[], perturbed=False)
  (/9): BoundParams(name=/9, inputs=[], perturbed=False)
  (/10): BoundParams(name=/10, inputs=[], perturbed=False)
  (/11): BoundParams(name=/11, inputs=[], perturbed=False)
  (/12): BoundParams(name=/12, inputs=[], perturbed=False)
  (/13): BoundFlatten(name=/13, inputs=[/0], perturbed=True)
  (/input): BoundLinear(name=/input, inputs=[/13, /7, /8], perturbed=True)
  (/15): BoundRelu(name=/15, inputs=[/input], perturbed=True)
  (/input-3): BoundLinear(name=/input-3, inputs=[/15, /9, /10], perturbed=True)
  (/17): BoundRelu(name=/17, inputs=[/input-3], perturbed=True)
  (/18): BoundLinear(name=/18, inputs=[/17, /11, /12], perturbed=True)
)
Original output in the first batch: tensor([[ -6.29082823,  -3.72764850,  -3.06755972,   0.86754102,   0.66202056,
          -2.47325587, -12.74863148,  -1.46956086,  -4.49783134,   7.43578529]],
       device='cuda:0')
Split layers:
Nonlinear functions:
   BoundRelu(name=/15, inputs=[/input], perturbed=True)
   BoundRelu(name=/17, inputs=[/input-3], perturbed=True)
build batch [1/1]
layer /15 using sparse-features alpha with shape [30]; unstable size 30; total size 256 ([1, 256])
layer /15 start_node /input-3 using sparse-spec alpha [2, 24, 1, 30] with unstable size 23 total_size 128 output_shape torch.Size([128])
layer /15 start_node /18 using full alpha [2, 9, 1, 30] with unstable size None total_size 9 output_shape 9
layer /17 using sparse-features alpha with shape [23]; unstable size 23; total size 128 ([1, 128])
layer /17 start_node /18 using full alpha [2, 9, 1, 23] with unstable size None total_size 9 output_shape 9
Optimizable variables initialized.
initial CROWN bounds (first 10 items): [12.118634223937988, 9.47120475769043, 8.417953491210938, 4.909224987030029, 4.937594413757324, 7.890804767608643, 17.755489349365234, 7.064027786254883, 10.176399230957031]
Verified with initial CROWN!
verified with init bound!
Result: safe-incomplete in 0.0958 seconds

 %%%%%%%%%%%%%%%%%%%%%%%%%%%%%%%%%%% idx: 8, vnnlib ID: 8 %%%%%%%%%%%%%%%%%%%%%%%%%%%%%%%%%%%
Finished vnnlib processing in 0.006622 seconds
Model: BoundedModule(
  (/0): BoundInput(name=/0, inputs=[], perturbed=True)
  (/7): BoundParams(name=/7, inputs=[], perturbed=False)
  (/8): BoundParams(name=/8, inputs=[], perturbed=False)
  (/9): BoundParams(name=/9, inputs=[], perturbed=False)
  (/10): BoundParams(name=/10, inputs=[], perturbed=False)
  (/11): BoundParams(name=/11, inputs=[], perturbed=False)
  (/12): BoundParams(name=/12, inputs=[], perturbed=False)
  (/13): BoundFlatten(name=/13, inputs=[/0], perturbed=True)
  (/input): BoundLinear(name=/input, inputs=[/13, /7, /8], perturbed=True)
  (/15): BoundRelu(name=/15, inputs=[/input], perturbed=True)
  (/input-3): BoundLinear(name=/input-3, inputs=[/15, /9, /10], perturbed=True)
  (/17): BoundRelu(name=/17, inputs=[/input-3], perturbed=True)
  (/18): BoundLinear(name=/18, inputs=[/17, /11, /12], perturbed=True)
)
Original output in the first batch: tensor([[-7.04422998, -5.72080135, -1.11702895, -6.34812927, -0.89283657,
          7.45244455,  0.90015411, -8.87375355,  1.11296737, -0.89267701]],
       device='cuda:0')
Split layers:
Nonlinear functions:
   BoundRelu(name=/15, inputs=[/input], perturbed=True)
   BoundRelu(name=/17, inputs=[/input-3], perturbed=True)
build batch [1/1]
layer /15 using sparse-features alpha with shape [31]; unstable size 31; total size 256 ([1, 256])
layer /15 start_node /input-3 using sparse-spec alpha [2, 10, 1, 31] with unstable size 9 total_size 128 output_shape torch.Size([128])
layer /15 start_node /18 using full alpha [2, 9, 1, 31] with unstable size None total_size 9 output_shape 9
layer /17 using sparse-features alpha with shape [9]; unstable size 9; total size 128 ([1, 128])
layer /17 start_node /18 using full alpha [2, 9, 1, 9] with unstable size None total_size 9 output_shape 9
Optimizable variables initialized.
initial CROWN bounds (first 10 items): [12.782414436340332, 12.102439880371094, 6.998836994171143, 12.523700714111328, 6.286441326141357, 5.323923110961914, 14.657114028930664, 5.120650768280029, 6.866182804107666]
Verified with initial CROWN!
verified with init bound!
Result: safe-incomplete in 0.0949 seconds

 %%%%%%%%%%%%%%%%%%%%%%%%%%%%%%%%%%% idx: 9, vnnlib ID: 9 %%%%%%%%%%%%%%%%%%%%%%%%%%%%%%%%%%%
Finished vnnlib processing in 0.002429 seconds
Model: BoundedModule(
  (/0): BoundInput(name=/0, inputs=[], perturbed=True)
  (/7): BoundParams(name=/7, inputs=[], perturbed=False)
  (/8): BoundParams(name=/8, inputs=[], perturbed=False)
  (/9): BoundParams(name=/9, inputs=[], perturbed=False)
  (/10): BoundParams(name=/10, inputs=[], perturbed=False)
  (/11): BoundParams(name=/11, inputs=[], perturbed=False)
  (/12): BoundParams(name=/12, inputs=[], perturbed=False)
  (/13): BoundFlatten(name=/13, inputs=[/0], perturbed=True)
  (/input): BoundLinear(name=/input, inputs=[/13, /7, /8], perturbed=True)
  (/15): BoundRelu(name=/15, inputs=[/input], perturbed=True)
  (/input-3): BoundLinear(name=/input-3, inputs=[/15, /9, /10], perturbed=True)
  (/17): BoundRelu(name=/17, inputs=[/input-3], perturbed=True)
  (/18): BoundLinear(name=/18, inputs=[/17, /11, /12], perturbed=True)
)
Original output in the first batch: tensor([[ -7.40093756,  -7.18970346,  -8.37044144,  -4.15606308,   4.92510128,
          -5.96898746, -17.54073524,   0.80470783,  -0.25205836,   8.97163773]],
       device='cuda:0')
Split layers:
Nonlinear functions:
   BoundRelu(name=/15, inputs=[/input], perturbed=True)
   BoundRelu(name=/17, inputs=[/input-3], perturbed=True)
build batch [1/1]
layer /15 using sparse-features alpha with shape [32]; unstable size 32; total size 256 ([1, 256])
layer /15 start_node /input-3 using sparse-spec alpha [2, 15, 1, 32] with unstable size 14 total_size 128 output_shape torch.Size([128])
layer /15 start_node /18 using full alpha [2, 9, 1, 32] with unstable size None total_size 9 output_shape 9
layer /17 using sparse-features alpha with shape [14]; unstable size 14; total size 128 ([1, 128])
layer /17 start_node /18 using full alpha [2, 9, 1, 14] with unstable size None total_size 9 output_shape 9
Optimizable variables initialized.
initial CROWN bounds (first 10 items): [14.29093074798584, 14.428401947021484, 15.15583324432373, 11.526213645935059, 2.048241138458252, 12.94048023223877, 23.603254318237305, 6.493161201477051, 7.225062847137451]
Verified with initial CROWN!
verified with init bound!
Result: safe-incomplete in 0.0967 seconds

 %%%%%%%%%%%%%%%%%%%%%%%%%%%%%%%%%%% idx: 10, vnnlib ID: 10 %%%%%%%%%%%%%%%%%%%%%%%%%%%%%%%%%%%
Finished vnnlib processing in 0.002273 seconds
Model: BoundedModule(
  (/0): BoundInput(name=/0, inputs=[], perturbed=True)
  (/7): BoundParams(name=/7, inputs=[], perturbed=False)
  (/8): BoundParams(name=/8, inputs=[], perturbed=False)
  (/9): BoundParams(name=/9, inputs=[], perturbed=False)
  (/10): BoundParams(name=/10, inputs=[], perturbed=False)
  (/11): BoundParams(name=/11, inputs=[], perturbed=False)
  (/12): BoundParams(name=/12, inputs=[], perturbed=False)
  (/13): BoundFlatten(name=/13, inputs=[/0], perturbed=True)
  (/input): BoundLinear(name=/input, inputs=[/13, /7, /8], perturbed=True)
  (/15): BoundRelu(name=/15, inputs=[/input], perturbed=True)
  (/input-3): BoundLinear(name=/input-3, inputs=[/15, /9, /10], perturbed=True)
  (/17): BoundRelu(name=/17, inputs=[/input-3], perturbed=True)
  (/18): BoundLinear(name=/18, inputs=[/17, /11, /12], perturbed=True)
)
Original output in the first batch: tensor([[13.64694881, -6.98599815, -0.47330838, -8.65832329, -6.65517473,
         -4.06157637, -2.90754008, -3.16931987, -4.83243704,  0.75247896]],
       device='cuda:0')
Split layers:
Nonlinear functions:
   BoundRelu(name=/15, inputs=[/input], perturbed=True)
   BoundRelu(name=/17, inputs=[/input-3], perturbed=True)
build batch [1/1]
layer /15 using sparse-features alpha with shape [36]; unstable size 36; total size 256 ([1, 256])
layer /15 start_node /input-3 using sparse-spec alpha [2, 17, 1, 36] with unstable size 16 total_size 128 output_shape torch.Size([128])
layer /15 start_node /18 using full alpha [2, 9, 1, 36] with unstable size None total_size 9 output_shape 9
layer /17 using sparse-features alpha with shape [16]; unstable size 16; total size 128 ([1, 128])
layer /17 start_node /18 using full alpha [2, 9, 1, 16] with unstable size None total_size 9 output_shape 9
Optimizable variables initialized.
initial CROWN bounds (first 10 items): [19.420455932617188, 12.897969245910645, 20.963241577148438, 18.857938766479492, 16.07005500793457, 15.546111106872559, 15.38192367553711, 17.350723266601562, 11.638275146484375]
Verified with initial CROWN!
verified with init bound!
Result: safe-incomplete in 0.0969 seconds

 %%%%%%%%%%%%%%%%%%%%%%%%%%%%%%%%%%% idx: 11, vnnlib ID: 11 %%%%%%%%%%%%%%%%%%%%%%%%%%%%%%%%%%%
Finished vnnlib processing in 0.002258 seconds
Model: BoundedModule(
  (/0): BoundInput(name=/0, inputs=[], perturbed=True)
  (/7): BoundParams(name=/7, inputs=[], perturbed=False)
  (/8): BoundParams(name=/8, inputs=[], perturbed=False)
  (/9): BoundParams(name=/9, inputs=[], perturbed=False)
  (/10): BoundParams(name=/10, inputs=[], perturbed=False)
  (/11): BoundParams(name=/11, inputs=[], perturbed=False)
  (/12): BoundParams(name=/12, inputs=[], perturbed=False)
  (/13): BoundFlatten(name=/13, inputs=[/0], perturbed=True)
  (/input): BoundLinear(name=/input, inputs=[/13, /7, /8], perturbed=True)
  (/15): BoundRelu(name=/15, inputs=[/input], perturbed=True)
  (/input-3): BoundLinear(name=/input-3, inputs=[/15, /9, /10], perturbed=True)
  (/17): BoundRelu(name=/17, inputs=[/input-3], perturbed=True)
  (/18): BoundLinear(name=/18, inputs=[/17, /11, /12], perturbed=True)
)
Original output in the first batch: tensor([[ 0.95380753, -4.11328697, -4.45968866, -6.58481121,  0.58716464,
         -0.26918671,  7.70219707, -5.82906294,  0.23077098, -8.07892418]],
       device='cuda:0')
Split layers:
Nonlinear functions:
   BoundRelu(name=/15, inputs=[/input], perturbed=True)
   BoundRelu(name=/17, inputs=[/input-3], perturbed=True)
build batch [1/1]
layer /15 using sparse-features alpha with shape [40]; unstable size 40; total size 256 ([1, 256])
layer /15 start_node /input-3 using sparse-spec alpha [2, 17, 1, 40] with unstable size 16 total_size 128 output_shape torch.Size([128])
layer /15 start_node /18 using full alpha [2, 9, 1, 40] with unstable size None total_size 9 output_shape 9
layer /17 using sparse-features alpha with shape [16]; unstable size 16; total size 128 ([1, 128])
layer /17 start_node /18 using full alpha [2, 9, 1, 16] with unstable size None total_size 9 output_shape 9
Optimizable variables initialized.
initial CROWN bounds (first 10 items): [5.561148643493652, 10.731124877929688, 10.704816818237305, 12.6331148147583, 5.752206325531006, 6.591625213623047, 12.215147018432617, 6.058968544006348, 13.915891647338867]
Verified with initial CROWN!
verified with init bound!
Result: safe-incomplete in 0.0935 seconds

 %%%%%%%%%%%%%%%%%%%%%%%%%%%%%%%%%%% idx: 12, vnnlib ID: 12 %%%%%%%%%%%%%%%%%%%%%%%%%%%%%%%%%%%
Finished vnnlib processing in 0.002470 seconds
Model: BoundedModule(
  (/0): BoundInput(name=/0, inputs=[], perturbed=True)
  (/7): BoundParams(name=/7, inputs=[], perturbed=False)
  (/8): BoundParams(name=/8, inputs=[], perturbed=False)
  (/9): BoundParams(name=/9, inputs=[], perturbed=False)
  (/10): BoundParams(name=/10, inputs=[], perturbed=False)
  (/11): BoundParams(name=/11, inputs=[], perturbed=False)
  (/12): BoundParams(name=/12, inputs=[], perturbed=False)
  (/13): BoundFlatten(name=/13, inputs=[/0], perturbed=True)
  (/input): BoundLinear(name=/input, inputs=[/13, /7, /8], perturbed=True)
  (/15): BoundRelu(name=/15, inputs=[/input], perturbed=True)
  (/input-3): BoundLinear(name=/input-3, inputs=[/15, /9, /10], perturbed=True)
  (/17): BoundRelu(name=/17, inputs=[/input-3], perturbed=True)
  (/18): BoundLinear(name=/18, inputs=[/17, /11, /12], perturbed=True)
)
Original output in the first batch: tensor([[ -6.61444044,  -6.80854416,  -5.25830793,  -2.12011576,   1.23543453,
          -2.39180660, -14.44083405,  -2.82861161,  -2.03730845,  10.44519424]],
       device='cuda:0')
Split layers:
Nonlinear functions:
   BoundRelu(name=/15, inputs=[/input], perturbed=True)
   BoundRelu(name=/17, inputs=[/input-3], perturbed=True)
build batch [1/1]
layer /15 using sparse-features alpha with shape [40]; unstable size 40; total size 256 ([1, 256])
layer /15 start_node /input-3 using sparse-spec alpha [2, 18, 1, 40] with unstable size 17 total_size 128 output_shape torch.Size([128])
layer /15 start_node /18 using full alpha [2, 9, 1, 40] with unstable size None total_size 9 output_shape 9
layer /17 using sparse-features alpha with shape [17]; unstable size 17; total size 128 ([1, 128])
layer /17 start_node /18 using full alpha [2, 9, 1, 17] with unstable size None total_size 9 output_shape 9
Optimizable variables initialized.
initial CROWN bounds (first 10 items): [15.02596378326416, 15.265374183654785, 13.337852478027344, 10.411352157592773, 6.728588581085205, 10.289356231689453, 21.96506690979004, 10.862515449523926, 10.381061553955078]
Verified with initial CROWN!
verified with init bound!
Result: safe-incomplete in 0.0878 seconds

 %%%%%%%%%%%%%%%%%%%%%%%%%%%%%%%%%%% idx: 13, vnnlib ID: 13 %%%%%%%%%%%%%%%%%%%%%%%%%%%%%%%%%%%
Finished vnnlib processing in 0.002595 seconds
Model: BoundedModule(
  (/0): BoundInput(name=/0, inputs=[], perturbed=True)
  (/7): BoundParams(name=/7, inputs=[], perturbed=False)
  (/8): BoundParams(name=/8, inputs=[], perturbed=False)
  (/9): BoundParams(name=/9, inputs=[], perturbed=False)
  (/10): BoundParams(name=/10, inputs=[], perturbed=False)
  (/11): BoundParams(name=/11, inputs=[], perturbed=False)
  (/12): BoundParams(name=/12, inputs=[], perturbed=False)
  (/13): BoundFlatten(name=/13, inputs=[/0], perturbed=True)
  (/input): BoundLinear(name=/input, inputs=[/13, /7, /8], perturbed=True)
  (/15): BoundRelu(name=/15, inputs=[/input], perturbed=True)
  (/input-3): BoundLinear(name=/input-3, inputs=[/15, /9, /10], perturbed=True)
  (/17): BoundRelu(name=/17, inputs=[/input-3], perturbed=True)
  (/18): BoundLinear(name=/18, inputs=[/17, /11, /12], perturbed=True)
)
Original output in the first batch: tensor([[12.74168491, -9.91398144, -3.35059643, -7.87745285, -7.13103342,
         -4.90444279, -3.66802239, -0.74318427, -2.94169354,  1.47531450]],
       device='cuda:0')
Split layers:
Nonlinear functions:
   BoundRelu(name=/15, inputs=[/input], perturbed=True)
   BoundRelu(name=/17, inputs=[/input-3], perturbed=True)
build batch [1/1]
layer /15 using sparse-features alpha with shape [36]; unstable size 36; total size 256 ([1, 256])
layer /15 start_node /input-3 using sparse-spec alpha [2, 11, 1, 36] with unstable size 10 total_size 128 output_shape torch.Size([128])
layer /15 start_node /18 using full alpha [2, 9, 1, 36] with unstable size None total_size 9 output_shape 9
layer /17 using sparse-features alpha with shape [10]; unstable size 10; total size 128 ([1, 128])
layer /17 start_node /18 using full alpha [2, 9, 1, 10] with unstable size None total_size 9 output_shape 9
Optimizable variables initialized.
initial CROWN bounds (first 10 items): [21.51897430419922, 15.025165557861328, 19.264293670654297, 18.124731063842773, 16.30979347229004, 15.318390846252441, 11.750045776367188, 14.587945938110352, 10.088554382324219]
Verified with initial CROWN!
verified with init bound!
Result: safe-incomplete in 0.0940 seconds

 %%%%%%%%%%%%%%%%%%%%%%%%%%%%%%%%%%% idx: 14, vnnlib ID: 14 %%%%%%%%%%%%%%%%%%%%%%%%%%%%%%%%%%%
Finished vnnlib processing in 0.002103 seconds
Model: BoundedModule(
  (/0): BoundInput(name=/0, inputs=[], perturbed=True)
  (/7): BoundParams(name=/7, inputs=[], perturbed=False)
  (/8): BoundParams(name=/8, inputs=[], perturbed=False)
  (/9): BoundParams(name=/9, inputs=[], perturbed=False)
  (/10): BoundParams(name=/10, inputs=[], perturbed=False)
  (/11): BoundParams(name=/11, inputs=[], perturbed=False)
  (/12): BoundParams(name=/12, inputs=[], perturbed=False)
  (/13): BoundFlatten(name=/13, inputs=[/0], perturbed=True)
  (/input): BoundLinear(name=/input, inputs=[/13, /7, /8], perturbed=True)
  (/15): BoundRelu(name=/15, inputs=[/input], perturbed=True)
  (/input-3): BoundLinear(name=/input-3, inputs=[/15, /9, /10], perturbed=True)
  (/17): BoundRelu(name=/17, inputs=[/input-3], perturbed=True)
  (/18): BoundLinear(name=/18, inputs=[/17, /11, /12], perturbed=True)
)
Original output in the first batch: tensor([[-9.34128666,  9.83955669, -4.05923271, -0.13546363, -3.88751245,
         -6.57154703, -8.69009686, -1.25186563, -1.12050807, -3.45115924]],
       device='cuda:0')
Split layers:
Nonlinear functions:
   BoundRelu(name=/15, inputs=[/input], perturbed=True)
   BoundRelu(name=/17, inputs=[/input-3], perturbed=True)
build batch [1/1]
layer /15 using sparse-features alpha with shape [38]; unstable size 38; total size 256 ([1, 256])
layer /15 start_node /input-3 using sparse-spec alpha [2, 19, 1, 38] with unstable size 18 total_size 128 output_shape torch.Size([128])
layer /15 start_node /18 using full alpha [2, 9, 1, 38] with unstable size None total_size 9 output_shape 9
layer /17 using sparse-features alpha with shape [18]; unstable size 18; total size 128 ([1, 128])
layer /17 start_node /18 using full alpha [2, 9, 1, 18] with unstable size None total_size 9 output_shape 9
Optimizable variables initialized.
initial CROWN bounds (first 10 items): [17.274648666381836, 12.082844734191895, 7.661520957946777, 11.99944019317627, 14.202625274658203, 16.729467391967773, 9.391597747802734, 9.034172058105469, 11.33507251739502]
Verified with initial CROWN!
verified with init bound!
Result: safe-incomplete in 0.0942 seconds

 %%%%%%%%%%%%%%%%%%%%%%%%%%%%%%%%%%% idx: 15, vnnlib ID: 15 %%%%%%%%%%%%%%%%%%%%%%%%%%%%%%%%%%%
Finished vnnlib processing in 0.002389 seconds
Model: BoundedModule(
  (/0): BoundInput(name=/0, inputs=[], perturbed=True)
  (/7): BoundParams(name=/7, inputs=[], perturbed=False)
  (/8): BoundParams(name=/8, inputs=[], perturbed=False)
  (/9): BoundParams(name=/9, inputs=[], perturbed=False)
  (/10): BoundParams(name=/10, inputs=[], perturbed=False)
  (/11): BoundParams(name=/11, inputs=[], perturbed=False)
  (/12): BoundParams(name=/12, inputs=[], perturbed=False)
  (/13): BoundFlatten(name=/13, inputs=[/0], perturbed=True)
  (/input): BoundLinear(name=/input, inputs=[/13, /7, /8], perturbed=True)
  (/15): BoundRelu(name=/15, inputs=[/input], perturbed=True)
  (/input-3): BoundLinear(name=/input-3, inputs=[/15, /9, /10], perturbed=True)
  (/17): BoundRelu(name=/17, inputs=[/input-3], perturbed=True)
  (/18): BoundLinear(name=/18, inputs=[/17, /11, /12], perturbed=True)
)
Original output in the first batch: tensor([[-5.54907370, -2.53948450, -5.60251141,  3.80661750, -6.54875660,
          8.90350628, -4.60647774, -7.38738155,  0.95430857, -1.13992393]],
       device='cuda:0')
Split layers:
Nonlinear functions:
   BoundRelu(name=/15, inputs=[/input], perturbed=True)
   BoundRelu(name=/17, inputs=[/input-3], perturbed=True)
build batch [1/1]
layer /15 using sparse-features alpha with shape [33]; unstable size 33; total size 256 ([1, 256])
layer /15 start_node /input-3 using sparse-spec alpha [2, 23, 1, 33] with unstable size 22 total_size 128 output_shape torch.Size([128])
layer /15 start_node /18 using full alpha [2, 9, 1, 33] with unstable size None total_size 9 output_shape 9
layer /17 using sparse-features alpha with shape [22]; unstable size 22; total size 128 ([1, 128])
layer /17 start_node /18 using full alpha [2, 9, 1, 22] with unstable size None total_size 9 output_shape 9
Optimizable variables initialized.
initial CROWN bounds (first 10 items): [12.438613891601562, 9.997395515441895, 12.497902870178223, 3.3671672344207764, 13.768424034118652, 12.064936637878418, 14.187597274780273, 6.400003433227539, 8.363924980163574]
Verified with initial CROWN!
verified with init bound!
Result: safe-incomplete in 0.0948 seconds

 %%%%%%%%%%%%%%%%%%%%%%%%%%%%%%%%%%% idx: 16, vnnlib ID: 16 %%%%%%%%%%%%%%%%%%%%%%%%%%%%%%%%%%%
Finished vnnlib processing in 0.002362 seconds
Model: BoundedModule(
  (/0): BoundInput(name=/0, inputs=[], perturbed=True)
  (/7): BoundParams(name=/7, inputs=[], perturbed=False)
  (/8): BoundParams(name=/8, inputs=[], perturbed=False)
  (/9): BoundParams(name=/9, inputs=[], perturbed=False)
  (/10): BoundParams(name=/10, inputs=[], perturbed=False)
  (/11): BoundParams(name=/11, inputs=[], perturbed=False)
  (/12): BoundParams(name=/12, inputs=[], perturbed=False)
  (/13): BoundFlatten(name=/13, inputs=[/0], perturbed=True)
  (/input): BoundLinear(name=/input, inputs=[/13, /7, /8], perturbed=True)
  (/15): BoundRelu(name=/15, inputs=[/input], perturbed=True)
  (/input-3): BoundLinear(name=/input-3, inputs=[/15, /9, /10], perturbed=True)
  (/17): BoundRelu(name=/17, inputs=[/input-3], perturbed=True)
  (/18): BoundLinear(name=/18, inputs=[/17, /11, /12], perturbed=True)
)
Original output in the first batch: tensor([[ -2.24987102,  -8.48951721,  -4.13083935,  -6.10000277,   2.59547782,
          -6.58378887, -10.65701962,   0.09193136,  -1.66695130,   9.47487640]],
       device='cuda:0')
Split layers:
Nonlinear functions:
   BoundRelu(name=/15, inputs=[/input], perturbed=True)
   BoundRelu(name=/17, inputs=[/input-3], perturbed=True)
build batch [1/1]
layer /15 using sparse-features alpha with shape [28]; unstable size 28; total size 256 ([1, 256])
layer /15 start_node /input-3 using sparse-spec alpha [2, 14, 1, 28] with unstable size 13 total_size 128 output_shape torch.Size([128])
layer /15 start_node /18 using full alpha [2, 9, 1, 28] with unstable size None total_size 9 output_shape 9
layer /17 using sparse-features alpha with shape [13]; unstable size 13; total size 128 ([1, 128])
layer /17 start_node /18 using full alpha [2, 9, 1, 13] with unstable size None total_size 9 output_shape 9
Optimizable variables initialized.
initial CROWN bounds (first 10 items): [10.204041481018066, 16.350950241088867, 11.805108070373535, 13.977079391479492, 4.693791389465332, 13.97541618347168, 17.675745010375977, 7.591812610626221, 9.25306510925293]
Verified with initial CROWN!
verified with init bound!
Result: safe-incomplete in 0.0851 seconds

 %%%%%%%%%%%%%%%%%%%%%%%%%%%%%%%%%%% idx: 17, vnnlib ID: 17 %%%%%%%%%%%%%%%%%%%%%%%%%%%%%%%%%%%
Finished vnnlib processing in 0.002629 seconds
Model: BoundedModule(
  (/0): BoundInput(name=/0, inputs=[], perturbed=True)
  (/7): BoundParams(name=/7, inputs=[], perturbed=False)
  (/8): BoundParams(name=/8, inputs=[], perturbed=False)
  (/9): BoundParams(name=/9, inputs=[], perturbed=False)
  (/10): BoundParams(name=/10, inputs=[], perturbed=False)
  (/11): BoundParams(name=/11, inputs=[], perturbed=False)
  (/12): BoundParams(name=/12, inputs=[], perturbed=False)
  (/13): BoundFlatten(name=/13, inputs=[/0], perturbed=True)
  (/input): BoundLinear(name=/input, inputs=[/13, /7, /8], perturbed=True)
  (/15): BoundRelu(name=/15, inputs=[/input], perturbed=True)
  (/input-3): BoundLinear(name=/input-3, inputs=[/15, /9, /10], perturbed=True)
  (/17): BoundRelu(name=/17, inputs=[/input-3], perturbed=True)
  (/18): BoundLinear(name=/18, inputs=[/17, /11, /12], perturbed=True)
)
Original output in the first batch: tensor([[ -0.24423341,  -5.17727995,   4.13514853,   1.72028923,  -9.19968414,
          -3.39108157, -16.36118698,  12.05461311,  -5.10440254,  -1.00155151]],
       device='cuda:0')
Split layers:
Nonlinear functions:
   BoundRelu(name=/15, inputs=[/input], perturbed=True)
   BoundRelu(name=/17, inputs=[/input-3], perturbed=True)
build batch [1/1]
layer /15 using sparse-features alpha with shape [34]; unstable size 34; total size 256 ([1, 256])
layer /15 start_node /input-3 using sparse-spec alpha [2, 16, 1, 34] with unstable size 15 total_size 128 output_shape torch.Size([128])
layer /15 start_node /18 using full alpha [2, 9, 1, 34] with unstable size None total_size 9 output_shape 9
layer /17 using sparse-features alpha with shape [15]; unstable size 15; total size 128 ([1, 128])
layer /17 start_node /18 using full alpha [2, 9, 1, 15] with unstable size None total_size 9 output_shape 9
Optimizable variables initialized.
initial CROWN bounds (first 10 items): [10.02298355102539, 15.648421287536621, 6.043132305145264, 8.566557884216309, 19.463804244995117, 13.106304168701172, 25.670780181884766, 15.02895736694336, 11.116539001464844]
Verified with initial CROWN!
verified with init bound!
Result: safe-incomplete in 0.1035 seconds

 %%%%%%%%%%%%%%%%%%%%%%%%%%%%%%%%%%% idx: 18, vnnlib ID: 18 %%%%%%%%%%%%%%%%%%%%%%%%%%%%%%%%%%%
Finished vnnlib processing in 0.003012 seconds
Model: BoundedModule(
  (/0): BoundInput(name=/0, inputs=[], perturbed=True)
  (/7): BoundParams(name=/7, inputs=[], perturbed=False)
  (/8): BoundParams(name=/8, inputs=[], perturbed=False)
  (/9): BoundParams(name=/9, inputs=[], perturbed=False)
  (/10): BoundParams(name=/10, inputs=[], perturbed=False)
  (/11): BoundParams(name=/11, inputs=[], perturbed=False)
  (/12): BoundParams(name=/12, inputs=[], perturbed=False)
  (/13): BoundFlatten(name=/13, inputs=[/0], perturbed=True)
  (/input): BoundLinear(name=/input, inputs=[/13, /7, /8], perturbed=True)
  (/15): BoundRelu(name=/15, inputs=[/input], perturbed=True)
  (/input-3): BoundLinear(name=/input-3, inputs=[/15, /9, /10], perturbed=True)
  (/17): BoundRelu(name=/17, inputs=[/input-3], perturbed=True)
  (/18): BoundLinear(name=/18, inputs=[/17, /11, /12], perturbed=True)
)
Original output in the first batch: tensor([[-5.53660965, -2.84962916, -2.86627984,  6.64563894, -2.00905585,
         -0.64145952, -6.11385727, -3.26546955,  3.29388213, -2.90794015]],
       device='cuda:0')
Split layers:
Nonlinear functions:
   BoundRelu(name=/15, inputs=[/input], perturbed=True)
   BoundRelu(name=/17, inputs=[/input-3], perturbed=True)
build batch [1/1]
layer /15 using sparse-features alpha with shape [30]; unstable size 30; total size 256 ([1, 256])
layer /15 start_node /input-3 using sparse-spec alpha [2, 24, 1, 30] with unstable size 23 total_size 128 output_shape torch.Size([128])
layer /15 start_node /18 using full alpha [2, 9, 1, 30] with unstable size None total_size 9 output_shape 9
layer /17 using sparse-features alpha with shape [23]; unstable size 23; total size 128 ([1, 128])
layer /17 start_node /18 using full alpha [2, 9, 1, 23] with unstable size None total_size 9 output_shape 9
Optimizable variables initialized.
initial CROWN bounds (first 10 items): [10.623649597167969, 8.250984191894531, 8.12134075164795, 6.873104095458984, 5.8698625564575195, 10.81788444519043, 8.357800483703613, 2.154317855834961, 8.075369834899902]
Verified with initial CROWN!
verified with init bound!
Result: safe-incomplete in 0.0931 seconds

 %%%%%%%%%%%%%%%%%%%%%%%%%%%%%%%%%%% idx: 19, vnnlib ID: 19 %%%%%%%%%%%%%%%%%%%%%%%%%%%%%%%%%%%
Finished vnnlib processing in 0.002522 seconds
Model: BoundedModule(
  (/0): BoundInput(name=/0, inputs=[], perturbed=True)
  (/7): BoundParams(name=/7, inputs=[], perturbed=False)
  (/8): BoundParams(name=/8, inputs=[], perturbed=False)
  (/9): BoundParams(name=/9, inputs=[], perturbed=False)
  (/10): BoundParams(name=/10, inputs=[], perturbed=False)
  (/11): BoundParams(name=/11, inputs=[], perturbed=False)
  (/12): BoundParams(name=/12, inputs=[], perturbed=False)
  (/13): BoundFlatten(name=/13, inputs=[/0], perturbed=True)
  (/input): BoundLinear(name=/input, inputs=[/13, /7, /8], perturbed=True)
  (/15): BoundRelu(name=/15, inputs=[/input], perturbed=True)
  (/input-3): BoundLinear(name=/input-3, inputs=[/15, /9, /10], perturbed=True)
  (/17): BoundRelu(name=/17, inputs=[/input-3], perturbed=True)
  (/18): BoundLinear(name=/18, inputs=[/17, /11, /12], perturbed=True)
)
Original output in the first batch: tensor([[-7.21946478, -2.13233280, -4.39543676, -7.48709297, 12.70025539,
         -3.68367219, -7.37042809, -1.00212014, -5.85969353,  0.66590869]],
       device='cuda:0')
Split layers:
Nonlinear functions:
   BoundRelu(name=/15, inputs=[/input], perturbed=True)
   BoundRelu(name=/17, inputs=[/input-3], perturbed=True)
build batch [1/1]
layer /15 using sparse-features alpha with shape [45]; unstable size 45; total size 256 ([1, 256])
layer /15 start_node /input-3 using sparse-spec alpha [2, 19, 1, 45] with unstable size 18 total_size 128 output_shape torch.Size([128])
layer /15 start_node /18 using full alpha [2, 9, 1, 45] with unstable size None total_size 9 output_shape 9
layer /17 using sparse-features alpha with shape [18]; unstable size 18; total size 128 ([1, 128])
layer /17 start_node /18 using full alpha [2, 9, 1, 18] with unstable size None total_size 9 output_shape 9
Optimizable variables initialized.
initial CROWN bounds (first 10 items): [17.855613708496094, 13.324666023254395, 14.990606307983398, 18.074966430664062, 14.283037185668945, 17.9852237701416, 11.903178215026855, 16.606952667236328, 9.806888580322266]
Verified with initial CROWN!
verified with init bound!
Result: safe-incomplete in 0.0902 seconds

 %%%%%%%%%%%%%%%%%%%%%%%%%%%%%%%%%%% idx: 20, vnnlib ID: 20 %%%%%%%%%%%%%%%%%%%%%%%%%%%%%%%%%%%
Finished vnnlib processing in 0.002475 seconds
Model: BoundedModule(
  (/0): BoundInput(name=/0, inputs=[], perturbed=True)
  (/7): BoundParams(name=/7, inputs=[], perturbed=False)
  (/8): BoundParams(name=/8, inputs=[], perturbed=False)
  (/9): BoundParams(name=/9, inputs=[], perturbed=False)
  (/10): BoundParams(name=/10, inputs=[], perturbed=False)
  (/11): BoundParams(name=/11, inputs=[], perturbed=False)
  (/12): BoundParams(name=/12, inputs=[], perturbed=False)
  (/13): BoundFlatten(name=/13, inputs=[/0], perturbed=True)
  (/input): BoundLinear(name=/input, inputs=[/13, /7, /8], perturbed=True)
  (/15): BoundRelu(name=/15, inputs=[/input], perturbed=True)
  (/input-3): BoundLinear(name=/input-3, inputs=[/15, /9, /10], perturbed=True)
  (/17): BoundRelu(name=/17, inputs=[/input-3], perturbed=True)
  (/18): BoundLinear(name=/18, inputs=[/17, /11, /12], perturbed=True)
)
Original output in the first batch: tensor([[ -2.96888494,  -3.90016937,  -8.53115559,  -1.61640608,  -0.38309354,
          -2.33998609, -15.63801479,   0.63561982,  -2.49361491,   6.69404268]],
       device='cuda:0')
Split layers:
Nonlinear functions:
   BoundRelu(name=/15, inputs=[/input], perturbed=True)
   BoundRelu(name=/17, inputs=[/input-3], perturbed=True)
build batch [1/1]
layer /15 using sparse-features alpha with shape [52]; unstable size 52; total size 256 ([1, 256])
layer /15 start_node /input-3 using sparse-spec alpha [2, 13, 1, 52] with unstable size 12 total_size 128 output_shape torch.Size([128])
layer /15 start_node /18 using full alpha [2, 9, 1, 52] with unstable size None total_size 9 output_shape 9
layer /17 using sparse-features alpha with shape [12]; unstable size 12; total size 128 ([1, 128])
layer /17 start_node /18 using full alpha [2, 9, 1, 12] with unstable size None total_size 9 output_shape 9
Optimizable variables initialized.
initial CROWN bounds (first 10 items): [7.36347770690918, 8.753226280212402, 13.104372024536133, 6.256416320800781, 5.214625835418701, 6.662883758544922, 19.673322677612305, 3.7782859802246094, 7.182400226593018]
Verified with initial CROWN!
verified with init bound!
Result: safe-incomplete in 0.0831 seconds

 %%%%%%%%%%%%%%%%%%%%%%%%%%%%%%%%%%% idx: 21, vnnlib ID: 21 %%%%%%%%%%%%%%%%%%%%%%%%%%%%%%%%%%%
Finished vnnlib processing in 0.002276 seconds
Model: BoundedModule(
  (/0): BoundInput(name=/0, inputs=[], perturbed=True)
  (/7): BoundParams(name=/7, inputs=[], perturbed=False)
  (/8): BoundParams(name=/8, inputs=[], perturbed=False)
  (/9): BoundParams(name=/9, inputs=[], perturbed=False)
  (/10): BoundParams(name=/10, inputs=[], perturbed=False)
  (/11): BoundParams(name=/11, inputs=[], perturbed=False)
  (/12): BoundParams(name=/12, inputs=[], perturbed=False)
  (/13): BoundFlatten(name=/13, inputs=[/0], perturbed=True)
  (/input): BoundLinear(name=/input, inputs=[/13, /7, /8], perturbed=True)
  (/15): BoundRelu(name=/15, inputs=[/input], perturbed=True)
  (/input-3): BoundLinear(name=/input-3, inputs=[/15, /9, /10], perturbed=True)
  (/17): BoundRelu(name=/17, inputs=[/input-3], perturbed=True)
  (/18): BoundLinear(name=/18, inputs=[/17, /11, /12], perturbed=True)
)
Original output in the first batch: tensor([[-1.30902922, -3.89620376, -4.79617834, -4.98057032, -1.46043038,
          3.31904912,  7.24386215, -8.45544624, -0.04651871, -5.21822977]],
       device='cuda:0')
Split layers:
Nonlinear functions:
   BoundRelu(name=/15, inputs=[/input], perturbed=True)
   BoundRelu(name=/17, inputs=[/input-3], perturbed=True)
build batch [1/1]
layer /15 using sparse-features alpha with shape [44]; unstable size 44; total size 256 ([1, 256])
layer /15 start_node /input-3 using sparse-spec alpha [2, 19, 1, 44] with unstable size 18 total_size 128 output_shape torch.Size([128])
layer /15 start_node /18 using full alpha [2, 9, 1, 44] with unstable size None total_size 9 output_shape 9
layer /17 using sparse-features alpha with shape [18]; unstable size 18; total size 128 ([1, 128])
layer /17 start_node /18 using full alpha [2, 9, 1, 18] with unstable size None total_size 9 output_shape 9
Optimizable variables initialized.
initial CROWN bounds (first 10 items): [7.072731018066406, 9.653642654418945, 10.007277488708496, 9.849309921264648, 6.346469879150391, 2.027226448059082, 13.358848571777344, 5.396484375, 10.04530143737793]
Verified with initial CROWN!
verified with init bound!
Result: safe-incomplete in 0.0902 seconds

 %%%%%%%%%%%%%%%%%%%%%%%%%%%%%%%%%%% idx: 22, vnnlib ID: 22 %%%%%%%%%%%%%%%%%%%%%%%%%%%%%%%%%%%
Finished vnnlib processing in 0.002169 seconds
Model: BoundedModule(
  (/0): BoundInput(name=/0, inputs=[], perturbed=True)
  (/7): BoundParams(name=/7, inputs=[], perturbed=False)
  (/8): BoundParams(name=/8, inputs=[], perturbed=False)
  (/9): BoundParams(name=/9, inputs=[], perturbed=False)
  (/10): BoundParams(name=/10, inputs=[], perturbed=False)
  (/11): BoundParams(name=/11, inputs=[], perturbed=False)
  (/12): BoundParams(name=/12, inputs=[], perturbed=False)
  (/13): BoundFlatten(name=/13, inputs=[/0], perturbed=True)
  (/input): BoundLinear(name=/input, inputs=[/13, /7, /8], perturbed=True)
  (/15): BoundRelu(name=/15, inputs=[/input], perturbed=True)
  (/input-3): BoundLinear(name=/input-3, inputs=[/15, /9, /10], perturbed=True)
  (/17): BoundRelu(name=/17, inputs=[/input-3], perturbed=True)
  (/18): BoundLinear(name=/18, inputs=[/17, /11, /12], perturbed=True)
)
Original output in the first batch: tensor([[ 0.79559559, -3.48026347, -4.07467699, -6.12931204,  0.05894630,
         -1.95039046,  8.86608696, -2.92935371, -0.72338140, -7.78228664]],
       device='cuda:0')
Split layers:
Nonlinear functions:
   BoundRelu(name=/15, inputs=[/input], perturbed=True)
   BoundRelu(name=/17, inputs=[/input-3], perturbed=True)
build batch [1/1]
layer /15 using sparse-features alpha with shape [39]; unstable size 39; total size 256 ([1, 256])
layer /15 start_node /input-3 using sparse-spec alpha [2, 23, 1, 39] with unstable size 22 total_size 128 output_shape torch.Size([128])
layer /15 start_node /18 using full alpha [2, 9, 1, 39] with unstable size None total_size 9 output_shape 9
layer /17 using sparse-features alpha with shape [22]; unstable size 22; total size 128 ([1, 128])
layer /17 start_node /18 using full alpha [2, 9, 1, 22] with unstable size None total_size 9 output_shape 9
Optimizable variables initialized.
initial CROWN bounds (first 10 items): [6.86768913269043, 11.025510787963867, 11.357865333557129, 13.19923210144043, 6.940401077270508, 9.15279483795166, 10.091519355773926, 8.047477722167969, 14.47817611694336]
Verified with initial CROWN!
verified with init bound!
Result: safe-incomplete in 0.0851 seconds

 %%%%%%%%%%%%%%%%%%%%%%%%%%%%%%%%%%% idx: 23, vnnlib ID: 23 %%%%%%%%%%%%%%%%%%%%%%%%%%%%%%%%%%%
Finished vnnlib processing in 0.002133 seconds
Model: BoundedModule(
  (/0): BoundInput(name=/0, inputs=[], perturbed=True)
  (/7): BoundParams(name=/7, inputs=[], perturbed=False)
  (/8): BoundParams(name=/8, inputs=[], perturbed=False)
  (/9): BoundParams(name=/9, inputs=[], perturbed=False)
  (/10): BoundParams(name=/10, inputs=[], perturbed=False)
  (/11): BoundParams(name=/11, inputs=[], perturbed=False)
  (/12): BoundParams(name=/12, inputs=[], perturbed=False)
  (/13): BoundFlatten(name=/13, inputs=[/0], perturbed=True)
  (/input): BoundLinear(name=/input, inputs=[/13, /7, /8], perturbed=True)
  (/15): BoundRelu(name=/15, inputs=[/input], perturbed=True)
  (/input-3): BoundLinear(name=/input-3, inputs=[/15, /9, /10], perturbed=True)
  (/17): BoundRelu(name=/17, inputs=[/input-3], perturbed=True)
  (/18): BoundLinear(name=/18, inputs=[/17, /11, /12], perturbed=True)
)
Original output in the first batch: tensor([[ -8.79935169,  -2.74157906,  -6.52641296,   2.28881001,  -7.51040983,
          15.14941883,  -3.41707587, -12.07411575,  -1.68668437,  -1.49346185]],
       device='cuda:0')
Split layers:
Nonlinear functions:
   BoundRelu(name=/15, inputs=[/input], perturbed=True)
   BoundRelu(name=/17, inputs=[/input-3], perturbed=True)
build batch [1/1]
layer /15 using sparse-features alpha with shape [41]; unstable size 41; total size 256 ([1, 256])
layer /15 start_node /input-3 using sparse-spec alpha [2, 17, 1, 41] with unstable size 16 total_size 128 output_shape torch.Size([128])
layer /15 start_node /18 using full alpha [2, 9, 1, 41] with unstable size None total_size 9 output_shape 9
layer /17 using sparse-features alpha with shape [16]; unstable size 16; total size 128 ([1, 128])
layer /17 start_node /18 using full alpha [2, 9, 1, 16] with unstable size None total_size 9 output_shape 9
Optimizable variables initialized.
initial CROWN bounds (first 10 items): [21.61844253540039, 16.080337524414062, 19.006656646728516, 11.297693252563477, 20.350372314453125, 16.383380889892578, 24.682214736938477, 15.063036918640137, 15.021361351013184]
Verified with initial CROWN!
verified with init bound!
Result: safe-incomplete in 0.0849 seconds

 %%%%%%%%%%%%%%%%%%%%%%%%%%%%%%%%%%% idx: 24, vnnlib ID: 24 %%%%%%%%%%%%%%%%%%%%%%%%%%%%%%%%%%%
Finished vnnlib processing in 0.002157 seconds
Model: BoundedModule(
  (/0): BoundInput(name=/0, inputs=[], perturbed=True)
  (/7): BoundParams(name=/7, inputs=[], perturbed=False)
  (/8): BoundParams(name=/8, inputs=[], perturbed=False)
  (/9): BoundParams(name=/9, inputs=[], perturbed=False)
  (/10): BoundParams(name=/10, inputs=[], perturbed=False)
  (/11): BoundParams(name=/11, inputs=[], perturbed=False)
  (/12): BoundParams(name=/12, inputs=[], perturbed=False)
  (/13): BoundFlatten(name=/13, inputs=[/0], perturbed=True)
  (/input): BoundLinear(name=/input, inputs=[/13, /7, /8], perturbed=True)
  (/15): BoundRelu(name=/15, inputs=[/input], perturbed=True)
  (/input-3): BoundLinear(name=/input-3, inputs=[/15, /9, /10], perturbed=True)
  (/17): BoundRelu(name=/17, inputs=[/input-3], perturbed=True)
  (/18): BoundLinear(name=/18, inputs=[/17, /11, /12], perturbed=True)
)
Original output in the first batch: tensor([[-3.93736362, -2.97141480, -5.04924965, -6.92895365,  9.87653065,
         -2.38735318, -5.40859413,  0.28161949, -4.84821510,  1.95597565]],
       device='cuda:0')
Split layers:
Nonlinear functions:
   BoundRelu(name=/15, inputs=[/input], perturbed=True)
   BoundRelu(name=/17, inputs=[/input-3], perturbed=True)
build batch [1/1]
layer /15 using sparse-features alpha with shape [42]; unstable size 42; total size 256 ([1, 256])
layer /15 start_node /input-3 using sparse-spec alpha [2, 36, 1, 42] with unstable size 35 total_size 128 output_shape torch.Size([128])
layer /15 start_node /18 using full alpha [2, 9, 1, 42] with unstable size None total_size 9 output_shape 9
layer /17 using sparse-features alpha with shape [35]; unstable size 35; total size 128 ([1, 128])
layer /17 start_node /18 using full alpha [2, 9, 1, 35] with unstable size None total_size 9 output_shape 9
Optimizable variables initialized.
initial CROWN bounds (first 10 items): [11.84819221496582, 11.296859741210938, 12.927591323852539, 14.558577537536621, 10.199540138244629, 13.284720420837402, 7.711119174957275, 12.699837684631348, 5.8900346755981445]
Verified with initial CROWN!
verified with init bound!
Result: safe-incomplete in 0.0914 seconds

 %%%%%%%%%%%%%%%%%%%%%%%%%%%%%%%%%%% idx: 25, vnnlib ID: 25 %%%%%%%%%%%%%%%%%%%%%%%%%%%%%%%%%%%
Finished vnnlib processing in 0.002051 seconds
Model: BoundedModule(
  (/0): BoundInput(name=/0, inputs=[], perturbed=True)
  (/7): BoundParams(name=/7, inputs=[], perturbed=False)
  (/8): BoundParams(name=/8, inputs=[], perturbed=False)
  (/9): BoundParams(name=/9, inputs=[], perturbed=False)
  (/10): BoundParams(name=/10, inputs=[], perturbed=False)
  (/11): BoundParams(name=/11, inputs=[], perturbed=False)
  (/12): BoundParams(name=/12, inputs=[], perturbed=False)
  (/13): BoundFlatten(name=/13, inputs=[/0], perturbed=True)
  (/input): BoundLinear(name=/input, inputs=[/13, /7, /8], perturbed=True)
  (/15): BoundRelu(name=/15, inputs=[/input], perturbed=True)
  (/input-3): BoundLinear(name=/input-3, inputs=[/15, /9, /10], perturbed=True)
  (/17): BoundRelu(name=/17, inputs=[/input-3], perturbed=True)
  (/18): BoundLinear(name=/18, inputs=[/17, /11, /12], perturbed=True)
)
Original output in the first batch: tensor([[ 15.00858021, -11.30555916,  -5.22933483, -12.57776356,   0.50431198,
          -8.77178383,  -1.61499941,  -3.64249492,  -4.80131435,   1.96061254]],
       device='cuda:0')
Split layers:
Nonlinear functions:
   BoundRelu(name=/15, inputs=[/input], perturbed=True)
   BoundRelu(name=/17, inputs=[/input-3], perturbed=True)
build batch [1/1]
layer /15 using sparse-features alpha with shape [19]; unstable size 19; total size 256 ([1, 256])
layer /15 start_node /input-3 using sparse-spec alpha [2, 10, 1, 19] with unstable size 9 total_size 128 output_shape torch.Size([128])
layer /15 start_node /18 using full alpha [2, 9, 1, 19] with unstable size None total_size 9 output_shape 9
layer /17 using sparse-features alpha with shape [9]; unstable size 9; total size 128 ([1, 128])
layer /17 start_node /18 using full alpha [2, 9, 1, 9] with unstable size None total_size 9 output_shape 9
Optimizable variables initialized.
initial CROWN bounds (first 10 items): [25.356006622314453, 19.373640060424805, 26.562009811401367, 12.975748062133789, 22.657520294189453, 15.647842407226562, 17.4187068939209, 18.838144302368164, 11.972066879272461]
Verified with initial CROWN!
verified with init bound!
Result: safe-incomplete in 0.0910 seconds

 %%%%%%%%%%%%%%%%%%%%%%%%%%%%%%%%%%% idx: 26, vnnlib ID: 26 %%%%%%%%%%%%%%%%%%%%%%%%%%%%%%%%%%%
Finished vnnlib processing in 0.002064 seconds
Model: BoundedModule(
  (/0): BoundInput(name=/0, inputs=[], perturbed=True)
  (/7): BoundParams(name=/7, inputs=[], perturbed=False)
  (/8): BoundParams(name=/8, inputs=[], perturbed=False)
  (/9): BoundParams(name=/9, inputs=[], perturbed=False)
  (/10): BoundParams(name=/10, inputs=[], perturbed=False)
  (/11): BoundParams(name=/11, inputs=[], perturbed=False)
  (/12): BoundParams(name=/12, inputs=[], perturbed=False)
  (/13): BoundFlatten(name=/13, inputs=[/0], perturbed=True)
  (/input): BoundLinear(name=/input, inputs=[/13, /7, /8], perturbed=True)
  (/15): BoundRelu(name=/15, inputs=[/input], perturbed=True)
  (/input-3): BoundLinear(name=/input-3, inputs=[/15, /9, /10], perturbed=True)
  (/17): BoundRelu(name=/17, inputs=[/input-3], perturbed=True)
  (/18): BoundLinear(name=/18, inputs=[/17, /11, /12], perturbed=True)
)
Original output in the first batch: tensor([[ -1.98871100,  -4.23558855,   0.50721365,   1.46209610,  -7.56484318,
          -3.59069920, -15.37094879,  10.41555500,  -4.12400293,   2.60051179]],
       device='cuda:0')
Split layers:
Nonlinear functions:
   BoundRelu(name=/15, inputs=[/input], perturbed=True)
   BoundRelu(name=/17, inputs=[/input-3], perturbed=True)
build batch [1/1]
layer /15 using sparse-features alpha with shape [31]; unstable size 31; total size 256 ([1, 256])
layer /15 start_node /input-3 using sparse-spec alpha [2, 22, 1, 31] with unstable size 21 total_size 128 output_shape torch.Size([128])
layer /15 start_node /18 using full alpha [2, 9, 1, 31] with unstable size None total_size 9 output_shape 9
layer /17 using sparse-features alpha with shape [21]; unstable size 21; total size 128 ([1, 128])
layer /17 start_node /18 using full alpha [2, 9, 1, 21] with unstable size None total_size 9 output_shape 9
Optimizable variables initialized.
initial CROWN bounds (first 10 items): [10.351642608642578, 13.019248962402344, 8.197640419006348, 7.040808200836182, 16.099773406982422, 11.635652542114258, 23.096202850341797, 12.503610610961914, 6.099520206451416]
Verified with initial CROWN!
verified with init bound!
Result: safe-incomplete in 0.0867 seconds

 %%%%%%%%%%%%%%%%%%%%%%%%%%%%%%%%%%% idx: 27, vnnlib ID: 27 %%%%%%%%%%%%%%%%%%%%%%%%%%%%%%%%%%%
Finished vnnlib processing in 0.002144 seconds
Model: BoundedModule(
  (/0): BoundInput(name=/0, inputs=[], perturbed=True)
  (/7): BoundParams(name=/7, inputs=[], perturbed=False)
  (/8): BoundParams(name=/8, inputs=[], perturbed=False)
  (/9): BoundParams(name=/9, inputs=[], perturbed=False)
  (/10): BoundParams(name=/10, inputs=[], perturbed=False)
  (/11): BoundParams(name=/11, inputs=[], perturbed=False)
  (/12): BoundParams(name=/12, inputs=[], perturbed=False)
  (/13): BoundFlatten(name=/13, inputs=[/0], perturbed=True)
  (/input): BoundLinear(name=/input, inputs=[/13, /7, /8], perturbed=True)
  (/15): BoundRelu(name=/15, inputs=[/input], perturbed=True)
  (/input-3): BoundLinear(name=/input-3, inputs=[/15, /9, /10], perturbed=True)
  (/17): BoundRelu(name=/17, inputs=[/input-3], perturbed=True)
  (/18): BoundLinear(name=/18, inputs=[/17, /11, /12], perturbed=True)
)
Original output in the first batch: tensor([[-8.17074585, -5.88722515, -4.02562046, -8.87754345, 14.59125996,
         -3.05401111, -8.66069031, -3.10242438, -4.28316069,  2.34801126]],
       device='cuda:0')
Split layers:
Nonlinear functions:
   BoundRelu(name=/15, inputs=[/input], perturbed=True)
   BoundRelu(name=/17, inputs=[/input-3], perturbed=True)
build batch [1/1]
layer /15 using sparse-features alpha with shape [38]; unstable size 38; total size 256 ([1, 256])
layer /15 start_node /input-3 using sparse-spec alpha [2, 23, 1, 38] with unstable size 22 total_size 128 output_shape torch.Size([128])
layer /15 start_node /18 using full alpha [2, 9, 1, 38] with unstable size None total_size 9 output_shape 9
layer /17 using sparse-features alpha with shape [22]; unstable size 22; total size 128 ([1, 128])
layer /17 start_node /18 using full alpha [2, 9, 1, 22] with unstable size None total_size 9 output_shape 9
Optimizable variables initialized.
initial CROWN bounds (first 10 items): [20.777063369750977, 18.892728805541992, 16.39146614074707, 21.229509353637695, 15.557088851928711, 21.125905990600586, 16.08608627319336, 16.660598754882812, 10.415294647216797]
Verified with initial CROWN!
verified with init bound!
Result: safe-incomplete in 0.0893 seconds

 %%%%%%%%%%%%%%%%%%%%%%%%%%%%%%%%%%% idx: 28, vnnlib ID: 28 %%%%%%%%%%%%%%%%%%%%%%%%%%%%%%%%%%%
Finished vnnlib processing in 0.003435 seconds
Model: BoundedModule(
  (/0): BoundInput(name=/0, inputs=[], perturbed=True)
  (/7): BoundParams(name=/7, inputs=[], perturbed=False)
  (/8): BoundParams(name=/8, inputs=[], perturbed=False)
  (/9): BoundParams(name=/9, inputs=[], perturbed=False)
  (/10): BoundParams(name=/10, inputs=[], perturbed=False)
  (/11): BoundParams(name=/11, inputs=[], perturbed=False)
  (/12): BoundParams(name=/12, inputs=[], perturbed=False)
  (/13): BoundFlatten(name=/13, inputs=[/0], perturbed=True)
  (/input): BoundLinear(name=/input, inputs=[/13, /7, /8], perturbed=True)
  (/15): BoundRelu(name=/15, inputs=[/input], perturbed=True)
  (/input-3): BoundLinear(name=/input-3, inputs=[/15, /9, /10], perturbed=True)
  (/17): BoundRelu(name=/17, inputs=[/input-3], perturbed=True)
  (/18): BoundLinear(name=/18, inputs=[/17, /11, /12], perturbed=True)
)
Original output in the first batch: tensor([[ 15.17526340,  -9.83851242,   0.72890931,  -5.97583199, -10.93717098,
          -4.38703060,  -5.65455627,  -3.63238955,  -2.46134591,  -0.10191235]],
       device='cuda:0')
Split layers:
Nonlinear functions:
   BoundRelu(name=/15, inputs=[/input], perturbed=True)
   BoundRelu(name=/17, inputs=[/input-3], perturbed=True)
build batch [1/1]
layer /15 using sparse-features alpha with shape [31]; unstable size 31; total size 256 ([1, 256])
layer /15 start_node /input-3 using sparse-spec alpha [2, 10, 1, 31] with unstable size 9 total_size 128 output_shape torch.Size([128])
layer /15 start_node /18 using full alpha [2, 9, 1, 31] with unstable size None total_size 9 output_shape 9
layer /17 using sparse-features alpha with shape [9]; unstable size 9; total size 128 ([1, 128])
layer /17 start_node /18 using full alpha [2, 9, 1, 9] with unstable size None total_size 9 output_shape 9
Optimizable variables initialized.
initial CROWN bounds (first 10 items): [23.840225219726562, 13.381335258483887, 19.86000633239746, 24.594825744628906, 18.428491592407227, 19.74274253845215, 17.353466033935547, 16.6484375, 14.173078536987305]
Verified with initial CROWN!
verified with init bound!
Result: safe-incomplete in 0.0974 seconds

 %%%%%%%%%%%%%%%%%%%%%%%%%%%%%%%%%%% idx: 29, vnnlib ID: 29 %%%%%%%%%%%%%%%%%%%%%%%%%%%%%%%%%%%
Finished vnnlib processing in 0.002501 seconds
Model: BoundedModule(
  (/0): BoundInput(name=/0, inputs=[], perturbed=True)
  (/7): BoundParams(name=/7, inputs=[], perturbed=False)
  (/8): BoundParams(name=/8, inputs=[], perturbed=False)
  (/9): BoundParams(name=/9, inputs=[], perturbed=False)
  (/10): BoundParams(name=/10, inputs=[], perturbed=False)
  (/11): BoundParams(name=/11, inputs=[], perturbed=False)
  (/12): BoundParams(name=/12, inputs=[], perturbed=False)
  (/13): BoundFlatten(name=/13, inputs=[/0], perturbed=True)
  (/input): BoundLinear(name=/input, inputs=[/13, /7, /8], perturbed=True)
  (/15): BoundRelu(name=/15, inputs=[/input], perturbed=True)
  (/input-3): BoundLinear(name=/input-3, inputs=[/15, /9, /10], perturbed=True)
  (/17): BoundRelu(name=/17, inputs=[/input-3], perturbed=True)
  (/18): BoundLinear(name=/18, inputs=[/17, /11, /12], perturbed=True)
)
Original output in the first batch: tensor([[-9.14202118,  6.53138638, -3.83797431,  0.14700142, -0.70868731,
         -2.03946328, -5.49395037, -1.12360573,  0.23616335, -5.92691088]],
       device='cuda:0')
Split layers:
Nonlinear functions:
   BoundRelu(name=/15, inputs=[/input], perturbed=True)
   BoundRelu(name=/17, inputs=[/input-3], perturbed=True)
build batch [1/1]
layer /15 using sparse-features alpha with shape [57]; unstable size 57; total size 256 ([1, 256])
layer /15 start_node /input-3 using sparse-spec alpha [2, 22, 1, 57] with unstable size 21 total_size 128 output_shape torch.Size([128])
layer /15 start_node /18 using full alpha [2, 9, 1, 57] with unstable size None total_size 9 output_shape 9
layer /17 using sparse-features alpha with shape [21]; unstable size 21; total size 128 ([1, 128])
layer /17 start_node /18 using full alpha [2, 9, 1, 21] with unstable size None total_size 9 output_shape 9
Optimizable variables initialized.
initial CROWN bounds (first 10 items): [13.545172691345215, 8.264981269836426, 3.9060568809509277, 5.4448771476745605, 6.006063461303711, 9.95732307434082, 5.737168312072754, 4.199887752532959, 10.261703491210938]
Verified with initial CROWN!
verified with init bound!
Result: safe-incomplete in 0.1005 seconds

 %%%%%%%%%%%%%%%%%%%%%%%%%%%%%%%%%%% idx: 30, vnnlib ID: 30 %%%%%%%%%%%%%%%%%%%%%%%%%%%%%%%%%%%
Finished vnnlib processing in 0.002337 seconds
Model: BoundedModule(
  (/0): BoundInput(name=/0, inputs=[], perturbed=True)
  (/7): BoundParams(name=/7, inputs=[], perturbed=False)
  (/8): BoundParams(name=/8, inputs=[], perturbed=False)
  (/9): BoundParams(name=/9, inputs=[], perturbed=False)
  (/10): BoundParams(name=/10, inputs=[], perturbed=False)
  (/11): BoundParams(name=/11, inputs=[], perturbed=False)
  (/12): BoundParams(name=/12, inputs=[], perturbed=False)
  (/13): BoundFlatten(name=/13, inputs=[/0], perturbed=True)
  (/input): BoundLinear(name=/input, inputs=[/13, /7, /8], perturbed=True)
  (/15): BoundRelu(name=/15, inputs=[/input], perturbed=True)
  (/input-3): BoundLinear(name=/input-3, inputs=[/15, /9, /10], perturbed=True)
  (/17): BoundRelu(name=/17, inputs=[/input-3], perturbed=True)
  (/18): BoundLinear(name=/18, inputs=[/17, /11, /12], perturbed=True)
)
Original output in the first batch: tensor([[ -7.43782806,  -4.63892269,  -3.11511302,  14.71287727, -10.06732082,
          -0.08786400, -17.76188278,  -2.31402516,  -3.36915994,  -0.43143383]],
       device='cuda:0')
Split layers:
Nonlinear functions:
   BoundRelu(name=/15, inputs=[/input], perturbed=True)
   BoundRelu(name=/17, inputs=[/input-3], perturbed=True)
build batch [1/1]
layer /15 using sparse-features alpha with shape [27]; unstable size 27; total size 256 ([1, 256])
layer /15 start_node /input-3 using sparse-spec alpha [2, 17, 1, 27] with unstable size 16 total_size 128 output_shape torch.Size([128])
layer /15 start_node /18 using full alpha [2, 9, 1, 27] with unstable size None total_size 9 output_shape 9
layer /17 using sparse-features alpha with shape [16]; unstable size 16; total size 128 ([1, 128])
layer /17 start_node /18 using full alpha [2, 9, 1, 16] with unstable size None total_size 9 output_shape 9
Optimizable variables initialized.
initial CROWN bounds (first 10 items): [20.165626525878906, 17.7203426361084, 15.817468643188477, 22.713808059692383, 13.101658821105957, 30.08730125427246, 14.710299491882324, 16.64162826538086, 13.293088912963867]
Verified with initial CROWN!
verified with init bound!
Result: safe-incomplete in 0.0898 seconds

 %%%%%%%%%%%%%%%%%%%%%%%%%%%%%%%%%%% idx: 31, vnnlib ID: 31 %%%%%%%%%%%%%%%%%%%%%%%%%%%%%%%%%%%
Finished vnnlib processing in 0.002732 seconds
Model: BoundedModule(
  (/0): BoundInput(name=/0, inputs=[], perturbed=True)
  (/7): BoundParams(name=/7, inputs=[], perturbed=False)
  (/8): BoundParams(name=/8, inputs=[], perturbed=False)
  (/9): BoundParams(name=/9, inputs=[], perturbed=False)
  (/10): BoundParams(name=/10, inputs=[], perturbed=False)
  (/11): BoundParams(name=/11, inputs=[], perturbed=False)
  (/12): BoundParams(name=/12, inputs=[], perturbed=False)
  (/13): BoundFlatten(name=/13, inputs=[/0], perturbed=True)
  (/input): BoundLinear(name=/input, inputs=[/13, /7, /8], perturbed=True)
  (/15): BoundRelu(name=/15, inputs=[/input], perturbed=True)
  (/input-3): BoundLinear(name=/input-3, inputs=[/15, /9, /10], perturbed=True)
  (/17): BoundRelu(name=/17, inputs=[/input-3], perturbed=True)
  (/18): BoundLinear(name=/18, inputs=[/17, /11, /12], perturbed=True)
)
Original output in the first batch: tensor([[-6.87122774,  5.51144218, -3.24790335, -0.04488917, -1.37619781,
         -3.72891307, -5.76550484,  0.11360236, -0.99625939, -1.83540761]],
       device='cuda:0')
Split layers:
Nonlinear functions:
   BoundRelu(name=/15, inputs=[/input], perturbed=True)
   BoundRelu(name=/17, inputs=[/input-3], perturbed=True)
build batch [1/1]
layer /15 using sparse-features alpha with shape [57]; unstable size 57; total size 256 ([1, 256])
layer /15 start_node /input-3 using sparse-spec alpha [2, 27, 1, 57] with unstable size 26 total_size 128 output_shape torch.Size([128])
layer /15 start_node /18 using full alpha [2, 9, 1, 57] with unstable size None total_size 9 output_shape 9
layer /17 using sparse-features alpha with shape [26]; unstable size 26; total size 128 ([1, 128])
layer /17 start_node /18 using full alpha [2, 9, 1, 26] with unstable size None total_size 9 output_shape 9
Optimizable variables initialized.
initial CROWN bounds (first 10 items): [10.192896842956543, 6.7212958335876465, 2.9292352199554443, 4.723838806152344, 6.583644866943359, 9.250810623168945, 3.2698495388031006, 4.495807647705078, 4.817508697509766]
Verified with initial CROWN!
verified with init bound!
Result: safe-incomplete in 0.0901 seconds

 %%%%%%%%%%%%%%%%%%%%%%%%%%%%%%%%%%% idx: 32, vnnlib ID: 32 %%%%%%%%%%%%%%%%%%%%%%%%%%%%%%%%%%%
Finished vnnlib processing in 0.002089 seconds
Model: BoundedModule(
  (/0): BoundInput(name=/0, inputs=[], perturbed=True)
  (/7): BoundParams(name=/7, inputs=[], perturbed=False)
  (/8): BoundParams(name=/8, inputs=[], perturbed=False)
  (/9): BoundParams(name=/9, inputs=[], perturbed=False)
  (/10): BoundParams(name=/10, inputs=[], perturbed=False)
  (/11): BoundParams(name=/11, inputs=[], perturbed=False)
  (/12): BoundParams(name=/12, inputs=[], perturbed=False)
  (/13): BoundFlatten(name=/13, inputs=[/0], perturbed=True)
  (/input): BoundLinear(name=/input, inputs=[/13, /7, /8], perturbed=True)
  (/15): BoundRelu(name=/15, inputs=[/input], perturbed=True)
  (/input-3): BoundLinear(name=/input-3, inputs=[/15, /9, /10], perturbed=True)
  (/17): BoundRelu(name=/17, inputs=[/input-3], perturbed=True)
  (/18): BoundLinear(name=/18, inputs=[/17, /11, /12], perturbed=True)
)
Original output in the first batch: tensor([[-12.03216076,  -5.14686966,  -5.27479601,  15.07420921,  -6.50629616,
           2.51190424, -17.11754990,  -7.59074020,  -0.05383006,  -1.27972615]],
       device='cuda:0')
Split layers:
Nonlinear functions:
   BoundRelu(name=/15, inputs=[/input], perturbed=True)
   BoundRelu(name=/17, inputs=[/input-3], perturbed=True)
build batch [1/1]
layer /15 using sparse-features alpha with shape [25]; unstable size 25; total size 256 ([1, 256])
layer /15 start_node /input-3 using sparse-spec alpha [2, 11, 1, 25] with unstable size 10 total_size 128 output_shape torch.Size([128])
layer /15 start_node /18 using full alpha [2, 9, 1, 25] with unstable size None total_size 9 output_shape 9
layer /17 using sparse-features alpha with shape [10]; unstable size 10; total size 128 ([1, 128])
layer /17 start_node /18 using full alpha [2, 9, 1, 10] with unstable size None total_size 9 output_shape 9
Optimizable variables initialized.
initial CROWN bounds (first 10 items): [25.358671188354492, 18.84521484375, 18.894487380981445, 19.521526336669922, 10.827997207641602, 29.912595748901367, 20.82526397705078, 13.722935676574707, 14.70948600769043]
Verified with initial CROWN!
verified with init bound!
Result: safe-incomplete in 0.0896 seconds

 %%%%%%%%%%%%%%%%%%%%%%%%%%%%%%%%%%% idx: 33, vnnlib ID: 33 %%%%%%%%%%%%%%%%%%%%%%%%%%%%%%%%%%%
Finished vnnlib processing in 0.002048 seconds
Model: BoundedModule(
  (/0): BoundInput(name=/0, inputs=[], perturbed=True)
  (/7): BoundParams(name=/7, inputs=[], perturbed=False)
  (/8): BoundParams(name=/8, inputs=[], perturbed=False)
  (/9): BoundParams(name=/9, inputs=[], perturbed=False)
  (/10): BoundParams(name=/10, inputs=[], perturbed=False)
  (/11): BoundParams(name=/11, inputs=[], perturbed=False)
  (/12): BoundParams(name=/12, inputs=[], perturbed=False)
  (/13): BoundFlatten(name=/13, inputs=[/0], perturbed=True)
  (/input): BoundLinear(name=/input, inputs=[/13, /7, /8], perturbed=True)
  (/15): BoundRelu(name=/15, inputs=[/input], perturbed=True)
  (/input-3): BoundLinear(name=/input-3, inputs=[/15, /9, /10], perturbed=True)
  (/17): BoundRelu(name=/17, inputs=[/input-3], perturbed=True)
  (/18): BoundLinear(name=/18, inputs=[/17, /11, /12], perturbed=True)
)
Original output in the first batch: tensor([[ 2.90366650, -6.88143921, -2.93624187, -8.79050064,  6.05153465,
         -1.60036039,  0.01321647, -3.66815400, -3.67382097, -1.30027902]],
       device='cuda:0')
Split layers:
Nonlinear functions:
   BoundRelu(name=/15, inputs=[/input], perturbed=True)
   BoundRelu(name=/17, inputs=[/input-3], perturbed=True)
build batch [1/1]
layer /15 using sparse-features alpha with shape [27]; unstable size 27; total size 256 ([1, 256])
layer /15 start_node /input-3 using sparse-spec alpha [2, 14, 1, 27] with unstable size 13 total_size 128 output_shape torch.Size([128])
layer /15 start_node /18 using full alpha [2, 9, 1, 27] with unstable size None total_size 9 output_shape 9
layer /17 using sparse-features alpha with shape [13]; unstable size 13; total size 128 ([1, 128])
layer /17 start_node /18 using full alpha [2, 9, 1, 13] with unstable size None total_size 9 output_shape 9
Optimizable variables initialized.
initial CROWN bounds (first 10 items): [1.779928207397461, 11.864971160888672, 7.807715892791748, 13.40469741821289, 6.473550319671631, 4.738014221191406, 8.481965065002441, 8.556045532226562, 6.036501407623291]
Verified with initial CROWN!
verified with init bound!
Result: safe-incomplete in 0.0899 seconds

 %%%%%%%%%%%%%%%%%%%%%%%%%%%%%%%%%%% idx: 34, vnnlib ID: 34 %%%%%%%%%%%%%%%%%%%%%%%%%%%%%%%%%%%
Finished vnnlib processing in 0.002064 seconds
Model: BoundedModule(
  (/0): BoundInput(name=/0, inputs=[], perturbed=True)
  (/7): BoundParams(name=/7, inputs=[], perturbed=False)
  (/8): BoundParams(name=/8, inputs=[], perturbed=False)
  (/9): BoundParams(name=/9, inputs=[], perturbed=False)
  (/10): BoundParams(name=/10, inputs=[], perturbed=False)
  (/11): BoundParams(name=/11, inputs=[], perturbed=False)
  (/12): BoundParams(name=/12, inputs=[], perturbed=False)
  (/13): BoundFlatten(name=/13, inputs=[/0], perturbed=True)
  (/input): BoundLinear(name=/input, inputs=[/13, /7, /8], perturbed=True)
  (/15): BoundRelu(name=/15, inputs=[/input], perturbed=True)
  (/input-3): BoundLinear(name=/input-3, inputs=[/15, /9, /10], perturbed=True)
  (/17): BoundRelu(name=/17, inputs=[/input-3], perturbed=True)
  (/18): BoundLinear(name=/18, inputs=[/17, /11, /12], perturbed=True)
)
Original output in the first batch: tensor([[ -4.98464203,  -3.02966976,   4.58876562,   3.13890195,  -8.50451565,
          -9.40597248, -18.13997650,  13.21787262,  -0.39375886,  -5.00800991]],
       device='cuda:0')
Split layers:
Nonlinear functions:
   BoundRelu(name=/15, inputs=[/input], perturbed=True)
   BoundRelu(name=/17, inputs=[/input-3], perturbed=True)
build batch [1/1]
layer /15 using sparse-features alpha with shape [25]; unstable size 25; total size 256 ([1, 256])
layer /15 start_node /input-3 using sparse-spec alpha [2, 17, 1, 25] with unstable size 16 total_size 128 output_shape torch.Size([128])
layer /15 start_node /18 using full alpha [2, 9, 1, 25] with unstable size None total_size 9 output_shape 9
layer /17 using sparse-features alpha with shape [16]; unstable size 16; total size 128 ([1, 128])
layer /17 start_node /18 using full alpha [2, 9, 1, 16] with unstable size None total_size 9 output_shape 9
Optimizable variables initialized.
initial CROWN bounds (first 10 items): [16.009199142456055, 14.615643501281738, 6.349077224731445, 8.458837509155273, 19.88091468811035, 20.22769546508789, 28.367097854614258, 11.222018241882324, 16.24728775024414]
Verified with initial CROWN!
verified with init bound!
Result: safe-incomplete in 0.0807 seconds

 %%%%%%%%%%%%%%%%%%%%%%%%%%%%%%%%%%% idx: 35, vnnlib ID: 35 %%%%%%%%%%%%%%%%%%%%%%%%%%%%%%%%%%%
Finished vnnlib processing in 0.002017 seconds
Model: BoundedModule(
  (/0): BoundInput(name=/0, inputs=[], perturbed=True)
  (/7): BoundParams(name=/7, inputs=[], perturbed=False)
  (/8): BoundParams(name=/8, inputs=[], perturbed=False)
  (/9): BoundParams(name=/9, inputs=[], perturbed=False)
  (/10): BoundParams(name=/10, inputs=[], perturbed=False)
  (/11): BoundParams(name=/11, inputs=[], perturbed=False)
  (/12): BoundParams(name=/12, inputs=[], perturbed=False)
  (/13): BoundFlatten(name=/13, inputs=[/0], perturbed=True)
  (/input): BoundLinear(name=/input, inputs=[/13, /7, /8], perturbed=True)
  (/15): BoundRelu(name=/15, inputs=[/input], perturbed=True)
  (/input-3): BoundLinear(name=/input-3, inputs=[/15, /9, /10], perturbed=True)
  (/17): BoundRelu(name=/17, inputs=[/input-3], perturbed=True)
  (/18): BoundLinear(name=/18, inputs=[/17, /11, /12], perturbed=True)
)
Original output in the first batch: tensor([[ -4.47747326,   2.30473542,  10.31540203,   0.25467503, -11.27361870,
          -1.96677196,  -9.75091934,  -0.21990661,   0.30374303,  -6.84850025]],
       device='cuda:0')
Split layers:
Nonlinear functions:
   BoundRelu(name=/15, inputs=[/input], perturbed=True)
   BoundRelu(name=/17, inputs=[/input-3], perturbed=True)
build batch [1/1]
layer /15 using sparse-features alpha with shape [23]; unstable size 23; total size 256 ([1, 256])
layer /15 start_node /input-3 using sparse-spec alpha [2, 16, 1, 23] with unstable size 15 total_size 128 output_shape torch.Size([128])
layer /15 start_node /18 using full alpha [2, 9, 1, 23] with unstable size None total_size 9 output_shape 9
layer /17 using sparse-features alpha with shape [15]; unstable size 15; total size 128 ([1, 128])
layer /17 start_node /18 using full alpha [2, 9, 1, 15] with unstable size None total_size 9 output_shape 9
Optimizable variables initialized.
initial CROWN bounds (first 10 items): [13.540762901306152, 6.96700382232666, 9.026840209960938, 19.8409366607666, 10.598342895507812, 18.453786849975586, 9.555047988891602, 8.656116485595703, 15.551023483276367]
Verified with initial CROWN!
verified with init bound!
Result: safe-incomplete in 0.0947 seconds

 %%%%%%%%%%%%%%%%%%%%%%%%%%%%%%%%%%% idx: 36, vnnlib ID: 36 %%%%%%%%%%%%%%%%%%%%%%%%%%%%%%%%%%%
Finished vnnlib processing in 0.002284 seconds
Model: BoundedModule(
  (/0): BoundInput(name=/0, inputs=[], perturbed=True)
  (/7): BoundParams(name=/7, inputs=[], perturbed=False)
  (/8): BoundParams(name=/8, inputs=[], perturbed=False)
  (/9): BoundParams(name=/9, inputs=[], perturbed=False)
  (/10): BoundParams(name=/10, inputs=[], perturbed=False)
  (/11): BoundParams(name=/11, inputs=[], perturbed=False)
  (/12): BoundParams(name=/12, inputs=[], perturbed=False)
  (/13): BoundFlatten(name=/13, inputs=[/0], perturbed=True)
  (/input): BoundLinear(name=/input, inputs=[/13, /7, /8], perturbed=True)
  (/15): BoundRelu(name=/15, inputs=[/input], perturbed=True)
  (/input-3): BoundLinear(name=/input-3, inputs=[/15, /9, /10], perturbed=True)
  (/17): BoundRelu(name=/17, inputs=[/input-3], perturbed=True)
  (/18): BoundLinear(name=/18, inputs=[/17, /11, /12], perturbed=True)
)
Original output in the first batch: tensor([[ -3.84922314,  -2.49080658,   6.56613874,   1.88010156, -10.95504856,
          -7.97584248, -16.63716698,  12.94189930,  -2.27638507,  -3.01880717]],
       device='cuda:0')
Split layers:
Nonlinear functions:
   BoundRelu(name=/15, inputs=[/input], perturbed=True)
   BoundRelu(name=/17, inputs=[/input-3], perturbed=True)
build batch [1/1]
layer /15 using sparse-features alpha with shape [33]; unstable size 33; total size 256 ([1, 256])
layer /15 start_node /input-3 using sparse-spec alpha [2, 13, 1, 33] with unstable size 12 total_size 128 output_shape torch.Size([128])
layer /15 start_node /18 using full alpha [2, 9, 1, 33] with unstable size None total_size 9 output_shape 9
layer /17 using sparse-features alpha with shape [12]; unstable size 12; total size 128 ([1, 128])
layer /17 start_node /18 using full alpha [2, 9, 1, 12] with unstable size None total_size 9 output_shape 9
Optimizable variables initialized.
initial CROWN bounds (first 10 items): [14.511448860168457, 13.877264022827148, 4.429200172424316, 9.339343070983887, 22.141918182373047, 18.760684967041016, 26.625486373901367, 13.099355697631836, 14.20173454284668]
Verified with initial CROWN!
verified with init bound!
Result: safe-incomplete in 0.0901 seconds

 %%%%%%%%%%%%%%%%%%%%%%%%%%%%%%%%%%% idx: 37, vnnlib ID: 37 %%%%%%%%%%%%%%%%%%%%%%%%%%%%%%%%%%%
Finished vnnlib processing in 0.002416 seconds
Model: BoundedModule(
  (/0): BoundInput(name=/0, inputs=[], perturbed=True)
  (/7): BoundParams(name=/7, inputs=[], perturbed=False)
  (/8): BoundParams(name=/8, inputs=[], perturbed=False)
  (/9): BoundParams(name=/9, inputs=[], perturbed=False)
  (/10): BoundParams(name=/10, inputs=[], perturbed=False)
  (/11): BoundParams(name=/11, inputs=[], perturbed=False)
  (/12): BoundParams(name=/12, inputs=[], perturbed=False)
  (/13): BoundFlatten(name=/13, inputs=[/0], perturbed=True)
  (/input): BoundLinear(name=/input, inputs=[/13, /7, /8], perturbed=True)
  (/15): BoundRelu(name=/15, inputs=[/input], perturbed=True)
  (/input-3): BoundLinear(name=/input-3, inputs=[/15, /9, /10], perturbed=True)
  (/17): BoundRelu(name=/17, inputs=[/input-3], perturbed=True)
  (/18): BoundLinear(name=/18, inputs=[/17, /11, /12], perturbed=True)
)
Original output in the first batch: tensor([[-8.94237328,  8.12565231, -4.34902716, -1.58580077, -1.85947227,
         -5.51189327, -6.84765530, -0.22706775,  0.17050591, -3.70012927]],
       device='cuda:0')
Split layers:
Nonlinear functions:
   BoundRelu(name=/15, inputs=[/input], perturbed=True)
   BoundRelu(name=/17, inputs=[/input-3], perturbed=True)
build batch [1/1]
layer /15 using sparse-features alpha with shape [48]; unstable size 48; total size 256 ([1, 256])
layer /15 start_node /input-3 using sparse-spec alpha [2, 23, 1, 48] with unstable size 22 total_size 128 output_shape torch.Size([128])
layer /15 start_node /18 using full alpha [2, 9, 1, 48] with unstable size None total_size 9 output_shape 9
layer /17 using sparse-features alpha with shape [22]; unstable size 22; total size 128 ([1, 128])
layer /17 start_node /18 using full alpha [2, 9, 1, 22] with unstable size None total_size 9 output_shape 9
Optimizable variables initialized.
initial CROWN bounds (first 10 items): [15.04265308380127, 10.392577171325684, 7.293196201324463, 8.13293170928955, 11.369086265563965, 12.9754638671875, 6.308875560760498, 5.998837947845459, 9.578757286071777]
Verified with initial CROWN!
verified with init bound!
Result: safe-incomplete in 0.0823 seconds

 %%%%%%%%%%%%%%%%%%%%%%%%%%%%%%%%%%% idx: 38, vnnlib ID: 38 %%%%%%%%%%%%%%%%%%%%%%%%%%%%%%%%%%%
Finished vnnlib processing in 0.002115 seconds
Model: BoundedModule(
  (/0): BoundInput(name=/0, inputs=[], perturbed=True)
  (/7): BoundParams(name=/7, inputs=[], perturbed=False)
  (/8): BoundParams(name=/8, inputs=[], perturbed=False)
  (/9): BoundParams(name=/9, inputs=[], perturbed=False)
  (/10): BoundParams(name=/10, inputs=[], perturbed=False)
  (/11): BoundParams(name=/11, inputs=[], perturbed=False)
  (/12): BoundParams(name=/12, inputs=[], perturbed=False)
  (/13): BoundFlatten(name=/13, inputs=[/0], perturbed=True)
  (/input): BoundLinear(name=/input, inputs=[/13, /7, /8], perturbed=True)
  (/15): BoundRelu(name=/15, inputs=[/input], perturbed=True)
  (/input-3): BoundLinear(name=/input-3, inputs=[/15, /9, /10], perturbed=True)
  (/17): BoundRelu(name=/17, inputs=[/input-3], perturbed=True)
  (/18): BoundLinear(name=/18, inputs=[/17, /11, /12], perturbed=True)
)
Original output in the first batch: tensor([[ -0.70718294,  -0.63172948,   6.31961489,   4.10773134, -10.20803738,
          -2.27280998,  -5.48246384,  -4.05081177,   0.01167372,  -7.48512650]],
       device='cuda:0')
Split layers:
Nonlinear functions:
   BoundRelu(name=/15, inputs=[/input], perturbed=True)
   BoundRelu(name=/17, inputs=[/input-3], perturbed=True)
build batch [1/1]
layer /15 using sparse-features alpha with shape [31]; unstable size 31; total size 256 ([1, 256])
layer /15 start_node /input-3 using sparse-spec alpha [2, 16, 1, 31] with unstable size 15 total_size 128 output_shape torch.Size([128])
layer /15 start_node /18 using full alpha [2, 9, 1, 31] with unstable size None total_size 9 output_shape 9
layer /17 using sparse-features alpha with shape [15]; unstable size 15; total size 128 ([1, 128])
layer /17 start_node /18 using full alpha [2, 9, 1, 15] with unstable size None total_size 9 output_shape 9
Optimizable variables initialized.
initial CROWN bounds (first 10 items): [5.153291702270508, 5.4384331703186035, 0.052629828453063965, 14.63116455078125, 5.9035186767578125, 9.73791217803955, 9.060762405395508, 4.359411239624023, 11.078398704528809]
Verified with initial CROWN!
verified with init bound!
Result: safe-incomplete in 0.0873 seconds

 %%%%%%%%%%%%%%%%%%%%%%%%%%%%%%%%%%% idx: 39, vnnlib ID: 39 %%%%%%%%%%%%%%%%%%%%%%%%%%%%%%%%%%%
Finished vnnlib processing in 0.002628 seconds
Model: BoundedModule(
  (/0): BoundInput(name=/0, inputs=[], perturbed=True)
  (/7): BoundParams(name=/7, inputs=[], perturbed=False)
  (/8): BoundParams(name=/8, inputs=[], perturbed=False)
  (/9): BoundParams(name=/9, inputs=[], perturbed=False)
  (/10): BoundParams(name=/10, inputs=[], perturbed=False)
  (/11): BoundParams(name=/11, inputs=[], perturbed=False)
  (/12): BoundParams(name=/12, inputs=[], perturbed=False)
  (/13): BoundFlatten(name=/13, inputs=[/0], perturbed=True)
  (/input): BoundLinear(name=/input, inputs=[/13, /7, /8], perturbed=True)
  (/15): BoundRelu(name=/15, inputs=[/input], perturbed=True)
  (/input-3): BoundLinear(name=/input-3, inputs=[/15, /9, /10], perturbed=True)
  (/17): BoundRelu(name=/17, inputs=[/input-3], perturbed=True)
  (/18): BoundLinear(name=/18, inputs=[/17, /11, /12], perturbed=True)
)
Original output in the first batch: tensor([[-6.61795807,  9.90582657, -4.95388937, -2.60561919, -1.10410213,
         -8.34834480, -8.33022118, -0.66814744, -2.36142302, -3.55629706]],
       device='cuda:0')
Split layers:
Nonlinear functions:
   BoundRelu(name=/15, inputs=[/input], perturbed=True)
   BoundRelu(name=/17, inputs=[/input-3], perturbed=True)
build batch [1/1]
layer /15 using sparse-features alpha with shape [41]; unstable size 41; total size 256 ([1, 256])
layer /15 start_node /input-3 using sparse-spec alpha [2, 25, 1, 41] with unstable size 24 total_size 128 output_shape torch.Size([128])
layer /15 start_node /18 using full alpha [2, 9, 1, 41] with unstable size None total_size 9 output_shape 9
layer /17 using sparse-features alpha with shape [24]; unstable size 24; total size 128 ([1, 128])
layer /17 start_node /18 using full alpha [2, 9, 1, 24] with unstable size None total_size 9 output_shape 9
Optimizable variables initialized.
initial CROWN bounds (first 10 items): [14.275131225585938, 12.278325080871582, 9.595372200012207, 8.934255599975586, 15.584817886352539, 16.206647872924805, 8.180500984191895, 9.852293968200684, 10.801589012145996]
Verified with initial CROWN!
verified with init bound!
Result: safe-incomplete in 0.0915 seconds

 %%%%%%%%%%%%%%%%%%%%%%%%%%%%%%%%%%% idx: 40, vnnlib ID: 40 %%%%%%%%%%%%%%%%%%%%%%%%%%%%%%%%%%%
Finished vnnlib processing in 0.002982 seconds
Model: BoundedModule(
  (/0): BoundInput(name=/0, inputs=[], perturbed=True)
  (/7): BoundParams(name=/7, inputs=[], perturbed=False)
  (/8): BoundParams(name=/8, inputs=[], perturbed=False)
  (/9): BoundParams(name=/9, inputs=[], perturbed=False)
  (/10): BoundParams(name=/10, inputs=[], perturbed=False)
  (/11): BoundParams(name=/11, inputs=[], perturbed=False)
  (/12): BoundParams(name=/12, inputs=[], perturbed=False)
  (/13): BoundFlatten(name=/13, inputs=[/0], perturbed=True)
  (/input): BoundLinear(name=/input, inputs=[/13, /7, /8], perturbed=True)
  (/15): BoundRelu(name=/15, inputs=[/input], perturbed=True)
  (/input-3): BoundLinear(name=/input-3, inputs=[/15, /9, /10], perturbed=True)
  (/17): BoundRelu(name=/17, inputs=[/input-3], perturbed=True)
  (/18): BoundLinear(name=/18, inputs=[/17, /11, /12], perturbed=True)
)
Original output in the first batch: tensor([[-6.07896996,  6.11176586, -1.69957912, -0.98816961, -2.65294480,
         -3.22733426, -4.95682335,  0.25851232, -0.87172389, -2.35647964]],
       device='cuda:0')
Split layers:
Nonlinear functions:
   BoundRelu(name=/15, inputs=[/input], perturbed=True)
   BoundRelu(name=/17, inputs=[/input-3], perturbed=True)
build batch [1/1]
layer /15 using sparse-features alpha with shape [75]; unstable size 75; total size 256 ([1, 256])
layer /15 start_node /input-3 using sparse-spec alpha [2, 34, 1, 75] with unstable size 33 total_size 128 output_shape torch.Size([128])
layer /15 start_node /18 using full alpha [2, 9, 1, 75] with unstable size None total_size 9 output_shape 9
layer /17 using sparse-features alpha with shape [33]; unstable size 33; total size 128 ([1, 128])
layer /17 start_node /18 using full alpha [2, 9, 1, 33] with unstable size None total_size 9 output_shape 9
Optimizable variables initialized.
initial CROWN bounds (first 10 items): [9.878135681152344, 5.45419979095459, 4.549221515655518, 6.598278522491455, 6.944643497467041, 8.76542854309082, 3.4735183715820312, 4.728306770324707, 5.957062721252441]
Verified with initial CROWN!
verified with init bound!
Result: safe-incomplete in 0.0971 seconds

 %%%%%%%%%%%%%%%%%%%%%%%%%%%%%%%%%%% idx: 41, vnnlib ID: 41 %%%%%%%%%%%%%%%%%%%%%%%%%%%%%%%%%%%
Finished vnnlib processing in 0.002409 seconds
Model: BoundedModule(
  (/0): BoundInput(name=/0, inputs=[], perturbed=True)
  (/7): BoundParams(name=/7, inputs=[], perturbed=False)
  (/8): BoundParams(name=/8, inputs=[], perturbed=False)
  (/9): BoundParams(name=/9, inputs=[], perturbed=False)
  (/10): BoundParams(name=/10, inputs=[], perturbed=False)
  (/11): BoundParams(name=/11, inputs=[], perturbed=False)
  (/12): BoundParams(name=/12, inputs=[], perturbed=False)
  (/13): BoundFlatten(name=/13, inputs=[/0], perturbed=True)
  (/input): BoundLinear(name=/input, inputs=[/13, /7, /8], perturbed=True)
  (/15): BoundRelu(name=/15, inputs=[/input], perturbed=True)
  (/input-3): BoundLinear(name=/input-3, inputs=[/15, /9, /10], perturbed=True)
  (/17): BoundRelu(name=/17, inputs=[/input-3], perturbed=True)
  (/18): BoundLinear(name=/18, inputs=[/17, /11, /12], perturbed=True)
)
Original output in the first batch: tensor([[ -4.25277615,  -1.66380000,   3.10073113,   2.26501203,  -7.32828903,
          -5.13606262, -14.21880436,  11.60965919,  -3.47413230,  -1.95463586]],
       device='cuda:0')
Split layers:
Nonlinear functions:
   BoundRelu(name=/15, inputs=[/input], perturbed=True)
   BoundRelu(name=/17, inputs=[/input-3], perturbed=True)
build batch [1/1]
layer /15 using sparse-features alpha with shape [48]; unstable size 48; total size 256 ([1, 256])
layer /15 start_node /input-3 using sparse-spec alpha [2, 23, 1, 48] with unstable size 22 total_size 128 output_shape torch.Size([128])
layer /15 start_node /18 using full alpha [2, 9, 1, 48] with unstable size None total_size 9 output_shape 9
layer /17 using sparse-features alpha with shape [22]; unstable size 22; total size 128 ([1, 128])
layer /17 start_node /18 using full alpha [2, 9, 1, 22] with unstable size None total_size 9 output_shape 9
Optimizable variables initialized.
initial CROWN bounds (first 10 items): [13.675875663757324, 11.477346420288086, 6.369062423706055, 7.349154949188232, 16.922739028930664, 14.074914932250977, 22.682390213012695, 12.539241790771484, 11.52136516571045]
Verified with initial CROWN!
verified with init bound!
Result: safe-incomplete in 0.0926 seconds

 %%%%%%%%%%%%%%%%%%%%%%%%%%%%%%%%%%% idx: 42, vnnlib ID: 42 %%%%%%%%%%%%%%%%%%%%%%%%%%%%%%%%%%%
Finished vnnlib processing in 0.002208 seconds
Model: BoundedModule(
  (/0): BoundInput(name=/0, inputs=[], perturbed=True)
  (/7): BoundParams(name=/7, inputs=[], perturbed=False)
  (/8): BoundParams(name=/8, inputs=[], perturbed=False)
  (/9): BoundParams(name=/9, inputs=[], perturbed=False)
  (/10): BoundParams(name=/10, inputs=[], perturbed=False)
  (/11): BoundParams(name=/11, inputs=[], perturbed=False)
  (/12): BoundParams(name=/12, inputs=[], perturbed=False)
  (/13): BoundFlatten(name=/13, inputs=[/0], perturbed=True)
  (/input): BoundLinear(name=/input, inputs=[/13, /7, /8], perturbed=True)
  (/15): BoundRelu(name=/15, inputs=[/input], perturbed=True)
  (/input-3): BoundLinear(name=/input-3, inputs=[/15, /9, /10], perturbed=True)
  (/17): BoundRelu(name=/17, inputs=[/input-3], perturbed=True)
  (/18): BoundLinear(name=/18, inputs=[/17, /11, /12], perturbed=True)
)
Original output in the first batch: tensor([[-11.31669903,  -1.53611672, -10.16537189,  -7.25378370,  14.86249828,
          -6.87586451, -12.72107506,   0.46003491,  -3.79391003,   2.00124550]],
       device='cuda:0')
Split layers:
Nonlinear functions:
   BoundRelu(name=/15, inputs=[/input], perturbed=True)
   BoundRelu(name=/17, inputs=[/input-3], perturbed=True)
build batch [1/1]
layer /15 using sparse-features alpha with shape [36]; unstable size 36; total size 256 ([1, 256])
layer /15 start_node /input-3 using sparse-spec alpha [2, 15, 1, 36] with unstable size 14 total_size 128 output_shape torch.Size([128])
layer /15 start_node /18 using full alpha [2, 9, 1, 36] with unstable size None total_size 9 output_shape 9
layer /17 using sparse-features alpha with shape [14]; unstable size 14; total size 128 ([1, 128])
layer /17 start_node /18 using full alpha [2, 9, 1, 14] with unstable size None total_size 9 output_shape 9
Optimizable variables initialized.
initial CROWN bounds (first 10 items): [24.090190887451172, 14.375266075134277, 22.618038177490234, 19.537227630615234, 19.60472869873047, 25.378463745117188, 12.104337692260742, 16.014692306518555, 10.687498092651367]
Verified with initial CROWN!
verified with init bound!
Result: safe-incomplete in 0.0868 seconds

 %%%%%%%%%%%%%%%%%%%%%%%%%%%%%%%%%%% idx: 43, vnnlib ID: 43 %%%%%%%%%%%%%%%%%%%%%%%%%%%%%%%%%%%
Finished vnnlib processing in 0.002278 seconds
Model: BoundedModule(
  (/0): BoundInput(name=/0, inputs=[], perturbed=True)
  (/7): BoundParams(name=/7, inputs=[], perturbed=False)
  (/8): BoundParams(name=/8, inputs=[], perturbed=False)
  (/9): BoundParams(name=/9, inputs=[], perturbed=False)
  (/10): BoundParams(name=/10, inputs=[], perturbed=False)
  (/11): BoundParams(name=/11, inputs=[], perturbed=False)
  (/12): BoundParams(name=/12, inputs=[], perturbed=False)
  (/13): BoundFlatten(name=/13, inputs=[/0], perturbed=True)
  (/input): BoundLinear(name=/input, inputs=[/13, /7, /8], perturbed=True)
  (/15): BoundRelu(name=/15, inputs=[/input], perturbed=True)
  (/input-3): BoundLinear(name=/input-3, inputs=[/15, /9, /10], perturbed=True)
  (/17): BoundRelu(name=/17, inputs=[/input-3], perturbed=True)
  (/18): BoundLinear(name=/18, inputs=[/17, /11, /12], perturbed=True)
)
Original output in the first batch: tensor([[ -5.39134598,   2.56783581,   5.13742495,  -1.01668203,   1.30066323,
          -1.39602947,  -2.72222042,  -0.19217508,  -3.73548961, -11.35665131]],
       device='cuda:0')
Split layers:
Nonlinear functions:
   BoundRelu(name=/15, inputs=[/input], perturbed=True)
   BoundRelu(name=/17, inputs=[/input-3], perturbed=True)
build batch [1/1]
layer /15 using sparse-features alpha with shape [36]; unstable size 36; total size 256 ([1, 256])
layer /15 start_node /input-3 using sparse-spec alpha [2, 21, 1, 36] with unstable size 20 total_size 128 output_shape torch.Size([128])
layer /15 start_node /18 using full alpha [2, 9, 1, 36] with unstable size None total_size 9 output_shape 9
layer /17 using sparse-features alpha with shape [20]; unstable size 20; total size 128 ([1, 128])
layer /17 start_node /18 using full alpha [2, 9, 1, 20] with unstable size None total_size 9 output_shape 9
Optimizable variables initialized.
initial CROWN bounds (first 10 items): [8.787981986999512, 1.1012612581253052, 4.590978622436523, 1.9462640285491943, 4.014590263366699, 5.80760383605957, 3.8108701705932617, 6.90791130065918, 14.07843017578125]
Verified with initial CROWN!
verified with init bound!
Result: safe-incomplete in 0.0914 seconds

 %%%%%%%%%%%%%%%%%%%%%%%%%%%%%%%%%%% idx: 44, vnnlib ID: 44 %%%%%%%%%%%%%%%%%%%%%%%%%%%%%%%%%%%
Finished vnnlib processing in 0.002744 seconds
Model: BoundedModule(
  (/0): BoundInput(name=/0, inputs=[], perturbed=True)
  (/7): BoundParams(name=/7, inputs=[], perturbed=False)
  (/8): BoundParams(name=/8, inputs=[], perturbed=False)
  (/9): BoundParams(name=/9, inputs=[], perturbed=False)
  (/10): BoundParams(name=/10, inputs=[], perturbed=False)
  (/11): BoundParams(name=/11, inputs=[], perturbed=False)
  (/12): BoundParams(name=/12, inputs=[], perturbed=False)
  (/13): BoundFlatten(name=/13, inputs=[/0], perturbed=True)
  (/input): BoundLinear(name=/input, inputs=[/13, /7, /8], perturbed=True)
  (/15): BoundRelu(name=/15, inputs=[/input], perturbed=True)
  (/input-3): BoundLinear(name=/input-3, inputs=[/15, /9, /10], perturbed=True)
  (/17): BoundRelu(name=/17, inputs=[/input-3], perturbed=True)
  (/18): BoundLinear(name=/18, inputs=[/17, /11, /12], perturbed=True)
)
Original output in the first batch: tensor([[-7.58299065, -0.72989607,  0.41210324,  9.24380302, -4.75232124,
         -0.64052022, -9.18857956, -1.63102627, -2.18105698, -6.74596643]],
       device='cuda:0')
Split layers:
Nonlinear functions:
   BoundRelu(name=/15, inputs=[/input], perturbed=True)
   BoundRelu(name=/17, inputs=[/input-3], perturbed=True)
build batch [1/1]
layer /15 using sparse-features alpha with shape [32]; unstable size 32; total size 256 ([1, 256])
layer /15 start_node /input-3 using sparse-spec alpha [2, 23, 1, 32] with unstable size 22 total_size 128 output_shape torch.Size([128])
layer /15 start_node /18 using full alpha [2, 9, 1, 32] with unstable size None total_size 9 output_shape 9
layer /17 using sparse-features alpha with shape [22]; unstable size 22; total size 128 ([1, 128])
layer /17 start_node /18 using full alpha [2, 9, 1, 22] with unstable size None total_size 9 output_shape 9
Optimizable variables initialized.
initial CROWN bounds (first 10 items): [14.933086395263672, 8.177188873291016, 6.753441333770752, 11.762205123901367, 7.688362121582031, 15.75250244140625, 9.059969902038574, 9.9657621383667, 14.14051342010498]
Verified with initial CROWN!
verified with init bound!
Result: safe-incomplete in 0.0887 seconds

 %%%%%%%%%%%%%%%%%%%%%%%%%%%%%%%%%%% idx: 45, vnnlib ID: 45 %%%%%%%%%%%%%%%%%%%%%%%%%%%%%%%%%%%
Finished vnnlib processing in 0.002163 seconds
Model: BoundedModule(
  (/0): BoundInput(name=/0, inputs=[], perturbed=True)
  (/7): BoundParams(name=/7, inputs=[], perturbed=False)
  (/8): BoundParams(name=/8, inputs=[], perturbed=False)
  (/9): BoundParams(name=/9, inputs=[], perturbed=False)
  (/10): BoundParams(name=/10, inputs=[], perturbed=False)
  (/11): BoundParams(name=/11, inputs=[], perturbed=False)
  (/12): BoundParams(name=/12, inputs=[], perturbed=False)
  (/13): BoundFlatten(name=/13, inputs=[/0], perturbed=True)
  (/input): BoundLinear(name=/input, inputs=[/13, /7, /8], perturbed=True)
  (/15): BoundRelu(name=/15, inputs=[/input], perturbed=True)
  (/input-3): BoundLinear(name=/input-3, inputs=[/15, /9, /10], perturbed=True)
  (/17): BoundRelu(name=/17, inputs=[/input-3], perturbed=True)
  (/18): BoundLinear(name=/18, inputs=[/17, /11, /12], perturbed=True)
)
Original output in the first batch: tensor([[-3.36043358, -4.59051704, -7.25398111,  1.24791348, -4.42069769,
          9.13661480, -2.27615285, -9.43063068,  0.02180202,  0.27789792]],
       device='cuda:0')
Split layers:
Nonlinear functions:
   BoundRelu(name=/15, inputs=[/input], perturbed=True)
   BoundRelu(name=/17, inputs=[/input-3], perturbed=True)
build batch [1/1]
layer /15 using sparse-features alpha with shape [48]; unstable size 48; total size 256 ([1, 256])
layer /15 start_node /input-3 using sparse-spec alpha [2, 24, 1, 48] with unstable size 23 total_size 128 output_shape torch.Size([128])
layer /15 start_node /18 using full alpha [2, 9, 1, 48] with unstable size None total_size 9 output_shape 9
layer /17 using sparse-features alpha with shape [23]; unstable size 23; total size 128 ([1, 128])
layer /17 start_node /18 using full alpha [2, 9, 1, 23] with unstable size None total_size 9 output_shape 9
Optimizable variables initialized.
initial CROWN bounds (first 10 items): [9.77694320678711, 11.738040924072266, 13.510295867919922, 5.629050254821777, 10.703069686889648, 9.159234046936035, 15.298800468444824, 6.745397567749023, 6.843765735626221]
Verified with initial CROWN!
verified with init bound!
Result: safe-incomplete in 0.1020 seconds

 %%%%%%%%%%%%%%%%%%%%%%%%%%%%%%%%%%% idx: 46, vnnlib ID: 46 %%%%%%%%%%%%%%%%%%%%%%%%%%%%%%%%%%%
Finished vnnlib processing in 0.002393 seconds
Model: BoundedModule(
  (/0): BoundInput(name=/0, inputs=[], perturbed=True)
  (/7): BoundParams(name=/7, inputs=[], perturbed=False)
  (/8): BoundParams(name=/8, inputs=[], perturbed=False)
  (/9): BoundParams(name=/9, inputs=[], perturbed=False)
  (/10): BoundParams(name=/10, inputs=[], perturbed=False)
  (/11): BoundParams(name=/11, inputs=[], perturbed=False)
  (/12): BoundParams(name=/12, inputs=[], perturbed=False)
  (/13): BoundFlatten(name=/13, inputs=[/0], perturbed=True)
  (/input): BoundLinear(name=/input, inputs=[/13, /7, /8], perturbed=True)
  (/15): BoundRelu(name=/15, inputs=[/input], perturbed=True)
  (/input-3): BoundLinear(name=/input-3, inputs=[/15, /9, /10], perturbed=True)
  (/17): BoundRelu(name=/17, inputs=[/input-3], perturbed=True)
  (/18): BoundLinear(name=/18, inputs=[/17, /11, /12], perturbed=True)
)
Original output in the first batch: tensor([[-12.92080498,   6.80595160,  -2.54156756,   0.80653065,  -0.09444404,
          -4.13153887,  -8.16129971,  -1.43387640,   0.22474495,  -4.65297222]],
       device='cuda:0')
Split layers:
Nonlinear functions:
   BoundRelu(name=/15, inputs=[/input], perturbed=True)
   BoundRelu(name=/17, inputs=[/input-3], perturbed=True)
build batch [1/1]
layer /15 using sparse-features alpha with shape [43]; unstable size 43; total size 256 ([1, 256])
layer /15 start_node /input-3 using sparse-spec alpha [2, 9, 1, 43] with unstable size 8 total_size 128 output_shape torch.Size([128])
layer /15 start_node /18 using full alpha [2, 9, 1, 43] with unstable size None total_size 9 output_shape 9
layer /17 using sparse-features alpha with shape [8]; unstable size 8; total size 128 ([1, 128])
layer /17 start_node /18 using full alpha [2, 9, 1, 8] with unstable size None total_size 9 output_shape 9
Optimizable variables initialized.
initial CROWN bounds (first 10 items): [18.18385124206543, 7.810372829437256, 3.972351551055908, 5.000271797180176, 8.900948524475098, 13.576385498046875, 6.5316338539123535, 5.003900527954102, 9.177726745605469]
Verified with initial CROWN!
verified with init bound!
Result: safe-incomplete in 0.1010 seconds

 %%%%%%%%%%%%%%%%%%%%%%%%%%%%%%%%%%% idx: 47, vnnlib ID: 47 %%%%%%%%%%%%%%%%%%%%%%%%%%%%%%%%%%%
Finished vnnlib processing in 0.004990 seconds
Model: BoundedModule(
  (/0): BoundInput(name=/0, inputs=[], perturbed=True)
  (/7): BoundParams(name=/7, inputs=[], perturbed=False)
  (/8): BoundParams(name=/8, inputs=[], perturbed=False)
  (/9): BoundParams(name=/9, inputs=[], perturbed=False)
  (/10): BoundParams(name=/10, inputs=[], perturbed=False)
  (/11): BoundParams(name=/11, inputs=[], perturbed=False)
  (/12): BoundParams(name=/12, inputs=[], perturbed=False)
  (/13): BoundFlatten(name=/13, inputs=[/0], perturbed=True)
  (/input): BoundLinear(name=/input, inputs=[/13, /7, /8], perturbed=True)
  (/15): BoundRelu(name=/15, inputs=[/input], perturbed=True)
  (/input-3): BoundLinear(name=/input-3, inputs=[/15, /9, /10], perturbed=True)
  (/17): BoundRelu(name=/17, inputs=[/input-3], perturbed=True)
  (/18): BoundLinear(name=/18, inputs=[/17, /11, /12], perturbed=True)
)
Original output in the first batch: tensor([[ -4.57642317,   2.49052763,  10.56547356,  -1.55413783,  -1.63876927,
          -4.54103374,  -0.51175129,  -2.61922050,  -3.16541409, -12.20857716]],
       device='cuda:0')
Split layers:
Nonlinear functions:
   BoundRelu(name=/15, inputs=[/input], perturbed=True)
   BoundRelu(name=/17, inputs=[/input-3], perturbed=True)
build batch [1/1]
layer /15 using sparse-features alpha with shape [39]; unstable size 39; total size 256 ([1, 256])
layer /15 start_node /input-3 using sparse-spec alpha [2, 18, 1, 39] with unstable size 17 total_size 128 output_shape torch.Size([128])
layer /15 start_node /18 using full alpha [2, 9, 1, 39] with unstable size None total_size 9 output_shape 9
layer /17 using sparse-features alpha with shape [17]; unstable size 17; total size 128 ([1, 128])
layer /17 start_node /18 using full alpha [2, 9, 1, 17] with unstable size None total_size 9 output_shape 9
Optimizable variables initialized.
initial CROWN bounds (first 10 items): [13.519132614135742, 7.034736633300781, 10.751541137695312, 10.278804779052734, 12.991485595703125, 9.14803409576416, 11.814338684082031, 12.147605895996094, 20.657140731811523]
Verified with initial CROWN!
verified with init bound!
Result: safe-incomplete in 0.0957 seconds

 %%%%%%%%%%%%%%%%%%%%%%%%%%%%%%%%%%% idx: 48, vnnlib ID: 48 %%%%%%%%%%%%%%%%%%%%%%%%%%%%%%%%%%%
Finished vnnlib processing in 0.002388 seconds
Model: BoundedModule(
  (/0): BoundInput(name=/0, inputs=[], perturbed=True)
  (/7): BoundParams(name=/7, inputs=[], perturbed=False)
  (/8): BoundParams(name=/8, inputs=[], perturbed=False)
  (/9): BoundParams(name=/9, inputs=[], perturbed=False)
  (/10): BoundParams(name=/10, inputs=[], perturbed=False)
  (/11): BoundParams(name=/11, inputs=[], perturbed=False)
  (/12): BoundParams(name=/12, inputs=[], perturbed=False)
  (/13): BoundFlatten(name=/13, inputs=[/0], perturbed=True)
  (/input): BoundLinear(name=/input, inputs=[/13, /7, /8], perturbed=True)
  (/15): BoundRelu(name=/15, inputs=[/input], perturbed=True)
  (/input-3): BoundLinear(name=/input-3, inputs=[/15, /9, /10], perturbed=True)
  (/17): BoundRelu(name=/17, inputs=[/input-3], perturbed=True)
  (/18): BoundLinear(name=/18, inputs=[/17, /11, /12], perturbed=True)
)
Original output in the first batch: tensor([[-14.19982147,  -5.56029510, -11.95758820, -10.23939705,  18.53660774,
          -1.54563463, -12.43640614,  -4.60122967,  -2.12606978,   1.91921699]],
       device='cuda:0')
Split layers:
Nonlinear functions:
   BoundRelu(name=/15, inputs=[/input], perturbed=True)
   BoundRelu(name=/17, inputs=[/input-3], perturbed=True)
build batch [1/1]
layer /15 using sparse-features alpha with shape [27]; unstable size 27; total size 256 ([1, 256])
layer /15 start_node /input-3 using sparse-spec alpha [2, 14, 1, 27] with unstable size 13 total_size 128 output_shape torch.Size([128])
layer /15 start_node /18 using full alpha [2, 9, 1, 27] with unstable size None total_size 9 output_shape 9
layer /17 using sparse-features alpha with shape [13]; unstable size 13; total size 128 ([1, 128])
layer /17 start_node /18 using full alpha [2, 9, 1, 13] with unstable size None total_size 9 output_shape 9
Optimizable variables initialized.
initial CROWN bounds (first 10 items): [30.861080169677734, 22.706037521362305, 28.676010131835938, 26.42572021484375, 17.842809677124023, 28.956819534301758, 21.729843139648438, 18.383962631225586, 14.867918968200684]
Verified with initial CROWN!
verified with init bound!
Result: safe-incomplete in 0.0919 seconds

 %%%%%%%%%%%%%%%%%%%%%%%%%%%%%%%%%%% idx: 49, vnnlib ID: 49 %%%%%%%%%%%%%%%%%%%%%%%%%%%%%%%%%%%
Finished vnnlib processing in 0.002613 seconds
Model: BoundedModule(
  (/0): BoundInput(name=/0, inputs=[], perturbed=True)
  (/7): BoundParams(name=/7, inputs=[], perturbed=False)
  (/8): BoundParams(name=/8, inputs=[], perturbed=False)
  (/9): BoundParams(name=/9, inputs=[], perturbed=False)
  (/10): BoundParams(name=/10, inputs=[], perturbed=False)
  (/11): BoundParams(name=/11, inputs=[], perturbed=False)
  (/12): BoundParams(name=/12, inputs=[], perturbed=False)
  (/13): BoundFlatten(name=/13, inputs=[/0], perturbed=True)
  (/input): BoundLinear(name=/input, inputs=[/13, /7, /8], perturbed=True)
  (/15): BoundRelu(name=/15, inputs=[/input], perturbed=True)
  (/input-3): BoundLinear(name=/input-3, inputs=[/15, /9, /10], perturbed=True)
  (/17): BoundRelu(name=/17, inputs=[/input-3], perturbed=True)
  (/18): BoundLinear(name=/18, inputs=[/17, /11, /12], perturbed=True)
)
Original output in the first batch: tensor([[-3.74613070, -5.98243618, -4.58371305, -8.41158009, 11.77667904,
         -6.43108654, -6.93049908, -1.00427079, -5.71801376,  3.72007966]],
       device='cuda:0')
Split layers:
Nonlinear functions:
   BoundRelu(name=/15, inputs=[/input], perturbed=True)
   BoundRelu(name=/17, inputs=[/input-3], perturbed=True)
build batch [1/1]
layer /15 using sparse-features alpha with shape [32]; unstable size 32; total size 256 ([1, 256])
layer /15 start_node /input-3 using sparse-spec alpha [2, 19, 1, 32] with unstable size 18 total_size 128 output_shape torch.Size([128])
layer /15 start_node /18 using full alpha [2, 9, 1, 32] with unstable size None total_size 9 output_shape 9
layer /17 using sparse-features alpha with shape [18]; unstable size 18; total size 128 ([1, 128])
layer /17 start_node /18 using full alpha [2, 9, 1, 18] with unstable size None total_size 9 output_shape 9
Optimizable variables initialized.
initial CROWN bounds (first 10 items): [13.834129333496094, 16.18815803527832, 14.55098819732666, 18.12434959411621, 16.493547439575195, 16.852235794067383, 11.227378845214844, 15.444108963012695, 6.4367828369140625]
Verified with initial CROWN!
verified with init bound!
Result: safe-incomplete in 0.0937 seconds

 %%%%%%%%%%%%%%%%%%%%%%%%%%%%%%%%%%% idx: 50, vnnlib ID: 50 %%%%%%%%%%%%%%%%%%%%%%%%%%%%%%%%%%%
Finished vnnlib processing in 0.002294 seconds
Model: BoundedModule(
  (/0): BoundInput(name=/0, inputs=[], perturbed=True)
  (/7): BoundParams(name=/7, inputs=[], perturbed=False)
  (/8): BoundParams(name=/8, inputs=[], perturbed=False)
  (/9): BoundParams(name=/9, inputs=[], perturbed=False)
  (/10): BoundParams(name=/10, inputs=[], perturbed=False)
  (/11): BoundParams(name=/11, inputs=[], perturbed=False)
  (/12): BoundParams(name=/12, inputs=[], perturbed=False)
  (/13): BoundFlatten(name=/13, inputs=[/0], perturbed=True)
  (/input): BoundLinear(name=/input, inputs=[/13, /7, /8], perturbed=True)
  (/15): BoundRelu(name=/15, inputs=[/input], perturbed=True)
  (/input-3): BoundLinear(name=/input-3, inputs=[/15, /9, /10], perturbed=True)
  (/17): BoundRelu(name=/17, inputs=[/input-3], perturbed=True)
  (/18): BoundLinear(name=/18, inputs=[/17, /11, /12], perturbed=True)
)
Original output in the first batch: tensor([[ 1.31136346, -1.75649917, -1.85855353, -2.00674844, -2.24177432,
          1.18737364,  6.02936649, -6.26550007, -4.12807846, -5.64309502]],
       device='cuda:0')
Split layers:
Nonlinear functions:
   BoundRelu(name=/15, inputs=[/input], perturbed=True)
   BoundRelu(name=/17, inputs=[/input-3], perturbed=True)
build batch [1/1]
layer /15 using sparse-features alpha with shape [53]; unstable size 53; total size 256 ([1, 256])
layer /15 start_node /input-3 using sparse-spec alpha [2, 29, 1, 53] with unstable size 28 total_size 128 output_shape torch.Size([128])
layer /15 start_node /18 using full alpha [2, 9, 1, 53] with unstable size None total_size 9 output_shape 9
layer /17 using sparse-features alpha with shape [28]; unstable size 28; total size 128 ([1, 128])
layer /17 start_node /18 using full alpha [2, 9, 1, 28] with unstable size None total_size 9 output_shape 9
Optimizable variables initialized.
initial CROWN bounds (first 10 items): [2.9359889030456543, 6.012587547302246, 5.407881736755371, 5.6006598472595215, 6.075152397155762, 3.1801681518554688, 9.870917320251465, 8.302423477172852, 9.449220657348633]
Verified with initial CROWN!
verified with init bound!
Result: safe-incomplete in 0.0939 seconds

 %%%%%%%%%%%%%%%%%%%%%%%%%%%%%%%%%%% idx: 51, vnnlib ID: 51 %%%%%%%%%%%%%%%%%%%%%%%%%%%%%%%%%%%
Finished vnnlib processing in 0.002653 seconds
Model: BoundedModule(
  (/0): BoundInput(name=/0, inputs=[], perturbed=True)
  (/7): BoundParams(name=/7, inputs=[], perturbed=False)
  (/8): BoundParams(name=/8, inputs=[], perturbed=False)
  (/9): BoundParams(name=/9, inputs=[], perturbed=False)
  (/10): BoundParams(name=/10, inputs=[], perturbed=False)
  (/11): BoundParams(name=/11, inputs=[], perturbed=False)
  (/12): BoundParams(name=/12, inputs=[], perturbed=False)
  (/13): BoundFlatten(name=/13, inputs=[/0], perturbed=True)
  (/input): BoundLinear(name=/input, inputs=[/13, /7, /8], perturbed=True)
  (/15): BoundRelu(name=/15, inputs=[/input], perturbed=True)
  (/input-3): BoundLinear(name=/input-3, inputs=[/15, /9, /10], perturbed=True)
  (/17): BoundRelu(name=/17, inputs=[/input-3], perturbed=True)
  (/18): BoundLinear(name=/18, inputs=[/17, /11, /12], perturbed=True)
)
Original output in the first batch: tensor([[ -7.87424278,  -2.91278768,  -1.76872158,  12.20803261,  -4.46694946,
          -1.42311680, -12.16297436,  -2.09952688,   0.07331219,  -5.51232052]],
       device='cuda:0')
Split layers:
Nonlinear functions:
   BoundRelu(name=/15, inputs=[/input], perturbed=True)
   BoundRelu(name=/17, inputs=[/input-3], perturbed=True)
build batch [1/1]
layer /15 using sparse-features alpha with shape [28]; unstable size 28; total size 256 ([1, 256])
layer /15 start_node /input-3 using sparse-spec alpha [2, 11, 1, 28] with unstable size 10 total_size 128 output_shape torch.Size([128])
layer /15 start_node /18 using full alpha [2, 9, 1, 28] with unstable size None total_size 9 output_shape 9
layer /17 using sparse-features alpha with shape [10]; unstable size 10; total size 128 ([1, 128])
layer /17 start_node /18 using full alpha [2, 9, 1, 10] with unstable size None total_size 9 output_shape 9
Optimizable variables initialized.
initial CROWN bounds (first 10 items): [18.423328399658203, 13.846874237060547, 12.660696983337402, 14.808239936828613, 12.100610733032227, 22.35573387145996, 12.635869026184082, 10.942426681518555, 16.14691925048828]
Verified with initial CROWN!
verified with init bound!
Result: safe-incomplete in 0.0945 seconds

 %%%%%%%%%%%%%%%%%%%%%%%%%%%%%%%%%%% idx: 52, vnnlib ID: 52 %%%%%%%%%%%%%%%%%%%%%%%%%%%%%%%%%%%
Finished vnnlib processing in 0.002472 seconds
Model: BoundedModule(
  (/0): BoundInput(name=/0, inputs=[], perturbed=True)
  (/7): BoundParams(name=/7, inputs=[], perturbed=False)
  (/8): BoundParams(name=/8, inputs=[], perturbed=False)
  (/9): BoundParams(name=/9, inputs=[], perturbed=False)
  (/10): BoundParams(name=/10, inputs=[], perturbed=False)
  (/11): BoundParams(name=/11, inputs=[], perturbed=False)
  (/12): BoundParams(name=/12, inputs=[], perturbed=False)
  (/13): BoundFlatten(name=/13, inputs=[/0], perturbed=True)
  (/input): BoundLinear(name=/input, inputs=[/13, /7, /8], perturbed=True)
  (/15): BoundRelu(name=/15, inputs=[/input], perturbed=True)
  (/input-3): BoundLinear(name=/input-3, inputs=[/15, /9, /10], perturbed=True)
  (/17): BoundRelu(name=/17, inputs=[/input-3], perturbed=True)
  (/18): BoundLinear(name=/18, inputs=[/17, /11, /12], perturbed=True)
)
Original output in the first batch: tensor([[-5.38245678, -3.01611042, -7.34581137, -2.15767884, -2.98310733,
         12.13249302, -3.29264045, -6.85509968, -3.23056674, -0.61773163]],
       device='cuda:0')
Split layers:
Nonlinear functions:
   BoundRelu(name=/15, inputs=[/input], perturbed=True)
   BoundRelu(name=/17, inputs=[/input-3], perturbed=True)
build batch [1/1]
layer /15 using sparse-features alpha with shape [33]; unstable size 33; total size 256 ([1, 256])
layer /15 start_node /input-3 using sparse-spec alpha [2, 24, 1, 33] with unstable size 23 total_size 128 output_shape torch.Size([128])
layer /15 start_node /18 using full alpha [2, 9, 1, 33] with unstable size None total_size 9 output_shape 9
layer /17 using sparse-features alpha with shape [23]; unstable size 23; total size 128 ([1, 128])
layer /17 start_node /18 using full alpha [2, 9, 1, 23] with unstable size None total_size 9 output_shape 9
Optimizable variables initialized.
initial CROWN bounds (first 10 items): [15.194284439086914, 13.4590482711792, 17.1636962890625, 12.397479057312012, 12.193913459777832, 13.505088806152344, 16.18852996826172, 13.759113311767578, 10.654301643371582]
Verified with initial CROWN!
verified with init bound!
Result: safe-incomplete in 0.0939 seconds

 %%%%%%%%%%%%%%%%%%%%%%%%%%%%%%%%%%% idx: 53, vnnlib ID: 53 %%%%%%%%%%%%%%%%%%%%%%%%%%%%%%%%%%%
Finished vnnlib processing in 0.002502 seconds
Model: BoundedModule(
  (/0): BoundInput(name=/0, inputs=[], perturbed=True)
  (/7): BoundParams(name=/7, inputs=[], perturbed=False)
  (/8): BoundParams(name=/8, inputs=[], perturbed=False)
  (/9): BoundParams(name=/9, inputs=[], perturbed=False)
  (/10): BoundParams(name=/10, inputs=[], perturbed=False)
  (/11): BoundParams(name=/11, inputs=[], perturbed=False)
  (/12): BoundParams(name=/12, inputs=[], perturbed=False)
  (/13): BoundFlatten(name=/13, inputs=[/0], perturbed=True)
  (/input): BoundLinear(name=/input, inputs=[/13, /7, /8], perturbed=True)
  (/15): BoundRelu(name=/15, inputs=[/input], perturbed=True)
  (/input-3): BoundLinear(name=/input-3, inputs=[/15, /9, /10], perturbed=True)
  (/17): BoundRelu(name=/17, inputs=[/input-3], perturbed=True)
  (/18): BoundLinear(name=/18, inputs=[/17, /11, /12], perturbed=True)
)
Original output in the first batch: tensor([[-5.43694782, -3.64084101, -6.22473478,  2.59488630, -4.28021622,
          8.61573029, -3.89728880, -7.75543022,  0.26454511,  1.11841083]],
       device='cuda:0')
Split layers:
Nonlinear functions:
   BoundRelu(name=/15, inputs=[/input], perturbed=True)
   BoundRelu(name=/17, inputs=[/input-3], perturbed=True)
build batch [1/1]
layer /15 using sparse-features alpha with shape [53]; unstable size 53; total size 256 ([1, 256])
layer /15 start_node /input-3 using sparse-spec alpha [2, 26, 1, 53] with unstable size 25 total_size 128 output_shape torch.Size([128])
layer /15 start_node /18 using full alpha [2, 9, 1, 53] with unstable size None total_size 9 output_shape 9
layer /17 using sparse-features alpha with shape [25]; unstable size 25; total size 128 ([1, 128])
layer /17 start_node /18 using full alpha [2, 9, 1, 25] with unstable size None total_size 9 output_shape 9
Optimizable variables initialized.
initial CROWN bounds (first 10 items): [11.780198097229004, 10.614070892333984, 12.635147094726562, 3.9907479286193848, 10.817055702209473, 10.60580062866211, 13.73264217376709, 6.558429718017578, 5.590307712554932]
Verified with initial CROWN!
verified with init bound!
Result: safe-incomplete in 0.0924 seconds

 %%%%%%%%%%%%%%%%%%%%%%%%%%%%%%%%%%% idx: 54, vnnlib ID: 54 %%%%%%%%%%%%%%%%%%%%%%%%%%%%%%%%%%%
Finished vnnlib processing in 0.002275 seconds
Model: BoundedModule(
  (/0): BoundInput(name=/0, inputs=[], perturbed=True)
  (/7): BoundParams(name=/7, inputs=[], perturbed=False)
  (/8): BoundParams(name=/8, inputs=[], perturbed=False)
  (/9): BoundParams(name=/9, inputs=[], perturbed=False)
  (/10): BoundParams(name=/10, inputs=[], perturbed=False)
  (/11): BoundParams(name=/11, inputs=[], perturbed=False)
  (/12): BoundParams(name=/12, inputs=[], perturbed=False)
  (/13): BoundFlatten(name=/13, inputs=[/0], perturbed=True)
  (/input): BoundLinear(name=/input, inputs=[/13, /7, /8], perturbed=True)
  (/15): BoundRelu(name=/15, inputs=[/input], perturbed=True)
  (/input-3): BoundLinear(name=/input-3, inputs=[/15, /9, /10], perturbed=True)
  (/17): BoundRelu(name=/17, inputs=[/input-3], perturbed=True)
  (/18): BoundLinear(name=/18, inputs=[/17, /11, /12], perturbed=True)
)
Original output in the first batch: tensor([[-0.84961504, -4.36577559, -5.58197546, -7.95521259,  0.95709997,
          1.97818601,  9.51034641, -7.57594776, -0.95225435, -7.78780460]],
       device='cuda:0')
Split layers:
Nonlinear functions:
   BoundRelu(name=/15, inputs=[/input], perturbed=True)
   BoundRelu(name=/17, inputs=[/input-3], perturbed=True)
build batch [1/1]
layer /15 using sparse-features alpha with shape [26]; unstable size 26; total size 256 ([1, 256])
layer /15 start_node /input-3 using sparse-spec alpha [2, 10, 1, 26] with unstable size 9 total_size 128 output_shape torch.Size([128])
layer /15 start_node /18 using full alpha [2, 9, 1, 26] with unstable size None total_size 9 output_shape 9
layer /17 using sparse-features alpha with shape [9]; unstable size 9; total size 128 ([1, 128])
layer /17 start_node /18 using full alpha [2, 9, 1, 9] with unstable size None total_size 9 output_shape 9
Optimizable variables initialized.
initial CROWN bounds (first 10 items): [9.279008865356445, 12.82801342010498, 13.703804016113281, 16.04939842224121, 7.045632839202881, 6.349118709564209, 15.79154109954834, 9.359212875366211, 15.495664596557617]
Verified with initial CROWN!
verified with init bound!
Result: safe-incomplete in 0.0882 seconds

 %%%%%%%%%%%%%%%%%%%%%%%%%%%%%%%%%%% idx: 55, vnnlib ID: 55 %%%%%%%%%%%%%%%%%%%%%%%%%%%%%%%%%%%
Finished vnnlib processing in 0.002407 seconds
Model: BoundedModule(
  (/0): BoundInput(name=/0, inputs=[], perturbed=True)
  (/7): BoundParams(name=/7, inputs=[], perturbed=False)
  (/8): BoundParams(name=/8, inputs=[], perturbed=False)
  (/9): BoundParams(name=/9, inputs=[], perturbed=False)
  (/10): BoundParams(name=/10, inputs=[], perturbed=False)
  (/11): BoundParams(name=/11, inputs=[], perturbed=False)
  (/12): BoundParams(name=/12, inputs=[], perturbed=False)
  (/13): BoundFlatten(name=/13, inputs=[/0], perturbed=True)
  (/input): BoundLinear(name=/input, inputs=[/13, /7, /8], perturbed=True)
  (/15): BoundRelu(name=/15, inputs=[/input], perturbed=True)
  (/input-3): BoundLinear(name=/input-3, inputs=[/15, /9, /10], perturbed=True)
  (/17): BoundRelu(name=/17, inputs=[/input-3], perturbed=True)
  (/18): BoundLinear(name=/18, inputs=[/17, /11, /12], perturbed=True)
)
Original output in the first batch: tensor([[10.53225803, -7.71824741, -1.61927426, -5.51440668, -7.05332088,
         -1.67661142, -0.31894663, -4.57595825,  0.89066201, -3.57554746]],
       device='cuda:0')
Split layers:
Nonlinear functions:
   BoundRelu(name=/15, inputs=[/input], perturbed=True)
   BoundRelu(name=/17, inputs=[/input-3], perturbed=True)
build batch [1/1]
layer /15 using sparse-features alpha with shape [28]; unstable size 28; total size 256 ([1, 256])
layer /15 start_node /input-3 using sparse-spec alpha [2, 15, 1, 28] with unstable size 14 total_size 128 output_shape torch.Size([128])
layer /15 start_node /18 using full alpha [2, 9, 1, 28] with unstable size None total_size 9 output_shape 9
layer /17 using sparse-features alpha with shape [14]; unstable size 14; total size 128 ([1, 128])
layer /17 start_node /18 using full alpha [2, 9, 1, 14] with unstable size None total_size 9 output_shape 9
Optimizable variables initialized.
initial CROWN bounds (first 10 items): [17.066341400146484, 11.204076766967773, 14.933601379394531, 15.899285316467285, 10.924509048461914, 9.600861549377441, 13.74036979675293, 8.438384056091309, 12.867876052856445]
Verified with initial CROWN!
verified with init bound!
Result: safe-incomplete in 0.0896 seconds

 %%%%%%%%%%%%%%%%%%%%%%%%%%%%%%%%%%% idx: 56, vnnlib ID: 56 %%%%%%%%%%%%%%%%%%%%%%%%%%%%%%%%%%%
Finished vnnlib processing in 0.002422 seconds
Model: BoundedModule(
  (/0): BoundInput(name=/0, inputs=[], perturbed=True)
  (/7): BoundParams(name=/7, inputs=[], perturbed=False)
  (/8): BoundParams(name=/8, inputs=[], perturbed=False)
  (/9): BoundParams(name=/9, inputs=[], perturbed=False)
  (/10): BoundParams(name=/10, inputs=[], perturbed=False)
  (/11): BoundParams(name=/11, inputs=[], perturbed=False)
  (/12): BoundParams(name=/12, inputs=[], perturbed=False)
  (/13): BoundFlatten(name=/13, inputs=[/0], perturbed=True)
  (/input): BoundLinear(name=/input, inputs=[/13, /7, /8], perturbed=True)
  (/15): BoundRelu(name=/15, inputs=[/input], perturbed=True)
  (/input-3): BoundLinear(name=/input-3, inputs=[/15, /9, /10], perturbed=True)
  (/17): BoundRelu(name=/17, inputs=[/input-3], perturbed=True)
  (/18): BoundLinear(name=/18, inputs=[/17, /11, /12], perturbed=True)
)
Original output in the first batch: tensor([[ -7.67753983,  -8.04931068,  -6.81460714, -12.20715904,  16.88117599,
          -2.23485279,  -7.89053345,  -2.39165616,  -4.42997122,   2.47144914]],
       device='cuda:0')
Split layers:
Nonlinear functions:
   BoundRelu(name=/15, inputs=[/input], perturbed=True)
   BoundRelu(name=/17, inputs=[/input-3], perturbed=True)
build batch [1/1]
layer /15 using sparse-features alpha with shape [24]; unstable size 24; total size 256 ([1, 256])
layer /15 start_node /input-3 using sparse-spec alpha [2, 15, 1, 24] with unstable size 14 total_size 128 output_shape torch.Size([128])
layer /15 start_node /18 using full alpha [2, 9, 1, 24] with unstable size None total_size 9 output_shape 9
layer /17 using sparse-features alpha with shape [14]; unstable size 14; total size 128 ([1, 128])
layer /17 start_node /18 using full alpha [2, 9, 1, 14] with unstable size None total_size 9 output_shape 9
Optimizable variables initialized.
initial CROWN bounds (first 10 items): [23.03399658203125, 23.49100685119629, 22.01593589782715, 27.29332733154297, 17.43036460876465, 22.944530487060547, 17.84353256225586, 19.568296432495117, 13.136768341064453]
Verified with initial CROWN!
verified with init bound!
Result: safe-incomplete in 0.0858 seconds

 %%%%%%%%%%%%%%%%%%%%%%%%%%%%%%%%%%% idx: 57, vnnlib ID: 57 %%%%%%%%%%%%%%%%%%%%%%%%%%%%%%%%%%%
Finished vnnlib processing in 0.002734 seconds
Model: BoundedModule(
  (/0): BoundInput(name=/0, inputs=[], perturbed=True)
  (/7): BoundParams(name=/7, inputs=[], perturbed=False)
  (/8): BoundParams(name=/8, inputs=[], perturbed=False)
  (/9): BoundParams(name=/9, inputs=[], perturbed=False)
  (/10): BoundParams(name=/10, inputs=[], perturbed=False)
  (/11): BoundParams(name=/11, inputs=[], perturbed=False)
  (/12): BoundParams(name=/12, inputs=[], perturbed=False)
  (/13): BoundFlatten(name=/13, inputs=[/0], perturbed=True)
  (/input): BoundLinear(name=/input, inputs=[/13, /7, /8], perturbed=True)
  (/15): BoundRelu(name=/15, inputs=[/input], perturbed=True)
  (/input-3): BoundLinear(name=/input-3, inputs=[/15, /9, /10], perturbed=True)
  (/17): BoundRelu(name=/17, inputs=[/input-3], perturbed=True)
  (/18): BoundLinear(name=/18, inputs=[/17, /11, /12], perturbed=True)
)
Original output in the first batch: tensor([[-5.61293507,  8.23630905, -1.13187969, -2.52039719, -3.00055718,
         -6.10152388, -7.22725534,  1.43460906, -1.64297593, -4.30355597]],
       device='cuda:0')
Split layers:
Nonlinear functions:
   BoundRelu(name=/15, inputs=[/input], perturbed=True)
   BoundRelu(name=/17, inputs=[/input-3], perturbed=True)
build batch [1/1]
layer /15 using sparse-features alpha with shape [62]; unstable size 62; total size 256 ([1, 256])
layer /15 start_node /input-3 using sparse-spec alpha [2, 20, 1, 62] with unstable size 19 total_size 128 output_shape torch.Size([128])
layer /15 start_node /18 using full alpha [2, 9, 1, 62] with unstable size None total_size 9 output_shape 9
layer /17 using sparse-features alpha with shape [19]; unstable size 19; total size 128 ([1, 128])
layer /17 start_node /18 using full alpha [2, 9, 1, 19] with unstable size None total_size 9 output_shape 9
Optimizable variables initialized.
initial CROWN bounds (first 10 items): [11.805490493774414, 7.119605541229248, 8.290080070495605, 9.113031387329102, 11.875500679016113, 13.37140941619873, 4.678230285644531, 7.693636417388916, 9.904609680175781]
Verified with initial CROWN!
verified with init bound!
Result: safe-incomplete in 0.0947 seconds

 %%%%%%%%%%%%%%%%%%%%%%%%%%%%%%%%%%% idx: 58, vnnlib ID: 58 %%%%%%%%%%%%%%%%%%%%%%%%%%%%%%%%%%%
Finished vnnlib processing in 0.002414 seconds
Model: BoundedModule(
  (/0): BoundInput(name=/0, inputs=[], perturbed=True)
  (/7): BoundParams(name=/7, inputs=[], perturbed=False)
  (/8): BoundParams(name=/8, inputs=[], perturbed=False)
  (/9): BoundParams(name=/9, inputs=[], perturbed=False)
  (/10): BoundParams(name=/10, inputs=[], perturbed=False)
  (/11): BoundParams(name=/11, inputs=[], perturbed=False)
  (/12): BoundParams(name=/12, inputs=[], perturbed=False)
  (/13): BoundFlatten(name=/13, inputs=[/0], perturbed=True)
  (/input): BoundLinear(name=/input, inputs=[/13, /7, /8], perturbed=True)
  (/15): BoundRelu(name=/15, inputs=[/input], perturbed=True)
  (/input-3): BoundLinear(name=/input-3, inputs=[/15, /9, /10], perturbed=True)
  (/17): BoundRelu(name=/17, inputs=[/input-3], perturbed=True)
  (/18): BoundLinear(name=/18, inputs=[/17, /11, /12], perturbed=True)
)
Original output in the first batch: tensor([[ -6.09215403,  -8.80721760,  -5.33095789,  -4.04217196,   4.65737581,
          -3.39145327, -16.14497566,  -1.83046317,  -5.08412647,  11.38638592]],
       device='cuda:0')
Split layers:
Nonlinear functions:
   BoundRelu(name=/15, inputs=[/input], perturbed=True)
   BoundRelu(name=/17, inputs=[/input-3], perturbed=True)
build batch [1/1]
layer /15 using sparse-features alpha with shape [37]; unstable size 37; total size 256 ([1, 256])
layer /15 start_node /input-3 using sparse-spec alpha [2, 14, 1, 37] with unstable size 13 total_size 128 output_shape torch.Size([128])
layer /15 start_node /18 using full alpha [2, 9, 1, 37] with unstable size None total_size 9 output_shape 9
layer /17 using sparse-features alpha with shape [13]; unstable size 13; total size 128 ([1, 128])
layer /17 start_node /18 using full alpha [2, 9, 1, 13] with unstable size None total_size 9 output_shape 9
Optimizable variables initialized.
initial CROWN bounds (first 10 items): [15.826318740844727, 18.514162063598633, 14.918455123901367, 13.813873291015625, 4.518189430236816, 12.934947967529297, 25.028310775756836, 11.150971412658691, 14.734004020690918]
Verified with initial CROWN!
verified with init bound!
Result: safe-incomplete in 0.0914 seconds

 %%%%%%%%%%%%%%%%%%%%%%%%%%%%%%%%%%% idx: 59, vnnlib ID: 59 %%%%%%%%%%%%%%%%%%%%%%%%%%%%%%%%%%%
Finished vnnlib processing in 0.002294 seconds
Model: BoundedModule(
  (/0): BoundInput(name=/0, inputs=[], perturbed=True)
  (/7): BoundParams(name=/7, inputs=[], perturbed=False)
  (/8): BoundParams(name=/8, inputs=[], perturbed=False)
  (/9): BoundParams(name=/9, inputs=[], perturbed=False)
  (/10): BoundParams(name=/10, inputs=[], perturbed=False)
  (/11): BoundParams(name=/11, inputs=[], perturbed=False)
  (/12): BoundParams(name=/12, inputs=[], perturbed=False)
  (/13): BoundFlatten(name=/13, inputs=[/0], perturbed=True)
  (/input): BoundLinear(name=/input, inputs=[/13, /7, /8], perturbed=True)
  (/15): BoundRelu(name=/15, inputs=[/input], perturbed=True)
  (/input-3): BoundLinear(name=/input-3, inputs=[/15, /9, /10], perturbed=True)
  (/17): BoundRelu(name=/17, inputs=[/input-3], perturbed=True)
  (/18): BoundLinear(name=/18, inputs=[/17, /11, /12], perturbed=True)
)
Original output in the first batch: tensor([[-1.38948476, -2.11772847, -3.74730849, -3.28757262, -4.32503033,
          7.31800508, -3.66312766,  0.30164593,  0.54747921, -3.01344442]],
       device='cuda:0')
Split layers:
Nonlinear functions:
   BoundRelu(name=/15, inputs=[/input], perturbed=True)
   BoundRelu(name=/17, inputs=[/input-3], perturbed=True)
build batch [1/1]
layer /15 using sparse-features alpha with shape [39]; unstable size 39; total size 256 ([1, 256])
layer /15 start_node /input-3 using sparse-spec alpha [2, 27, 1, 39] with unstable size 26 total_size 128 output_shape torch.Size([128])
layer /15 start_node /18 using full alpha [2, 9, 1, 39] with unstable size None total_size 9 output_shape 9
layer /17 using sparse-features alpha with shape [26]; unstable size 26; total size 128 ([1, 128])
layer /17 start_node /18 using full alpha [2, 9, 1, 26] with unstable size None total_size 9 output_shape 9
Optimizable variables initialized.
initial CROWN bounds (first 10 items): [6.979229927062988, 8.04601764678955, 9.224498748779297, 9.023727416992188, 9.638671875, 9.427972793579102, 5.075770854949951, 5.342334270477295, 8.730339050292969]
Verified with initial CROWN!
verified with init bound!
Result: safe-incomplete in 0.0991 seconds

 %%%%%%%%%%%%%%%%%%%%%%%%%%%%%%%%%%% idx: 60, vnnlib ID: 60 %%%%%%%%%%%%%%%%%%%%%%%%%%%%%%%%%%%
Finished vnnlib processing in 0.002070 seconds
Model: BoundedModule(
  (/0): BoundInput(name=/0, inputs=[], perturbed=True)
  (/7): BoundParams(name=/7, inputs=[], perturbed=False)
  (/8): BoundParams(name=/8, inputs=[], perturbed=False)
  (/9): BoundParams(name=/9, inputs=[], perturbed=False)
  (/10): BoundParams(name=/10, inputs=[], perturbed=False)
  (/11): BoundParams(name=/11, inputs=[], perturbed=False)
  (/12): BoundParams(name=/12, inputs=[], perturbed=False)
  (/13): BoundFlatten(name=/13, inputs=[/0], perturbed=True)
  (/input): BoundLinear(name=/input, inputs=[/13, /7, /8], perturbed=True)
  (/15): BoundRelu(name=/15, inputs=[/input], perturbed=True)
  (/input-3): BoundLinear(name=/input-3, inputs=[/15, /9, /10], perturbed=True)
  (/17): BoundRelu(name=/17, inputs=[/input-3], perturbed=True)
  (/18): BoundLinear(name=/18, inputs=[/17, /11, /12], perturbed=True)
)
Original output in the first batch: tensor([[ -3.83335519,  -4.27973461,  -0.19326960,   3.59120011,  -8.76068878,
          -4.02905655, -18.35360909,  14.09642601,  -7.70245218,   1.43959618]],
       device='cuda:0')
Split layers:
Nonlinear functions:
   BoundRelu(name=/15, inputs=[/input], perturbed=True)
   BoundRelu(name=/17, inputs=[/input-3], perturbed=True)
build batch [1/1]
layer /15 using sparse-features alpha with shape [22]; unstable size 22; total size 256 ([1, 256])
layer /15 start_node /input-3 using sparse-spec alpha [2, 19, 1, 22] with unstable size 18 total_size 128 output_shape torch.Size([128])
layer /15 start_node /18 using full alpha [2, 9, 1, 22] with unstable size None total_size 9 output_shape 9
layer /17 using sparse-features alpha with shape [18]; unstable size 18; total size 128 ([1, 128])
layer /17 start_node /18 using full alpha [2, 9, 1, 18] with unstable size None total_size 9 output_shape 9
Optimizable variables initialized.
initial CROWN bounds (first 10 items): [16.38521385192871, 16.95067596435547, 12.986754417419434, 8.751038551330566, 21.447980880737305, 16.19867515563965, 30.251245498657227, 20.035444259643555, 11.296479225158691]
Verified with initial CROWN!
verified with init bound!
Result: safe-incomplete in 0.0902 seconds

 %%%%%%%%%%%%%%%%%%%%%%%%%%%%%%%%%%% idx: 61, vnnlib ID: 61 %%%%%%%%%%%%%%%%%%%%%%%%%%%%%%%%%%%
Finished vnnlib processing in 0.002195 seconds
Model: BoundedModule(
  (/0): BoundInput(name=/0, inputs=[], perturbed=True)
  (/7): BoundParams(name=/7, inputs=[], perturbed=False)
  (/8): BoundParams(name=/8, inputs=[], perturbed=False)
  (/9): BoundParams(name=/9, inputs=[], perturbed=False)
  (/10): BoundParams(name=/10, inputs=[], perturbed=False)
  (/11): BoundParams(name=/11, inputs=[], perturbed=False)
  (/12): BoundParams(name=/12, inputs=[], perturbed=False)
  (/13): BoundFlatten(name=/13, inputs=[/0], perturbed=True)
  (/input): BoundLinear(name=/input, inputs=[/13, /7, /8], perturbed=True)
  (/15): BoundRelu(name=/15, inputs=[/input], perturbed=True)
  (/input-3): BoundLinear(name=/input-3, inputs=[/15, /9, /10], perturbed=True)
  (/17): BoundRelu(name=/17, inputs=[/input-3], perturbed=True)
  (/18): BoundLinear(name=/18, inputs=[/17, /11, /12], perturbed=True)
)
Original output in the first batch: tensor([[-2.28782868, -4.25205469,  4.36670351, -0.67782873, -6.93966103,
         -2.39171052, -5.32103443, -3.54144835,  5.78663301, -3.75258780]],
       device='cuda:0')
Split layers:
Nonlinear functions:
   BoundRelu(name=/15, inputs=[/input], perturbed=True)
   BoundRelu(name=/17, inputs=[/input-3], perturbed=True)
build batch [1/1]
layer /15 using sparse-features alpha with shape [29]; unstable size 29; total size 256 ([1, 256])
layer /15 start_node /input-3 using sparse-spec alpha [2, 20, 1, 29] with unstable size 19 total_size 128 output_shape torch.Size([128])
layer /15 start_node /18 using full alpha [2, 9, 1, 29] with unstable size None total_size 9 output_shape 9
layer /17 using sparse-features alpha with shape [19]; unstable size 19; total size 128 ([1, 128])
layer /17 start_node /18 using full alpha [2, 9, 1, 19] with unstable size None total_size 9 output_shape 9
Optimizable variables initialized.
initial CROWN bounds (first 10 items): [6.751576900482178, 8.662736892700195, -0.2785381078720093, 5.096896171569824, 11.356766700744629, 6.682583808898926, 9.62130069732666, 7.482335090637207, 7.998729705810547]
prune_after_crown optimization in use
  original spec size = torch.Size([1, 9])
  pruned spec size = torch.Size([1, 1])
Using alpha-CROWN to initialize bounds.
Early stop at 87th iter due to 10 iterations no improvement!
best_l after optimization: -0.2555312216281891
alpha/beta optimization time: 4.372289180755615
initial alpha-crown bounds (first 10 items): [-0.2555312216281891]
Global lower bound: -0.2555312216281891
torch.Size([1, 1])
8 / 9 OR specs are verified.
Verified OR indices (first 10 items): [0, 1, 3, 4, 5, 6, 7, 8]
Verified OR lbs (first 10 items): [[inf], [inf], [inf], [inf], [inf], [inf], [inf], [inf]]
Unverified OR indices (first 10 items): [2]
Unverified OR lbs (first 10 items): [[-0.2555312216281891]]
###### Verifying property Instance 61 ######
Batch size: 1
First 10 spec matrices
C: tensor([[[ 0.,  0., -1.,  0.,  0.,  0.,  0.,  0.,  1.,  0.]]], device='cuda:0')
RHS: tensor([[0.]], device='cuda:0')
OR spec sizes: tensor([1], device='cuda:0', dtype=torch.int32)
Remaining timeout: 25.371525764465332
Model prediction is: tensor([-2.28782868, -4.25205469,  4.36670351, -0.67782873, -6.93966103,
        -2.39171052, -5.32103443, -3.54144835,  5.78663301, -3.75258780],
       device='cuda:0')
Activation BaB batch 1/1 
build_with_refined_bounds batch [1/1]
Optimizable variables initialized.
all alpha initialized
directly get lb and ub from refined bounds
c shape: torch.Size([1, 1, 10])
lA shapes: [torch.Size([1, 1, 256]), torch.Size([1, 1, 128])]
torch.Size([1, 1])
(alpha-)CROWN with fixed intermediate bounds: tensor([[-0.25553122]], device='cuda:0') tensor([[inf]], device='cuda:0')
Intermediate layers: /input,/input-3
Keeping alphas for these layers: ['/18']
Node /15 input 0: size torch.Size([256]) unstable 29
Node /17 input 0: size torch.Size([128]) unstable 19
-----------------
# of unstable neurons: 48
-----------------

BaB round 1
batch: 1
splitting decisions: 
split level 0: [/input, 88] 
split level 1: [/input, 20] 
split level 2: [/input, 239] 
split level 3: [/input-3, 34] 
split level 4: [/input-3, 25] 
split level 5: [/input, 225] 
best_l after optimization: -0.01566850021481514
beta sum per layer: [0.0, 0.0]
alpha/beta optimization time: 0.7580358982086182
pruning_in_iteration open status: True
ratio of positive domain = 63 / 64 = 0.984375
pruning-in-iteration extra time: 0.04191994667053223
torch.Size([64, 1])
Time: prepare 0.0039    bound 0.7592    transfer 0.0015    finalize 0.0128    func 0.7775    
Accumulated time: func 0.7775    prepare 0.0191    bound 0.7592    transfer 0.0015    finalize 0.0128    
max lb tensor(9.99999975e-05) min lb tensor(-0.02196850)
Number of Verified Splits: 63 of 64
Current worst splitting domains lb-rhs (depth):
-0.02197 (6), 
Length of domains: 1
Current (lb-rhs): -0.021968498826026917
64 domains visited
Time: pickout 0.0042    decision 0.1621    set_bounds 0.0058    solve 0.7817    add 0.0102    
Accumulated time: pickout 0.0042    decision 0.1621    set_bounds 0.0058    solve 0.7817    add 0.0102    
Cumulative time: 1.0127487182617188

BaB round 2
batch: 1
splitting decisions: 
split level 0: [/input-3, 112] 
split level 1: [/input, 135] 
split level 2: [/input-3, 50] 
split level 3: [/input-3, 77] 
split level 4: [/input-3, 36] 
split level 5: [/input-3, 9] 

all verified at 0th iter
best_l after optimization: 12.245054244995117
beta sum per layer: [0.0, 0.0]
alpha/beta optimization time: 0.008079290390014648
pruning_in_iteration open status: False
ratio of positive domain = 64 / 64 = 1.0
pruning-in-iteration extra time: 0.0008974075317382812
torch.Size([64, 1])
Time: prepare 0.0038    bound 0.0097    transfer 0.0015    finalize 0.0082    func 0.0233    
Accumulated time: func 0.8008    prepare 0.0319    bound 0.7690    transfer 0.0030    finalize 0.0210    
max lb tensor(0.33330736) min lb tensor(0.04014292)
Number of Verified Splits: 64 of 64
Length of domains: 0
No domains left, verification finished!
Current (lb-rhs): 1.0000000116860974e-07
128 domains visited
Time: pickout 0.0104    decision 0.0575    set_bounds 0.0050    solve 0.0239    add 0.0003    
Accumulated time: pickout 0.0145    decision 0.2195    set_bounds 0.0107    solve 0.8056    add 0.0106    
Cumulative time: 1.1101148128509521

Result: safe in 5.7474 seconds

 %%%%%%%%%%%%%%%%%%%%%%%%%%%%%%%%%%% idx: 62, vnnlib ID: 62 %%%%%%%%%%%%%%%%%%%%%%%%%%%%%%%%%%%
Finished vnnlib processing in 0.007828 seconds
Model: BoundedModule(
  (/0): BoundInput(name=/0, inputs=[], perturbed=True)
  (/7): BoundParams(name=/7, inputs=[], perturbed=False)
  (/8): BoundParams(name=/8, inputs=[], perturbed=False)
  (/9): BoundParams(name=/9, inputs=[], perturbed=False)
  (/10): BoundParams(name=/10, inputs=[], perturbed=False)
  (/11): BoundParams(name=/11, inputs=[], perturbed=False)
  (/12): BoundParams(name=/12, inputs=[], perturbed=False)
  (/13): BoundFlatten(name=/13, inputs=[/0], perturbed=True)
  (/input): BoundLinear(name=/input, inputs=[/13, /7, /8], perturbed=True)
  (/15): BoundRelu(name=/15, inputs=[/input], perturbed=True)
  (/input-3): BoundLinear(name=/input-3, inputs=[/15, /9, /10], perturbed=True)
  (/17): BoundRelu(name=/17, inputs=[/input-3], perturbed=True)
  (/18): BoundLinear(name=/18, inputs=[/17, /11, /12], perturbed=True)
)
Original output in the first batch: tensor([[-4.57608271, -5.21042919, -2.55244803, -3.50646377, -1.41966295,
          1.84760106, -5.22168827, -2.68150163,  1.24766171,  4.76873112]],
       device='cuda:0')
Split layers:
Nonlinear functions:
   BoundRelu(name=/15, inputs=[/input], perturbed=True)
   BoundRelu(name=/17, inputs=[/input-3], perturbed=True)
build batch [1/1]
layer /15 using sparse-features alpha with shape [47]; unstable size 47; total size 256 ([1, 256])
layer /15 start_node /input-3 using sparse-spec alpha [2, 32, 1, 47] with unstable size 31 total_size 128 output_shape torch.Size([128])
layer /15 start_node /18 using full alpha [2, 9, 1, 47] with unstable size None total_size 9 output_shape 9
layer /17 using sparse-features alpha with shape [31]; unstable size 31; total size 128 ([1, 128])
layer /17 start_node /18 using full alpha [2, 9, 1, 31] with unstable size None total_size 9 output_shape 9
Optimizable variables initialized.
initial CROWN bounds (first 10 items): [7.120338439941406, 7.356067657470703, 4.730344772338867, 5.899145126342773, 3.504117965698242, -0.2379930019378662, 6.708077907562256, 4.896265029907227, 1.2000091075897217]
prune_after_crown optimization in use
  original spec size = torch.Size([1, 9])
  pruned spec size = torch.Size([1, 1])
Using alpha-CROWN to initialize bounds.
Early stop at 45th iter due to 10 iterations no improvement!
best_l after optimization: -0.13812696933746338
alpha/beta optimization time: 1.281045913696289
initial alpha-crown bounds (first 10 items): [-0.13812696933746338]
Global lower bound: -0.13812696933746338
torch.Size([1, 1])
8 / 9 OR specs are verified.
Verified OR indices (first 10 items): [0, 1, 2, 3, 4, 6, 7, 8]
Verified OR lbs (first 10 items): [[inf], [inf], [inf], [inf], [inf], [inf], [inf], [inf]]
Unverified OR indices (first 10 items): [5]
Unverified OR lbs (first 10 items): [[-0.13812696933746338]]
###### Verifying property Instance 62 ######
Batch size: 1
First 10 spec matrices
C: tensor([[[ 0.,  0.,  0.,  0.,  0., -1.,  0.,  0.,  0.,  1.]]], device='cuda:0')
RHS: tensor([[0.]], device='cuda:0')
OR spec sizes: tensor([1], device='cuda:0', dtype=torch.int32)
Remaining timeout: 28.273032665252686
Model prediction is: tensor([-4.57608271, -5.21042919, -2.55244803, -3.50646377, -1.41966295,
         1.84760106, -5.22168827, -2.68150163,  1.24766171,  4.76873112],
       device='cuda:0')
Activation BaB batch 1/1 
build_with_refined_bounds batch [1/1]
Optimizable variables initialized.
all alpha initialized
directly get lb and ub from refined bounds
c shape: torch.Size([1, 1, 10])
lA shapes: [torch.Size([1, 1, 256]), torch.Size([1, 1, 128])]
torch.Size([1, 1])
(alpha-)CROWN with fixed intermediate bounds: tensor([[-0.13812697]], device='cuda:0') tensor([[inf]], device='cuda:0')
Intermediate layers: /input,/input-3
Keeping alphas for these layers: ['/18']
Node /15 input 0: size torch.Size([256]) unstable 47
Node /17 input 0: size torch.Size([128]) unstable 30
-----------------
# of unstable neurons: 77
-----------------

BaB round 1
batch: 1
splitting decisions: 
split level 0: [/input, 189] 
split level 1: [/input, 222] 
split level 2: [/input, 225] 
split level 3: [/input, 173] 
split level 4: [/input, 239] 
split level 5: [/input-3, 118] 

all verified at 0th iter
best_l after optimization: 22.227018356323242
beta sum per layer: [0.0, 0.0]
alpha/beta optimization time: 0.010944843292236328
pruning_in_iteration open status: False
ratio of positive domain = 64 / 64 = 1.0
pruning-in-iteration extra time: 0.0003757476806640625
torch.Size([64, 1])
Time: prepare 0.0026    bound 0.0121    transfer 0.0013    finalize 0.0070    func 0.0233    
Accumulated time: func 0.0233    prepare 0.0120    bound 0.0121    transfer 0.0013    finalize 0.0070    
max lb tensor(0.52923799) min lb tensor(0.17586040)
Number of Verified Splits: 64 of 64
Length of domains: 0
No domains left, verification finished!
Current (lb-rhs): 1.0000000116860974e-07
64 domains visited
Time: pickout 0.0009    decision 0.0602    set_bounds 0.0043    solve 0.0244    add 0.0004    
Accumulated time: pickout 0.0009    decision 0.0602    set_bounds 0.0043    solve 0.0244    add 0.0004    
Cumulative time: 0.12503743171691895

Result: safe in 1.8591 seconds

 %%%%%%%%%%%%%%%%%%%%%%%%%%%%%%%%%%% idx: 63, vnnlib ID: 63 %%%%%%%%%%%%%%%%%%%%%%%%%%%%%%%%%%%
Finished vnnlib processing in 0.009288 seconds
Model: BoundedModule(
  (/0): BoundInput(name=/0, inputs=[], perturbed=True)
  (/7): BoundParams(name=/7, inputs=[], perturbed=False)
  (/8): BoundParams(name=/8, inputs=[], perturbed=False)
  (/9): BoundParams(name=/9, inputs=[], perturbed=False)
  (/10): BoundParams(name=/10, inputs=[], perturbed=False)
  (/11): BoundParams(name=/11, inputs=[], perturbed=False)
  (/12): BoundParams(name=/12, inputs=[], perturbed=False)
  (/13): BoundFlatten(name=/13, inputs=[/0], perturbed=True)
  (/input): BoundLinear(name=/input, inputs=[/13, /7, /8], perturbed=True)
  (/15): BoundRelu(name=/15, inputs=[/input], perturbed=True)
  (/input-3): BoundLinear(name=/input-3, inputs=[/15, /9, /10], perturbed=True)
  (/17): BoundRelu(name=/17, inputs=[/input-3], perturbed=True)
  (/18): BoundLinear(name=/18, inputs=[/17, /11, /12], perturbed=True)
)
Original output in the first batch: tensor([[ -7.03467178,  -4.64896727,   1.31867874,  10.14063644,  -8.19057178,
          -4.38994122, -15.14452362,  -4.57372522,   1.60050023,  -1.22374249]],
       device='cuda:0')
Split layers:
Nonlinear functions:
   BoundRelu(name=/15, inputs=[/input], perturbed=True)
   BoundRelu(name=/17, inputs=[/input-3], perturbed=True)
build batch [1/1]
layer /15 using sparse-features alpha with shape [47]; unstable size 47; total size 256 ([1, 256])
layer /15 start_node /input-3 using sparse-spec alpha [2, 13, 1, 47] with unstable size 12 total_size 128 output_shape torch.Size([128])
layer /15 start_node /18 using full alpha [2, 9, 1, 47] with unstable size None total_size 9 output_shape 9
layer /17 using sparse-features alpha with shape [12]; unstable size 12; total size 128 ([1, 128])
layer /17 start_node /18 using full alpha [2, 9, 1, 12] with unstable size None total_size 9 output_shape 9
Optimizable variables initialized.
initial CROWN bounds (first 10 items): [15.160374641418457, 13.047881126403809, 6.564608573913574, 16.086015701293945, 12.571160316467285, 22.751171112060547, 12.849217414855957, 6.980135917663574, 9.569599151611328]
Verified with initial CROWN!
verified with init bound!
Result: safe-incomplete in 0.3777 seconds

 %%%%%%%%%%%%%%%%%%%%%%%%%%%%%%%%%%% idx: 64, vnnlib ID: 64 %%%%%%%%%%%%%%%%%%%%%%%%%%%%%%%%%%%
Finished vnnlib processing in 0.011098 seconds
Model: BoundedModule(
  (/0): BoundInput(name=/0, inputs=[], perturbed=True)
  (/7): BoundParams(name=/7, inputs=[], perturbed=False)
  (/8): BoundParams(name=/8, inputs=[], perturbed=False)
  (/9): BoundParams(name=/9, inputs=[], perturbed=False)
  (/10): BoundParams(name=/10, inputs=[], perturbed=False)
  (/11): BoundParams(name=/11, inputs=[], perturbed=False)
  (/12): BoundParams(name=/12, inputs=[], perturbed=False)
  (/13): BoundFlatten(name=/13, inputs=[/0], perturbed=True)
  (/input): BoundLinear(name=/input, inputs=[/13, /7, /8], perturbed=True)
  (/15): BoundRelu(name=/15, inputs=[/input], perturbed=True)
  (/input-3): BoundLinear(name=/input-3, inputs=[/15, /9, /10], perturbed=True)
  (/17): BoundRelu(name=/17, inputs=[/input-3], perturbed=True)
  (/18): BoundLinear(name=/18, inputs=[/17, /11, /12], perturbed=True)
)
Original output in the first batch: tensor([[ -9.15990353,  -5.24412775,  -0.82812744,   4.34117556,  -0.89465171,
         -10.51027393, -20.97544098,  14.46106529,  -4.98536587,  -2.61334586]],
       device='cuda:0')
Split layers:
Nonlinear functions:
   BoundRelu(name=/15, inputs=[/input], perturbed=True)
   BoundRelu(name=/17, inputs=[/input-3], perturbed=True)
build batch [1/1]
layer /15 using sparse-features alpha with shape [34]; unstable size 34; total size 256 ([1, 256])
layer /15 start_node /input-3 using sparse-spec alpha [2, 12, 1, 34] with unstable size 11 total_size 128 output_shape torch.Size([128])
layer /15 start_node /18 using full alpha [2, 9, 1, 34] with unstable size None total_size 9 output_shape 9
layer /17 using sparse-features alpha with shape [11]; unstable size 11; total size 128 ([1, 128])
layer /17 start_node /18 using full alpha [2, 9, 1, 11] with unstable size None total_size 9 output_shape 9
Optimizable variables initialized.
initial CROWN bounds (first 10 items): [21.6337833404541, 18.348941802978516, 13.476883888244629, 8.356273651123047, 13.248381614685059, 22.46372413635254, 32.53078842163086, 17.20742416381836, 14.934701919555664]
Verified with initial CROWN!
verified with init bound!
Result: safe-incomplete in 0.3896 seconds

 %%%%%%%%%%%%%%%%%%%%%%%%%%%%%%%%%%% idx: 65, vnnlib ID: 65 %%%%%%%%%%%%%%%%%%%%%%%%%%%%%%%%%%%
Finished vnnlib processing in 0.010201 seconds
Model: BoundedModule(
  (/0): BoundInput(name=/0, inputs=[], perturbed=True)
  (/7): BoundParams(name=/7, inputs=[], perturbed=False)
  (/8): BoundParams(name=/8, inputs=[], perturbed=False)
  (/9): BoundParams(name=/9, inputs=[], perturbed=False)
  (/10): BoundParams(name=/10, inputs=[], perturbed=False)
  (/11): BoundParams(name=/11, inputs=[], perturbed=False)
  (/12): BoundParams(name=/12, inputs=[], perturbed=False)
  (/13): BoundFlatten(name=/13, inputs=[/0], perturbed=True)
  (/input): BoundLinear(name=/input, inputs=[/13, /7, /8], perturbed=True)
  (/15): BoundRelu(name=/15, inputs=[/input], perturbed=True)
  (/input-3): BoundLinear(name=/input-3, inputs=[/15, /9, /10], perturbed=True)
  (/17): BoundRelu(name=/17, inputs=[/input-3], perturbed=True)
  (/18): BoundLinear(name=/18, inputs=[/17, /11, /12], perturbed=True)
)
Original output in the first batch: tensor([[-7.59863663, -1.67768550, -5.12379980, -1.15040207,  6.34122372,
         -0.09872048, -7.82099819, -3.64461374, -3.17239094,  1.28859532]],
       device='cuda:0')
Split layers:
Nonlinear functions:
   BoundRelu(name=/15, inputs=[/input], perturbed=True)
   BoundRelu(name=/17, inputs=[/input-3], perturbed=True)
build batch [1/1]
layer /15 using sparse-features alpha with shape [62]; unstable size 62; total size 256 ([1, 256])
layer /15 start_node /input-3 using sparse-spec alpha [2, 23, 1, 62] with unstable size 22 total_size 128 output_shape torch.Size([128])
layer /15 start_node /18 using full alpha [2, 9, 1, 62] with unstable size None total_size 9 output_shape 9
layer /17 using sparse-features alpha with shape [22]; unstable size 22; total size 128 ([1, 128])
layer /17 start_node /18 using full alpha [2, 9, 1, 22] with unstable size None total_size 9 output_shape 9
Optimizable variables initialized.
initial CROWN bounds (first 10 items): [11.473715782165527, 6.505953788757324, 9.290467262268066, 4.442896366119385, 3.433955669403076, 11.783864974975586, 7.7602458000183105, 6.985843658447266, 2.367664337158203]
Verified with initial CROWN!
verified with init bound!
Result: safe-incomplete in 0.3699 seconds

 %%%%%%%%%%%%%%%%%%%%%%%%%%%%%%%%%%% idx: 66, vnnlib ID: 66 %%%%%%%%%%%%%%%%%%%%%%%%%%%%%%%%%%%
Finished vnnlib processing in 0.012817 seconds
Model: BoundedModule(
  (/0): BoundInput(name=/0, inputs=[], perturbed=True)
  (/7): BoundParams(name=/7, inputs=[], perturbed=False)
  (/8): BoundParams(name=/8, inputs=[], perturbed=False)
  (/9): BoundParams(name=/9, inputs=[], perturbed=False)
  (/10): BoundParams(name=/10, inputs=[], perturbed=False)
  (/11): BoundParams(name=/11, inputs=[], perturbed=False)
  (/12): BoundParams(name=/12, inputs=[], perturbed=False)
  (/13): BoundFlatten(name=/13, inputs=[/0], perturbed=True)
  (/input): BoundLinear(name=/input, inputs=[/13, /7, /8], perturbed=True)
  (/15): BoundRelu(name=/15, inputs=[/input], perturbed=True)
  (/input-3): BoundLinear(name=/input-3, inputs=[/15, /9, /10], perturbed=True)
  (/17): BoundRelu(name=/17, inputs=[/input-3], perturbed=True)
  (/18): BoundLinear(name=/18, inputs=[/17, /11, /12], perturbed=True)
)
Original output in the first batch: tensor([[ 1.92559862, -2.06909585, -3.04778743, -4.70673323,  0.22911209,
         -2.20154333,  5.52832937, -1.42532897, -1.31557715, -6.21687794]],
       device='cuda:0')
Split layers:
Nonlinear functions:
   BoundRelu(name=/15, inputs=[/input], perturbed=True)
   BoundRelu(name=/17, inputs=[/input-3], perturbed=True)
build batch [1/1]
layer /15 using sparse-features alpha with shape [44]; unstable size 44; total size 256 ([1, 256])
layer /15 start_node /input-3 using sparse-spec alpha [2, 25, 1, 44] with unstable size 24 total_size 128 output_shape torch.Size([128])
layer /15 start_node /18 using full alpha [2, 9, 1, 44] with unstable size None total_size 9 output_shape 9
layer /17 using sparse-features alpha with shape [24]; unstable size 24; total size 128 ([1, 128])
layer /17 start_node /18 using full alpha [2, 9, 1, 24] with unstable size None total_size 9 output_shape 9
Optimizable variables initialized.
initial CROWN bounds (first 10 items): [2.0293383598327637, 6.041265487670898, 6.839162349700928, 8.301782608032227, 3.7274317741394043, 6.0630598068237305, 5.0857343673706055, 5.406100273132324, 9.636404991149902]
Verified with initial CROWN!
verified with init bound!
Result: safe-incomplete in 0.4473 seconds

 %%%%%%%%%%%%%%%%%%%%%%%%%%%%%%%%%%% idx: 67, vnnlib ID: 67 %%%%%%%%%%%%%%%%%%%%%%%%%%%%%%%%%%%
Finished vnnlib processing in 0.008815 seconds
Model: BoundedModule(
  (/0): BoundInput(name=/0, inputs=[], perturbed=True)
  (/7): BoundParams(name=/7, inputs=[], perturbed=False)
  (/8): BoundParams(name=/8, inputs=[], perturbed=False)
  (/9): BoundParams(name=/9, inputs=[], perturbed=False)
  (/10): BoundParams(name=/10, inputs=[], perturbed=False)
  (/11): BoundParams(name=/11, inputs=[], perturbed=False)
  (/12): BoundParams(name=/12, inputs=[], perturbed=False)
  (/13): BoundFlatten(name=/13, inputs=[/0], perturbed=True)
  (/input): BoundLinear(name=/input, inputs=[/13, /7, /8], perturbed=True)
  (/15): BoundRelu(name=/15, inputs=[/input], perturbed=True)
  (/input-3): BoundLinear(name=/input-3, inputs=[/15, /9, /10], perturbed=True)
  (/17): BoundRelu(name=/17, inputs=[/input-3], perturbed=True)
  (/18): BoundLinear(name=/18, inputs=[/17, /11, /12], perturbed=True)
)
Original output in the first batch: tensor([[-5.68859816, -4.37925720, -0.79086858, -7.41329050, 11.99140835,
         -4.63274240, -7.58697224, -2.67993188, -5.32882690,  1.52797735]],
       device='cuda:0')
Split layers:
Nonlinear functions:
   BoundRelu(name=/15, inputs=[/input], perturbed=True)
   BoundRelu(name=/17, inputs=[/input-3], perturbed=True)
build batch [1/1]
layer /15 using sparse-features alpha with shape [37]; unstable size 37; total size 256 ([1, 256])
layer /15 start_node /input-3 using sparse-spec alpha [2, 14, 1, 37] with unstable size 13 total_size 128 output_shape torch.Size([128])
layer /15 start_node /18 using full alpha [2, 9, 1, 37] with unstable size None total_size 9 output_shape 9
layer /17 using sparse-features alpha with shape [13]; unstable size 13; total size 128 ([1, 128])
layer /17 start_node /18 using full alpha [2, 9, 1, 13] with unstable size None total_size 9 output_shape 9
Optimizable variables initialized.
initial CROWN bounds (first 10 items): [15.93178653717041, 14.747607231140137, 10.73110294342041, 17.354509353637695, 14.625638008117676, 17.7712459564209, 13.077179908752441, 15.249860763549805, 8.694378852844238]
Verified with initial CROWN!
verified with init bound!
Result: safe-incomplete in 0.3856 seconds

 %%%%%%%%%%%%%%%%%%%%%%%%%%%%%%%%%%% idx: 68, vnnlib ID: 68 %%%%%%%%%%%%%%%%%%%%%%%%%%%%%%%%%%%
Finished vnnlib processing in 0.008570 seconds
Model: BoundedModule(
  (/0): BoundInput(name=/0, inputs=[], perturbed=True)
  (/7): BoundParams(name=/7, inputs=[], perturbed=False)
  (/8): BoundParams(name=/8, inputs=[], perturbed=False)
  (/9): BoundParams(name=/9, inputs=[], perturbed=False)
  (/10): BoundParams(name=/10, inputs=[], perturbed=False)
  (/11): BoundParams(name=/11, inputs=[], perturbed=False)
  (/12): BoundParams(name=/12, inputs=[], perturbed=False)
  (/13): BoundFlatten(name=/13, inputs=[/0], perturbed=True)
  (/input): BoundLinear(name=/input, inputs=[/13, /7, /8], perturbed=True)
  (/15): BoundRelu(name=/15, inputs=[/input], perturbed=True)
  (/input-3): BoundLinear(name=/input-3, inputs=[/15, /9, /10], perturbed=True)
  (/17): BoundRelu(name=/17, inputs=[/input-3], perturbed=True)
  (/18): BoundLinear(name=/18, inputs=[/17, /11, /12], perturbed=True)
)
Original output in the first batch: tensor([[ -8.20359039,  -8.17393303,  -3.32773161,  15.26107216,  -9.75047016,
          -0.07934351, -20.09401512,  -6.01402378,   0.70451444,  -0.49876794]],
       device='cuda:0')
Split layers:
Nonlinear functions:
   BoundRelu(name=/15, inputs=[/input], perturbed=True)
   BoundRelu(name=/17, inputs=[/input-3], perturbed=True)
build batch [1/1]
layer /15 using sparse-features alpha with shape [28]; unstable size 28; total size 256 ([1, 256])
layer /15 start_node /input-3 using sparse-spec alpha [2, 11, 1, 28] with unstable size 10 total_size 128 output_shape torch.Size([128])
layer /15 start_node /18 using full alpha [2, 9, 1, 28] with unstable size None total_size 9 output_shape 9
layer /17 using sparse-features alpha with shape [10]; unstable size 10; total size 128 ([1, 128])
layer /17 start_node /18 using full alpha [2, 9, 1, 10] with unstable size None total_size 9 output_shape 9
Optimizable variables initialized.
initial CROWN bounds (first 10 items): [21.468589782714844, 21.9471435546875, 16.965049743652344, 22.74408721923828, 13.352988243103027, 33.07244873046875, 19.200529098510742, 13.015473365783691, 13.636987686157227]
Verified with initial CROWN!
verified with init bound!
Result: safe-incomplete in -2.1285 seconds

 %%%%%%%%%%%%%%%%%%%%%%%%%%%%%%%%%%% idx: 69, vnnlib ID: 69 %%%%%%%%%%%%%%%%%%%%%%%%%%%%%%%%%%%
Finished vnnlib processing in 0.009794 seconds
Model: BoundedModule(
  (/0): BoundInput(name=/0, inputs=[], perturbed=True)
  (/7): BoundParams(name=/7, inputs=[], perturbed=False)
  (/8): BoundParams(name=/8, inputs=[], perturbed=False)
  (/9): BoundParams(name=/9, inputs=[], perturbed=False)
  (/10): BoundParams(name=/10, inputs=[], perturbed=False)
  (/11): BoundParams(name=/11, inputs=[], perturbed=False)
  (/12): BoundParams(name=/12, inputs=[], perturbed=False)
  (/13): BoundFlatten(name=/13, inputs=[/0], perturbed=True)
  (/input): BoundLinear(name=/input, inputs=[/13, /7, /8], perturbed=True)
  (/15): BoundRelu(name=/15, inputs=[/input], perturbed=True)
  (/input-3): BoundLinear(name=/input-3, inputs=[/15, /9, /10], perturbed=True)
  (/17): BoundRelu(name=/17, inputs=[/input-3], perturbed=True)
  (/18): BoundLinear(name=/18, inputs=[/17, /11, /12], perturbed=True)
)
Original output in the first batch: tensor([[11.43214226, -8.00757408, -4.48612690, -6.54442406, -5.23670197,
         -2.25572109, -0.80095220, -1.40139973, -4.40101910, -1.01916933]],
       device='cuda:0')
Split layers:
Nonlinear functions:
   BoundRelu(name=/15, inputs=[/input], perturbed=True)
   BoundRelu(name=/17, inputs=[/input-3], perturbed=True)
build batch [1/1]
layer /15 using sparse-features alpha with shape [28]; unstable size 28; total size 256 ([1, 256])
layer /15 start_node /input-3 using sparse-spec alpha [2, 9, 1, 28] with unstable size 8 total_size 128 output_shape torch.Size([128])
layer /15 start_node /18 using full alpha [2, 9, 1, 28] with unstable size None total_size 9 output_shape 9
layer /17 using sparse-features alpha with shape [8]; unstable size 8; total size 128 ([1, 128])
layer /17 start_node /18 using full alpha [2, 9, 1, 8] with unstable size None total_size 9 output_shape 9
Optimizable variables initialized.
initial CROWN bounds (first 10 items): [18.42692756652832, 15.072539329528809, 16.982332229614258, 15.401374816894531, 12.606710433959961, 11.393054962158203, 11.654457092285156, 14.875506401062012, 11.61901569366455]
Verified with initial CROWN!
verified with init bound!
Result: safe-incomplete in 0.4379 seconds

 %%%%%%%%%%%%%%%%%%%%%%%%%%%%%%%%%%% idx: 70, vnnlib ID: 70 %%%%%%%%%%%%%%%%%%%%%%%%%%%%%%%%%%%
Finished vnnlib processing in 0.010644 seconds
Model: BoundedModule(
  (/0): BoundInput(name=/0, inputs=[], perturbed=True)
  (/7): BoundParams(name=/7, inputs=[], perturbed=False)
  (/8): BoundParams(name=/8, inputs=[], perturbed=False)
  (/9): BoundParams(name=/9, inputs=[], perturbed=False)
  (/10): BoundParams(name=/10, inputs=[], perturbed=False)
  (/11): BoundParams(name=/11, inputs=[], perturbed=False)
  (/12): BoundParams(name=/12, inputs=[], perturbed=False)
  (/13): BoundFlatten(name=/13, inputs=[/0], perturbed=True)
  (/input): BoundLinear(name=/input, inputs=[/13, /7, /8], perturbed=True)
  (/15): BoundRelu(name=/15, inputs=[/input], perturbed=True)
  (/input-3): BoundLinear(name=/input-3, inputs=[/15, /9, /10], perturbed=True)
  (/17): BoundRelu(name=/17, inputs=[/input-3], perturbed=True)
  (/18): BoundLinear(name=/18, inputs=[/17, /11, /12], perturbed=True)
)
Original output in the first batch: tensor([[ -1.02142406,  -4.19065857,   2.38306093,   0.34621754,  -6.23001528,
          -5.63733387, -16.59088707,  13.05629730,  -6.19551849,  -0.40913442]],
       device='cuda:0')
Split layers:
Nonlinear functions:
   BoundRelu(name=/15, inputs=[/input], perturbed=True)
   BoundRelu(name=/17, inputs=[/input-3], perturbed=True)
build batch [1/1]
layer /15 using sparse-features alpha with shape [35]; unstable size 35; total size 256 ([1, 256])
layer /15 start_node /input-3 using sparse-spec alpha [2, 13, 1, 35] with unstable size 12 total_size 128 output_shape torch.Size([128])
layer /15 start_node /18 using full alpha [2, 9, 1, 35] with unstable size None total_size 9 output_shape 9
layer /17 using sparse-features alpha with shape [12]; unstable size 12; total size 128 ([1, 128])
layer /17 start_node /18 using full alpha [2, 9, 1, 12] with unstable size None total_size 9 output_shape 9
Optimizable variables initialized.
initial CROWN bounds (first 10 items): [11.89677619934082, 15.712374687194824, 8.845059394836426, 10.905496597290039, 17.438861846923828, 16.328453063964844, 26.69971466064453, 17.034944534301758, 11.685698509216309]
Verified with initial CROWN!
verified with init bound!
Result: safe-incomplete in 0.3540 seconds

 %%%%%%%%%%%%%%%%%%%%%%%%%%%%%%%%%%% idx: 71, vnnlib ID: 71 %%%%%%%%%%%%%%%%%%%%%%%%%%%%%%%%%%%
Finished vnnlib processing in 0.009539 seconds
Model: BoundedModule(
  (/0): BoundInput(name=/0, inputs=[], perturbed=True)
  (/7): BoundParams(name=/7, inputs=[], perturbed=False)
  (/8): BoundParams(name=/8, inputs=[], perturbed=False)
  (/9): BoundParams(name=/9, inputs=[], perturbed=False)
  (/10): BoundParams(name=/10, inputs=[], perturbed=False)
  (/11): BoundParams(name=/11, inputs=[], perturbed=False)
  (/12): BoundParams(name=/12, inputs=[], perturbed=False)
  (/13): BoundFlatten(name=/13, inputs=[/0], perturbed=True)
  (/input): BoundLinear(name=/input, inputs=[/13, /7, /8], perturbed=True)
  (/15): BoundRelu(name=/15, inputs=[/input], perturbed=True)
  (/input-3): BoundLinear(name=/input-3, inputs=[/15, /9, /10], perturbed=True)
  (/17): BoundRelu(name=/17, inputs=[/input-3], perturbed=True)
  (/18): BoundLinear(name=/18, inputs=[/17, /11, /12], perturbed=True)
)
Original output in the first batch: tensor([[ 17.80080414,  -9.84267330,  -3.41350436, -11.99003983,  -6.35559845,
          -7.23483562,  -2.21698308,  -3.37587690,  -6.19989061,   1.10881543]],
       device='cuda:0')
Split layers:
Nonlinear functions:
   BoundRelu(name=/15, inputs=[/input], perturbed=True)
   BoundRelu(name=/17, inputs=[/input-3], perturbed=True)
build batch [1/1]
layer /15 using sparse-features alpha with shape [31]; unstable size 31; total size 256 ([1, 256])
layer /15 start_node /input-3 using sparse-spec alpha [2, 10, 1, 31] with unstable size 9 total_size 128 output_shape torch.Size([128])
layer /15 start_node /18 using full alpha [2, 9, 1, 31] with unstable size None total_size 9 output_shape 9
layer /17 using sparse-features alpha with shape [9]; unstable size 9; total size 128 ([1, 128])
layer /17 start_node /18 using full alpha [2, 9, 1, 9] with unstable size None total_size 9 output_shape 9
Optimizable variables initialized.
initial CROWN bounds (first 10 items): [26.52115821838379, 20.241870880126953, 28.68635368347168, 22.68392562866211, 23.820322036743164, 19.008258819580078, 19.80500602722168, 22.990144729614258, 15.743634223937988]
Verified with initial CROWN!
verified with init bound!
Result: safe-incomplete in 0.4331 seconds

 %%%%%%%%%%%%%%%%%%%%%%%%%%%%%%%%%%% idx: 72, vnnlib ID: 72 %%%%%%%%%%%%%%%%%%%%%%%%%%%%%%%%%%%
Finished vnnlib processing in 0.016464 seconds
Model: BoundedModule(
  (/0): BoundInput(name=/0, inputs=[], perturbed=True)
  (/7): BoundParams(name=/7, inputs=[], perturbed=False)
  (/8): BoundParams(name=/8, inputs=[], perturbed=False)
  (/9): BoundParams(name=/9, inputs=[], perturbed=False)
  (/10): BoundParams(name=/10, inputs=[], perturbed=False)
  (/11): BoundParams(name=/11, inputs=[], perturbed=False)
  (/12): BoundParams(name=/12, inputs=[], perturbed=False)
  (/13): BoundFlatten(name=/13, inputs=[/0], perturbed=True)
  (/input): BoundLinear(name=/input, inputs=[/13, /7, /8], perturbed=True)
  (/15): BoundRelu(name=/15, inputs=[/input], perturbed=True)
  (/input-3): BoundLinear(name=/input-3, inputs=[/15, /9, /10], perturbed=True)
  (/17): BoundRelu(name=/17, inputs=[/input-3], perturbed=True)
  (/18): BoundLinear(name=/18, inputs=[/17, /11, /12], perturbed=True)
)
Original output in the first batch: tensor([[ 3.66128016, -1.83723974, 10.57819462,  0.59218687, -8.21932888,
         -4.31382275, -8.17501068, -1.43966150, -2.06395388, -5.30623055]],
       device='cuda:0')
Split layers:
Nonlinear functions:
   BoundRelu(name=/15, inputs=[/input], perturbed=True)
   BoundRelu(name=/17, inputs=[/input-3], perturbed=True)
build batch [1/1]
layer /15 using sparse-features alpha with shape [25]; unstable size 25; total size 256 ([1, 256])
layer /15 start_node /input-3 using sparse-spec alpha [2, 18, 1, 25] with unstable size 17 total_size 128 output_shape torch.Size([128])
layer /15 start_node /18 using full alpha [2, 9, 1, 25] with unstable size None total_size 9 output_shape 9
layer /17 using sparse-features alpha with shape [17]; unstable size 17; total size 128 ([1, 128])
layer /17 start_node /18 using full alpha [2, 9, 1, 17] with unstable size None total_size 9 output_shape 9
Optimizable variables initialized.
initial CROWN bounds (first 10 items): [5.231468677520752, 11.5842866897583, 8.999772071838379, 17.01706314086914, 13.449939727783203, 17.166717529296875, 10.707846641540527, 11.35516357421875, 13.884685516357422]
Verified with initial CROWN!
verified with init bound!
Result: safe-incomplete in 0.3832 seconds

 %%%%%%%%%%%%%%%%%%%%%%%%%%%%%%%%%%% idx: 73, vnnlib ID: 73 %%%%%%%%%%%%%%%%%%%%%%%%%%%%%%%%%%%
Finished vnnlib processing in 0.011539 seconds
Model: BoundedModule(
  (/0): BoundInput(name=/0, inputs=[], perturbed=True)
  (/7): BoundParams(name=/7, inputs=[], perturbed=False)
  (/8): BoundParams(name=/8, inputs=[], perturbed=False)
  (/9): BoundParams(name=/9, inputs=[], perturbed=False)
  (/10): BoundParams(name=/10, inputs=[], perturbed=False)
  (/11): BoundParams(name=/11, inputs=[], perturbed=False)
  (/12): BoundParams(name=/12, inputs=[], perturbed=False)
  (/13): BoundFlatten(name=/13, inputs=[/0], perturbed=True)
  (/input): BoundLinear(name=/input, inputs=[/13, /7, /8], perturbed=True)
  (/15): BoundRelu(name=/15, inputs=[/input], perturbed=True)
  (/input-3): BoundLinear(name=/input-3, inputs=[/15, /9, /10], perturbed=True)
  (/17): BoundRelu(name=/17, inputs=[/input-3], perturbed=True)
  (/18): BoundLinear(name=/18, inputs=[/17, /11, /12], perturbed=True)
)
Original output in the first batch: tensor([[ -2.85941100,  -2.95095539,  -2.97338986,  -0.93973690,  -2.76931953,
          -9.53225803, -15.43410397,   2.34421682,   1.99278557,   6.12901068]],
       device='cuda:0')
Split layers:
Nonlinear functions:
   BoundRelu(name=/15, inputs=[/input], perturbed=True)
   BoundRelu(name=/17, inputs=[/input-3], perturbed=True)
build batch [1/1]
layer /15 using sparse-features alpha with shape [46]; unstable size 46; total size 256 ([1, 256])
layer /15 start_node /input-3 using sparse-spec alpha [2, 19, 1, 46] with unstable size 18 total_size 128 output_shape torch.Size([128])
layer /15 start_node /18 using full alpha [2, 9, 1, 46] with unstable size None total_size 9 output_shape 9
layer /17 using sparse-features alpha with shape [18]; unstable size 18; total size 128 ([1, 128])
layer /17 start_node /18 using full alpha [2, 9, 1, 18] with unstable size None total_size 9 output_shape 9
Optimizable variables initialized.
initial CROWN bounds (first 10 items): [6.92852783203125, 6.998655796051025, 6.1855573654174805, 4.731372356414795, 7.386782169342041, 13.327932357788086, 18.936817169189453, 1.2502871751785278, 2.0324814319610596]
Verified with initial CROWN!
verified with init bound!
Result: safe-incomplete in 0.3741 seconds

 %%%%%%%%%%%%%%%%%%%%%%%%%%%%%%%%%%% idx: 74, vnnlib ID: 74 %%%%%%%%%%%%%%%%%%%%%%%%%%%%%%%%%%%
Finished vnnlib processing in 0.010013 seconds
Model: BoundedModule(
  (/0): BoundInput(name=/0, inputs=[], perturbed=True)
  (/7): BoundParams(name=/7, inputs=[], perturbed=False)
  (/8): BoundParams(name=/8, inputs=[], perturbed=False)
  (/9): BoundParams(name=/9, inputs=[], perturbed=False)
  (/10): BoundParams(name=/10, inputs=[], perturbed=False)
  (/11): BoundParams(name=/11, inputs=[], perturbed=False)
  (/12): BoundParams(name=/12, inputs=[], perturbed=False)
  (/13): BoundFlatten(name=/13, inputs=[/0], perturbed=True)
  (/input): BoundLinear(name=/input, inputs=[/13, /7, /8], perturbed=True)
  (/15): BoundRelu(name=/15, inputs=[/input], perturbed=True)
  (/input-3): BoundLinear(name=/input-3, inputs=[/15, /9, /10], perturbed=True)
  (/17): BoundRelu(name=/17, inputs=[/input-3], perturbed=True)
  (/18): BoundLinear(name=/18, inputs=[/17, /11, /12], perturbed=True)
)
Original output in the first batch: tensor([[-9.10118484,  8.41845894, -5.04974604, -2.69686866, -1.39794469,
         -4.19247150, -6.86123371, -0.61599976, -0.51221853, -3.62216830]],
       device='cuda:0')
Split layers:
Nonlinear functions:
   BoundRelu(name=/15, inputs=[/input], perturbed=True)
   BoundRelu(name=/17, inputs=[/input-3], perturbed=True)
build batch [1/1]
layer /15 using sparse-features alpha with shape [46]; unstable size 46; total size 256 ([1, 256])
layer /15 start_node /input-3 using sparse-spec alpha [2, 17, 1, 46] with unstable size 16 total_size 128 output_shape torch.Size([128])
layer /15 start_node /18 using full alpha [2, 9, 1, 46] with unstable size None total_size 9 output_shape 9
layer /17 using sparse-features alpha with shape [16]; unstable size 16; total size 128 ([1, 128])
layer /17 start_node /18 using full alpha [2, 9, 1, 16] with unstable size None total_size 9 output_shape 9
Optimizable variables initialized.
initial CROWN bounds (first 10 items): [15.60334300994873, 11.496393203735352, 8.957441329956055, 8.10978889465332, 10.216486930847168, 13.188933372497559, 7.157772064208984, 7.1458916664123535, 9.77255630493164]
Verified with initial CROWN!
verified with init bound!
Result: safe-incomplete in 0.3937 seconds

 %%%%%%%%%%%%%%%%%%%%%%%%%%%%%%%%%%% idx: 75, vnnlib ID: 75 %%%%%%%%%%%%%%%%%%%%%%%%%%%%%%%%%%%
Finished vnnlib processing in 0.008707 seconds
Model: BoundedModule(
  (/0): BoundInput(name=/0, inputs=[], perturbed=True)
  (/7): BoundParams(name=/7, inputs=[], perturbed=False)
  (/8): BoundParams(name=/8, inputs=[], perturbed=False)
  (/9): BoundParams(name=/9, inputs=[], perturbed=False)
  (/10): BoundParams(name=/10, inputs=[], perturbed=False)
  (/11): BoundParams(name=/11, inputs=[], perturbed=False)
  (/12): BoundParams(name=/12, inputs=[], perturbed=False)
  (/13): BoundFlatten(name=/13, inputs=[/0], perturbed=True)
  (/input): BoundLinear(name=/input, inputs=[/13, /7, /8], perturbed=True)
  (/15): BoundRelu(name=/15, inputs=[/input], perturbed=True)
  (/input-3): BoundLinear(name=/input-3, inputs=[/15, /9, /10], perturbed=True)
  (/17): BoundRelu(name=/17, inputs=[/input-3], perturbed=True)
  (/18): BoundLinear(name=/18, inputs=[/17, /11, /12], perturbed=True)
)
Original output in the first batch: tensor([[ -8.15952206,  -0.38179180,  -0.18398385,   2.96325254,  -3.25146365,
          -6.58594322, -18.47572708,  11.47425079,  -2.88096213,  -2.62757325]],
       device='cuda:0')
Split layers:
Nonlinear functions:
   BoundRelu(name=/15, inputs=[/input], perturbed=True)
   BoundRelu(name=/17, inputs=[/input-3], perturbed=True)
build batch [1/1]
layer /15 using sparse-features alpha with shape [33]; unstable size 33; total size 256 ([1, 256])
layer /15 start_node /input-3 using sparse-spec alpha [2, 16, 1, 33] with unstable size 15 total_size 128 output_shape torch.Size([128])
layer /15 start_node /18 using full alpha [2, 9, 1, 33] with unstable size None total_size 9 output_shape 9
layer /17 using sparse-features alpha with shape [15]; unstable size 15; total size 128 ([1, 128])
layer /17 start_node /18 using full alpha [2, 9, 1, 15] with unstable size None total_size 9 output_shape 9
Optimizable variables initialized.
initial CROWN bounds (first 10 items): [17.83673095703125, 10.488398551940918, 9.947525024414062, 6.8931050300598145, 12.872513771057129, 15.811868667602539, 27.305469512939453, 12.201284408569336, 12.2508544921875]
Verified with initial CROWN!
verified with init bound!
Result: safe-incomplete in 0.3390 seconds

 %%%%%%%%%%%%%%%%%%%%%%%%%%%%%%%%%%% idx: 76, vnnlib ID: 76 %%%%%%%%%%%%%%%%%%%%%%%%%%%%%%%%%%%
Finished vnnlib processing in 0.009255 seconds
Model: BoundedModule(
  (/0): BoundInput(name=/0, inputs=[], perturbed=True)
  (/7): BoundParams(name=/7, inputs=[], perturbed=False)
  (/8): BoundParams(name=/8, inputs=[], perturbed=False)
  (/9): BoundParams(name=/9, inputs=[], perturbed=False)
  (/10): BoundParams(name=/10, inputs=[], perturbed=False)
  (/11): BoundParams(name=/11, inputs=[], perturbed=False)
  (/12): BoundParams(name=/12, inputs=[], perturbed=False)
  (/13): BoundFlatten(name=/13, inputs=[/0], perturbed=True)
  (/input): BoundLinear(name=/input, inputs=[/13, /7, /8], perturbed=True)
  (/15): BoundRelu(name=/15, inputs=[/input], perturbed=True)
  (/input-3): BoundLinear(name=/input-3, inputs=[/15, /9, /10], perturbed=True)
  (/17): BoundRelu(name=/17, inputs=[/input-3], perturbed=True)
  (/18): BoundLinear(name=/18, inputs=[/17, /11, /12], perturbed=True)
)
Original output in the first batch: tensor([[ -8.14232826,  -3.07840681,  -4.04332685,  11.50756645,  -5.02831650,
           0.34818810, -13.14070415,  -8.23801708,   1.06796825,  -0.66529614]],
       device='cuda:0')
Split layers:
Nonlinear functions:
   BoundRelu(name=/15, inputs=[/input], perturbed=True)
   BoundRelu(name=/17, inputs=[/input-3], perturbed=True)
build batch [1/1]
layer /15 using sparse-features alpha with shape [41]; unstable size 41; total size 256 ([1, 256])
layer /15 start_node /input-3 using sparse-spec alpha [2, 24, 1, 41] with unstable size 23 total_size 128 output_shape torch.Size([128])
layer /15 start_node /18 using full alpha [2, 9, 1, 41] with unstable size None total_size 9 output_shape 9
layer /17 using sparse-features alpha with shape [23]; unstable size 23; total size 128 ([1, 128])
layer /17 start_node /18 using full alpha [2, 9, 1, 23] with unstable size None total_size 9 output_shape 9
Optimizable variables initialized.
initial CROWN bounds (first 10 items): [17.485410690307617, 12.628510475158691, 13.641935348510742, 14.161850929260254, 8.74466323852539, 21.84930419921875, 17.5300235748291, 8.641504287719727, 10.013215065002441]
Verified with initial CROWN!
verified with init bound!
Result: safe-incomplete in 0.3896 seconds

 %%%%%%%%%%%%%%%%%%%%%%%%%%%%%%%%%%% idx: 77, vnnlib ID: 77 %%%%%%%%%%%%%%%%%%%%%%%%%%%%%%%%%%%
Finished vnnlib processing in 0.012145 seconds
Model: BoundedModule(
  (/0): BoundInput(name=/0, inputs=[], perturbed=True)
  (/7): BoundParams(name=/7, inputs=[], perturbed=False)
  (/8): BoundParams(name=/8, inputs=[], perturbed=False)
  (/9): BoundParams(name=/9, inputs=[], perturbed=False)
  (/10): BoundParams(name=/10, inputs=[], perturbed=False)
  (/11): BoundParams(name=/11, inputs=[], perturbed=False)
  (/12): BoundParams(name=/12, inputs=[], perturbed=False)
  (/13): BoundFlatten(name=/13, inputs=[/0], perturbed=True)
  (/input): BoundLinear(name=/input, inputs=[/13, /7, /8], perturbed=True)
  (/15): BoundRelu(name=/15, inputs=[/input], perturbed=True)
  (/input-3): BoundLinear(name=/input-3, inputs=[/15, /9, /10], perturbed=True)
  (/17): BoundRelu(name=/17, inputs=[/input-3], perturbed=True)
  (/18): BoundLinear(name=/18, inputs=[/17, /11, /12], perturbed=True)
)
Original output in the first batch: tensor([[-2.90143871,  1.64694691,  6.83908129, -0.45309067, -8.20645237,
         -2.78026915, -4.71359730,  1.43077242,  0.59937829, -5.69816780]],
       device='cuda:0')
Split layers:
Nonlinear functions:
   BoundRelu(name=/15, inputs=[/input], perturbed=True)
   BoundRelu(name=/17, inputs=[/input-3], perturbed=True)
build batch [1/1]
layer /15 using sparse-features alpha with shape [45]; unstable size 45; total size 256 ([1, 256])
layer /15 start_node /input-3 using sparse-spec alpha [2, 22, 1, 45] with unstable size 21 total_size 128 output_shape torch.Size([128])
layer /15 start_node /18 using full alpha [2, 9, 1, 45] with unstable size None total_size 9 output_shape 9
layer /17 using sparse-features alpha with shape [21]; unstable size 21; total size 128 ([1, 128])
layer /17 start_node /18 using full alpha [2, 9, 1, 21] with unstable size None total_size 9 output_shape 9
Optimizable variables initialized.
initial CROWN bounds (first 10 items): [8.403263092041016, 4.196939945220947, 6.287275791168213, 13.216582298278809, 7.751279354095459, 9.743354797363281, 4.154754638671875, 4.981332778930664, 10.879748344421387]
Verified with initial CROWN!
verified with init bound!
Result: safe-incomplete in 0.4958 seconds

 %%%%%%%%%%%%%%%%%%%%%%%%%%%%%%%%%%% idx: 78, vnnlib ID: 78 %%%%%%%%%%%%%%%%%%%%%%%%%%%%%%%%%%%
Finished vnnlib processing in 0.014047 seconds
Model: BoundedModule(
  (/0): BoundInput(name=/0, inputs=[], perturbed=True)
  (/7): BoundParams(name=/7, inputs=[], perturbed=False)
  (/8): BoundParams(name=/8, inputs=[], perturbed=False)
  (/9): BoundParams(name=/9, inputs=[], perturbed=False)
  (/10): BoundParams(name=/10, inputs=[], perturbed=False)
  (/11): BoundParams(name=/11, inputs=[], perturbed=False)
  (/12): BoundParams(name=/12, inputs=[], perturbed=False)
  (/13): BoundFlatten(name=/13, inputs=[/0], perturbed=True)
  (/input): BoundLinear(name=/input, inputs=[/13, /7, /8], perturbed=True)
  (/15): BoundRelu(name=/15, inputs=[/input], perturbed=True)
  (/input-3): BoundLinear(name=/input-3, inputs=[/15, /9, /10], perturbed=True)
  (/17): BoundRelu(name=/17, inputs=[/input-3], perturbed=True)
  (/18): BoundLinear(name=/18, inputs=[/17, /11, /12], perturbed=True)
)
Original output in the first batch: tensor([[ -6.30503416,  -2.81595850,  -6.49470758,  -1.56561100,   2.32303548,
          -5.43956852, -12.65797901,  -1.58429778,   1.21678793,   6.08599949]],
       device='cuda:0')
Split layers:
Nonlinear functions:
   BoundRelu(name=/15, inputs=[/input], perturbed=True)
   BoundRelu(name=/17, inputs=[/input-3], perturbed=True)
build batch [1/1]
layer /15 using sparse-features alpha with shape [52]; unstable size 52; total size 256 ([1, 256])
layer /15 start_node /input-3 using sparse-spec alpha [2, 23, 1, 52] with unstable size 22 total_size 128 output_shape torch.Size([128])
layer /15 start_node /18 using full alpha [2, 9, 1, 52] with unstable size None total_size 9 output_shape 9
layer /17 using sparse-features alpha with shape [22]; unstable size 22; total size 128 ([1, 128])
layer /17 start_node /18 using full alpha [2, 9, 1, 22] with unstable size None total_size 9 output_shape 9
Optimizable variables initialized.
initial CROWN bounds (first 10 items): [9.866206169128418, 6.539402008056641, 9.67801570892334, 4.964895725250244, 1.2603027820587158, 8.433099746704102, 15.308175086975098, 5.183499813079834, 2.3000147342681885]
Verified with initial CROWN!
verified with init bound!
Result: safe-incomplete in 0.4388 seconds

 %%%%%%%%%%%%%%%%%%%%%%%%%%%%%%%%%%% idx: 79, vnnlib ID: 79 %%%%%%%%%%%%%%%%%%%%%%%%%%%%%%%%%%%
Finished vnnlib processing in 0.014321 seconds
Model: BoundedModule(
  (/0): BoundInput(name=/0, inputs=[], perturbed=True)
  (/7): BoundParams(name=/7, inputs=[], perturbed=False)
  (/8): BoundParams(name=/8, inputs=[], perturbed=False)
  (/9): BoundParams(name=/9, inputs=[], perturbed=False)
  (/10): BoundParams(name=/10, inputs=[], perturbed=False)
  (/11): BoundParams(name=/11, inputs=[], perturbed=False)
  (/12): BoundParams(name=/12, inputs=[], perturbed=False)
  (/13): BoundFlatten(name=/13, inputs=[/0], perturbed=True)
  (/input): BoundLinear(name=/input, inputs=[/13, /7, /8], perturbed=True)
  (/15): BoundRelu(name=/15, inputs=[/input], perturbed=True)
  (/input-3): BoundLinear(name=/input-3, inputs=[/15, /9, /10], perturbed=True)
  (/17): BoundRelu(name=/17, inputs=[/input-3], perturbed=True)
  (/18): BoundLinear(name=/18, inputs=[/17, /11, /12], perturbed=True)
)
Original output in the first batch: tensor([[ -4.84876299,  -3.60532355,   1.34074831,   1.10181224,  -6.53134251,
          -7.83188820, -21.73127556,  11.19607162,   0.02925423,  -1.02885711]],
       device='cuda:0')
Split layers:
Nonlinear functions:
   BoundRelu(name=/15, inputs=[/input], perturbed=True)
   BoundRelu(name=/17, inputs=[/input-3], perturbed=True)
build batch [1/1]
layer /15 using sparse-features alpha with shape [27]; unstable size 27; total size 256 ([1, 256])
layer /15 start_node /input-3 using sparse-spec alpha [2, 10, 1, 27] with unstable size 9 total_size 128 output_shape torch.Size([128])
layer /15 start_node /18 using full alpha [2, 9, 1, 27] with unstable size None total_size 9 output_shape 9
layer /17 using sparse-features alpha with shape [9]; unstable size 9; total size 128 ([1, 128])
layer /17 start_node /18 using full alpha [2, 9, 1, 9] with unstable size None total_size 9 output_shape 9
Optimizable variables initialized.
initial CROWN bounds (first 10 items): [14.106207847595215, 13.449597358703613, 7.90358304977417, 8.623516082763672, 16.172956466674805, 16.9195613861084, 30.20380210876465, 9.078218460083008, 10.690013885498047]
Verified with initial CROWN!
verified with init bound!
Result: safe-incomplete in 0.4778 seconds

 %%%%%%%%%%%%%%%%%%%%%%%%%%%%%%%%%%% idx: 80, vnnlib ID: 80 %%%%%%%%%%%%%%%%%%%%%%%%%%%%%%%%%%%
Finished vnnlib processing in 0.012228 seconds
Model: BoundedModule(
  (/0): BoundInput(name=/0, inputs=[], perturbed=True)
  (/7): BoundParams(name=/7, inputs=[], perturbed=False)
  (/8): BoundParams(name=/8, inputs=[], perturbed=False)
  (/9): BoundParams(name=/9, inputs=[], perturbed=False)
  (/10): BoundParams(name=/10, inputs=[], perturbed=False)
  (/11): BoundParams(name=/11, inputs=[], perturbed=False)
  (/12): BoundParams(name=/12, inputs=[], perturbed=False)
  (/13): BoundFlatten(name=/13, inputs=[/0], perturbed=True)
  (/input): BoundLinear(name=/input, inputs=[/13, /7, /8], perturbed=True)
  (/15): BoundRelu(name=/15, inputs=[/input], perturbed=True)
  (/input-3): BoundLinear(name=/input-3, inputs=[/15, /9, /10], perturbed=True)
  (/17): BoundRelu(name=/17, inputs=[/input-3], perturbed=True)
  (/18): BoundLinear(name=/18, inputs=[/17, /11, /12], perturbed=True)
)
Original output in the first batch: tensor([[ -1.42045629,  -2.98849177,  -4.87563419,  -4.50409269,  -0.51641816,
          -1.71225536, -11.81274509,   8.50670815,  -6.11740875,   2.81700754]],
       device='cuda:0')
Split layers:
Nonlinear functions:
   BoundRelu(name=/15, inputs=[/input], perturbed=True)
   BoundRelu(name=/17, inputs=[/input-3], perturbed=True)
build batch [1/1]
layer /15 using sparse-features alpha with shape [41]; unstable size 41; total size 256 ([1, 256])
layer /15 start_node /input-3 using sparse-spec alpha [2, 19, 1, 41] with unstable size 18 total_size 128 output_shape torch.Size([128])
layer /15 start_node /18 using full alpha [2, 9, 1, 41] with unstable size None total_size 9 output_shape 9
layer /17 using sparse-features alpha with shape [18]; unstable size 18; total size 128 ([1, 128])
layer /17 start_node /18 using full alpha [2, 9, 1, 18] with unstable size None total_size 9 output_shape 9
Optimizable variables initialized.
initial CROWN bounds (first 10 items): [8.23430347442627, 9.864383697509766, 11.645339965820312, 11.387947082519531, 6.537026882171631, 7.758699417114258, 17.69327735900879, 12.469158172607422, 3.7100701332092285]
Verified with initial CROWN!
verified with init bound!
Result: safe-incomplete in 0.4119 seconds

 %%%%%%%%%%%%%%%%%%%%%%%%%%%%%%%%%%% idx: 81, vnnlib ID: 81 %%%%%%%%%%%%%%%%%%%%%%%%%%%%%%%%%%%
Finished vnnlib processing in 0.012946 seconds
Model: BoundedModule(
  (/0): BoundInput(name=/0, inputs=[], perturbed=True)
  (/7): BoundParams(name=/7, inputs=[], perturbed=False)
  (/8): BoundParams(name=/8, inputs=[], perturbed=False)
  (/9): BoundParams(name=/9, inputs=[], perturbed=False)
  (/10): BoundParams(name=/10, inputs=[], perturbed=False)
  (/11): BoundParams(name=/11, inputs=[], perturbed=False)
  (/12): BoundParams(name=/12, inputs=[], perturbed=False)
  (/13): BoundFlatten(name=/13, inputs=[/0], perturbed=True)
  (/input): BoundLinear(name=/input, inputs=[/13, /7, /8], perturbed=True)
  (/15): BoundRelu(name=/15, inputs=[/input], perturbed=True)
  (/input-3): BoundLinear(name=/input-3, inputs=[/15, /9, /10], perturbed=True)
  (/17): BoundRelu(name=/17, inputs=[/input-3], perturbed=True)
  (/18): BoundLinear(name=/18, inputs=[/17, /11, /12], perturbed=True)
)
Original output in the first batch: tensor([[ 0.66305727, -2.17865753, -1.14544439, -7.42638874, -2.76713777,
         -0.88122177,  5.64596367, -4.72021866, -2.27126694, -0.24295846]],
       device='cuda:0')
Split layers:
Nonlinear functions:
   BoundRelu(name=/15, inputs=[/input], perturbed=True)
   BoundRelu(name=/17, inputs=[/input-3], perturbed=True)
build batch [1/1]
layer /15 using sparse-features alpha with shape [44]; unstable size 44; total size 256 ([1, 256])
layer /15 start_node /input-3 using sparse-spec alpha [2, 23, 1, 44] with unstable size 22 total_size 128 output_shape torch.Size([128])
layer /15 start_node /18 using full alpha [2, 9, 1, 44] with unstable size None total_size 9 output_shape 9
layer /17 using sparse-features alpha with shape [22]; unstable size 22; total size 128 ([1, 128])
layer /17 start_node /18 using full alpha [2, 9, 1, 22] with unstable size None total_size 9 output_shape 9
Optimizable variables initialized.
initial CROWN bounds (first 10 items): [3.1326425075531006, 5.883937358856201, 4.459203720092773, 10.705148696899414, 6.328710556030273, 4.519643306732178, 7.747021675109863, 6.015319347381592, 3.3253300189971924]
Verified with initial CROWN!
verified with init bound!
Result: safe-incomplete in 0.9059 seconds

 %%%%%%%%%%%%%%%%%%%%%%%%%%%%%%%%%%% idx: 82, vnnlib ID: 82 %%%%%%%%%%%%%%%%%%%%%%%%%%%%%%%%%%%
Finished vnnlib processing in 0.022575 seconds
Model: BoundedModule(
  (/0): BoundInput(name=/0, inputs=[], perturbed=True)
  (/7): BoundParams(name=/7, inputs=[], perturbed=False)
  (/8): BoundParams(name=/8, inputs=[], perturbed=False)
  (/9): BoundParams(name=/9, inputs=[], perturbed=False)
  (/10): BoundParams(name=/10, inputs=[], perturbed=False)
  (/11): BoundParams(name=/11, inputs=[], perturbed=False)
  (/12): BoundParams(name=/12, inputs=[], perturbed=False)
  (/13): BoundFlatten(name=/13, inputs=[/0], perturbed=True)
  (/input): BoundLinear(name=/input, inputs=[/13, /7, /8], perturbed=True)
  (/15): BoundRelu(name=/15, inputs=[/input], perturbed=True)
  (/input-3): BoundLinear(name=/input-3, inputs=[/15, /9, /10], perturbed=True)
  (/17): BoundRelu(name=/17, inputs=[/input-3], perturbed=True)
  (/18): BoundLinear(name=/18, inputs=[/17, /11, /12], perturbed=True)
)
Original output in the first batch: tensor([[-3.21383190, -0.42514333, 13.51295471,  0.21563956, -4.56935596,
         -9.02464676, -8.94517803, -0.11406915, -0.23276243, -8.74010468]],
       device='cuda:0')
Split layers:
Nonlinear functions:
   BoundRelu(name=/15, inputs=[/input], perturbed=True)
   BoundRelu(name=/17, inputs=[/input-3], perturbed=True)
build batch [1/1]
layer /15 using sparse-features alpha with shape [29]; unstable size 29; total size 256 ([1, 256])
layer /15 start_node /input-3 using sparse-spec alpha [2, 10, 1, 29] with unstable size 9 total_size 128 output_shape torch.Size([128])
layer /15 start_node /18 using full alpha [2, 9, 1, 29] with unstable size None total_size 9 output_shape 9
layer /17 using sparse-features alpha with shape [9]; unstable size 9; total size 128 ([1, 128])
layer /17 start_node /18 using full alpha [2, 9, 1, 9] with unstable size None total_size 9 output_shape 9
Optimizable variables initialized.
initial CROWN bounds (first 10 items): [15.360013008117676, 13.018850326538086, 12.258767127990723, 16.30009651184082, 20.990234375, 20.87566375732422, 12.318476676940918, 12.437186241149902, 20.36908721923828]
Verified with initial CROWN!
verified with init bound!
Result: safe-incomplete in 0.9445 seconds

 %%%%%%%%%%%%%%%%%%%%%%%%%%%%%%%%%%% idx: 83, vnnlib ID: 83 %%%%%%%%%%%%%%%%%%%%%%%%%%%%%%%%%%%
Finished vnnlib processing in 0.022364 seconds
Model: BoundedModule(
  (/0): BoundInput(name=/0, inputs=[], perturbed=True)
  (/7): BoundParams(name=/7, inputs=[], perturbed=False)
  (/8): BoundParams(name=/8, inputs=[], perturbed=False)
  (/9): BoundParams(name=/9, inputs=[], perturbed=False)
  (/10): BoundParams(name=/10, inputs=[], perturbed=False)
  (/11): BoundParams(name=/11, inputs=[], perturbed=False)
  (/12): BoundParams(name=/12, inputs=[], perturbed=False)
  (/13): BoundFlatten(name=/13, inputs=[/0], perturbed=True)
  (/input): BoundLinear(name=/input, inputs=[/13, /7, /8], perturbed=True)
  (/15): BoundRelu(name=/15, inputs=[/input], perturbed=True)
  (/input-3): BoundLinear(name=/input-3, inputs=[/15, /9, /10], perturbed=True)
  (/17): BoundRelu(name=/17, inputs=[/input-3], perturbed=True)
  (/18): BoundLinear(name=/18, inputs=[/17, /11, /12], perturbed=True)
)
Original output in the first batch: tensor([[ -1.44607484,  -3.32545590,  -2.78354335,  -3.00621462,  -2.96278024,
          -2.96609592, -13.49857426,  10.94150925,  -5.29274559,   1.96165836]],
       device='cuda:0')
Split layers:
Nonlinear functions:
   BoundRelu(name=/15, inputs=[/input], perturbed=True)
   BoundRelu(name=/17, inputs=[/input-3], perturbed=True)
build batch [1/1]
layer /15 using sparse-features alpha with shape [32]; unstable size 32; total size 256 ([1, 256])
layer /15 start_node /input-3 using sparse-spec alpha [2, 20, 1, 32] with unstable size 19 total_size 128 output_shape torch.Size([128])
layer /15 start_node /18 using full alpha [2, 9, 1, 32] with unstable size None total_size 9 output_shape 9
layer /17 using sparse-features alpha with shape [19]; unstable size 19; total size 128 ([1, 128])
layer /17 start_node /18 using full alpha [2, 9, 1, 19] with unstable size None total_size 9 output_shape 9
Optimizable variables initialized.
initial CROWN bounds (first 10 items): [10.481945037841797, 12.596102714538574, 11.892542839050293, 12.084465980529785, 11.701294898986816, 11.444782257080078, 21.57419204711914, 14.000977516174316, 7.27294921875]
Verified with initial CROWN!
verified with init bound!
Result: safe-incomplete in 0.9445 seconds

 %%%%%%%%%%%%%%%%%%%%%%%%%%%%%%%%%%% idx: 84, vnnlib ID: 84 %%%%%%%%%%%%%%%%%%%%%%%%%%%%%%%%%%%
Finished vnnlib processing in 0.023420 seconds
Model: BoundedModule(
  (/0): BoundInput(name=/0, inputs=[], perturbed=True)
  (/7): BoundParams(name=/7, inputs=[], perturbed=False)
  (/8): BoundParams(name=/8, inputs=[], perturbed=False)
  (/9): BoundParams(name=/9, inputs=[], perturbed=False)
  (/10): BoundParams(name=/10, inputs=[], perturbed=False)
  (/11): BoundParams(name=/11, inputs=[], perturbed=False)
  (/12): BoundParams(name=/12, inputs=[], perturbed=False)
  (/13): BoundFlatten(name=/13, inputs=[/0], perturbed=True)
  (/input): BoundLinear(name=/input, inputs=[/13, /7, /8], perturbed=True)
  (/15): BoundRelu(name=/15, inputs=[/input], perturbed=True)
  (/input-3): BoundLinear(name=/input-3, inputs=[/15, /9, /10], perturbed=True)
  (/17): BoundRelu(name=/17, inputs=[/input-3], perturbed=True)
  (/18): BoundLinear(name=/18, inputs=[/17, /11, /12], perturbed=True)
)
Original output in the first batch: tensor([[-5.80420160, -3.71910882, -3.08887434, -2.47308111, -1.22559690,
          1.05158985, -0.55134702, -6.40002728,  7.27450752, -5.16715384]],
       device='cuda:0')
Split layers:
Nonlinear functions:
   BoundRelu(name=/15, inputs=[/input], perturbed=True)
   BoundRelu(name=/17, inputs=[/input-3], perturbed=True)
build batch [1/1]
layer /15 using sparse-features alpha with shape [45]; unstable size 45; total size 256 ([1, 256])
layer /15 start_node /input-3 using sparse-spec alpha [2, 9, 1, 45] with unstable size 8 total_size 128 output_shape torch.Size([128])
layer /15 start_node /18 using full alpha [2, 9, 1, 45] with unstable size None total_size 9 output_shape 9
layer /17 using sparse-features alpha with shape [8]; unstable size 8; total size 128 ([1, 128])
layer /17 start_node /18 using full alpha [2, 9, 1, 8] with unstable size None total_size 9 output_shape 9
Optimizable variables initialized.
initial CROWN bounds (first 10 items): [11.83541202545166, 9.963773727416992, 9.11790943145752, 8.487363815307617, 6.900396823883057, 4.367534637451172, 6.483398914337158, 12.149529457092285, 10.952853202819824]
Verified with initial CROWN!
verified with init bound!
Result: safe-incomplete in 0.9980 seconds

 %%%%%%%%%%%%%%%%%%%%%%%%%%%%%%%%%%% idx: 85, vnnlib ID: 85 %%%%%%%%%%%%%%%%%%%%%%%%%%%%%%%%%%%
Finished vnnlib processing in 0.020206 seconds
Model: BoundedModule(
  (/0): BoundInput(name=/0, inputs=[], perturbed=True)
  (/7): BoundParams(name=/7, inputs=[], perturbed=False)
  (/8): BoundParams(name=/8, inputs=[], perturbed=False)
  (/9): BoundParams(name=/9, inputs=[], perturbed=False)
  (/10): BoundParams(name=/10, inputs=[], perturbed=False)
  (/11): BoundParams(name=/11, inputs=[], perturbed=False)
  (/12): BoundParams(name=/12, inputs=[], perturbed=False)
  (/13): BoundFlatten(name=/13, inputs=[/0], perturbed=True)
  (/input): BoundLinear(name=/input, inputs=[/13, /7, /8], perturbed=True)
  (/15): BoundRelu(name=/15, inputs=[/input], perturbed=True)
  (/input-3): BoundLinear(name=/input-3, inputs=[/15, /9, /10], perturbed=True)
  (/17): BoundRelu(name=/17, inputs=[/input-3], perturbed=True)
  (/18): BoundLinear(name=/18, inputs=[/17, /11, /12], perturbed=True)
)
Original output in the first batch: tensor([[-12.93310928,  -5.82966328,  -9.32284737,  -8.72544003,  17.79674721,
          -1.60809112, -10.81824970,  -4.93185902,  -3.45565271,   1.18308723]],
       device='cuda:0')
Split layers:
Nonlinear functions:
   BoundRelu(name=/15, inputs=[/input], perturbed=True)
   BoundRelu(name=/17, inputs=[/input-3], perturbed=True)
build batch [1/1]
layer /15 using sparse-features alpha with shape [20]; unstable size 20; total size 256 ([1, 256])
layer /15 start_node /input-3 using sparse-spec alpha [2, 9, 1, 20] with unstable size 8 total_size 128 output_shape torch.Size([128])
layer /15 start_node /18 using full alpha [2, 9, 1, 20] with unstable size None total_size 9 output_shape 9
layer /17 using sparse-features alpha with shape [8]; unstable size 8; total size 128 ([1, 128])
layer /17 start_node /18 using full alpha [2, 9, 1, 8] with unstable size None total_size 9 output_shape 9
Optimizable variables initialized.
initial CROWN bounds (first 10 items): [29.217924118041992, 22.412063598632812, 25.61089324951172, 24.594022750854492, 17.537593841552734, 26.85524559020996, 21.41779899597168, 19.47896957397461, 15.084258079528809]
Verified with initial CROWN!
verified with init bound!
Result: safe-incomplete in 0.9558 seconds

 %%%%%%%%%%%%%%%%%%%%%%%%%%%%%%%%%%% idx: 86, vnnlib ID: 86 %%%%%%%%%%%%%%%%%%%%%%%%%%%%%%%%%%%
Finished vnnlib processing in 0.020219 seconds
Model: BoundedModule(
  (/0): BoundInput(name=/0, inputs=[], perturbed=True)
  (/7): BoundParams(name=/7, inputs=[], perturbed=False)
  (/8): BoundParams(name=/8, inputs=[], perturbed=False)
  (/9): BoundParams(name=/9, inputs=[], perturbed=False)
  (/10): BoundParams(name=/10, inputs=[], perturbed=False)
  (/11): BoundParams(name=/11, inputs=[], perturbed=False)
  (/12): BoundParams(name=/12, inputs=[], perturbed=False)
  (/13): BoundFlatten(name=/13, inputs=[/0], perturbed=True)
  (/input): BoundLinear(name=/input, inputs=[/13, /7, /8], perturbed=True)
  (/15): BoundRelu(name=/15, inputs=[/input], perturbed=True)
  (/input-3): BoundLinear(name=/input-3, inputs=[/15, /9, /10], perturbed=True)
  (/17): BoundRelu(name=/17, inputs=[/input-3], perturbed=True)
  (/18): BoundLinear(name=/18, inputs=[/17, /11, /12], perturbed=True)
)
Original output in the first batch: tensor([[ -3.56691241,  -2.14743567,   1.89832449,   0.53062963,  -7.94707012,
          -6.96414566, -17.13865662,  10.91214848,  -0.73194689,  -2.44917226]],
       device='cuda:0')
Split layers:
Nonlinear functions:
   BoundRelu(name=/15, inputs=[/input], perturbed=True)
   BoundRelu(name=/17, inputs=[/input-3], perturbed=True)
build batch [1/1]
layer /15 using sparse-features alpha with shape [33]; unstable size 33; total size 256 ([1, 256])
layer /15 start_node /input-3 using sparse-spec alpha [2, 12, 1, 33] with unstable size 11 total_size 128 output_shape torch.Size([128])
layer /15 start_node /18 using full alpha [2, 9, 1, 33] with unstable size None total_size 9 output_shape 9
layer /17 using sparse-features alpha with shape [11]; unstable size 11; total size 128 ([1, 128])
layer /17 start_node /18 using full alpha [2, 9, 1, 11] with unstable size None total_size 9 output_shape 9
Optimizable variables initialized.
initial CROWN bounds (first 10 items): [12.334015846252441, 11.60478687286377, 7.072788715362549, 8.839323997497559, 17.100568771362305, 15.647420883178711, 25.02715492248535, 9.511373519897461, 11.504703521728516]
Verified with initial CROWN!
verified with init bound!
Result: safe-incomplete in 0.9185 seconds

 %%%%%%%%%%%%%%%%%%%%%%%%%%%%%%%%%%% idx: 87, vnnlib ID: 87 %%%%%%%%%%%%%%%%%%%%%%%%%%%%%%%%%%%
Finished vnnlib processing in 0.022734 seconds
Model: BoundedModule(
  (/0): BoundInput(name=/0, inputs=[], perturbed=True)
  (/7): BoundParams(name=/7, inputs=[], perturbed=False)
  (/8): BoundParams(name=/8, inputs=[], perturbed=False)
  (/9): BoundParams(name=/9, inputs=[], perturbed=False)
  (/10): BoundParams(name=/10, inputs=[], perturbed=False)
  (/11): BoundParams(name=/11, inputs=[], perturbed=False)
  (/12): BoundParams(name=/12, inputs=[], perturbed=False)
  (/13): BoundFlatten(name=/13, inputs=[/0], perturbed=True)
  (/input): BoundLinear(name=/input, inputs=[/13, /7, /8], perturbed=True)
  (/15): BoundRelu(name=/15, inputs=[/input], perturbed=True)
  (/input-3): BoundLinear(name=/input-3, inputs=[/15, /9, /10], perturbed=True)
  (/17): BoundRelu(name=/17, inputs=[/input-3], perturbed=True)
  (/18): BoundLinear(name=/18, inputs=[/17, /11, /12], perturbed=True)
)
Original output in the first batch: tensor([[ -6.92386198,  -2.09951830,  -2.05980968,  10.02372265,  -4.95093441,
          -0.50147706, -11.32810307,   0.20030351,  -4.23561668,  -1.49125040]],
       device='cuda:0')
Split layers:
Nonlinear functions:
   BoundRelu(name=/15, inputs=[/input], perturbed=True)
   BoundRelu(name=/17, inputs=[/input-3], perturbed=True)
build batch [1/1]
layer /15 using sparse-features alpha with shape [35]; unstable size 35; total size 256 ([1, 256])
layer /15 start_node /input-3 using sparse-spec alpha [2, 27, 1, 35] with unstable size 26 total_size 128 output_shape torch.Size([128])
layer /15 start_node /18 using full alpha [2, 9, 1, 35] with unstable size None total_size 9 output_shape 9
layer /17 using sparse-features alpha with shape [26]; unstable size 26; total size 128 ([1, 128])
layer /17 start_node /18 using full alpha [2, 9, 1, 26] with unstable size None total_size 9 output_shape 9
Optimizable variables initialized.
initial CROWN bounds (first 10 items): [14.658247947692871, 10.272130966186523, 10.20024585723877, 12.586854934692383, 8.706345558166504, 18.929899215698242, 7.465651988983154, 12.97749137878418, 9.588907241821289]
Verified with initial CROWN!
verified with init bound!
Result: safe-incomplete in 0.9545 seconds

 %%%%%%%%%%%%%%%%%%%%%%%%%%%%%%%%%%% idx: 88, vnnlib ID: 88 %%%%%%%%%%%%%%%%%%%%%%%%%%%%%%%%%%%
Finished vnnlib processing in 0.019765 seconds
Model: BoundedModule(
  (/0): BoundInput(name=/0, inputs=[], perturbed=True)
  (/7): BoundParams(name=/7, inputs=[], perturbed=False)
  (/8): BoundParams(name=/8, inputs=[], perturbed=False)
  (/9): BoundParams(name=/9, inputs=[], perturbed=False)
  (/10): BoundParams(name=/10, inputs=[], perturbed=False)
  (/11): BoundParams(name=/11, inputs=[], perturbed=False)
  (/12): BoundParams(name=/12, inputs=[], perturbed=False)
  (/13): BoundFlatten(name=/13, inputs=[/0], perturbed=True)
  (/input): BoundLinear(name=/input, inputs=[/13, /7, /8], perturbed=True)
  (/15): BoundRelu(name=/15, inputs=[/input], perturbed=True)
  (/input-3): BoundLinear(name=/input-3, inputs=[/15, /9, /10], perturbed=True)
  (/17): BoundRelu(name=/17, inputs=[/input-3], perturbed=True)
  (/18): BoundLinear(name=/18, inputs=[/17, /11, /12], perturbed=True)
)
Original output in the first batch: tensor([[ -0.52433747,  -4.07513332,  -2.49908137, -10.54527187,   1.83966279,
          -0.30895647,  11.43693829,  -7.81104755,  -2.54926324,  -7.64092684]],
       device='cuda:0')
Split layers:
Nonlinear functions:
   BoundRelu(name=/15, inputs=[/input], perturbed=True)
   BoundRelu(name=/17, inputs=[/input-3], perturbed=True)
build batch [1/1]
layer /15 using sparse-features alpha with shape [43]; unstable size 43; total size 256 ([1, 256])
layer /15 start_node /input-3 using sparse-spec alpha [2, 15, 1, 43] with unstable size 14 total_size 128 output_shape torch.Size([128])
layer /15 start_node /18 using full alpha [2, 9, 1, 43] with unstable size None total_size 9 output_shape 9
layer /17 using sparse-features alpha with shape [14]; unstable size 14; total size 128 ([1, 128])
layer /17 start_node /18 using full alpha [2, 9, 1, 14] with unstable size None total_size 9 output_shape 9
Optimizable variables initialized.
initial CROWN bounds (first 10 items): [10.6748628616333, 14.305572509765625, 12.445826530456543, 20.21816635131836, 7.789081573486328, 10.054622650146484, 17.554344177246094, 12.523920059204102, 16.974271774291992]
Verified with initial CROWN!
verified with init bound!
Result: safe-incomplete in 0.9680 seconds

 %%%%%%%%%%%%%%%%%%%%%%%%%%%%%%%%%%% idx: 89, vnnlib ID: 89 %%%%%%%%%%%%%%%%%%%%%%%%%%%%%%%%%%%
Finished vnnlib processing in 0.019205 seconds
Model: BoundedModule(
  (/0): BoundInput(name=/0, inputs=[], perturbed=True)
  (/7): BoundParams(name=/7, inputs=[], perturbed=False)
  (/8): BoundParams(name=/8, inputs=[], perturbed=False)
  (/9): BoundParams(name=/9, inputs=[], perturbed=False)
  (/10): BoundParams(name=/10, inputs=[], perturbed=False)
  (/11): BoundParams(name=/11, inputs=[], perturbed=False)
  (/12): BoundParams(name=/12, inputs=[], perturbed=False)
  (/13): BoundFlatten(name=/13, inputs=[/0], perturbed=True)
  (/input): BoundLinear(name=/input, inputs=[/13, /7, /8], perturbed=True)
  (/15): BoundRelu(name=/15, inputs=[/input], perturbed=True)
  (/input-3): BoundLinear(name=/input-3, inputs=[/15, /9, /10], perturbed=True)
  (/17): BoundRelu(name=/17, inputs=[/input-3], perturbed=True)
  (/18): BoundLinear(name=/18, inputs=[/17, /11, /12], perturbed=True)
)
Original output in the first batch: tensor([[-7.79466772,  9.10382271, -1.46030784, -3.21265984, -1.63033545,
         -3.46154213, -5.30316162, -0.09206502, -1.48559952, -8.94461536]],
       device='cuda:0')
Split layers:
Nonlinear functions:
   BoundRelu(name=/15, inputs=[/input], perturbed=True)
   BoundRelu(name=/17, inputs=[/input-3], perturbed=True)
build batch [1/1]
layer /15 using sparse-features alpha with shape [49]; unstable size 49; total size 256 ([1, 256])
layer /15 start_node /input-3 using sparse-spec alpha [2, 23, 1, 49] with unstable size 22 total_size 128 output_shape torch.Size([128])
layer /15 start_node /18 using full alpha [2, 9, 1, 49] with unstable size None total_size 9 output_shape 9
layer /17 using sparse-features alpha with shape [22]; unstable size 22; total size 128 ([1, 128])
layer /17 start_node /18 using full alpha [2, 9, 1, 22] with unstable size None total_size 9 output_shape 9
Optimizable variables initialized.
initial CROWN bounds (first 10 items): [14.910086631774902, 8.337254524230957, 10.245397567749023, 8.497525215148926, 10.261499404907227, 12.027091026306152, 7.524628639221191, 8.461071014404297, 15.677355766296387]
Verified with initial CROWN!
verified with init bound!
Result: safe-incomplete in 0.9391 seconds

 %%%%%%%%%%%%%%%%%%%%%%%%%%%%%%%%%%% idx: 90, vnnlib ID: 90 %%%%%%%%%%%%%%%%%%%%%%%%%%%%%%%%%%%
Finished vnnlib processing in 0.020812 seconds
Model: BoundedModule(
  (/0): BoundInput(name=/0, inputs=[], perturbed=True)
  (/7): BoundParams(name=/7, inputs=[], perturbed=False)
  (/8): BoundParams(name=/8, inputs=[], perturbed=False)
  (/9): BoundParams(name=/9, inputs=[], perturbed=False)
  (/10): BoundParams(name=/10, inputs=[], perturbed=False)
  (/11): BoundParams(name=/11, inputs=[], perturbed=False)
  (/12): BoundParams(name=/12, inputs=[], perturbed=False)
  (/13): BoundFlatten(name=/13, inputs=[/0], perturbed=True)
  (/input): BoundLinear(name=/input, inputs=[/13, /7, /8], perturbed=True)
  (/15): BoundRelu(name=/15, inputs=[/input], perturbed=True)
  (/input-3): BoundLinear(name=/input-3, inputs=[/15, /9, /10], perturbed=True)
  (/17): BoundRelu(name=/17, inputs=[/input-3], perturbed=True)
  (/18): BoundLinear(name=/18, inputs=[/17, /11, /12], perturbed=True)
)
Original output in the first batch: tensor([[ -2.65179229,  -6.60700226,  -3.59984708,  10.48670673, -10.37826061,
           0.49957675, -13.51947594,  -8.04277802,   2.72627950,   1.36050737]],
       device='cuda:0')
Split layers:
Nonlinear functions:
   BoundRelu(name=/15, inputs=[/input], perturbed=True)
   BoundRelu(name=/17, inputs=[/input-3], perturbed=True)
build batch [1/1]
layer /15 using sparse-features alpha with shape [33]; unstable size 33; total size 256 ([1, 256])
layer /15 start_node /input-3 using sparse-spec alpha [2, 17, 1, 33] with unstable size 16 total_size 128 output_shape torch.Size([128])
layer /15 start_node /18 using full alpha [2, 9, 1, 33] with unstable size None total_size 9 output_shape 9
layer /17 using sparse-features alpha with shape [16]; unstable size 16; total size 128 ([1, 128])
layer /17 start_node /18 using full alpha [2, 9, 1, 16] with unstable size None total_size 9 output_shape 9
Optimizable variables initialized.
initial CROWN bounds (first 10 items): [10.866680145263672, 15.426849365234375, 12.29063606262207, 18.674379348754883, 8.334524154663086, 21.592037200927734, 16.434375762939453, 6.226754188537598, 7.135476589202881]
Verified with initial CROWN!
verified with init bound!
Result: safe-incomplete in 0.9372 seconds

 %%%%%%%%%%%%%%%%%%%%%%%%%%%%%%%%%%% idx: 91, vnnlib ID: 91 %%%%%%%%%%%%%%%%%%%%%%%%%%%%%%%%%%%
Finished vnnlib processing in 0.022799 seconds
Model: BoundedModule(
  (/0): BoundInput(name=/0, inputs=[], perturbed=True)
  (/7): BoundParams(name=/7, inputs=[], perturbed=False)
  (/8): BoundParams(name=/8, inputs=[], perturbed=False)
  (/9): BoundParams(name=/9, inputs=[], perturbed=False)
  (/10): BoundParams(name=/10, inputs=[], perturbed=False)
  (/11): BoundParams(name=/11, inputs=[], perturbed=False)
  (/12): BoundParams(name=/12, inputs=[], perturbed=False)
  (/13): BoundFlatten(name=/13, inputs=[/0], perturbed=True)
  (/input): BoundLinear(name=/input, inputs=[/13, /7, /8], perturbed=True)
  (/15): BoundRelu(name=/15, inputs=[/input], perturbed=True)
  (/input-3): BoundLinear(name=/input-3, inputs=[/15, /9, /10], perturbed=True)
  (/17): BoundRelu(name=/17, inputs=[/input-3], perturbed=True)
  (/18): BoundLinear(name=/18, inputs=[/17, /11, /12], perturbed=True)
)
Original output in the first batch: tensor([[-4.62351370, -1.46755528, -3.67347169, -2.80633664, -3.18158650,
          2.67001271,  8.98064899, -8.93361092, -0.91923338, -6.99453163]],
       device='cuda:0')
Split layers:
Nonlinear functions:
   BoundRelu(name=/15, inputs=[/input], perturbed=True)
   BoundRelu(name=/17, inputs=[/input-3], perturbed=True)
build batch [1/1]
layer /15 using sparse-features alpha with shape [41]; unstable size 41; total size 256 ([1, 256])
layer /15 start_node /input-3 using sparse-spec alpha [2, 17, 1, 41] with unstable size 16 total_size 128 output_shape torch.Size([128])
layer /15 start_node /18 using full alpha [2, 9, 1, 41] with unstable size None total_size 9 output_shape 9
layer /17 using sparse-features alpha with shape [16]; unstable size 16; total size 128 ([1, 128])
layer /17 start_node /18 using full alpha [2, 9, 1, 16] with unstable size None total_size 9 output_shape 9
Optimizable variables initialized.
initial CROWN bounds (first 10 items): [12.087202072143555, 8.905425071716309, 10.675992965698242, 9.584473609924316, 10.257529258728027, 4.498331546783447, 15.857131004333496, 8.109808921813965, 13.483372688293457]
Verified with initial CROWN!
verified with init bound!
Result: safe-incomplete in 0.9272 seconds

 %%%%%%%%%%%%%%%%%%%%%%%%%%%%%%%%%%% idx: 92, vnnlib ID: 92 %%%%%%%%%%%%%%%%%%%%%%%%%%%%%%%%%%%
Finished vnnlib processing in 0.031345 seconds
Model: BoundedModule(
  (/0): BoundInput(name=/0, inputs=[], perturbed=True)
  (/7): BoundParams(name=/7, inputs=[], perturbed=False)
  (/8): BoundParams(name=/8, inputs=[], perturbed=False)
  (/9): BoundParams(name=/9, inputs=[], perturbed=False)
  (/10): BoundParams(name=/10, inputs=[], perturbed=False)
  (/11): BoundParams(name=/11, inputs=[], perturbed=False)
  (/12): BoundParams(name=/12, inputs=[], perturbed=False)
  (/13): BoundFlatten(name=/13, inputs=[/0], perturbed=True)
  (/input): BoundLinear(name=/input, inputs=[/13, /7, /8], perturbed=True)
  (/15): BoundRelu(name=/15, inputs=[/input], perturbed=True)
  (/input-3): BoundLinear(name=/input-3, inputs=[/15, /9, /10], perturbed=True)
  (/17): BoundRelu(name=/17, inputs=[/input-3], perturbed=True)
  (/18): BoundLinear(name=/18, inputs=[/17, /11, /12], perturbed=True)
)
Original output in the first batch: tensor([[-5.83159781, -2.71136117, -3.52568293, -3.34212136,  2.68870854,
         -3.13623238, -7.88584423, -2.51089787, -0.83195698,  6.24802494]],
       device='cuda:0')
Split layers:
Nonlinear functions:
   BoundRelu(name=/15, inputs=[/input], perturbed=True)
   BoundRelu(name=/17, inputs=[/input-3], perturbed=True)
build batch [1/1]
layer /15 using sparse-features alpha with shape [61]; unstable size 61; total size 256 ([1, 256])
layer /15 start_node /input-3 using sparse-spec alpha [2, 34, 1, 61] with unstable size 33 total_size 128 output_shape torch.Size([128])
layer /15 start_node /18 using full alpha [2, 9, 1, 61] with unstable size None total_size 9 output_shape 9
layer /17 using sparse-features alpha with shape [33]; unstable size 33; total size 128 ([1, 128])
layer /17 start_node /18 using full alpha [2, 9, 1, 33] with unstable size None total_size 9 output_shape 9
Optimizable variables initialized.
initial CROWN bounds (first 10 items): [9.231660842895508, 5.875033378601074, 6.029752731323242, 6.30039119720459, 0.8290221691131592, 6.14023494720459, 10.358637809753418, 5.494247913360596, 4.068039417266846]
Verified with initial CROWN!
verified with init bound!
Result: safe-incomplete in 0.9505 seconds

 %%%%%%%%%%%%%%%%%%%%%%%%%%%%%%%%%%% idx: 93, vnnlib ID: 93 %%%%%%%%%%%%%%%%%%%%%%%%%%%%%%%%%%%
Finished vnnlib processing in 0.020135 seconds
Model: BoundedModule(
  (/0): BoundInput(name=/0, inputs=[], perturbed=True)
  (/7): BoundParams(name=/7, inputs=[], perturbed=False)
  (/8): BoundParams(name=/8, inputs=[], perturbed=False)
  (/9): BoundParams(name=/9, inputs=[], perturbed=False)
  (/10): BoundParams(name=/10, inputs=[], perturbed=False)
  (/11): BoundParams(name=/11, inputs=[], perturbed=False)
  (/12): BoundParams(name=/12, inputs=[], perturbed=False)
  (/13): BoundFlatten(name=/13, inputs=[/0], perturbed=True)
  (/input): BoundLinear(name=/input, inputs=[/13, /7, /8], perturbed=True)
  (/15): BoundRelu(name=/15, inputs=[/input], perturbed=True)
  (/input-3): BoundLinear(name=/input-3, inputs=[/15, /9, /10], perturbed=True)
  (/17): BoundRelu(name=/17, inputs=[/input-3], perturbed=True)
  (/18): BoundLinear(name=/18, inputs=[/17, /11, /12], perturbed=True)
)
Original output in the first batch: tensor([[ -2.28749561,  -7.04294872,  -3.18010354,  11.39633560, -10.73120689,
           1.15097451, -17.26290703,  -7.01338625,  -0.71541005,   2.38856649]],
       device='cuda:0')
Split layers:
Nonlinear functions:
   BoundRelu(name=/15, inputs=[/input], perturbed=True)
   BoundRelu(name=/17, inputs=[/input-3], perturbed=True)
build batch [1/1]
layer /15 using sparse-features alpha with shape [30]; unstable size 30; total size 256 ([1, 256])
layer /15 start_node /input-3 using sparse-spec alpha [2, 13, 1, 30] with unstable size 12 total_size 128 output_shape torch.Size([128])
layer /15 start_node /18 using full alpha [2, 9, 1, 30] with unstable size None total_size 9 output_shape 9
layer /17 using sparse-features alpha with shape [12]; unstable size 12; total size 128 ([1, 128])
layer /17 start_node /18 using full alpha [2, 9, 1, 12] with unstable size None total_size 9 output_shape 9
Optimizable variables initialized.
initial CROWN bounds (first 10 items): [11.508435249328613, 16.844242095947266, 12.761421203613281, 20.012798309326172, 8.534347534179688, 26.304601669311523, 16.288745880126953, 10.580107688903809, 7.189295291900635]
Verified with initial CROWN!
verified with init bound!
Result: safe-incomplete in 0.9586 seconds

 %%%%%%%%%%%%%%%%%%%%%%%%%%%%%%%%%%% idx: 94, vnnlib ID: 94 %%%%%%%%%%%%%%%%%%%%%%%%%%%%%%%%%%%
Finished vnnlib processing in 0.022235 seconds
Model: BoundedModule(
  (/0): BoundInput(name=/0, inputs=[], perturbed=True)
  (/7): BoundParams(name=/7, inputs=[], perturbed=False)
  (/8): BoundParams(name=/8, inputs=[], perturbed=False)
  (/9): BoundParams(name=/9, inputs=[], perturbed=False)
  (/10): BoundParams(name=/10, inputs=[], perturbed=False)
  (/11): BoundParams(name=/11, inputs=[], perturbed=False)
  (/12): BoundParams(name=/12, inputs=[], perturbed=False)
  (/13): BoundFlatten(name=/13, inputs=[/0], perturbed=True)
  (/input): BoundLinear(name=/input, inputs=[/13, /7, /8], perturbed=True)
  (/15): BoundRelu(name=/15, inputs=[/input], perturbed=True)
  (/input-3): BoundLinear(name=/input-3, inputs=[/15, /9, /10], perturbed=True)
  (/17): BoundRelu(name=/17, inputs=[/input-3], perturbed=True)
  (/18): BoundLinear(name=/18, inputs=[/17, /11, /12], perturbed=True)
)
Original output in the first batch: tensor([[-10.95334148,   8.71411324,  -3.42059755,  -3.92438579,   1.43129301,
          -7.26773167,  -5.87880707,  -2.29568720,   0.92077643,  -5.95973873]],
       device='cuda:0')
Split layers:
Nonlinear functions:
   BoundRelu(name=/15, inputs=[/input], perturbed=True)
   BoundRelu(name=/17, inputs=[/input-3], perturbed=True)
build batch [1/1]
layer /15 using sparse-features alpha with shape [32]; unstable size 32; total size 256 ([1, 256])
layer /15 start_node /input-3 using sparse-spec alpha [2, 11, 1, 32] with unstable size 10 total_size 128 output_shape torch.Size([128])
layer /15 start_node /18 using full alpha [2, 9, 1, 32] with unstable size None total_size 9 output_shape 9
layer /17 using sparse-features alpha with shape [10]; unstable size 10; total size 128 ([1, 128])
layer /17 start_node /18 using full alpha [2, 9, 1, 10] with unstable size None total_size 9 output_shape 9
Optimizable variables initialized.
initial CROWN bounds (first 10 items): [18.02480125427246, 10.470937728881836, 10.940603256225586, 5.727016448974609, 14.149012565612793, 12.852303504943848, 9.64831829071045, 6.096006393432617, 12.914618492126465]
Verified with initial CROWN!
verified with init bound!
Result: safe-incomplete in 0.9309 seconds

 %%%%%%%%%%%%%%%%%%%%%%%%%%%%%%%%%%% idx: 95, vnnlib ID: 95 %%%%%%%%%%%%%%%%%%%%%%%%%%%%%%%%%%%
Finished vnnlib processing in 0.013883 seconds
Model: BoundedModule(
  (/0): BoundInput(name=/0, inputs=[], perturbed=True)
  (/7): BoundParams(name=/7, inputs=[], perturbed=False)
  (/8): BoundParams(name=/8, inputs=[], perturbed=False)
  (/9): BoundParams(name=/9, inputs=[], perturbed=False)
  (/10): BoundParams(name=/10, inputs=[], perturbed=False)
  (/11): BoundParams(name=/11, inputs=[], perturbed=False)
  (/12): BoundParams(name=/12, inputs=[], perturbed=False)
  (/13): BoundFlatten(name=/13, inputs=[/0], perturbed=True)
  (/input): BoundLinear(name=/input, inputs=[/13, /7, /8], perturbed=True)
  (/15): BoundRelu(name=/15, inputs=[/input], perturbed=True)
  (/input-3): BoundLinear(name=/input-3, inputs=[/15, /9, /10], perturbed=True)
  (/17): BoundRelu(name=/17, inputs=[/input-3], perturbed=True)
  (/18): BoundLinear(name=/18, inputs=[/17, /11, /12], perturbed=True)
)
Original output in the first batch: tensor([[-5.70474482, -5.37834883, -4.86401796, -7.49621725, 10.54047680,
         -2.80994272, -5.63579512, -4.97263908, -2.97763491,  2.22322893]],
       device='cuda:0')
Split layers:
Nonlinear functions:
   BoundRelu(name=/15, inputs=[/input], perturbed=True)
   BoundRelu(name=/17, inputs=[/input-3], perturbed=True)
build batch [1/1]
layer /15 using sparse-features alpha with shape [24]; unstable size 24; total size 256 ([1, 256])
layer /15 start_node /input-3 using sparse-spec alpha [2, 19, 1, 24] with unstable size 18 total_size 128 output_shape torch.Size([128])
layer /15 start_node /18 using full alpha [2, 9, 1, 24] with unstable size None total_size 9 output_shape 9
layer /17 using sparse-features alpha with shape [18]; unstable size 18; total size 128 ([1, 128])
layer /17 start_node /18 using full alpha [2, 9, 1, 18] with unstable size None total_size 9 output_shape 9
Optimizable variables initialized.
initial CROWN bounds (first 10 items): [14.271974563598633, 14.297587394714355, 13.344239234924316, 15.675423622131348, 10.988733291625977, 14.11352825164795, 13.870965957641602, 11.343175888061523, 5.897348880767822]
Verified with initial CROWN!
verified with init bound!
Result: safe-incomplete in 0.9341 seconds

 %%%%%%%%%%%%%%%%%%%%%%%%%%%%%%%%%%% idx: 96, vnnlib ID: 96 %%%%%%%%%%%%%%%%%%%%%%%%%%%%%%%%%%%
Finished vnnlib processing in 0.017517 seconds
Model: BoundedModule(
  (/0): BoundInput(name=/0, inputs=[], perturbed=True)
  (/7): BoundParams(name=/7, inputs=[], perturbed=False)
  (/8): BoundParams(name=/8, inputs=[], perturbed=False)
  (/9): BoundParams(name=/9, inputs=[], perturbed=False)
  (/10): BoundParams(name=/10, inputs=[], perturbed=False)
  (/11): BoundParams(name=/11, inputs=[], perturbed=False)
  (/12): BoundParams(name=/12, inputs=[], perturbed=False)
  (/13): BoundFlatten(name=/13, inputs=[/0], perturbed=True)
  (/input): BoundLinear(name=/input, inputs=[/13, /7, /8], perturbed=True)
  (/15): BoundRelu(name=/15, inputs=[/input], perturbed=True)
  (/input-3): BoundLinear(name=/input-3, inputs=[/15, /9, /10], perturbed=True)
  (/17): BoundRelu(name=/17, inputs=[/input-3], perturbed=True)
  (/18): BoundLinear(name=/18, inputs=[/17, /11, /12], perturbed=True)
)
Original output in the first batch: tensor([[-8.24628448,  3.22039366, -4.21759176, -0.02198335,  0.75118279,
         -2.69064689, -6.91302061, -0.85261536, -0.19197732,  0.22932497]],
       device='cuda:0')
Split layers:
Nonlinear functions:
   BoundRelu(name=/15, inputs=[/input], perturbed=True)
   BoundRelu(name=/17, inputs=[/input-3], perturbed=True)
build batch [1/1]
layer /15 using sparse-features alpha with shape [53]; unstable size 53; total size 256 ([1, 256])
layer /15 start_node /input-3 using sparse-spec alpha [2, 28, 1, 53] with unstable size 27 total_size 128 output_shape torch.Size([128])
layer /15 start_node /18 using full alpha [2, 9, 1, 53] with unstable size None total_size 9 output_shape 9
layer /17 using sparse-features alpha with shape [27]; unstable size 27; total size 128 ([1, 128])
layer /17 start_node /18 using full alpha [2, 9, 1, 27] with unstable size None total_size 9 output_shape 9
Optimizable variables initialized.
initial CROWN bounds (first 10 items): [9.390097618103027, 5.766094207763672, 0.9719243049621582, 0.5532355904579163, 3.4855844974517822, 8.457136154174805, 1.9810876846313477, 1.5465028285980225, 0.4502987265586853]
Verified with initial CROWN!
verified with init bound!
Result: safe-incomplete in 0.9304 seconds

 %%%%%%%%%%%%%%%%%%%%%%%%%%%%%%%%%%% idx: 97, vnnlib ID: 97 %%%%%%%%%%%%%%%%%%%%%%%%%%%%%%%%%%%
Finished vnnlib processing in 0.021197 seconds
Model: BoundedModule(
  (/0): BoundInput(name=/0, inputs=[], perturbed=True)
  (/7): BoundParams(name=/7, inputs=[], perturbed=False)
  (/8): BoundParams(name=/8, inputs=[], perturbed=False)
  (/9): BoundParams(name=/9, inputs=[], perturbed=False)
  (/10): BoundParams(name=/10, inputs=[], perturbed=False)
  (/11): BoundParams(name=/11, inputs=[], perturbed=False)
  (/12): BoundParams(name=/12, inputs=[], perturbed=False)
  (/13): BoundFlatten(name=/13, inputs=[/0], perturbed=True)
  (/input): BoundLinear(name=/input, inputs=[/13, /7, /8], perturbed=True)
  (/15): BoundRelu(name=/15, inputs=[/input], perturbed=True)
  (/input-3): BoundLinear(name=/input-3, inputs=[/15, /9, /10], perturbed=True)
  (/17): BoundRelu(name=/17, inputs=[/input-3], perturbed=True)
  (/18): BoundLinear(name=/18, inputs=[/17, /11, /12], perturbed=True)
)
Original output in the first batch: tensor([[ -6.57522154,  -0.65816414,   4.06263256,   3.21512771,  -2.43801045,
         -12.48105049, -14.48038483,  12.54759693,  -4.44819355,  -8.22682476]],
       device='cuda:0')
Split layers:
Nonlinear functions:
   BoundRelu(name=/15, inputs=[/input], perturbed=True)
   BoundRelu(name=/17, inputs=[/input-3], perturbed=True)
build batch [1/1]
layer /15 using sparse-features alpha with shape [29]; unstable size 29; total size 256 ([1, 256])
layer /15 start_node /input-3 using sparse-spec alpha [2, 13, 1, 29] with unstable size 12 total_size 128 output_shape torch.Size([128])
layer /15 start_node /18 using full alpha [2, 9, 1, 29] with unstable size None total_size 9 output_shape 9
layer /17 using sparse-features alpha with shape [12]; unstable size 12; total size 128 ([1, 128])
layer /17 start_node /18 using full alpha [2, 9, 1, 12] with unstable size None total_size 9 output_shape 9
Optimizable variables initialized.
initial CROWN bounds (first 10 items): [17.087583541870117, 11.808688163757324, 6.579962253570557, 7.9786553382873535, 13.079611778259277, 22.708332061767578, 23.936298370361328, 14.772134780883789, 18.862016677856445]
Verified with initial CROWN!
verified with init bound!
Result: safe-incomplete in 0.9323 seconds

 %%%%%%%%%%%%%%%%%%%%%%%%%%%%%%%%%%% idx: 98, vnnlib ID: 98 %%%%%%%%%%%%%%%%%%%%%%%%%%%%%%%%%%%
Finished vnnlib processing in 0.018662 seconds
Model: BoundedModule(
  (/0): BoundInput(name=/0, inputs=[], perturbed=True)
  (/7): BoundParams(name=/7, inputs=[], perturbed=False)
  (/8): BoundParams(name=/8, inputs=[], perturbed=False)
  (/9): BoundParams(name=/9, inputs=[], perturbed=False)
  (/10): BoundParams(name=/10, inputs=[], perturbed=False)
  (/11): BoundParams(name=/11, inputs=[], perturbed=False)
  (/12): BoundParams(name=/12, inputs=[], perturbed=False)
  (/13): BoundFlatten(name=/13, inputs=[/0], perturbed=True)
  (/input): BoundLinear(name=/input, inputs=[/13, /7, /8], perturbed=True)
  (/15): BoundRelu(name=/15, inputs=[/input], perturbed=True)
  (/input-3): BoundLinear(name=/input-3, inputs=[/15, /9, /10], perturbed=True)
  (/17): BoundRelu(name=/17, inputs=[/input-3], perturbed=True)
  (/18): BoundLinear(name=/18, inputs=[/17, /11, /12], perturbed=True)
)
Original output in the first batch: tensor([[ 2.58253694, -2.22032976, -3.52094197, -6.79069805, -2.35312676,
          1.30550706,  7.32092476, -4.89042473, -2.42270827, -4.61583090]],
       device='cuda:0')
Split layers:
Nonlinear functions:
   BoundRelu(name=/15, inputs=[/input], perturbed=True)
   BoundRelu(name=/17, inputs=[/input-3], perturbed=True)
build batch [1/1]
layer /15 using sparse-features alpha with shape [34]; unstable size 34; total size 256 ([1, 256])
layer /15 start_node /input-3 using sparse-spec alpha [2, 19, 1, 34] with unstable size 18 total_size 128 output_shape torch.Size([128])
layer /15 start_node /18 using full alpha [2, 9, 1, 34] with unstable size None total_size 9 output_shape 9
layer /17 using sparse-features alpha with shape [18]; unstable size 18; total size 128 ([1, 128])
layer /17 start_node /18 using full alpha [2, 9, 1, 18] with unstable size None total_size 9 output_shape 9
Optimizable variables initialized.
initial CROWN bounds (first 10 items): [3.2117409706115723, 8.063611030578613, 8.971782684326172, 12.482739448547363, 7.906795978546143, 4.850350856781006, 10.341188430786133, 8.600384712219238, 10.402652740478516]
Verified with initial CROWN!
verified with init bound!
Result: safe-incomplete in 0.9379 seconds

 %%%%%%%%%%%%%%%%%%%%%%%%%%%%%%%%%%% idx: 99, vnnlib ID: 99 %%%%%%%%%%%%%%%%%%%%%%%%%%%%%%%%%%%
Finished vnnlib processing in 0.025502 seconds
Model: BoundedModule(
  (/0): BoundInput(name=/0, inputs=[], perturbed=True)
  (/7): BoundParams(name=/7, inputs=[], perturbed=False)
  (/8): BoundParams(name=/8, inputs=[], perturbed=False)
  (/9): BoundParams(name=/9, inputs=[], perturbed=False)
  (/10): BoundParams(name=/10, inputs=[], perturbed=False)
  (/11): BoundParams(name=/11, inputs=[], perturbed=False)
  (/12): BoundParams(name=/12, inputs=[], perturbed=False)
  (/13): BoundFlatten(name=/13, inputs=[/0], perturbed=True)
  (/input): BoundLinear(name=/input, inputs=[/13, /7, /8], perturbed=True)
  (/15): BoundRelu(name=/15, inputs=[/input], perturbed=True)
  (/input-3): BoundLinear(name=/input-3, inputs=[/15, /9, /10], perturbed=True)
  (/17): BoundRelu(name=/17, inputs=[/input-3], perturbed=True)
  (/18): BoundLinear(name=/18, inputs=[/17, /11, /12], perturbed=True)
)
Original output in the first batch: tensor([[ -4.52596045,  -8.77180386,  -6.02257204,  -2.01628089,   0.45513815,
          -7.00523472, -15.81687260,   0.53765231,  -4.10851336,  12.29991913]],
       device='cuda:0')
Split layers:
Nonlinear functions:
   BoundRelu(name=/15, inputs=[/input], perturbed=True)
   BoundRelu(name=/17, inputs=[/input-3], perturbed=True)
build batch [1/1]
layer /15 using sparse-features alpha with shape [28]; unstable size 28; total size 256 ([1, 256])
layer /15 start_node /input-3 using sparse-spec alpha [2, 11, 1, 28] with unstable size 10 total_size 128 output_shape torch.Size([128])
layer /15 start_node /18 using full alpha [2, 9, 1, 28] with unstable size None total_size 9 output_shape 9
layer /17 using sparse-features alpha with shape [10]; unstable size 10; total size 128 ([1, 128])
layer /17 start_node /18 using full alpha [2, 9, 1, 10] with unstable size None total_size 9 output_shape 9
Optimizable variables initialized.
initial CROWN bounds (first 10 items): [15.262002944946289, 19.355838775634766, 16.593183517456055, 12.551984786987305, 9.607040405273438, 17.401039123535156, 25.86229133605957, 9.596475601196289, 14.611515045166016]
Verified with initial CROWN!
verified with init bound!
Result: safe-incomplete in 1.0618 seconds
############# Summary #############
Final verified acc: 100.0% (total 100 examples)
Problem instances count: 100 , total verified (safe/unsat): 100 , total falsified (unsafe/sat): 0 , timeout: 0
mean time for ALL instances (total 100):0.3727222236797735, max time: 5.747443437576294
mean time for verified SAFE instances(total 100): 0.37272226095199584, max time: 5.747443437576294
safe-incomplete (total 98), index: [0, 1, 2, 3, 4, 5, 6, 7, 8, 9, 10, 11, 12, 13, 14, 15, 16, 17, 18, 19, 20, 21, 22, 23, 24, 25, 26, 27, 28, 29, 30, 31, 32, 33, 34, 35, 36, 37, 38, 39, 40, 41, 42, 43, 44, 45, 46, 47, 48, 49, 50, 51, 52, 53, 54, 55, 56, 57, 58, 59, 60, 63, 64, 65, 66, 67, 68, 69, 70, 71, 72, 73, 74, 75, 76, 77, 78, 79, 80, 81, 82, 83, 84, 85, 86, 87, 88, 89, 90, 91, 92, 93, 94, 95, 96, 97, 98, 99]
safe (total 2), index: [61, 62]
