INFO     20:16:56     [tensor_storage.py:70] Hugepage enabled for branch-and-bound domains.
Configurations:

general:
  device: cuda
  seed: 100
  conv_mode: patches
  deterministic: false
  double_fp: false
  loss_reduction_func: sum
  sparse_alpha: true
  sparse_interm: true
  save_adv_example: false
  verify_onnxruntime_output: false
  eval_adv_example: false
  onnx_adv_example: false
  show_adv_example: false
  precompile_jit: false
  reset_seed_after_precompile: false
  prepare_only: false
  complete_verifier: skip
  enable_incomplete_verification: true
  csv_name: null
  results_file: out.txt
  root_path: ''
  deterministic_opt: false
  graph_optimizer: 'Customized("custom_graph_optimizer", "default_optimizer")'
  buffer_has_batchdim: false
  save_output: false
  output_file: out.pkl
  return_optimized_model: false
  store_all_specs_on_cpu: false
  adhoc_tuning: null
model:
  name: cifar_marabou_small
  path: models/marabou_cifar10/cifar_marabou_small.pth
  onnx_path: null
  onnx_path_prefix: ''
  cache_onnx_conversion: false
  debug_onnx: false
  onnx_quirks: null
  input_shape: null
  onnx_loader: default_onnx_and_vnnlib_loader
  onnx_optimization_flags: []
  onnx_vnnlib_joint_optimization_flags: none
  check_optimized: false
  flatten_final_output: false
  optimize_graph: null
  with_jacobian: false
  bound_opts: null
data:
  start: 0
  end: 20
  select_instance: null
  num_outputs: 10
  mean: 0.0
  std: 1.0
  pkl_path: null
  dataset: CIFAR
  data_filter_path: null
  data_idx_file: null
specification:
  type: lp
  robustness_type: verified-acc
  norm: .inf
  epsilon: 0.00392156863
  epsilon_min: 0.0
  vnnlib_path: null
  vnnlib_path_prefix: ''
  shrink_eps: null
  rhs_offset: null
solver:
  batch_size: 1024
  auto_enlarge_batch_size: true
  batched_crown_auto_enlarge_max_vram_ratio: 0.9
  min_batch_size_ratio: 0.1
  use_float64_in_last_iteration: false
  early_stop_patience: 10
  start_save_best: 0.5
  bound_prop_method: alpha-crown
  init_bound_prop_method: same
  prune_after_crown: true
  optimize_disjuncts_separately: false
  build_batch_size: 1000000
  skip_with_refined_bound: true
  forward_before_compute_bounds: false
  crown:
    batch_size: 1000000000
    max_crown_size: 1000000000
    activation_bound_option: adaptive
    compare_crown_with_ibp: false
  alpha-crown:
    alpha: true
    lr_alpha: 0.1
    iteration: 100
    share_alphas: false
    lr_decay: 0.98
    full_conv_alpha: true
    max_coeff_mul: .inf
    matmul_share_alphas: false
    disable_optimization: []
    max_time: 1.0
    alpha_dtype: float16
    input_split_alpha_iteration: 5
    input_split_lr_alpha: 0.05
  invprop:
    apply_output_constraints_to: []
    tighten_input_bounds: false
    best_of_oc_and_no_oc: false
    directly_optimize: []
    oc_lr: 0.1
    share_gammas: false
  beta-crown:
    lr_alpha: 0.01
    lr_beta: 0.05
    lr_decay: 0.98
    optimizer: adam
    iteration: 50
    beta: true
    beta_warmup: true
    enable_opt_interm_bounds: false
    all_node_split_LP: false
  forward:
    refine: false
    max_dim: 10000
    reset_threshold: 1.0
  mip:
    unstable_neuron_threshold: 0
    parallel_solvers: null
    solver_threads: 1
    refine_neuron_timeout: 15
    refine_neuron_time_percentage: 0.8
    early_stop: true
    adv_warmup: true
    mip_solver: gurobi
    skip_unsafe: false
    topk_filter: 1.0
    sliding_window: -1
    extra_constraint: false
    refine_neuron_timeout_increasement: 0
    timeout_neuron_percentage: 0.3
    remaining_timeout_threshold: 1
    remove_unstable_neurons: false
    formulation: mip
    output_cut: false
bab:
  max_domains: .inf
  decision_thresh: 0
  timeout: 120
  timeout_scale: 1
  max_iterations: -1
  override_timeout: null
  get_upper_bound: false
  pruning_in_iteration: true
  pruning_in_iteration_ratio: 0.2
  sort_targets: false
  batched_domain_list: true
  optimized_interm: ''
  interm_transfer: true
  recompute_interm: false
  sort_domain_interval: -1
  vanilla_crown: false
  tree_traversal: depth_first
  hugetensor_allocator: true
  cut:
    enabled: false
    cuts_path: null
    bab_cut: false
    lp_cut: false
    lr: 0.01
    lr_decay: 1.0
    iteration: 100
    bab_iteration: -1
    early_stop_patience: -1
    lr_beta: 0.02
    number_cuts: 50
    topk_cuts_in_filter: 1000
    batch_size_primal: 100
    max_num: 1000000000
    patches_cut: false
    cplex_cuts: false
    cplex_cuts_wait: 0
    cplex_cuts_revpickup: true
    cut_reference_bounds: true
    fix_intermediate_bounds: false
    manual_cuts: null
    biccos:
      enabled: false
      auto_param: true
      constraint_strengthening: true
      drop_ratio: 0.5
      max_infer_iter: 20
      max_domain: 10000.0
      heuristic: neuron_influence_score
      save_cuts: false
      multi_tree_branching:
        enabled: false
        restore_best_tree: true
        keep_n_best_domains: 50
        target_batch_size: 200
        iterations: 3
  clip_n_verify:
    rearrange_constraints: false
    alpha_crown: false
    prune: false
    final_layer: false
    clip_input_domain:
      enabled: false
      clip_type: relaxed
      clip_neuron_selection_type: ratio
      clip_neuron_selection_value: -1.0
      clip_iterations: 1
      clip_calculate_volume_metrics: false
    clip_interm_domain:
      enabled: false
      with_input: false
      clip_in_alpha_crown: false
      topk_objective: 20
  branching:
    method: kfsb
    candidates: 3
    reduceop: min
    enable_intermediate_bound_opt: false
    branching_input_and_activation: false
    branching_input_and_activation_order: [input, relu]
    branching_input_iterations: 30
    branching_relu_iterations: 50
    nonlinear_split:
      method: bbps
      disable: false
      branching_point_method: uniform
      num_branches: 2
      filter: false
      filter_beta: false
      filter_clamp: false
      filter_batch_size: 10000
      filter_iterations: 25
      relu_only: false
      loose_tanh_threshold: null
      branching_point:
        db_path: branching_points.pt
        num_iterations: 1000
        batch_size: 1000000
        range_l: -5.0
        range_u: 5.0
        log_interval: 100
        step_size_1d: 0.01
        step_size: 0.2
    input_split:
      split_hint: null
      enable: false
      reorder_bab: false
      input_dim_threshold: 20
      adv_check: 0
      split_partitions: 2
      sb_margin_weight: 1.0
      sb_sum: false
      sb_primary_spec: null
      bf_backup_thresh: -1
      bf_rhs_offset: 0
      bf_iters: 1000000000.0
      bf_batch_size: 100000
      bf_zero_crossing_score: false
      touch_zero_score: 0
      ibp_enhancement: true
      compare_with_old_bounds: true
      update_rhs_with_attack: false
      sb_coeff_thresh: 0.001
      sort_index: null
      sort_descending: true
      show_progress: false
      presplit_domains: null
      skip_getting_worst_domain: false
  attack:
    enabled: false
    beam_candidates: 8
    beam_depth: 7
    max_dive_fix_ratio: 0.8
    min_local_free_ratio: 0.2
    mip_start_iteration: 5
    mip_timeout: 30.0
    adv_pool_threshold: null
    refined_mip_attacker: false
    refined_batch_size: null
attack:
  general_attack: true
  pgd_order: skip
  pgd_steps: 100
  pgd_restarts: 30
  pgd_batch_size: 100000000
  pgd_early_stop: true
  pgd_lr_decay: 0.99
  pgd_alpha: auto
  pgd_alpha_scale: false
  pgd_loss_mode: null
  pgd_restart_when_stuck: false
  enable_mip_attack: false
  adv_saver: default_adv_saver
  adv_verifier: default_adv_verifier
  early_stop_condition: default_early_stop_condition
  adv_example_finalizer: default_adv_example_finalizer
  pgd_loss: default_pgd_loss
  cex_path: ./test_cex.txt
  attack_mode: PGD
  attack_tolerance: 0.0
  attack_func: attack_with_general_specs
  gama_lambda: 10.0
  gama_decay: 0.9
  input_split:
    pgd_steps: 100
    pgd_restarts: 30
    pgd_alpha: auto
  input_split_check_adv:
    enabled: auto
    pgd_steps: 5
    pgd_restarts: 5
    pgd_alpha: auto
    max_num_domains: 10
debug:
  view_model: false
  lp_test: null
  rescale_vnnlib_ptb: null
  test_optimized_bounds: false
  test_optimized_bounds_after_n_iterations: 0
  print_verbose_decisions: false
  biccos_mip_sanity_check: false
  sanity_check: 0
  z_split_enabled: false
  save_minimal_config: null
  save_minimal_config_omit_keys: []
/home/han/alpha-beta-CROWN/complete_verifier/load_model.py:341: FutureWarning: You are using `torch.load` with `weights_only=False` (the current default value), which uses the default pickle module implicitly. It is possible to construct malicious pickle data which will execute arbitrary code during unpickling (See https://github.com/pytorch/pytorch/blob/main/SECURITY.md#untrusted-models for more details). In a future release, the default value for `weights_only` will be flipped to `True`. This limits the functions that could be executed during unpickling. Arbitrary objects will no longer be allowed to be loaded via this mode unless they are explicitly allowlisted by the user via `torch.serialization.add_safe_globals`. We recommend you start setting `weights_only=True` for any use case where you don't have full control of the loaded file. Please open an issue on GitHub for any issues related to this experimental feature.
  sd = torch.load(expand_path(arguments.Config["model"]["path"]),

Experiments at Mon May  4 20:16:56 2026 on LAPTOP-RGROMBPB
Sequential(
  (0): Conv2d(3, 8, kernel_size=(4, 4), stride=(2, 2))
  (1): ReLU()
  (2): Conv2d(8, 16, kernel_size=(4, 4), stride=(2, 2))
  (3): ReLU()
  (4): Flatten(start_dim=1, end_dim=-1)
  (5): Linear(in_features=576, out_features=128, bias=True)
  (6): ReLU()
  (7): Linear(in_features=128, out_features=64, bias=True)
  (8): ReLU()
  (9): Linear(in_features=64, out_features=10, bias=True)
)
Parameters:
  0.weight: shape torch.Size([8, 3, 4, 4])
  0.bias: shape torch.Size([8])
  2.weight: shape torch.Size([16, 8, 4, 4])
  2.bias: shape torch.Size([16])
  5.weight: shape torch.Size([128, 576])
  5.bias: shape torch.Size([128])
  7.weight: shape torch.Size([64, 128])
  7.bias: shape torch.Size([64])
  9.weight: shape torch.Size([10, 64])
  9.bias: shape torch.Size([10])
Trying generic MNIST/CIFAR data loader.
Files already downloaded and verified
/home/han/alpha-beta-CROWN/complete_verifier/specifications.py:342: UserWarning: Creating a tensor from a list of numpy.ndarrays is extremely slow. Please consider converting the list to a single numpy.ndarray with numpy.array() before converting to a tensor. (Triggered internally at ../torch/csrc/utils/tensor_new.cpp:278.)
  x_range_list = torch.Tensor(x_range_list).to(dtype=dtype, device=device).view(input_shape + [2])
Internal results will be saved to out.txt.

 %%%%%%%%%%%%%%%%%%%%%%%%%%%%%%%%%%% idx: 0, vnnlib ID: 0 %%%%%%%%%%%%%%%%%%%%%%%%%%%%%%%%%%%
Finished vnnlib processing in 0.351529 seconds
Model: BoundedModule(
  (/input-1): BoundInput(name=/input-1, inputs=[], perturbed=True)
  (/1): BoundParams(name=/1, inputs=[], perturbed=False)
  (/2): BoundParams(name=/2, inputs=[], perturbed=False)
  (/3): BoundParams(name=/3, inputs=[], perturbed=False)
  (/4): BoundParams(name=/4, inputs=[], perturbed=False)
  (/5): BoundParams(name=/5, inputs=[], perturbed=False)
  (/6): BoundParams(name=/6, inputs=[], perturbed=False)
  (/7): BoundParams(name=/7, inputs=[], perturbed=False)
  (/8): BoundParams(name=/8, inputs=[], perturbed=False)
  (/9): BoundParams(name=/9, inputs=[], perturbed=False)
  (/10): BoundParams(name=/10, inputs=[], perturbed=False)
  (/input): BoundConv(name=/input, inputs=[/input-1, /1, /2], perturbed=True)
  (/input-4): BoundRelu(name=/input-4, inputs=[/input], perturbed=True)
  (/input-8): BoundConv(name=/input-8, inputs=[/input-4, /3, /4], perturbed=True)
  (/14): BoundRelu(name=/14, inputs=[/input-8], perturbed=True)
  (/15): BoundFlatten(name=/15, inputs=[/14], perturbed=True)
  (/input-12): BoundLinear(name=/input-12, inputs=[/15, /5, /6], perturbed=True)
  (/17): BoundRelu(name=/17, inputs=[/input-12], perturbed=True)
  (/input-16): BoundLinear(name=/input-16, inputs=[/17, /7, /8], perturbed=True)
  (/19): BoundRelu(name=/19, inputs=[/input-16], perturbed=True)
  (/20): BoundLinear(name=/20, inputs=[/19, /9, /10], perturbed=True)
)
Original output in the first batch: tensor([[-1.92737579, -2.77405930, -0.62547624,  2.09529805, -1.31049156,
          2.23329186, -0.43348008, -0.04873103, -1.37979186, -1.53567266]],
       device='cuda:0')
Split layers:
Nonlinear functions:
   BoundRelu(name=/input-4, inputs=[/input], perturbed=True)
   BoundRelu(name=/14, inputs=[/input-8], perturbed=True)
   BoundRelu(name=/17, inputs=[/input-12], perturbed=True)
   BoundRelu(name=/19, inputs=[/input-16], perturbed=True)
build batch [1/1]
layer /input-4 using sparse-features alpha with shape [204]; unstable size 204; total size 1800 ([1, 8, 15, 15])
layer /input-4 start_node /input-8 using sparse-spec alpha [2, 93, 1, 204] with unstable size 92 total_size 576 output_shape (16, 6, 6)
layer /input-4 start_node /input-12 using sparse-spec alpha [2, 40, 1, 204] with unstable size 39 total_size 128 output_shape torch.Size([128])
layer /input-4 start_node /input-16 using sparse-spec alpha [2, 34, 1, 204] with unstable size 33 total_size 64 output_shape torch.Size([64])
layer /input-4 start_node /20 using full alpha [2, 9, 1, 204] with unstable size None total_size 9 output_shape 9
layer /14 using sparse-features alpha with shape [92]; unstable size 92; total size 576 ([1, 16, 6, 6])
layer /14 start_node /input-12 using sparse-spec alpha [2, 40, 1, 92] with unstable size 39 total_size 128 output_shape torch.Size([128])
layer /14 start_node /input-16 using sparse-spec alpha [2, 34, 1, 92] with unstable size 33 total_size 64 output_shape torch.Size([64])
layer /14 start_node /20 using full alpha [2, 9, 1, 92] with unstable size None total_size 9 output_shape 9
layer /17 using sparse-features alpha with shape [39]; unstable size 39; total size 128 ([1, 128])
layer /17 start_node /input-16 using sparse-spec alpha [2, 34, 1, 39] with unstable size 33 total_size 64 output_shape torch.Size([64])
layer /17 start_node /20 using full alpha [2, 9, 1, 39] with unstable size None total_size 9 output_shape 9
layer /19 using sparse-features alpha with shape [33]; unstable size 33; total size 64 ([1, 64])
layer /19 start_node /20 using full alpha [2, 9, 1, 33] with unstable size None total_size 9 output_shape 9
Optimizable variables initialized.
initial CROWN bounds (first 10 items): [1.7599791288375854, 1.8702698945999146, 0.8597407937049866, 1.2349226474761963, -1.2597696781158447, 0.771864652633667, -0.2122785449028015, 0.7935550212860107, 1.4443109035491943]
prune_after_crown optimization in use
  original spec size = torch.Size([1, 9])
  pruned spec size = torch.Size([1, 2])
Using alpha-CROWN to initialize bounds.
best_l after optimization: -0.45643073320388794
alpha/beta optimization time: 5.963748455047607
initial alpha-crown bounds (first 10 items): [-0.9722388982772827, 0.5158081650733948]
Global lower bound: -0.9722388982772827
torch.Size([1, 2])
8 / 9 OR specs are verified.
Verified OR indices (first 10 items): [0, 1, 2, 3, 5, 6, 7, 8]
Verified OR lbs (first 10 items): [[inf], [inf], [inf], [inf], [inf], [0.5158081650733948], [inf], [inf]]
Unverified OR indices (first 10 items): [4]
Unverified OR lbs (first 10 items): [[-0.9722388982772827]]
Result: unknown in 7.2314 seconds

 %%%%%%%%%%%%%%%%%%%%%%%%%%%%%%%%%%% idx: 1, vnnlib ID: 1 %%%%%%%%%%%%%%%%%%%%%%%%%%%%%%%%%%%
Finished vnnlib processing in 0.003974 seconds
Model: BoundedModule(
  (/input-1): BoundInput(name=/input-1, inputs=[], perturbed=True)
  (/1): BoundParams(name=/1, inputs=[], perturbed=False)
  (/2): BoundParams(name=/2, inputs=[], perturbed=False)
  (/3): BoundParams(name=/3, inputs=[], perturbed=False)
  (/4): BoundParams(name=/4, inputs=[], perturbed=False)
  (/5): BoundParams(name=/5, inputs=[], perturbed=False)
  (/6): BoundParams(name=/6, inputs=[], perturbed=False)
  (/7): BoundParams(name=/7, inputs=[], perturbed=False)
  (/8): BoundParams(name=/8, inputs=[], perturbed=False)
  (/9): BoundParams(name=/9, inputs=[], perturbed=False)
  (/10): BoundParams(name=/10, inputs=[], perturbed=False)
  (/input): BoundConv(name=/input, inputs=[/input-1, /1, /2], perturbed=True)
  (/input-4): BoundRelu(name=/input-4, inputs=[/input], perturbed=True)
  (/input-8): BoundConv(name=/input-8, inputs=[/input-4, /3, /4], perturbed=True)
  (/14): BoundRelu(name=/14, inputs=[/input-8], perturbed=True)
  (/15): BoundFlatten(name=/15, inputs=[/14], perturbed=True)
  (/input-12): BoundLinear(name=/input-12, inputs=[/15, /5, /6], perturbed=True)
  (/17): BoundRelu(name=/17, inputs=[/input-12], perturbed=True)
  (/input-16): BoundLinear(name=/input-16, inputs=[/17, /7, /8], perturbed=True)
  (/19): BoundRelu(name=/19, inputs=[/input-16], perturbed=True)
  (/20): BoundLinear(name=/20, inputs=[/19, /9, /10], perturbed=True)
)
Original output in the first batch: tensor([[ 3.32889462,  5.82874107, -2.86666560, -3.70354080, -4.72177458,
         -5.79681301, -7.63900661, -6.62763834,  5.24139833,  2.39701438]],
       device='cuda:0')
Split layers:
Nonlinear functions:
   BoundRelu(name=/input-4, inputs=[/input], perturbed=True)
   BoundRelu(name=/14, inputs=[/input-8], perturbed=True)
   BoundRelu(name=/17, inputs=[/input-12], perturbed=True)
   BoundRelu(name=/19, inputs=[/input-16], perturbed=True)
build batch [1/1]
layer /input-4 using sparse-features alpha with shape [149]; unstable size 149; total size 1800 ([1, 8, 15, 15])
layer /input-4 start_node /input-8 using sparse-spec alpha [2, 67, 1, 149] with unstable size 66 total_size 576 output_shape (16, 6, 6)
layer /input-4 start_node /input-12 using sparse-spec alpha [2, 37, 1, 149] with unstable size 36 total_size 128 output_shape torch.Size([128])
layer /input-4 start_node /input-16 using sparse-spec alpha [2, 17, 1, 149] with unstable size 16 total_size 64 output_shape torch.Size([64])
layer /input-4 start_node /20 using full alpha [2, 9, 1, 149] with unstable size None total_size 9 output_shape 9
layer /14 using sparse-features alpha with shape [66]; unstable size 66; total size 576 ([1, 16, 6, 6])
layer /14 start_node /input-12 using sparse-spec alpha [2, 37, 1, 66] with unstable size 36 total_size 128 output_shape torch.Size([128])
layer /14 start_node /input-16 using sparse-spec alpha [2, 17, 1, 66] with unstable size 16 total_size 64 output_shape torch.Size([64])
layer /14 start_node /20 using full alpha [2, 9, 1, 66] with unstable size None total_size 9 output_shape 9
layer /17 using sparse-features alpha with shape [36]; unstable size 36; total size 128 ([1, 128])
layer /17 start_node /input-16 using sparse-spec alpha [2, 17, 1, 36] with unstable size 16 total_size 64 output_shape torch.Size([64])
layer /17 start_node /20 using full alpha [2, 9, 1, 36] with unstable size None total_size 9 output_shape 9
layer /19 using sparse-features alpha with shape [16]; unstable size 16; total size 64 ([1, 64])
layer /19 start_node /20 using full alpha [2, 9, 1, 16] with unstable size None total_size 9 output_shape 9
Optimizable variables initialized.
initial CROWN bounds (first 10 items): [-0.10194063186645508, -3.012056827545166, 5.865347862243652, 6.847578525543213, 7.6254658699035645, 8.708246231079102, 10.290628433227539, 8.729554176330566, -0.07894182205200195]
prune_after_crown optimization in use
  original spec size = torch.Size([1, 9])
  pruned spec size = torch.Size([1, 3])
Using alpha-CROWN to initialize bounds.
best_l after optimization: -0.8962752819061279
alpha/beta optimization time: 3.5934300422668457
initial alpha-crown bounds (first 10 items): [0.23429465293884277, -2.157430410385132, 1.0268604755401611]
Global lower bound: -2.157430410385132
torch.Size([1, 3])
8 / 9 OR specs are verified.
Verified OR indices (first 10 items): [0, 2, 3, 4, 5, 6, 7, 8]
Verified OR lbs (first 10 items): [[0.23429465293884277], [inf], [inf], [inf], [inf], [inf], [inf], [1.0268604755401611]]
Unverified OR indices (first 10 items): [1]
Unverified OR lbs (first 10 items): [[-2.157430410385132]]
Result: unknown in 3.6692 seconds

 %%%%%%%%%%%%%%%%%%%%%%%%%%%%%%%%%%% idx: 2, vnnlib ID: 2 %%%%%%%%%%%%%%%%%%%%%%%%%%%%%%%%%%%
Finished vnnlib processing in 0.003606 seconds
Model: BoundedModule(
  (/input-1): BoundInput(name=/input-1, inputs=[], perturbed=True)
  (/1): BoundParams(name=/1, inputs=[], perturbed=False)
  (/2): BoundParams(name=/2, inputs=[], perturbed=False)
  (/3): BoundParams(name=/3, inputs=[], perturbed=False)
  (/4): BoundParams(name=/4, inputs=[], perturbed=False)
  (/5): BoundParams(name=/5, inputs=[], perturbed=False)
  (/6): BoundParams(name=/6, inputs=[], perturbed=False)
  (/7): BoundParams(name=/7, inputs=[], perturbed=False)
  (/8): BoundParams(name=/8, inputs=[], perturbed=False)
  (/9): BoundParams(name=/9, inputs=[], perturbed=False)
  (/10): BoundParams(name=/10, inputs=[], perturbed=False)
  (/input): BoundConv(name=/input, inputs=[/input-1, /1, /2], perturbed=True)
  (/input-4): BoundRelu(name=/input-4, inputs=[/input], perturbed=True)
  (/input-8): BoundConv(name=/input-8, inputs=[/input-4, /3, /4], perturbed=True)
  (/14): BoundRelu(name=/14, inputs=[/input-8], perturbed=True)
  (/15): BoundFlatten(name=/15, inputs=[/14], perturbed=True)
  (/input-12): BoundLinear(name=/input-12, inputs=[/15, /5, /6], perturbed=True)
  (/17): BoundRelu(name=/17, inputs=[/input-12], perturbed=True)
  (/input-16): BoundLinear(name=/input-16, inputs=[/17, /7, /8], perturbed=True)
  (/19): BoundRelu(name=/19, inputs=[/input-16], perturbed=True)
  (/20): BoundLinear(name=/20, inputs=[/19, /9, /10], perturbed=True)
)
Original output in the first batch: tensor([[ 1.80267930,  1.33010900, -1.49636483, -1.91810036, -2.34985566,
         -2.93555212, -3.99022937, -2.51078725,  3.18092823,  0.38321537]],
       device='cuda:0')
Split layers:
Nonlinear functions:
   BoundRelu(name=/input-4, inputs=[/input], perturbed=True)
   BoundRelu(name=/14, inputs=[/input-8], perturbed=True)
   BoundRelu(name=/17, inputs=[/input-12], perturbed=True)
   BoundRelu(name=/19, inputs=[/input-16], perturbed=True)
build batch [1/1]
layer /input-4 using sparse-features alpha with shape [206]; unstable size 206; total size 1800 ([1, 8, 15, 15])
layer /input-4 start_node /input-8 using sparse-spec alpha [2, 83, 1, 206] with unstable size 82 total_size 576 output_shape (16, 6, 6)
layer /input-4 start_node /input-12 using sparse-spec alpha [2, 45, 1, 206] with unstable size 44 total_size 128 output_shape torch.Size([128])
layer /input-4 start_node /input-16 using sparse-spec alpha [2, 34, 1, 206] with unstable size 33 total_size 64 output_shape torch.Size([64])
layer /input-4 start_node /20 using full alpha [2, 9, 1, 206] with unstable size None total_size 9 output_shape 9
layer /14 using sparse-features alpha with shape [82]; unstable size 82; total size 576 ([1, 16, 6, 6])
layer /14 start_node /input-12 using sparse-spec alpha [2, 45, 1, 82] with unstable size 44 total_size 128 output_shape torch.Size([128])
layer /14 start_node /input-16 using sparse-spec alpha [2, 34, 1, 82] with unstable size 33 total_size 64 output_shape torch.Size([64])
layer /14 start_node /20 using full alpha [2, 9, 1, 82] with unstable size None total_size 9 output_shape 9
layer /17 using sparse-features alpha with shape [44]; unstable size 44; total size 128 ([1, 128])
layer /17 start_node /input-16 using sparse-spec alpha [2, 34, 1, 44] with unstable size 33 total_size 64 output_shape torch.Size([64])
layer /17 start_node /20 using full alpha [2, 9, 1, 44] with unstable size None total_size 9 output_shape 9
layer /19 using sparse-features alpha with shape [33]; unstable size 33; total size 64 ([1, 64])
layer /19 start_node /20 using full alpha [2, 9, 1, 33] with unstable size None total_size 9 output_shape 9
Optimizable variables initialized.
initial CROWN bounds (first 10 items): [-1.6810754537582397, -4.249496936798096, 1.1568577289581299, 0.48594915866851807, 2.154374361038208, 1.7319278717041016, 1.7095401287078857, 0.7777104377746582, -3.7427310943603516]
prune_after_crown optimization in use
  original spec size = torch.Size([1, 9])
  pruned spec size = torch.Size([1, 3])
Using alpha-CROWN to initialize bounds.
best_l after optimization: -3.5927541255950928
alpha/beta optimization time: 3.3717002868652344
initial alpha-crown bounds (first 10 items): [-0.5489334464073181, -1.9357669353485107, -1.1080536842346191]
Global lower bound: -1.9357669353485107
torch.Size([1, 3])
6 / 9 OR specs are verified.
Verified OR indices (first 10 items): [2, 3, 4, 5, 6, 7]
Verified OR lbs (first 10 items): [[inf], [inf], [inf], [inf], [inf], [inf]]
Unverified OR indices (first 10 items): [0, 1, 8]
Unverified OR lbs (first 10 items): [[-0.5489334464073181], [-1.9357669353485107], [-1.1080536842346191]]
Result: unknown in 3.4555 seconds

 %%%%%%%%%%%%%%%%%%%%%%%%%%%%%%%%%%% idx: 3, vnnlib ID: 3 %%%%%%%%%%%%%%%%%%%%%%%%%%%%%%%%%%%
Finished vnnlib processing in 0.003450 seconds
Model: BoundedModule(
  (/input-1): BoundInput(name=/input-1, inputs=[], perturbed=True)
  (/1): BoundParams(name=/1, inputs=[], perturbed=False)
  (/2): BoundParams(name=/2, inputs=[], perturbed=False)
  (/3): BoundParams(name=/3, inputs=[], perturbed=False)
  (/4): BoundParams(name=/4, inputs=[], perturbed=False)
  (/5): BoundParams(name=/5, inputs=[], perturbed=False)
  (/6): BoundParams(name=/6, inputs=[], perturbed=False)
  (/7): BoundParams(name=/7, inputs=[], perturbed=False)
  (/8): BoundParams(name=/8, inputs=[], perturbed=False)
  (/9): BoundParams(name=/9, inputs=[], perturbed=False)
  (/10): BoundParams(name=/10, inputs=[], perturbed=False)
  (/input): BoundConv(name=/input, inputs=[/input-1, /1, /2], perturbed=True)
  (/input-4): BoundRelu(name=/input-4, inputs=[/input], perturbed=True)
  (/input-8): BoundConv(name=/input-8, inputs=[/input-4, /3, /4], perturbed=True)
  (/14): BoundRelu(name=/14, inputs=[/input-8], perturbed=True)
  (/15): BoundFlatten(name=/15, inputs=[/14], perturbed=True)
  (/input-12): BoundLinear(name=/input-12, inputs=[/15, /5, /6], perturbed=True)
  (/17): BoundRelu(name=/17, inputs=[/input-12], perturbed=True)
  (/input-16): BoundLinear(name=/input-16, inputs=[/17, /7, /8], perturbed=True)
  (/19): BoundRelu(name=/19, inputs=[/input-16], perturbed=True)
  (/20): BoundLinear(name=/20, inputs=[/19, /9, /10], perturbed=True)
)
Original output in the first batch: tensor([[ 2.22774982,  0.14108336, -0.29435030, -2.12003326, -1.42518914,
         -3.38851976, -3.24397683, -3.20557618,  3.00932455, -0.39158520]],
       device='cuda:0')
Split layers:
Nonlinear functions:
   BoundRelu(name=/input-4, inputs=[/input], perturbed=True)
   BoundRelu(name=/14, inputs=[/input-8], perturbed=True)
   BoundRelu(name=/17, inputs=[/input-12], perturbed=True)
   BoundRelu(name=/19, inputs=[/input-16], perturbed=True)
build batch [1/1]
layer /input-4 using sparse-features alpha with shape [241]; unstable size 241; total size 1800 ([1, 8, 15, 15])
layer /input-4 start_node /input-8 using sparse-spec alpha [2, 70, 1, 241] with unstable size 69 total_size 576 output_shape (16, 6, 6)
layer /input-4 start_node /input-12 using sparse-spec alpha [2, 35, 1, 241] with unstable size 34 total_size 128 output_shape torch.Size([128])
layer /input-4 start_node /input-16 using sparse-spec alpha [2, 26, 1, 241] with unstable size 25 total_size 64 output_shape torch.Size([64])
layer /input-4 start_node /20 using full alpha [2, 9, 1, 241] with unstable size None total_size 9 output_shape 9
layer /14 using sparse-features alpha with shape [69]; unstable size 69; total size 576 ([1, 16, 6, 6])
layer /14 start_node /input-12 using sparse-spec alpha [2, 35, 1, 69] with unstable size 34 total_size 128 output_shape torch.Size([128])
layer /14 start_node /input-16 using sparse-spec alpha [2, 26, 1, 69] with unstable size 25 total_size 64 output_shape torch.Size([64])
layer /14 start_node /20 using full alpha [2, 9, 1, 69] with unstable size None total_size 9 output_shape 9
layer /17 using sparse-features alpha with shape [34]; unstable size 34; total size 128 ([1, 128])
layer /17 start_node /input-16 using sparse-spec alpha [2, 26, 1, 34] with unstable size 25 total_size 64 output_shape torch.Size([64])
layer /17 start_node /20 using full alpha [2, 9, 1, 34] with unstable size None total_size 9 output_shape 9
layer /19 using sparse-features alpha with shape [25]; unstable size 25; total size 64 ([1, 64])
layer /19 start_node /20 using full alpha [2, 9, 1, 25] with unstable size None total_size 9 output_shape 9
Optimizable variables initialized.
initial CROWN bounds (first 10 items): [0.43957412242889404, 1.2139263153076172, 2.371643304824829, 1.7891881465911865, 3.5492961406707764, 3.6233816146850586, 3.1384665966033936, -2.216014862060547, 0.8376199007034302]
prune_after_crown optimization in use
  original spec size = torch.Size([1, 9])
  pruned spec size = torch.Size([1, 1])
Using alpha-CROWN to initialize bounds.
best_l after optimization: -1.8534367084503174
alpha/beta optimization time: 2.6028857231140137
initial alpha-crown bounds (first 10 items): [-1.8534367084503174]
Global lower bound: -1.8534367084503174
torch.Size([1, 1])
8 / 9 OR specs are verified.
Verified OR indices (first 10 items): [0, 1, 2, 3, 4, 5, 6, 8]
Verified OR lbs (first 10 items): [[inf], [inf], [inf], [inf], [inf], [inf], [inf], [inf]]
Unverified OR indices (first 10 items): [7]
Unverified OR lbs (first 10 items): [[-1.8534367084503174]]
Result: unknown in 2.6881 seconds

 %%%%%%%%%%%%%%%%%%%%%%%%%%%%%%%%%%% idx: 4, vnnlib ID: 4 %%%%%%%%%%%%%%%%%%%%%%%%%%%%%%%%%%%
Finished vnnlib processing in 0.003914 seconds
Model: BoundedModule(
  (/input-1): BoundInput(name=/input-1, inputs=[], perturbed=True)
  (/1): BoundParams(name=/1, inputs=[], perturbed=False)
  (/2): BoundParams(name=/2, inputs=[], perturbed=False)
  (/3): BoundParams(name=/3, inputs=[], perturbed=False)
  (/4): BoundParams(name=/4, inputs=[], perturbed=False)
  (/5): BoundParams(name=/5, inputs=[], perturbed=False)
  (/6): BoundParams(name=/6, inputs=[], perturbed=False)
  (/7): BoundParams(name=/7, inputs=[], perturbed=False)
  (/8): BoundParams(name=/8, inputs=[], perturbed=False)
  (/9): BoundParams(name=/9, inputs=[], perturbed=False)
  (/10): BoundParams(name=/10, inputs=[], perturbed=False)
  (/input): BoundConv(name=/input, inputs=[/input-1, /1, /2], perturbed=True)
  (/input-4): BoundRelu(name=/input-4, inputs=[/input], perturbed=True)
  (/input-8): BoundConv(name=/input-8, inputs=[/input-4, /3, /4], perturbed=True)
  (/14): BoundRelu(name=/14, inputs=[/input-8], perturbed=True)
  (/15): BoundFlatten(name=/15, inputs=[/14], perturbed=True)
  (/input-12): BoundLinear(name=/input-12, inputs=[/15, /5, /6], perturbed=True)
  (/17): BoundRelu(name=/17, inputs=[/input-12], perturbed=True)
  (/input-16): BoundLinear(name=/input-16, inputs=[/17, /7, /8], perturbed=True)
  (/19): BoundRelu(name=/19, inputs=[/input-16], perturbed=True)
  (/20): BoundLinear(name=/20, inputs=[/19, /9, /10], perturbed=True)
)
Original output in the first batch: tensor([[-4.07141590, -4.87504816,  1.37464166,  1.46162677,  3.82874656,
          0.89143348,  2.97824407, -0.68250030, -5.18414211, -5.00418663]],
       device='cuda:0')
Split layers:
Nonlinear functions:
   BoundRelu(name=/input-4, inputs=[/input], perturbed=True)
   BoundRelu(name=/14, inputs=[/input-8], perturbed=True)
   BoundRelu(name=/17, inputs=[/input-12], perturbed=True)
   BoundRelu(name=/19, inputs=[/input-16], perturbed=True)
build batch [1/1]
layer /input-4 using sparse-features alpha with shape [133]; unstable size 133; total size 1800 ([1, 8, 15, 15])
layer /input-4 start_node /input-8 using sparse-spec alpha [2, 114, 1, 133] with unstable size 113 total_size 576 output_shape (16, 6, 6)
layer /input-4 start_node /input-12 using sparse-spec alpha [2, 48, 1, 133] with unstable size 47 total_size 128 output_shape torch.Size([128])
layer /input-4 start_node /input-16 using sparse-spec alpha [2, 33, 1, 133] with unstable size 32 total_size 64 output_shape torch.Size([64])
layer /input-4 start_node /20 using full alpha [2, 9, 1, 133] with unstable size None total_size 9 output_shape 9
layer /14 using sparse-features alpha with shape [113]; unstable size 113; total size 576 ([1, 16, 6, 6])
layer /14 start_node /input-12 using sparse-spec alpha [2, 48, 1, 113] with unstable size 47 total_size 128 output_shape torch.Size([128])
layer /14 start_node /input-16 using sparse-spec alpha [2, 33, 1, 113] with unstable size 32 total_size 64 output_shape torch.Size([64])
layer /14 start_node /20 using full alpha [2, 9, 1, 113] with unstable size None total_size 9 output_shape 9
layer /17 using sparse-features alpha with shape [47]; unstable size 47; total size 128 ([1, 128])
layer /17 start_node /input-16 using sparse-spec alpha [2, 33, 1, 47] with unstable size 32 total_size 64 output_shape torch.Size([64])
layer /17 start_node /20 using full alpha [2, 9, 1, 47] with unstable size None total_size 9 output_shape 9
layer /19 using sparse-features alpha with shape [32]; unstable size 32; total size 64 ([1, 64])
layer /19 start_node /20 using full alpha [2, 9, 1, 32] with unstable size None total_size 9 output_shape 9
Optimizable variables initialized.
initial CROWN bounds (first 10 items): [2.2359955310821533, 3.329789638519287, -2.1836094856262207, -2.693781614303589, -4.974058151245117, -2.322362184524536, -1.5826259851455688, 2.195298194885254, 3.198157787322998]
prune_after_crown optimization in use
  original spec size = torch.Size([1, 9])
  pruned spec size = torch.Size([1, 5])
Using alpha-CROWN to initialize bounds.
best_l after optimization: -7.7848310470581055
alpha/beta optimization time: 3.4269626140594482
initial alpha-crown bounds (first 10 items): [-1.0651233196258545, -1.3842077255249023, -3.9584856033325195, -1.0902996063232422, -0.2867148518562317]
Global lower bound: -3.9584856033325195
torch.Size([1, 5])
4 / 9 OR specs are verified.
Verified OR indices (first 10 items): [0, 1, 7, 8]
Verified OR lbs (first 10 items): [[inf], [inf], [inf], [inf]]
Unverified OR indices (first 10 items): [2, 3, 4, 5, 6]
Unverified OR lbs (first 10 items): [[-1.0651233196258545], [-1.3842077255249023], [-3.9584856033325195], [-1.0902996063232422], [-0.2867148518562317]]
Result: unknown in 3.5118 seconds

 %%%%%%%%%%%%%%%%%%%%%%%%%%%%%%%%%%% idx: 5, vnnlib ID: 5 %%%%%%%%%%%%%%%%%%%%%%%%%%%%%%%%%%%
Finished vnnlib processing in 0.003496 seconds
Model: BoundedModule(
  (/input-1): BoundInput(name=/input-1, inputs=[], perturbed=True)
  (/1): BoundParams(name=/1, inputs=[], perturbed=False)
  (/2): BoundParams(name=/2, inputs=[], perturbed=False)
  (/3): BoundParams(name=/3, inputs=[], perturbed=False)
  (/4): BoundParams(name=/4, inputs=[], perturbed=False)
  (/5): BoundParams(name=/5, inputs=[], perturbed=False)
  (/6): BoundParams(name=/6, inputs=[], perturbed=False)
  (/7): BoundParams(name=/7, inputs=[], perturbed=False)
  (/8): BoundParams(name=/8, inputs=[], perturbed=False)
  (/9): BoundParams(name=/9, inputs=[], perturbed=False)
  (/10): BoundParams(name=/10, inputs=[], perturbed=False)
  (/input): BoundConv(name=/input, inputs=[/input-1, /1, /2], perturbed=True)
  (/input-4): BoundRelu(name=/input-4, inputs=[/input], perturbed=True)
  (/input-8): BoundConv(name=/input-8, inputs=[/input-4, /3, /4], perturbed=True)
  (/14): BoundRelu(name=/14, inputs=[/input-8], perturbed=True)
  (/15): BoundFlatten(name=/15, inputs=[/14], perturbed=True)
  (/input-12): BoundLinear(name=/input-12, inputs=[/15, /5, /6], perturbed=True)
  (/17): BoundRelu(name=/17, inputs=[/input-12], perturbed=True)
  (/input-16): BoundLinear(name=/input-16, inputs=[/17, /7, /8], perturbed=True)
  (/19): BoundRelu(name=/19, inputs=[/input-16], perturbed=True)
  (/20): BoundLinear(name=/20, inputs=[/19, /9, /10], perturbed=True)
)
Original output in the first batch: tensor([[-1.83033156, -2.29530430,  0.07002634,  1.22669363,  0.00586165,
          0.27316952,  2.22688222, -1.02965689, -2.82620764, -1.82027876]],
       device='cuda:0')
Split layers:
Nonlinear functions:
   BoundRelu(name=/input-4, inputs=[/input], perturbed=True)
   BoundRelu(name=/14, inputs=[/input-8], perturbed=True)
   BoundRelu(name=/17, inputs=[/input-12], perturbed=True)
   BoundRelu(name=/19, inputs=[/input-16], perturbed=True)
build batch [1/1]
layer /input-4 using sparse-features alpha with shape [189]; unstable size 189; total size 1800 ([1, 8, 15, 15])
layer /input-4 start_node /input-8 using sparse-spec alpha [2, 91, 1, 189] with unstable size 90 total_size 576 output_shape (16, 6, 6)
layer /input-4 start_node /input-12 using sparse-spec alpha [2, 74, 1, 189] with unstable size 73 total_size 128 output_shape torch.Size([128])
layer /input-4 start_node /input-16 using sparse-spec alpha [2, 57, 1, 189] with unstable size 56 total_size 64 output_shape torch.Size([64])
layer /input-4 start_node /20 using full alpha [2, 9, 1, 189] with unstable size None total_size 9 output_shape 9
layer /14 using sparse-features alpha with shape [90]; unstable size 90; total size 576 ([1, 16, 6, 6])
layer /14 start_node /input-12 using sparse-spec alpha [2, 74, 1, 90] with unstable size 73 total_size 128 output_shape torch.Size([128])
layer /14 start_node /input-16 using sparse-spec alpha [2, 57, 1, 90] with unstable size 56 total_size 64 output_shape torch.Size([64])
layer /14 start_node /20 using full alpha [2, 9, 1, 90] with unstable size None total_size 9 output_shape 9
layer /17 using sparse-features alpha with shape [73]; unstable size 73; total size 128 ([1, 128])
layer /17 start_node /input-16 using sparse-spec alpha [2, 57, 1, 73] with unstable size 56 total_size 64 output_shape torch.Size([64])
layer /17 start_node /20 using full alpha [2, 9, 1, 73] with unstable size None total_size 9 output_shape 9
layer /19 using sparse-features alpha with shape [56]; unstable size 56; total size 64 ([1, 64])
layer /19 start_node /20 using full alpha [2, 9, 1, 56] with unstable size None total_size 9 output_shape 9
Optimizable variables initialized.
initial CROWN bounds (first 10 items): [-4.839860916137695, -2.967970371246338, -3.899087905883789, -4.355677127838135, -3.0454604625701904, -4.330282211303711, -4.168310642242432, -3.697988986968994, -3.4883594512939453]
prune_after_crown optimization in use
  original spec size = torch.Size([1, 9])
  pruned spec size = torch.Size([1, 9])
Using alpha-CROWN to initialize bounds.
best_l after optimization: -20.40781021118164
alpha/beta optimization time: 4.520247936248779
initial alpha-crown bounds (first 10 items): [-2.7619452476501465, -1.2098209857940674, -2.528423547744751, -3.103266954421997, -2.0392470359802246, -2.8590102195739746, -2.6092934608459473, -1.6838290691375732, -1.6129744052886963]
Global lower bound: -3.103266954421997
torch.Size([1, 9])
0 / 9 OR specs are verified.
Verified OR indices (first 10 items): []
Verified OR lbs (first 10 items): []
Unverified OR indices (first 10 items): [0, 1, 2, 3, 4, 5, 6, 7, 8]
Unverified OR lbs (first 10 items): [[-2.7619452476501465], [-1.2098209857940674], [-2.528423547744751], [-3.103266954421997], [-2.0392470359802246], [-2.8590102195739746], [-2.6092934608459473], [-1.6838290691375732], [-1.6129744052886963]]
Result: unknown in 4.6061 seconds

 %%%%%%%%%%%%%%%%%%%%%%%%%%%%%%%%%%% idx: 6, vnnlib ID: 6 %%%%%%%%%%%%%%%%%%%%%%%%%%%%%%%%%%%
Finished vnnlib processing in 0.006673 seconds
Model: BoundedModule(
  (/input-1): BoundInput(name=/input-1, inputs=[], perturbed=True)
  (/1): BoundParams(name=/1, inputs=[], perturbed=False)
  (/2): BoundParams(name=/2, inputs=[], perturbed=False)
  (/3): BoundParams(name=/3, inputs=[], perturbed=False)
  (/4): BoundParams(name=/4, inputs=[], perturbed=False)
  (/5): BoundParams(name=/5, inputs=[], perturbed=False)
  (/6): BoundParams(name=/6, inputs=[], perturbed=False)
  (/7): BoundParams(name=/7, inputs=[], perturbed=False)
  (/8): BoundParams(name=/8, inputs=[], perturbed=False)
  (/9): BoundParams(name=/9, inputs=[], perturbed=False)
  (/10): BoundParams(name=/10, inputs=[], perturbed=False)
  (/input): BoundConv(name=/input, inputs=[/input-1, /1, /2], perturbed=True)
  (/input-4): BoundRelu(name=/input-4, inputs=[/input], perturbed=True)
  (/input-8): BoundConv(name=/input-8, inputs=[/input-4, /3, /4], perturbed=True)
  (/14): BoundRelu(name=/14, inputs=[/input-8], perturbed=True)
  (/15): BoundFlatten(name=/15, inputs=[/14], perturbed=True)
  (/input-12): BoundLinear(name=/input-12, inputs=[/15, /5, /6], perturbed=True)
  (/17): BoundRelu(name=/17, inputs=[/input-12], perturbed=True)
  (/input-16): BoundLinear(name=/input-16, inputs=[/17, /7, /8], perturbed=True)
  (/19): BoundRelu(name=/19, inputs=[/input-16], perturbed=True)
  (/20): BoundLinear(name=/20, inputs=[/19, /9, /10], perturbed=True)
)
Original output in the first batch: tensor([[-0.55005777,  1.83268833, -1.34672451,  0.48243737, -2.22114611,
          0.17506020, -2.65680718, -0.75643516, -1.69486177,  2.02937412]],
       device='cuda:0')
Split layers:
Nonlinear functions:
   BoundRelu(name=/input-4, inputs=[/input], perturbed=True)
   BoundRelu(name=/14, inputs=[/input-8], perturbed=True)
   BoundRelu(name=/17, inputs=[/input-12], perturbed=True)
   BoundRelu(name=/19, inputs=[/input-16], perturbed=True)
build batch [1/1]
layer /input-4 using sparse-features alpha with shape [203]; unstable size 203; total size 1800 ([1, 8, 15, 15])
layer /input-4 start_node /input-8 using sparse-spec alpha [2, 64, 1, 203] with unstable size 63 total_size 576 output_shape (16, 6, 6)
layer /input-4 start_node /input-12 using sparse-spec alpha [2, 33, 1, 203] with unstable size 32 total_size 128 output_shape torch.Size([128])
layer /input-4 start_node /input-16 using sparse-spec alpha [2, 27, 1, 203] with unstable size 26 total_size 64 output_shape torch.Size([64])
layer /input-4 start_node /20 using full alpha [2, 9, 1, 203] with unstable size None total_size 9 output_shape 9
layer /14 using sparse-features alpha with shape [63]; unstable size 63; total size 576 ([1, 16, 6, 6])
layer /14 start_node /input-12 using sparse-spec alpha [2, 33, 1, 63] with unstable size 32 total_size 128 output_shape torch.Size([128])
layer /14 start_node /input-16 using sparse-spec alpha [2, 27, 1, 63] with unstable size 26 total_size 64 output_shape torch.Size([64])
layer /14 start_node /20 using full alpha [2, 9, 1, 63] with unstable size None total_size 9 output_shape 9
layer /17 using sparse-features alpha with shape [32]; unstable size 32; total size 128 ([1, 128])
layer /17 start_node /input-16 using sparse-spec alpha [2, 27, 1, 32] with unstable size 26 total_size 64 output_shape torch.Size([64])
layer /17 start_node /20 using full alpha [2, 9, 1, 32] with unstable size None total_size 9 output_shape 9
layer /19 using sparse-features alpha with shape [26]; unstable size 26; total size 64 ([1, 64])
layer /19 start_node /20 using full alpha [2, 9, 1, 26] with unstable size None total_size 9 output_shape 9
Optimizable variables initialized.
initial CROWN bounds (first 10 items): [0.3027294874191284, 0.2750887870788574, -1.767381191253662, 1.0663976669311523, -1.7903990745544434, 1.6069684028625488, -0.6714274883270264, 1.5882713794708252, -1.8339650630950928]
prune_after_crown optimization in use
  original spec size = torch.Size([1, 9])
  pruned spec size = torch.Size([1, 4])
Using alpha-CROWN to initialize bounds.
Early stop at 99th iter due to 10 iterations no improvement!
best_l after optimization: -4.41251802444458
alpha/beta optimization time: 4.476711273193359
initial alpha-crown bounds (first 10 items): [-1.3060154914855957, -1.2730700969696045, -0.24564194679260254, -1.5877904891967773]
Global lower bound: -1.5877904891967773
torch.Size([1, 4])
5 / 9 OR specs are verified.
Verified OR indices (first 10 items): [0, 1, 3, 5, 7]
Verified OR lbs (first 10 items): [[inf], [inf], [inf], [inf], [inf]]
Unverified OR indices (first 10 items): [2, 4, 6, 8]
Unverified OR lbs (first 10 items): [[-1.3060154914855957], [-1.2730700969696045], [-0.24564194679260254], [-1.5877904891967773]]
Result: unknown in 4.6034 seconds

 %%%%%%%%%%%%%%%%%%%%%%%%%%%%%%%%%%% idx: 7, vnnlib ID: 7 %%%%%%%%%%%%%%%%%%%%%%%%%%%%%%%%%%%
Finished vnnlib processing in 0.003430 seconds
Model: BoundedModule(
  (/input-1): BoundInput(name=/input-1, inputs=[], perturbed=True)
  (/1): BoundParams(name=/1, inputs=[], perturbed=False)
  (/2): BoundParams(name=/2, inputs=[], perturbed=False)
  (/3): BoundParams(name=/3, inputs=[], perturbed=False)
  (/4): BoundParams(name=/4, inputs=[], perturbed=False)
  (/5): BoundParams(name=/5, inputs=[], perturbed=False)
  (/6): BoundParams(name=/6, inputs=[], perturbed=False)
  (/7): BoundParams(name=/7, inputs=[], perturbed=False)
  (/8): BoundParams(name=/8, inputs=[], perturbed=False)
  (/9): BoundParams(name=/9, inputs=[], perturbed=False)
  (/10): BoundParams(name=/10, inputs=[], perturbed=False)
  (/input): BoundConv(name=/input, inputs=[/input-1, /1, /2], perturbed=True)
  (/input-4): BoundRelu(name=/input-4, inputs=[/input], perturbed=True)
  (/input-8): BoundConv(name=/input-8, inputs=[/input-4, /3, /4], perturbed=True)
  (/14): BoundRelu(name=/14, inputs=[/input-8], perturbed=True)
  (/15): BoundFlatten(name=/15, inputs=[/14], perturbed=True)
  (/input-12): BoundLinear(name=/input-12, inputs=[/15, /5, /6], perturbed=True)
  (/17): BoundRelu(name=/17, inputs=[/input-12], perturbed=True)
  (/input-16): BoundLinear(name=/input-16, inputs=[/17, /7, /8], perturbed=True)
  (/19): BoundRelu(name=/19, inputs=[/input-16], perturbed=True)
  (/20): BoundLinear(name=/20, inputs=[/19, /9, /10], perturbed=True)
)
Original output in the first batch: tensor([[-1.79885232, -2.89412928,  1.53043759,  0.52827668,  1.25297582,
         -1.12675893,  3.11303926, -2.25982022, -2.88301134, -2.01929283]],
       device='cuda:0')
Split layers:
Nonlinear functions:
   BoundRelu(name=/input-4, inputs=[/input], perturbed=True)
   BoundRelu(name=/14, inputs=[/input-8], perturbed=True)
   BoundRelu(name=/17, inputs=[/input-12], perturbed=True)
   BoundRelu(name=/19, inputs=[/input-16], perturbed=True)
build batch [1/1]
layer /input-4 using sparse-features alpha with shape [278]; unstable size 278; total size 1800 ([1, 8, 15, 15])
layer /input-4 start_node /input-8 using sparse-spec alpha [2, 113, 1, 278] with unstable size 112 total_size 576 output_shape (16, 6, 6)
layer /input-4 start_node /input-12 using sparse-spec alpha [2, 50, 1, 278] with unstable size 49 total_size 128 output_shape torch.Size([128])
layer /input-4 start_node /input-16 using sparse-spec alpha [2, 51, 1, 278] with unstable size 50 total_size 64 output_shape torch.Size([64])
layer /input-4 start_node /20 using full alpha [2, 9, 1, 278] with unstable size None total_size 9 output_shape 9
layer /14 using sparse-features alpha with shape [112]; unstable size 112; total size 576 ([1, 16, 6, 6])
layer /14 start_node /input-12 using sparse-spec alpha [2, 50, 1, 112] with unstable size 49 total_size 128 output_shape torch.Size([128])
layer /14 start_node /input-16 using sparse-spec alpha [2, 51, 1, 112] with unstable size 50 total_size 64 output_shape torch.Size([64])
layer /14 start_node /20 using full alpha [2, 9, 1, 112] with unstable size None total_size 9 output_shape 9
layer /17 using sparse-features alpha with shape [49]; unstable size 49; total size 128 ([1, 128])
layer /17 start_node /input-16 using sparse-spec alpha [2, 51, 1, 49] with unstable size 50 total_size 64 output_shape torch.Size([64])
layer /17 start_node /20 using full alpha [2, 9, 1, 49] with unstable size None total_size 9 output_shape 9
layer /19 using sparse-features alpha with shape [50]; unstable size 50; total size 64 ([1, 64])
layer /19 start_node /20 using full alpha [2, 9, 1, 50] with unstable size None total_size 9 output_shape 9
Optimizable variables initialized.
initial CROWN bounds (first 10 items): [-2.1715846061706543, 0.7845606803894043, -4.450850009918213, -2.006829261779785, -3.698883056640625, -1.5621459484100342, -1.41884183883667, -1.4048044681549072, -0.7309060096740723]
prune_after_crown optimization in use
  original spec size = torch.Size([1, 9])
  pruned spec size = torch.Size([1, 8])
Using alpha-CROWN to initialize bounds.
best_l after optimization: -0.10971403121948242
alpha/beta optimization time: 3.585669755935669
initial alpha-crown bounds (first 10 items): [0.4075493812561035, -2.368448257446289, -0.4269503355026245, -1.9465371370315552, 0.6010025143623352, 0.9748682379722595, 1.1924630403518677, 1.4563382863998413]
Global lower bound: -2.368448257446289
torch.Size([1, 8])
6 / 9 OR specs are verified.
Verified OR indices (first 10 items): [0, 1, 5, 6, 7, 8]
Verified OR lbs (first 10 items): [[0.4075493812561035], [inf], [0.6010025143623352], [0.9748682379722595], [1.1924630403518677], [1.4563382863998413]]
Unverified OR indices (first 10 items): [2, 3, 4]
Unverified OR lbs (first 10 items): [[-2.368448257446289], [-0.4269503355026245], [-1.9465371370315552]]
Result: unknown in 3.6630 seconds

 %%%%%%%%%%%%%%%%%%%%%%%%%%%%%%%%%%% idx: 8, vnnlib ID: 8 %%%%%%%%%%%%%%%%%%%%%%%%%%%%%%%%%%%
Finished vnnlib processing in 0.003322 seconds
Model: BoundedModule(
  (/input-1): BoundInput(name=/input-1, inputs=[], perturbed=True)
  (/1): BoundParams(name=/1, inputs=[], perturbed=False)
  (/2): BoundParams(name=/2, inputs=[], perturbed=False)
  (/3): BoundParams(name=/3, inputs=[], perturbed=False)
  (/4): BoundParams(name=/4, inputs=[], perturbed=False)
  (/5): BoundParams(name=/5, inputs=[], perturbed=False)
  (/6): BoundParams(name=/6, inputs=[], perturbed=False)
  (/7): BoundParams(name=/7, inputs=[], perturbed=False)
  (/8): BoundParams(name=/8, inputs=[], perturbed=False)
  (/9): BoundParams(name=/9, inputs=[], perturbed=False)
  (/10): BoundParams(name=/10, inputs=[], perturbed=False)
  (/input): BoundConv(name=/input, inputs=[/input-1, /1, /2], perturbed=True)
  (/input-4): BoundRelu(name=/input-4, inputs=[/input], perturbed=True)
  (/input-8): BoundConv(name=/input-8, inputs=[/input-4, /3, /4], perturbed=True)
  (/14): BoundRelu(name=/14, inputs=[/input-8], perturbed=True)
  (/15): BoundFlatten(name=/15, inputs=[/14], perturbed=True)
  (/input-12): BoundLinear(name=/input-12, inputs=[/15, /5, /6], perturbed=True)
  (/17): BoundRelu(name=/17, inputs=[/input-12], perturbed=True)
  (/input-16): BoundLinear(name=/input-16, inputs=[/17, /7, /8], perturbed=True)
  (/19): BoundRelu(name=/19, inputs=[/input-16], perturbed=True)
  (/20): BoundLinear(name=/20, inputs=[/19, /9, /10], perturbed=True)
)
Original output in the first batch: tensor([[-1.80195355, -4.20551586,  1.10549557,  2.68741536, -0.02106195,
          3.04679441, -0.36803877,  0.37309268, -3.94185686, -3.00180817]],
       device='cuda:0')
Split layers:
Nonlinear functions:
   BoundRelu(name=/input-4, inputs=[/input], perturbed=True)
   BoundRelu(name=/14, inputs=[/input-8], perturbed=True)
   BoundRelu(name=/17, inputs=[/input-12], perturbed=True)
   BoundRelu(name=/19, inputs=[/input-16], perturbed=True)
build batch [1/1]
layer /input-4 using sparse-features alpha with shape [203]; unstable size 203; total size 1800 ([1, 8, 15, 15])
layer /input-4 start_node /input-8 using sparse-spec alpha [2, 94, 1, 203] with unstable size 93 total_size 576 output_shape (16, 6, 6)
layer /input-4 start_node /input-12 using sparse-spec alpha [2, 32, 1, 203] with unstable size 31 total_size 128 output_shape torch.Size([128])
layer /input-4 start_node /input-16 using sparse-spec alpha [2, 26, 1, 203] with unstable size 25 total_size 64 output_shape torch.Size([64])
layer /input-4 start_node /20 using full alpha [2, 9, 1, 203] with unstable size None total_size 9 output_shape 9
layer /14 using sparse-features alpha with shape [93]; unstable size 93; total size 576 ([1, 16, 6, 6])
layer /14 start_node /input-12 using sparse-spec alpha [2, 32, 1, 93] with unstable size 31 total_size 128 output_shape torch.Size([128])
layer /14 start_node /input-16 using sparse-spec alpha [2, 26, 1, 93] with unstable size 25 total_size 64 output_shape torch.Size([64])
layer /14 start_node /20 using full alpha [2, 9, 1, 93] with unstable size None total_size 9 output_shape 9
layer /17 using sparse-features alpha with shape [31]; unstable size 31; total size 128 ([1, 128])
layer /17 start_node /input-16 using sparse-spec alpha [2, 26, 1, 31] with unstable size 25 total_size 64 output_shape torch.Size([64])
layer /17 start_node /20 using full alpha [2, 9, 1, 31] with unstable size None total_size 9 output_shape 9
layer /19 using sparse-features alpha with shape [25]; unstable size 25; total size 64 ([1, 64])
layer /19 start_node /20 using full alpha [2, 9, 1, 25] with unstable size None total_size 9 output_shape 9
Optimizable variables initialized.
initial CROWN bounds (first 10 items): [2.18345046043396, 5.066770076751709, -0.5250610113143921, 0.44019198417663574, -1.138934850692749, 0.7450380325317383, 0.7750577926635742, 4.8927812576293945, 4.163225173950195]
prune_after_crown optimization in use
  original spec size = torch.Size([1, 9])
  pruned spec size = torch.Size([1, 2])
Using alpha-CROWN to initialize bounds.
best_l after optimization: -1.2952258586883545
alpha/beta optimization time: 3.543724298477173
initial alpha-crown bounds (first 10 items): [-0.2477879524230957, -1.0474379062652588]
Global lower bound: -1.0474379062652588
torch.Size([1, 2])
7 / 9 OR specs are verified.
Verified OR indices (first 10 items): [0, 1, 3, 5, 6, 7, 8]
Verified OR lbs (first 10 items): [[inf], [inf], [inf], [inf], [inf], [inf], [inf]]
Unverified OR indices (first 10 items): [2, 4]
Unverified OR lbs (first 10 items): [[-0.2477879524230957], [-1.0474379062652588]]
Result: unknown in 3.6213 seconds

 %%%%%%%%%%%%%%%%%%%%%%%%%%%%%%%%%%% idx: 9, vnnlib ID: 9 %%%%%%%%%%%%%%%%%%%%%%%%%%%%%%%%%%%
Finished vnnlib processing in 0.008035 seconds
Model: BoundedModule(
  (/input-1): BoundInput(name=/input-1, inputs=[], perturbed=True)
  (/1): BoundParams(name=/1, inputs=[], perturbed=False)
  (/2): BoundParams(name=/2, inputs=[], perturbed=False)
  (/3): BoundParams(name=/3, inputs=[], perturbed=False)
  (/4): BoundParams(name=/4, inputs=[], perturbed=False)
  (/5): BoundParams(name=/5, inputs=[], perturbed=False)
  (/6): BoundParams(name=/6, inputs=[], perturbed=False)
  (/7): BoundParams(name=/7, inputs=[], perturbed=False)
  (/8): BoundParams(name=/8, inputs=[], perturbed=False)
  (/9): BoundParams(name=/9, inputs=[], perturbed=False)
  (/10): BoundParams(name=/10, inputs=[], perturbed=False)
  (/input): BoundConv(name=/input, inputs=[/input-1, /1, /2], perturbed=True)
  (/input-4): BoundRelu(name=/input-4, inputs=[/input], perturbed=True)
  (/input-8): BoundConv(name=/input-8, inputs=[/input-4, /3, /4], perturbed=True)
  (/14): BoundRelu(name=/14, inputs=[/input-8], perturbed=True)
  (/15): BoundFlatten(name=/15, inputs=[/14], perturbed=True)
  (/input-12): BoundLinear(name=/input-12, inputs=[/15, /5, /6], perturbed=True)
  (/17): BoundRelu(name=/17, inputs=[/input-12], perturbed=True)
  (/input-16): BoundLinear(name=/input-16, inputs=[/17, /7, /8], perturbed=True)
  (/19): BoundRelu(name=/19, inputs=[/input-16], perturbed=True)
  (/20): BoundLinear(name=/20, inputs=[/19, /9, /10], perturbed=True)
)
Original output in the first batch: tensor([[-0.76355946,  3.62702179, -1.82418132, -1.62325621, -2.57115221,
         -2.63598776, -1.55568373, -3.21473813,  0.50621200,  1.59072757]],
       device='cuda:0')
Split layers:
Nonlinear functions:
   BoundRelu(name=/input-4, inputs=[/input], perturbed=True)
   BoundRelu(name=/14, inputs=[/input-8], perturbed=True)
   BoundRelu(name=/17, inputs=[/input-12], perturbed=True)
   BoundRelu(name=/19, inputs=[/input-16], perturbed=True)
build batch [1/1]
layer /input-4 using sparse-features alpha with shape [135]; unstable size 135; total size 1800 ([1, 8, 15, 15])
layer /input-4 start_node /input-8 using sparse-spec alpha [2, 82, 1, 135] with unstable size 81 total_size 576 output_shape (16, 6, 6)
layer /input-4 start_node /input-12 using sparse-spec alpha [2, 35, 1, 135] with unstable size 34 total_size 128 output_shape torch.Size([128])
layer /input-4 start_node /input-16 using sparse-spec alpha [2, 21, 1, 135] with unstable size 20 total_size 64 output_shape torch.Size([64])
layer /input-4 start_node /20 using full alpha [2, 9, 1, 135] with unstable size None total_size 9 output_shape 9
layer /14 using sparse-features alpha with shape [81]; unstable size 81; total size 576 ([1, 16, 6, 6])
layer /14 start_node /input-12 using sparse-spec alpha [2, 35, 1, 81] with unstable size 34 total_size 128 output_shape torch.Size([128])
layer /14 start_node /input-16 using sparse-spec alpha [2, 21, 1, 81] with unstable size 20 total_size 64 output_shape torch.Size([64])
layer /14 start_node /20 using full alpha [2, 9, 1, 81] with unstable size None total_size 9 output_shape 9
layer /17 using sparse-features alpha with shape [34]; unstable size 34; total size 128 ([1, 128])
layer /17 start_node /input-16 using sparse-spec alpha [2, 21, 1, 34] with unstable size 20 total_size 64 output_shape torch.Size([64])
layer /17 start_node /20 using full alpha [2, 9, 1, 34] with unstable size None total_size 9 output_shape 9
layer /19 using sparse-features alpha with shape [20]; unstable size 20; total size 64 ([1, 64])
layer /19 start_node /20 using full alpha [2, 9, 1, 20] with unstable size None total_size 9 output_shape 9
Optimizable variables initialized.
initial CROWN bounds (first 10 items): [2.405867576599121, 3.4588286876678467, 3.199371814727783, 4.074189186096191, 4.007184982299805, 3.460847854614258, 4.810060501098633, 1.0761692523956299, 0.8320926427841187]
Verified with initial CROWN!
verified with init bound!
Result: safe-incomplete in 0.0807 seconds

 %%%%%%%%%%%%%%%%%%%%%%%%%%%%%%%%%%% idx: 10, vnnlib ID: 10 %%%%%%%%%%%%%%%%%%%%%%%%%%%%%%%%%%%
Finished vnnlib processing in 0.004702 seconds
Model: BoundedModule(
  (/input-1): BoundInput(name=/input-1, inputs=[], perturbed=True)
  (/1): BoundParams(name=/1, inputs=[], perturbed=False)
  (/2): BoundParams(name=/2, inputs=[], perturbed=False)
  (/3): BoundParams(name=/3, inputs=[], perturbed=False)
  (/4): BoundParams(name=/4, inputs=[], perturbed=False)
  (/5): BoundParams(name=/5, inputs=[], perturbed=False)
  (/6): BoundParams(name=/6, inputs=[], perturbed=False)
  (/7): BoundParams(name=/7, inputs=[], perturbed=False)
  (/8): BoundParams(name=/8, inputs=[], perturbed=False)
  (/9): BoundParams(name=/9, inputs=[], perturbed=False)
  (/10): BoundParams(name=/10, inputs=[], perturbed=False)
  (/input): BoundConv(name=/input, inputs=[/input-1, /1, /2], perturbed=True)
  (/input-4): BoundRelu(name=/input-4, inputs=[/input], perturbed=True)
  (/input-8): BoundConv(name=/input-8, inputs=[/input-4, /3, /4], perturbed=True)
  (/14): BoundRelu(name=/14, inputs=[/input-8], perturbed=True)
  (/15): BoundFlatten(name=/15, inputs=[/14], perturbed=True)
  (/input-12): BoundLinear(name=/input-12, inputs=[/15, /5, /6], perturbed=True)
  (/17): BoundRelu(name=/17, inputs=[/input-12], perturbed=True)
  (/input-16): BoundLinear(name=/input-16, inputs=[/17, /7, /8], perturbed=True)
  (/19): BoundRelu(name=/19, inputs=[/input-16], perturbed=True)
  (/20): BoundLinear(name=/20, inputs=[/19, /9, /10], perturbed=True)
)
Original output in the first batch: tensor([[ 1.20415986, -4.29579926,  0.53912085,  0.60737717,  0.63494897,
          0.63274592, -1.57517362, -1.34774542, -0.03524967, -2.99021149]],
       device='cuda:0')
Split layers:
Nonlinear functions:
   BoundRelu(name=/input-4, inputs=[/input], perturbed=True)
   BoundRelu(name=/14, inputs=[/input-8], perturbed=True)
   BoundRelu(name=/17, inputs=[/input-12], perturbed=True)
   BoundRelu(name=/19, inputs=[/input-16], perturbed=True)
build batch [1/1]
layer /input-4 using sparse-features alpha with shape [158]; unstable size 158; total size 1800 ([1, 8, 15, 15])
layer /input-4 start_node /input-8 using sparse-spec alpha [2, 73, 1, 158] with unstable size 72 total_size 576 output_shape (16, 6, 6)
layer /input-4 start_node /input-12 using sparse-spec alpha [2, 31, 1, 158] with unstable size 30 total_size 128 output_shape torch.Size([128])
layer /input-4 start_node /input-16 using sparse-spec alpha [2, 22, 1, 158] with unstable size 21 total_size 64 output_shape torch.Size([64])
layer /input-4 start_node /20 using full alpha [2, 9, 1, 158] with unstable size None total_size 9 output_shape 9
layer /14 using sparse-features alpha with shape [72]; unstable size 72; total size 576 ([1, 16, 6, 6])
layer /14 start_node /input-12 using sparse-spec alpha [2, 31, 1, 72] with unstable size 30 total_size 128 output_shape torch.Size([128])
layer /14 start_node /input-16 using sparse-spec alpha [2, 22, 1, 72] with unstable size 21 total_size 64 output_shape torch.Size([64])
layer /14 start_node /20 using full alpha [2, 9, 1, 72] with unstable size None total_size 9 output_shape 9
layer /17 using sparse-features alpha with shape [30]; unstable size 30; total size 128 ([1, 128])
layer /17 start_node /input-16 using sparse-spec alpha [2, 22, 1, 30] with unstable size 21 total_size 64 output_shape torch.Size([64])
layer /17 start_node /20 using full alpha [2, 9, 1, 30] with unstable size None total_size 9 output_shape 9
layer /19 using sparse-features alpha with shape [21]; unstable size 21; total size 64 ([1, 64])
layer /19 start_node /20 using full alpha [2, 9, 1, 21] with unstable size None total_size 9 output_shape 9
Optimizable variables initialized.
initial CROWN bounds (first 10 items): [4.045376300811768, -0.7697649002075195, -1.4478987455368042, -1.1215758323669434, -1.7536041736602783, 0.859001636505127, 0.39896905422210693, -0.5105750560760498, 2.542667865753174]
prune_after_crown optimization in use
  original spec size = torch.Size([1, 9])
  pruned spec size = torch.Size([1, 5])
Using alpha-CROWN to initialize bounds.
best_l after optimization: -3.5612051486968994
alpha/beta optimization time: 3.7778103351593018
initial alpha-crown bounds (first 10 items): [-0.37321949005126953, -0.9093458652496338, -0.7417905330657959, -1.174997091293335, -0.36185216903686523]
Global lower bound: -1.174997091293335
torch.Size([1, 5])
4 / 9 OR specs are verified.
Verified OR indices (first 10 items): [0, 5, 6, 8]
Verified OR lbs (first 10 items): [[inf], [inf], [inf], [inf]]
Unverified OR indices (first 10 items): [1, 2, 3, 4, 7]
Unverified OR lbs (first 10 items): [[-0.37321949005126953], [-0.9093458652496338], [-0.7417905330657959], [-1.174997091293335], [-0.36185216903686523]]
Result: unknown in 3.8637 seconds

 %%%%%%%%%%%%%%%%%%%%%%%%%%%%%%%%%%% idx: 11, vnnlib ID: 11 %%%%%%%%%%%%%%%%%%%%%%%%%%%%%%%%%%%
Finished vnnlib processing in 0.003347 seconds
Model: BoundedModule(
  (/input-1): BoundInput(name=/input-1, inputs=[], perturbed=True)
  (/1): BoundParams(name=/1, inputs=[], perturbed=False)
  (/2): BoundParams(name=/2, inputs=[], perturbed=False)
  (/3): BoundParams(name=/3, inputs=[], perturbed=False)
  (/4): BoundParams(name=/4, inputs=[], perturbed=False)
  (/5): BoundParams(name=/5, inputs=[], perturbed=False)
  (/6): BoundParams(name=/6, inputs=[], perturbed=False)
  (/7): BoundParams(name=/7, inputs=[], perturbed=False)
  (/8): BoundParams(name=/8, inputs=[], perturbed=False)
  (/9): BoundParams(name=/9, inputs=[], perturbed=False)
  (/10): BoundParams(name=/10, inputs=[], perturbed=False)
  (/input): BoundConv(name=/input, inputs=[/input-1, /1, /2], perturbed=True)
  (/input-4): BoundRelu(name=/input-4, inputs=[/input], perturbed=True)
  (/input-8): BoundConv(name=/input-8, inputs=[/input-4, /3, /4], perturbed=True)
  (/14): BoundRelu(name=/14, inputs=[/input-8], perturbed=True)
  (/15): BoundFlatten(name=/15, inputs=[/14], perturbed=True)
  (/input-12): BoundLinear(name=/input-12, inputs=[/15, /5, /6], perturbed=True)
  (/17): BoundRelu(name=/17, inputs=[/input-12], perturbed=True)
  (/input-16): BoundLinear(name=/input-16, inputs=[/17, /7, /8], perturbed=True)
  (/19): BoundRelu(name=/19, inputs=[/input-16], perturbed=True)
  (/20): BoundLinear(name=/20, inputs=[/19, /9, /10], perturbed=True)
)
Original output in the first batch: tensor([[-1.61597753,  1.11541975, -2.45084524, -1.23933649, -2.30916691,
         -1.87373555, -1.71634376, -2.27932239, -0.67824084,  3.73230267]],
       device='cuda:0')
Split layers:
Nonlinear functions:
   BoundRelu(name=/input-4, inputs=[/input], perturbed=True)
   BoundRelu(name=/14, inputs=[/input-8], perturbed=True)
   BoundRelu(name=/17, inputs=[/input-12], perturbed=True)
   BoundRelu(name=/19, inputs=[/input-16], perturbed=True)
build batch [1/1]
layer /input-4 using sparse-features alpha with shape [205]; unstable size 205; total size 1800 ([1, 8, 15, 15])
layer /input-4 start_node /input-8 using sparse-spec alpha [2, 97, 1, 205] with unstable size 96 total_size 576 output_shape (16, 6, 6)
layer /input-4 start_node /input-12 using sparse-spec alpha [2, 26, 1, 205] with unstable size 25 total_size 128 output_shape torch.Size([128])
layer /input-4 start_node /input-16 using sparse-spec alpha [2, 25, 1, 205] with unstable size 24 total_size 64 output_shape torch.Size([64])
layer /input-4 start_node /20 using full alpha [2, 9, 1, 205] with unstable size None total_size 9 output_shape 9
layer /14 using sparse-features alpha with shape [96]; unstable size 96; total size 576 ([1, 16, 6, 6])
layer /14 start_node /input-12 using sparse-spec alpha [2, 26, 1, 96] with unstable size 25 total_size 128 output_shape torch.Size([128])
layer /14 start_node /input-16 using sparse-spec alpha [2, 25, 1, 96] with unstable size 24 total_size 64 output_shape torch.Size([64])
layer /14 start_node /20 using full alpha [2, 9, 1, 96] with unstable size None total_size 9 output_shape 9
layer /17 using sparse-features alpha with shape [25]; unstable size 25; total size 128 ([1, 128])
layer /17 start_node /input-16 using sparse-spec alpha [2, 25, 1, 25] with unstable size 24 total_size 64 output_shape torch.Size([64])
layer /17 start_node /20 using full alpha [2, 9, 1, 25] with unstable size None total_size 9 output_shape 9
layer /19 using sparse-features alpha with shape [24]; unstable size 24; total size 64 ([1, 64])
layer /19 start_node /20 using full alpha [2, 9, 1, 24] with unstable size None total_size 9 output_shape 9
Optimizable variables initialized.
initial CROWN bounds (first 10 items): [3.5735511779785156, 0.44444072246551514, 4.585136413574219, 3.2262887954711914, 4.467948913574219, 3.616560220718384, 3.299225330352783, 3.9167404174804688, 2.4910049438476562]
Verified with initial CROWN!
verified with init bound!
Result: safe-incomplete in 0.0737 seconds

 %%%%%%%%%%%%%%%%%%%%%%%%%%%%%%%%%%% idx: 12, vnnlib ID: 12 %%%%%%%%%%%%%%%%%%%%%%%%%%%%%%%%%%%
Finished vnnlib processing in 0.004306 seconds
Model: BoundedModule(
  (/input-1): BoundInput(name=/input-1, inputs=[], perturbed=True)
  (/1): BoundParams(name=/1, inputs=[], perturbed=False)
  (/2): BoundParams(name=/2, inputs=[], perturbed=False)
  (/3): BoundParams(name=/3, inputs=[], perturbed=False)
  (/4): BoundParams(name=/4, inputs=[], perturbed=False)
  (/5): BoundParams(name=/5, inputs=[], perturbed=False)
  (/6): BoundParams(name=/6, inputs=[], perturbed=False)
  (/7): BoundParams(name=/7, inputs=[], perturbed=False)
  (/8): BoundParams(name=/8, inputs=[], perturbed=False)
  (/9): BoundParams(name=/9, inputs=[], perturbed=False)
  (/10): BoundParams(name=/10, inputs=[], perturbed=False)
  (/input): BoundConv(name=/input, inputs=[/input-1, /1, /2], perturbed=True)
  (/input-4): BoundRelu(name=/input-4, inputs=[/input], perturbed=True)
  (/input-8): BoundConv(name=/input-8, inputs=[/input-4, /3, /4], perturbed=True)
  (/14): BoundRelu(name=/14, inputs=[/input-8], perturbed=True)
  (/15): BoundFlatten(name=/15, inputs=[/14], perturbed=True)
  (/input-12): BoundLinear(name=/input-12, inputs=[/15, /5, /6], perturbed=True)
  (/17): BoundRelu(name=/17, inputs=[/input-12], perturbed=True)
  (/input-16): BoundLinear(name=/input-16, inputs=[/17, /7, /8], perturbed=True)
  (/19): BoundRelu(name=/19, inputs=[/input-16], perturbed=True)
  (/20): BoundLinear(name=/20, inputs=[/19, /9, /10], perturbed=True)
)
Original output in the first batch: tensor([[-3.59435344, -3.27574062, -0.02125512,  1.66428638,  0.85419363,
          2.07764721,  1.22576833,  0.13974136, -3.63086796, -3.25284958]],
       device='cuda:0')
Split layers:
Nonlinear functions:
   BoundRelu(name=/input-4, inputs=[/input], perturbed=True)
   BoundRelu(name=/14, inputs=[/input-8], perturbed=True)
   BoundRelu(name=/17, inputs=[/input-12], perturbed=True)
   BoundRelu(name=/19, inputs=[/input-16], perturbed=True)
build batch [1/1]
layer /input-4 using sparse-features alpha with shape [227]; unstable size 227; total size 1800 ([1, 8, 15, 15])
layer /input-4 start_node /input-8 using sparse-spec alpha [2, 128, 1, 227] with unstable size 127 total_size 576 output_shape (16, 6, 6)
layer /input-4 start_node /input-12 using sparse-spec alpha [2, 63, 1, 227] with unstable size 62 total_size 128 output_shape torch.Size([128])
layer /input-4 start_node /input-16 using sparse-spec alpha [2, 47, 1, 227] with unstable size 46 total_size 64 output_shape torch.Size([64])
layer /input-4 start_node /20 using full alpha [2, 9, 1, 227] with unstable size None total_size 9 output_shape 9
layer /14 using sparse-features alpha with shape [127]; unstable size 127; total size 576 ([1, 16, 6, 6])
layer /14 start_node /input-12 using sparse-spec alpha [2, 63, 1, 127] with unstable size 62 total_size 128 output_shape torch.Size([128])
layer /14 start_node /input-16 using sparse-spec alpha [2, 47, 1, 127] with unstable size 46 total_size 64 output_shape torch.Size([64])
layer /14 start_node /20 using full alpha [2, 9, 1, 127] with unstable size None total_size 9 output_shape 9
layer /17 using sparse-features alpha with shape [62]; unstable size 62; total size 128 ([1, 128])
layer /17 start_node /input-16 using sparse-spec alpha [2, 47, 1, 62] with unstable size 46 total_size 64 output_shape torch.Size([64])
layer /17 start_node /20 using full alpha [2, 9, 1, 62] with unstable size None total_size 9 output_shape 9
layer /19 using sparse-features alpha with shape [46]; unstable size 46; total size 64 ([1, 64])
layer /19 start_node /20 using full alpha [2, 9, 1, 46] with unstable size None total_size 9 output_shape 9
Optimizable variables initialized.
initial CROWN bounds (first 10 items): [0.16813677549362183, -1.0993024110794067, -2.5704426765441895, -2.1673502922058105, -3.4200611114501953, -5.135554313659668, -2.860105037689209, 0.5868397951126099, -0.20668649673461914]
prune_after_crown optimization in use
  original spec size = torch.Size([1, 9])
  pruned spec size = torch.Size([1, 7])
Using alpha-CROWN to initialize bounds.
best_l after optimization: -6.903824329376221
alpha/beta optimization time: 3.6396491527557373
initial alpha-crown bounds (first 10 items): [0.6401810646057129, -1.0660779476165771, -1.518491506576538, -1.7938417196273804, -3.3653011322021484, -1.0181570053100586, 1.21786367893219]
Global lower bound: -3.3653011322021484
torch.Size([1, 7])
4 / 9 OR specs are verified.
Verified OR indices (first 10 items): [0, 1, 7, 8]
Verified OR lbs (first 10 items): [[inf], [0.6401810646057129], [inf], [1.21786367893219]]
Unverified OR indices (first 10 items): [2, 3, 4, 5, 6]
Unverified OR lbs (first 10 items): [[-1.0660779476165771], [-1.518491506576538], [-1.7938417196273804], [-3.3653011322021484], [-1.0181570053100586]]
Result: unknown in 3.7172 seconds

 %%%%%%%%%%%%%%%%%%%%%%%%%%%%%%%%%%% idx: 13, vnnlib ID: 13 %%%%%%%%%%%%%%%%%%%%%%%%%%%%%%%%%%%
Finished vnnlib processing in 0.003671 seconds
Model: BoundedModule(
  (/input-1): BoundInput(name=/input-1, inputs=[], perturbed=True)
  (/1): BoundParams(name=/1, inputs=[], perturbed=False)
  (/2): BoundParams(name=/2, inputs=[], perturbed=False)
  (/3): BoundParams(name=/3, inputs=[], perturbed=False)
  (/4): BoundParams(name=/4, inputs=[], perturbed=False)
  (/5): BoundParams(name=/5, inputs=[], perturbed=False)
  (/6): BoundParams(name=/6, inputs=[], perturbed=False)
  (/7): BoundParams(name=/7, inputs=[], perturbed=False)
  (/8): BoundParams(name=/8, inputs=[], perturbed=False)
  (/9): BoundParams(name=/9, inputs=[], perturbed=False)
  (/10): BoundParams(name=/10, inputs=[], perturbed=False)
  (/input): BoundConv(name=/input, inputs=[/input-1, /1, /2], perturbed=True)
  (/input-4): BoundRelu(name=/input-4, inputs=[/input], perturbed=True)
  (/input-8): BoundConv(name=/input-8, inputs=[/input-4, /3, /4], perturbed=True)
  (/14): BoundRelu(name=/14, inputs=[/input-8], perturbed=True)
  (/15): BoundFlatten(name=/15, inputs=[/14], perturbed=True)
  (/input-12): BoundLinear(name=/input-12, inputs=[/15, /5, /6], perturbed=True)
  (/17): BoundRelu(name=/17, inputs=[/input-12], perturbed=True)
  (/input-16): BoundLinear(name=/input-16, inputs=[/17, /7, /8], perturbed=True)
  (/19): BoundRelu(name=/19, inputs=[/input-16], perturbed=True)
  (/20): BoundLinear(name=/20, inputs=[/19, /9, /10], perturbed=True)
)
Original output in the first batch: tensor([[-2.11504459, -1.92763436, -0.77872235, -0.04581141, -1.22504604,
          0.89250517, -1.14444745,  3.12033343, -4.46414948, -1.42371297]],
       device='cuda:0')
Split layers:
Nonlinear functions:
   BoundRelu(name=/input-4, inputs=[/input], perturbed=True)
   BoundRelu(name=/14, inputs=[/input-8], perturbed=True)
   BoundRelu(name=/17, inputs=[/input-12], perturbed=True)
   BoundRelu(name=/19, inputs=[/input-16], perturbed=True)
build batch [1/1]
layer /input-4 using sparse-features alpha with shape [290]; unstable size 290; total size 1800 ([1, 8, 15, 15])
layer /input-4 start_node /input-8 using sparse-spec alpha [2, 76, 1, 290] with unstable size 75 total_size 576 output_shape (16, 6, 6)
layer /input-4 start_node /input-12 using sparse-spec alpha [2, 32, 1, 290] with unstable size 31 total_size 128 output_shape torch.Size([128])
layer /input-4 start_node /input-16 using sparse-spec alpha [2, 27, 1, 290] with unstable size 26 total_size 64 output_shape torch.Size([64])
layer /input-4 start_node /20 using full alpha [2, 9, 1, 290] with unstable size None total_size 9 output_shape 9
layer /14 using sparse-features alpha with shape [75]; unstable size 75; total size 576 ([1, 16, 6, 6])
layer /14 start_node /input-12 using sparse-spec alpha [2, 32, 1, 75] with unstable size 31 total_size 128 output_shape torch.Size([128])
layer /14 start_node /input-16 using sparse-spec alpha [2, 27, 1, 75] with unstable size 26 total_size 64 output_shape torch.Size([64])
layer /14 start_node /20 using full alpha [2, 9, 1, 75] with unstable size None total_size 9 output_shape 9
layer /17 using sparse-features alpha with shape [31]; unstable size 31; total size 128 ([1, 128])
layer /17 start_node /input-16 using sparse-spec alpha [2, 27, 1, 31] with unstable size 26 total_size 64 output_shape torch.Size([64])
layer /17 start_node /20 using full alpha [2, 9, 1, 31] with unstable size None total_size 9 output_shape 9
layer /19 using sparse-features alpha with shape [26]; unstable size 26; total size 64 ([1, 64])
layer /19 start_node /20 using full alpha [2, 9, 1, 26] with unstable size None total_size 9 output_shape 9
Optimizable variables initialized.
initial CROWN bounds (first 10 items): [3.2139809131622314, 2.4666900634765625, 1.512757420539856, 0.3079817295074463, 2.6446003913879395, -0.38040292263031006, 1.3868614435195923, 5.029196739196777, 1.9169363975524902]
prune_after_crown optimization in use
  original spec size = torch.Size([1, 9])
  pruned spec size = torch.Size([1, 1])
Using alpha-CROWN to initialize bounds.

all verified at 10th iter
best_l after optimization: 0.0025238990783691406
alpha/beta optimization time: 0.33534908294677734
initial alpha-crown bounds (first 10 items): [0.0025238990783691406]
Global lower bound: 0.0025238990783691406
torch.Size([1, 1])
verified with init bound!
Result: safe-incomplete in 0.4205 seconds

 %%%%%%%%%%%%%%%%%%%%%%%%%%%%%%%%%%% idx: 14, vnnlib ID: 14 %%%%%%%%%%%%%%%%%%%%%%%%%%%%%%%%%%%
Finished vnnlib processing in 0.004740 seconds
Model: BoundedModule(
  (/input-1): BoundInput(name=/input-1, inputs=[], perturbed=True)
  (/1): BoundParams(name=/1, inputs=[], perturbed=False)
  (/2): BoundParams(name=/2, inputs=[], perturbed=False)
  (/3): BoundParams(name=/3, inputs=[], perturbed=False)
  (/4): BoundParams(name=/4, inputs=[], perturbed=False)
  (/5): BoundParams(name=/5, inputs=[], perturbed=False)
  (/6): BoundParams(name=/6, inputs=[], perturbed=False)
  (/7): BoundParams(name=/7, inputs=[], perturbed=False)
  (/8): BoundParams(name=/8, inputs=[], perturbed=False)
  (/9): BoundParams(name=/9, inputs=[], perturbed=False)
  (/10): BoundParams(name=/10, inputs=[], perturbed=False)
  (/input): BoundConv(name=/input, inputs=[/input-1, /1, /2], perturbed=True)
  (/input-4): BoundRelu(name=/input-4, inputs=[/input], perturbed=True)
  (/input-8): BoundConv(name=/input-8, inputs=[/input-4, /3, /4], perturbed=True)
  (/14): BoundRelu(name=/14, inputs=[/input-8], perturbed=True)
  (/15): BoundFlatten(name=/15, inputs=[/14], perturbed=True)
  (/input-12): BoundLinear(name=/input-12, inputs=[/15, /5, /6], perturbed=True)
  (/17): BoundRelu(name=/17, inputs=[/input-12], perturbed=True)
  (/input-16): BoundLinear(name=/input-16, inputs=[/17, /7, /8], perturbed=True)
  (/19): BoundRelu(name=/19, inputs=[/input-16], perturbed=True)
  (/20): BoundLinear(name=/20, inputs=[/19, /9, /10], perturbed=True)
)
Original output in the first batch: tensor([[-1.26343405,  0.91006052, -0.99195772, -0.67923611, -3.35908556,
         -0.25230470, -2.39643645, -0.76724046, -1.50856495,  3.00184417]],
       device='cuda:0')
Split layers:
Nonlinear functions:
   BoundRelu(name=/input-4, inputs=[/input], perturbed=True)
   BoundRelu(name=/14, inputs=[/input-8], perturbed=True)
   BoundRelu(name=/17, inputs=[/input-12], perturbed=True)
   BoundRelu(name=/19, inputs=[/input-16], perturbed=True)
build batch [1/1]
layer /input-4 using sparse-features alpha with shape [205]; unstable size 205; total size 1800 ([1, 8, 15, 15])
layer /input-4 start_node /input-8 using sparse-spec alpha [2, 95, 1, 205] with unstable size 94 total_size 576 output_shape (16, 6, 6)
layer /input-4 start_node /input-12 using sparse-spec alpha [2, 34, 1, 205] with unstable size 33 total_size 128 output_shape torch.Size([128])
layer /input-4 start_node /input-16 using sparse-spec alpha [2, 29, 1, 205] with unstable size 28 total_size 64 output_shape torch.Size([64])
layer /input-4 start_node /20 using full alpha [2, 9, 1, 205] with unstable size None total_size 9 output_shape 9
layer /14 using sparse-features alpha with shape [94]; unstable size 94; total size 576 ([1, 16, 6, 6])
layer /14 start_node /input-12 using sparse-spec alpha [2, 34, 1, 94] with unstable size 33 total_size 128 output_shape torch.Size([128])
layer /14 start_node /input-16 using sparse-spec alpha [2, 29, 1, 94] with unstable size 28 total_size 64 output_shape torch.Size([64])
layer /14 start_node /20 using full alpha [2, 9, 1, 94] with unstable size None total_size 9 output_shape 9
layer /17 using sparse-features alpha with shape [33]; unstable size 33; total size 128 ([1, 128])
layer /17 start_node /input-16 using sparse-spec alpha [2, 29, 1, 33] with unstable size 28 total_size 64 output_shape torch.Size([64])
layer /17 start_node /20 using full alpha [2, 9, 1, 33] with unstable size None total_size 9 output_shape 9
layer /19 using sparse-features alpha with shape [28]; unstable size 28; total size 64 ([1, 64])
layer /19 start_node /20 using full alpha [2, 9, 1, 28] with unstable size None total_size 9 output_shape 9
Optimizable variables initialized.
initial CROWN bounds (first 10 items): [2.0404999256134033, 0.2795812487602234, 1.8134211301803589, 1.9119665622711182, 4.754452228546143, 1.546748161315918, 3.2704105377197266, 1.709934115409851, 2.6797657012939453]
Verified with initial CROWN!
verified with init bound!
Result: safe-incomplete in 0.0794 seconds

 %%%%%%%%%%%%%%%%%%%%%%%%%%%%%%%%%%% idx: 15, vnnlib ID: 15 %%%%%%%%%%%%%%%%%%%%%%%%%%%%%%%%%%%
Finished vnnlib processing in 0.004478 seconds
Model: BoundedModule(
  (/input-1): BoundInput(name=/input-1, inputs=[], perturbed=True)
  (/1): BoundParams(name=/1, inputs=[], perturbed=False)
  (/2): BoundParams(name=/2, inputs=[], perturbed=False)
  (/3): BoundParams(name=/3, inputs=[], perturbed=False)
  (/4): BoundParams(name=/4, inputs=[], perturbed=False)
  (/5): BoundParams(name=/5, inputs=[], perturbed=False)
  (/6): BoundParams(name=/6, inputs=[], perturbed=False)
  (/7): BoundParams(name=/7, inputs=[], perturbed=False)
  (/8): BoundParams(name=/8, inputs=[], perturbed=False)
  (/9): BoundParams(name=/9, inputs=[], perturbed=False)
  (/10): BoundParams(name=/10, inputs=[], perturbed=False)
  (/input): BoundConv(name=/input, inputs=[/input-1, /1, /2], perturbed=True)
  (/input-4): BoundRelu(name=/input-4, inputs=[/input], perturbed=True)
  (/input-8): BoundConv(name=/input-8, inputs=[/input-4, /3, /4], perturbed=True)
  (/14): BoundRelu(name=/14, inputs=[/input-8], perturbed=True)
  (/15): BoundFlatten(name=/15, inputs=[/14], perturbed=True)
  (/input-12): BoundLinear(name=/input-12, inputs=[/15, /5, /6], perturbed=True)
  (/17): BoundRelu(name=/17, inputs=[/input-12], perturbed=True)
  (/input-16): BoundLinear(name=/input-16, inputs=[/17, /7, /8], perturbed=True)
  (/19): BoundRelu(name=/19, inputs=[/input-16], perturbed=True)
  (/20): BoundLinear(name=/20, inputs=[/19, /9, /10], perturbed=True)
)
Original output in the first batch: tensor([[-0.96459603, -2.68055677, -0.42427170,  0.48833218,  0.18451595,
          0.40522999,  0.27341703, -1.61954713,  0.84875983, -3.27123642]],
       device='cuda:0')
Split layers:
Nonlinear functions:
   BoundRelu(name=/input-4, inputs=[/input], perturbed=True)
   BoundRelu(name=/14, inputs=[/input-8], perturbed=True)
   BoundRelu(name=/17, inputs=[/input-12], perturbed=True)
   BoundRelu(name=/19, inputs=[/input-16], perturbed=True)
build batch [1/1]
layer /input-4 using sparse-features alpha with shape [157]; unstable size 157; total size 1800 ([1, 8, 15, 15])
layer /input-4 start_node /input-8 using sparse-spec alpha [2, 83, 1, 157] with unstable size 82 total_size 576 output_shape (16, 6, 6)
layer /input-4 start_node /input-12 using sparse-spec alpha [2, 41, 1, 157] with unstable size 40 total_size 128 output_shape torch.Size([128])
layer /input-4 start_node /input-16 using sparse-spec alpha [2, 37, 1, 157] with unstable size 36 total_size 64 output_shape torch.Size([64])
layer /input-4 start_node /20 using full alpha [2, 9, 1, 157] with unstable size None total_size 9 output_shape 9
layer /14 using sparse-features alpha with shape [82]; unstable size 82; total size 576 ([1, 16, 6, 6])
layer /14 start_node /input-12 using sparse-spec alpha [2, 41, 1, 82] with unstable size 40 total_size 128 output_shape torch.Size([128])
layer /14 start_node /input-16 using sparse-spec alpha [2, 37, 1, 82] with unstable size 36 total_size 64 output_shape torch.Size([64])
layer /14 start_node /20 using full alpha [2, 9, 1, 82] with unstable size None total_size 9 output_shape 9
layer /17 using sparse-features alpha with shape [40]; unstable size 40; total size 128 ([1, 128])
layer /17 start_node /input-16 using sparse-spec alpha [2, 37, 1, 40] with unstable size 36 total_size 64 output_shape torch.Size([64])
layer /17 start_node /20 using full alpha [2, 9, 1, 40] with unstable size None total_size 9 output_shape 9
layer /19 using sparse-features alpha with shape [36]; unstable size 36; total size 64 ([1, 64])
layer /19 start_node /20 using full alpha [2, 9, 1, 36] with unstable size None total_size 9 output_shape 9
Optimizable variables initialized.
initial CROWN bounds (first 10 items): [-1.004167914390564, 0.14735668897628784, -2.4146947860717773, -3.0722596645355225, -3.8558597564697266, -3.1972453594207764, -3.8301172256469727, -2.0865318775177, 0.6993675827980042]
prune_after_crown optimization in use
  original spec size = torch.Size([1, 9])
  pruned spec size = torch.Size([1, 7])
Using alpha-CROWN to initialize bounds.
best_l after optimization: -13.88647747039795
alpha/beta optimization time: 1.9481115341186523
initial alpha-crown bounds (first 10 items): [-0.5609360933303833, -1.6370749473571777, -2.4000487327575684, -2.896850824356079, -2.3206562995910645, -2.982975959777832, -1.087934970855713]
Global lower bound: -2.982975959777832
torch.Size([1, 7])
2 / 9 OR specs are verified.
Verified OR indices (first 10 items): [1, 8]
Verified OR lbs (first 10 items): [[inf], [inf]]
Unverified OR indices (first 10 items): [0, 2, 3, 4, 5, 6, 7]
Unverified OR lbs (first 10 items): [[-0.5609360933303833], [-1.6370749473571777], [-2.4000487327575684], [-2.896850824356079], [-2.3206562995910645], [-2.982975959777832], [-1.087934970855713]]
Result: unknown in 2.0326 seconds

 %%%%%%%%%%%%%%%%%%%%%%%%%%%%%%%%%%% idx: 16, vnnlib ID: 16 %%%%%%%%%%%%%%%%%%%%%%%%%%%%%%%%%%%
Finished vnnlib processing in 0.003595 seconds
Model: BoundedModule(
  (/input-1): BoundInput(name=/input-1, inputs=[], perturbed=True)
  (/1): BoundParams(name=/1, inputs=[], perturbed=False)
  (/2): BoundParams(name=/2, inputs=[], perturbed=False)
  (/3): BoundParams(name=/3, inputs=[], perturbed=False)
  (/4): BoundParams(name=/4, inputs=[], perturbed=False)
  (/5): BoundParams(name=/5, inputs=[], perturbed=False)
  (/6): BoundParams(name=/6, inputs=[], perturbed=False)
  (/7): BoundParams(name=/7, inputs=[], perturbed=False)
  (/8): BoundParams(name=/8, inputs=[], perturbed=False)
  (/9): BoundParams(name=/9, inputs=[], perturbed=False)
  (/10): BoundParams(name=/10, inputs=[], perturbed=False)
  (/input): BoundConv(name=/input, inputs=[/input-1, /1, /2], perturbed=True)
  (/input-4): BoundRelu(name=/input-4, inputs=[/input], perturbed=True)
  (/input-8): BoundConv(name=/input-8, inputs=[/input-4, /3, /4], perturbed=True)
  (/14): BoundRelu(name=/14, inputs=[/input-8], perturbed=True)
  (/15): BoundFlatten(name=/15, inputs=[/14], perturbed=True)
  (/input-12): BoundLinear(name=/input-12, inputs=[/15, /5, /6], perturbed=True)
  (/17): BoundRelu(name=/17, inputs=[/input-12], perturbed=True)
  (/input-16): BoundLinear(name=/input-16, inputs=[/17, /7, /8], perturbed=True)
  (/19): BoundRelu(name=/19, inputs=[/input-16], perturbed=True)
  (/20): BoundLinear(name=/20, inputs=[/19, /9, /10], perturbed=True)
)
Original output in the first batch: tensor([[-2.49736166, -1.54427338, -0.31743264,  2.23061299, -2.20648885,
          2.17595601, -0.41567272, -0.22527453, -1.74407196, -0.94900608]],
       device='cuda:0')
Split layers:
Nonlinear functions:
   BoundRelu(name=/input-4, inputs=[/input], perturbed=True)
   BoundRelu(name=/14, inputs=[/input-8], perturbed=True)
   BoundRelu(name=/17, inputs=[/input-12], perturbed=True)
   BoundRelu(name=/19, inputs=[/input-16], perturbed=True)
build batch [1/1]
layer /input-4 using sparse-features alpha with shape [173]; unstable size 173; total size 1800 ([1, 8, 15, 15])
layer /input-4 start_node /input-8 using sparse-spec alpha [2, 73, 1, 173] with unstable size 72 total_size 576 output_shape (16, 6, 6)
layer /input-4 start_node /input-12 using sparse-spec alpha [2, 31, 1, 173] with unstable size 30 total_size 128 output_shape torch.Size([128])
layer /input-4 start_node /input-16 using sparse-spec alpha [2, 23, 1, 173] with unstable size 22 total_size 64 output_shape torch.Size([64])
layer /input-4 start_node /20 using full alpha [2, 9, 1, 173] with unstable size None total_size 9 output_shape 9
layer /14 using sparse-features alpha with shape [72]; unstable size 72; total size 576 ([1, 16, 6, 6])
layer /14 start_node /input-12 using sparse-spec alpha [2, 31, 1, 72] with unstable size 30 total_size 128 output_shape torch.Size([128])
layer /14 start_node /input-16 using sparse-spec alpha [2, 23, 1, 72] with unstable size 22 total_size 64 output_shape torch.Size([64])
layer /14 start_node /20 using full alpha [2, 9, 1, 72] with unstable size None total_size 9 output_shape 9
layer /17 using sparse-features alpha with shape [30]; unstable size 30; total size 128 ([1, 128])
layer /17 start_node /input-16 using sparse-spec alpha [2, 23, 1, 30] with unstable size 22 total_size 64 output_shape torch.Size([64])
layer /17 start_node /20 using full alpha [2, 9, 1, 30] with unstable size None total_size 9 output_shape 9
layer /19 using sparse-features alpha with shape [22]; unstable size 22; total size 64 ([1, 64])
layer /19 start_node /20 using full alpha [2, 9, 1, 22] with unstable size None total_size 9 output_shape 9
Optimizable variables initialized.
initial CROWN bounds (first 10 items): [2.610074996948242, 0.7205609083175659, 1.3165791034698486, -0.8257668018341064, 3.072763204574585, 1.100966215133667, 1.1232349872589111, 1.9581472873687744, 1.1021621227264404]
prune_after_crown optimization in use
  original spec size = torch.Size([1, 9])
  pruned spec size = torch.Size([1, 1])
Using alpha-CROWN to initialize bounds.
best_l after optimization: -0.7283397912979126
alpha/beta optimization time: 4.255631685256958
initial alpha-crown bounds (first 10 items): [-0.7283397912979126]
Global lower bound: -0.7283397912979126
torch.Size([1, 1])
8 / 9 OR specs are verified.
Verified OR indices (first 10 items): [0, 1, 2, 4, 5, 6, 7, 8]
Verified OR lbs (first 10 items): [[inf], [inf], [inf], [inf], [inf], [inf], [inf], [inf]]
Unverified OR indices (first 10 items): [3]
Unverified OR lbs (first 10 items): [[-0.7283397912979126]]
Result: unknown in 4.3458 seconds

 %%%%%%%%%%%%%%%%%%%%%%%%%%%%%%%%%%% idx: 17, vnnlib ID: 17 %%%%%%%%%%%%%%%%%%%%%%%%%%%%%%%%%%%
Finished vnnlib processing in 0.010022 seconds
Model: BoundedModule(
  (/input-1): BoundInput(name=/input-1, inputs=[], perturbed=True)
  (/1): BoundParams(name=/1, inputs=[], perturbed=False)
  (/2): BoundParams(name=/2, inputs=[], perturbed=False)
  (/3): BoundParams(name=/3, inputs=[], perturbed=False)
  (/4): BoundParams(name=/4, inputs=[], perturbed=False)
  (/5): BoundParams(name=/5, inputs=[], perturbed=False)
  (/6): BoundParams(name=/6, inputs=[], perturbed=False)
  (/7): BoundParams(name=/7, inputs=[], perturbed=False)
  (/8): BoundParams(name=/8, inputs=[], perturbed=False)
  (/9): BoundParams(name=/9, inputs=[], perturbed=False)
  (/10): BoundParams(name=/10, inputs=[], perturbed=False)
  (/input): BoundConv(name=/input, inputs=[/input-1, /1, /2], perturbed=True)
  (/input-4): BoundRelu(name=/input-4, inputs=[/input], perturbed=True)
  (/input-8): BoundConv(name=/input-8, inputs=[/input-4, /3, /4], perturbed=True)
  (/14): BoundRelu(name=/14, inputs=[/input-8], perturbed=True)
  (/15): BoundFlatten(name=/15, inputs=[/14], perturbed=True)
  (/input-12): BoundLinear(name=/input-12, inputs=[/15, /5, /6], perturbed=True)
  (/17): BoundRelu(name=/17, inputs=[/input-12], perturbed=True)
  (/input-16): BoundLinear(name=/input-16, inputs=[/17, /7, /8], perturbed=True)
  (/19): BoundRelu(name=/19, inputs=[/input-16], perturbed=True)
  (/20): BoundLinear(name=/20, inputs=[/19, /9, /10], perturbed=True)
)
Original output in the first batch: tensor([[-1.54846978, -2.78718305, -0.97190648,  1.05312371, -0.65668780,
          0.12268810, -1.33510208,  0.93002540, -1.72619021,  0.53213471]],
       device='cuda:0')
Split layers:
Nonlinear functions:
   BoundRelu(name=/input-4, inputs=[/input], perturbed=True)
   BoundRelu(name=/14, inputs=[/input-8], perturbed=True)
   BoundRelu(name=/17, inputs=[/input-12], perturbed=True)
   BoundRelu(name=/19, inputs=[/input-16], perturbed=True)
build batch [1/1]
layer /input-4 using sparse-features alpha with shape [187]; unstable size 187; total size 1800 ([1, 8, 15, 15])
layer /input-4 start_node /input-8 using sparse-spec alpha [2, 125, 1, 187] with unstable size 124 total_size 576 output_shape (16, 6, 6)
layer /input-4 start_node /input-12 using sparse-spec alpha [2, 48, 1, 187] with unstable size 47 total_size 128 output_shape torch.Size([128])
layer /input-4 start_node /input-16 using sparse-spec alpha [2, 41, 1, 187] with unstable size 40 total_size 64 output_shape torch.Size([64])
layer /input-4 start_node /20 using full alpha [2, 9, 1, 187] with unstable size None total_size 9 output_shape 9
layer /14 using sparse-features alpha with shape [124]; unstable size 124; total size 576 ([1, 16, 6, 6])
layer /14 start_node /input-12 using sparse-spec alpha [2, 48, 1, 124] with unstable size 47 total_size 128 output_shape torch.Size([128])
layer /14 start_node /input-16 using sparse-spec alpha [2, 41, 1, 124] with unstable size 40 total_size 64 output_shape torch.Size([64])
layer /14 start_node /20 using full alpha [2, 9, 1, 124] with unstable size None total_size 9 output_shape 9
layer /17 using sparse-features alpha with shape [47]; unstable size 47; total size 128 ([1, 128])
layer /17 start_node /input-16 using sparse-spec alpha [2, 41, 1, 47] with unstable size 40 total_size 64 output_shape torch.Size([64])
layer /17 start_node /20 using full alpha [2, 9, 1, 47] with unstable size None total_size 9 output_shape 9
layer /19 using sparse-features alpha with shape [40]; unstable size 40; total size 64 ([1, 64])
layer /19 start_node /20 using full alpha [2, 9, 1, 40] with unstable size None total_size 9 output_shape 9
Optimizable variables initialized.
initial CROWN bounds (first 10 items): [-0.42022770643234253, 0.3823225498199463, -1.1718864440917969, -2.548328399658203, -0.5331499576568604, -1.6895651817321777, -1.114691972732544, -0.06424820423126221, -2.597993850708008]
prune_after_crown optimization in use
  original spec size = torch.Size([1, 9])
  pruned spec size = torch.Size([1, 8])
Using alpha-CROWN to initialize bounds.
best_l after optimization: -6.5167107582092285
alpha/beta optimization time: 4.516860723495483
initial alpha-crown bounds (first 10 items): [0.022658944129943848, -0.6761221885681152, -2.1612467765808105, -0.14294838905334473, -1.289499282836914, -0.6295278072357178, 0.3902978301048279, -2.0303232669830322]
Global lower bound: -2.1612467765808105
torch.Size([1, 8])
3 / 9 OR specs are verified.
Verified OR indices (first 10 items): [0, 1, 7]
Verified OR lbs (first 10 items): [[0.022658944129943848], [inf], [0.3902978301048279]]
Unverified OR indices (first 10 items): [2, 3, 4, 5, 6, 8]
Unverified OR lbs (first 10 items): [[-0.6761221885681152], [-2.1612467765808105], [-0.14294838905334473], [-1.289499282836914], [-0.6295278072357178], [-2.0303232669830322]]
Result: unknown in 4.7406 seconds

 %%%%%%%%%%%%%%%%%%%%%%%%%%%%%%%%%%% idx: 18, vnnlib ID: 18 %%%%%%%%%%%%%%%%%%%%%%%%%%%%%%%%%%%
Finished vnnlib processing in 0.004556 seconds
Model: BoundedModule(
  (/input-1): BoundInput(name=/input-1, inputs=[], perturbed=True)
  (/1): BoundParams(name=/1, inputs=[], perturbed=False)
  (/2): BoundParams(name=/2, inputs=[], perturbed=False)
  (/3): BoundParams(name=/3, inputs=[], perturbed=False)
  (/4): BoundParams(name=/4, inputs=[], perturbed=False)
  (/5): BoundParams(name=/5, inputs=[], perturbed=False)
  (/6): BoundParams(name=/6, inputs=[], perturbed=False)
  (/7): BoundParams(name=/7, inputs=[], perturbed=False)
  (/8): BoundParams(name=/8, inputs=[], perturbed=False)
  (/9): BoundParams(name=/9, inputs=[], perturbed=False)
  (/10): BoundParams(name=/10, inputs=[], perturbed=False)
  (/input): BoundConv(name=/input, inputs=[/input-1, /1, /2], perturbed=True)
  (/input-4): BoundRelu(name=/input-4, inputs=[/input], perturbed=True)
  (/input-8): BoundConv(name=/input-8, inputs=[/input-4, /3, /4], perturbed=True)
  (/14): BoundRelu(name=/14, inputs=[/input-8], perturbed=True)
  (/15): BoundFlatten(name=/15, inputs=[/14], perturbed=True)
  (/input-12): BoundLinear(name=/input-12, inputs=[/15, /5, /6], perturbed=True)
  (/17): BoundRelu(name=/17, inputs=[/input-12], perturbed=True)
  (/input-16): BoundLinear(name=/input-16, inputs=[/17, /7, /8], perturbed=True)
  (/19): BoundRelu(name=/19, inputs=[/input-16], perturbed=True)
  (/20): BoundLinear(name=/20, inputs=[/19, /9, /10], perturbed=True)
)
Original output in the first batch: tensor([[ 1.43498063,  1.48747528, -1.74648035, -2.26781273, -1.90499771,
         -3.41992736, -3.71017194, -3.94164300,  4.16438055,  1.10104704]],
       device='cuda:0')
Split layers:
Nonlinear functions:
   BoundRelu(name=/input-4, inputs=[/input], perturbed=True)
   BoundRelu(name=/14, inputs=[/input-8], perturbed=True)
   BoundRelu(name=/17, inputs=[/input-12], perturbed=True)
   BoundRelu(name=/19, inputs=[/input-16], perturbed=True)
build batch [1/1]
layer /input-4 using sparse-features alpha with shape [203]; unstable size 203; total size 1800 ([1, 8, 15, 15])
layer /input-4 start_node /input-8 using sparse-spec alpha [2, 73, 1, 203] with unstable size 72 total_size 576 output_shape (16, 6, 6)
layer /input-4 start_node /input-12 using sparse-spec alpha [2, 35, 1, 203] with unstable size 34 total_size 128 output_shape torch.Size([128])
layer /input-4 start_node /input-16 using sparse-spec alpha [2, 20, 1, 203] with unstable size 19 total_size 64 output_shape torch.Size([64])
layer /input-4 start_node /20 using full alpha [2, 9, 1, 203] with unstable size None total_size 9 output_shape 9
layer /14 using sparse-features alpha with shape [72]; unstable size 72; total size 576 ([1, 16, 6, 6])
layer /14 start_node /input-12 using sparse-spec alpha [2, 35, 1, 72] with unstable size 34 total_size 128 output_shape torch.Size([128])
layer /14 start_node /input-16 using sparse-spec alpha [2, 20, 1, 72] with unstable size 19 total_size 64 output_shape torch.Size([64])
layer /14 start_node /20 using full alpha [2, 9, 1, 72] with unstable size None total_size 9 output_shape 9
layer /17 using sparse-features alpha with shape [34]; unstable size 34; total size 128 ([1, 128])
layer /17 start_node /input-16 using sparse-spec alpha [2, 20, 1, 34] with unstable size 19 total_size 64 output_shape torch.Size([64])
layer /17 start_node /20 using full alpha [2, 9, 1, 34] with unstable size None total_size 9 output_shape 9
layer /19 using sparse-features alpha with shape [19]; unstable size 19; total size 64 ([1, 64])
layer /19 start_node /20 using full alpha [2, 9, 1, 19] with unstable size None total_size 9 output_shape 9
Optimizable variables initialized.
initial CROWN bounds (first 10 items): [0.7833868265151978, -0.31038761138916016, 3.9132285118103027, 4.286410331726074, 3.5646557807922363, 5.424856185913086, 4.645277976989746, 5.2531561851501465, 0.08623409271240234]
prune_after_crown optimization in use
  original spec size = torch.Size([1, 9])
  pruned spec size = torch.Size([1, 1])
Using alpha-CROWN to initialize bounds.

all verified at 4th iter
best_l after optimization: 0.07033514976501465
alpha/beta optimization time: 0.21911358833312988
initial alpha-crown bounds (first 10 items): [0.07033514976501465]
Global lower bound: 0.07033514976501465
torch.Size([1, 1])
verified with init bound!
Result: safe-incomplete in 0.3326 seconds

 %%%%%%%%%%%%%%%%%%%%%%%%%%%%%%%%%%% idx: 19, vnnlib ID: 19 %%%%%%%%%%%%%%%%%%%%%%%%%%%%%%%%%%%
Finished vnnlib processing in 0.009338 seconds
Model: BoundedModule(
  (/input-1): BoundInput(name=/input-1, inputs=[], perturbed=True)
  (/1): BoundParams(name=/1, inputs=[], perturbed=False)
  (/2): BoundParams(name=/2, inputs=[], perturbed=False)
  (/3): BoundParams(name=/3, inputs=[], perturbed=False)
  (/4): BoundParams(name=/4, inputs=[], perturbed=False)
  (/5): BoundParams(name=/5, inputs=[], perturbed=False)
  (/6): BoundParams(name=/6, inputs=[], perturbed=False)
  (/7): BoundParams(name=/7, inputs=[], perturbed=False)
  (/8): BoundParams(name=/8, inputs=[], perturbed=False)
  (/9): BoundParams(name=/9, inputs=[], perturbed=False)
  (/10): BoundParams(name=/10, inputs=[], perturbed=False)
  (/input): BoundConv(name=/input, inputs=[/input-1, /1, /2], perturbed=True)
  (/input-4): BoundRelu(name=/input-4, inputs=[/input], perturbed=True)
  (/input-8): BoundConv(name=/input-8, inputs=[/input-4, /3, /4], perturbed=True)
  (/14): BoundRelu(name=/14, inputs=[/input-8], perturbed=True)
  (/15): BoundFlatten(name=/15, inputs=[/14], perturbed=True)
  (/input-12): BoundLinear(name=/input-12, inputs=[/15, /5, /6], perturbed=True)
  (/17): BoundRelu(name=/17, inputs=[/input-12], perturbed=True)
  (/input-16): BoundLinear(name=/input-16, inputs=[/17, /7, /8], perturbed=True)
  (/19): BoundRelu(name=/19, inputs=[/input-16], perturbed=True)
  (/20): BoundLinear(name=/20, inputs=[/19, /9, /10], perturbed=True)
)
Original output in the first batch: tensor([[-3.78129363, -2.07711005, -0.31295031,  1.10817742,  1.53812802,
         -0.41744781,  4.77549076, -1.98276889, -4.50887585, -3.08747721]],
       device='cuda:0')
Split layers:
Nonlinear functions:
   BoundRelu(name=/input-4, inputs=[/input], perturbed=True)
   BoundRelu(name=/14, inputs=[/input-8], perturbed=True)
   BoundRelu(name=/17, inputs=[/input-12], perturbed=True)
   BoundRelu(name=/19, inputs=[/input-16], perturbed=True)
build batch [1/1]
layer /input-4 using sparse-features alpha with shape [181]; unstable size 181; total size 1800 ([1, 8, 15, 15])
layer /input-4 start_node /input-8 using sparse-spec alpha [2, 112, 1, 181] with unstable size 111 total_size 576 output_shape (16, 6, 6)
layer /input-4 start_node /input-12 using sparse-spec alpha [2, 43, 1, 181] with unstable size 42 total_size 128 output_shape torch.Size([128])
layer /input-4 start_node /input-16 using sparse-spec alpha [2, 30, 1, 181] with unstable size 29 total_size 64 output_shape torch.Size([64])
layer /input-4 start_node /20 using full alpha [2, 9, 1, 181] with unstable size None total_size 9 output_shape 9
layer /14 using sparse-features alpha with shape [111]; unstable size 111; total size 576 ([1, 16, 6, 6])
layer /14 start_node /input-12 using sparse-spec alpha [2, 43, 1, 111] with unstable size 42 total_size 128 output_shape torch.Size([128])
layer /14 start_node /input-16 using sparse-spec alpha [2, 30, 1, 111] with unstable size 29 total_size 64 output_shape torch.Size([64])
layer /14 start_node /20 using full alpha [2, 9, 1, 111] with unstable size None total_size 9 output_shape 9
layer /17 using sparse-features alpha with shape [42]; unstable size 42; total size 128 ([1, 128])
layer /17 start_node /input-16 using sparse-spec alpha [2, 30, 1, 42] with unstable size 29 total_size 64 output_shape torch.Size([64])
layer /17 start_node /20 using full alpha [2, 9, 1, 42] with unstable size None total_size 9 output_shape 9
layer /19 using sparse-features alpha with shape [29]; unstable size 29; total size 64 ([1, 64])
layer /19 start_node /20 using full alpha [2, 9, 1, 29] with unstable size None total_size 9 output_shape 9
Optimizable variables initialized.
initial CROWN bounds (first 10 items): [4.033334732055664, 2.9897122383117676, 1.331392765045166, -0.2023453712463379, -1.5889275074005127, -0.0047168731689453125, 0.8206281661987305, 3.749955177307129, 3.878202438354492]
prune_after_crown optimization in use
  original spec size = torch.Size([1, 9])
  pruned spec size = torch.Size([1, 3])
Using alpha-CROWN to initialize bounds.
best_l after optimization: 0.7643779516220093
alpha/beta optimization time: 4.683096647262573
initial alpha-crown bounds (first 10 items): [0.5889792442321777, -0.8155344724655151, 0.9909331798553467]
Global lower bound: -0.8155344724655151
torch.Size([1, 3])
8 / 9 OR specs are verified.
Verified OR indices (first 10 items): [0, 1, 2, 3, 5, 6, 7, 8]
Verified OR lbs (first 10 items): [[inf], [inf], [inf], [0.5889792442321777], [0.9909331798553467], [inf], [inf], [inf]]
Unverified OR indices (first 10 items): [4]
Unverified OR lbs (first 10 items): [[-0.8155344724655151]]
Result: unknown in 4.9231 seconds
############# Summary #############
Final verified acc: 25.0% (total 20 examples)
Problem instances count: 20 , total verified (safe/unsat): 5 , total falsified (unsafe/sat): 0 , timeout: 15
mean time for ALL instances (total 20):3.082984574917014, max time: 7.231445074081421
mean time for verified SAFE instances(total 5): 0.19737634658813477, max time: 0.42049503326416016
mean time for verified SAFE + TIMEOUT instances (total 20): 3.0829861164093018, max time: 7.231445074081421 
unknown (total 15), index: [0, 1, 2, 3, 4, 5, 6, 7, 8, 10, 12, 15, 16, 17, 19]
safe-incomplete (total 5), index: [9, 11, 13, 14, 18]
