INFO     09:22:13     [tensor_storage.py:70] Hugepage enabled for branch-and-bound domains.
Configurations:

general:
  device: cuda
  seed: 100
  conv_mode: patches
  deterministic: false
  double_fp: false
  loss_reduction_func: sum
  sparse_alpha: true
  sparse_interm: true
  save_adv_example: false
  verify_onnxruntime_output: false
  eval_adv_example: false
  onnx_adv_example: false
  show_adv_example: false
  precompile_jit: false
  reset_seed_after_precompile: false
  prepare_only: false
  complete_verifier: bab
  enable_incomplete_verification: true
  csv_name: null
  results_file: out.txt
  root_path: ''
  deterministic_opt: false
  graph_optimizer: 'Customized("custom_graph_optimizer", "default_optimizer")'
  buffer_has_batchdim: false
  save_output: false
  output_file: out.pkl
  return_optimized_model: false
  store_all_specs_on_cpu: false
  adhoc_tuning: null
model:
  name: null
  path: null
  onnx_path: ../saved_models/mnist_fcnn.onnx
  onnx_path_prefix: ''
  cache_onnx_conversion: false
  debug_onnx: false
  onnx_quirks: null
  input_shape: null
  onnx_loader: default_onnx_and_vnnlib_loader
  onnx_optimization_flags: []
  onnx_vnnlib_joint_optimization_flags: none
  check_optimized: false
  flatten_final_output: false
  optimize_graph: null
  with_jacobian: false
  bound_opts: null
data:
  start: 70
  end: 80
  select_instance: null
  num_outputs: 10
  mean: 0.0
  std: 1.0
  pkl_path: null
  dataset: MNIST
  data_filter_path: null
  data_idx_file: null
specification:
  type: lp
  robustness_type: verified-acc
  norm: .inf
  epsilon: 0.03
  epsilon_min: 0.0
  vnnlib_path: null
  vnnlib_path_prefix: ''
  shrink_eps: null
  rhs_offset: null
solver:
  batch_size: 96
  auto_enlarge_batch_size: false
  batched_crown_auto_enlarge_max_vram_ratio: 0.9
  min_batch_size_ratio: 0.1
  use_float64_in_last_iteration: false
  early_stop_patience: 10
  start_save_best: 0.5
  bound_prop_method: alpha-crown
  init_bound_prop_method: same
  prune_after_crown: true
  optimize_disjuncts_separately: false
  build_batch_size: 1000000
  skip_with_refined_bound: true
  forward_before_compute_bounds: false
  crown:
    batch_size: 1000000000
    max_crown_size: 1000000000
    activation_bound_option: adaptive
    compare_crown_with_ibp: false
  alpha-crown:
    alpha: true
    lr_alpha: 0.1
    iteration: 100
    share_alphas: false
    lr_decay: 0.98
    full_conv_alpha: true
    max_coeff_mul: .inf
    matmul_share_alphas: false
    disable_optimization: []
    max_time: 1.0
    alpha_dtype: float16
    input_split_alpha_iteration: 5
    input_split_lr_alpha: 0.05
  invprop:
    apply_output_constraints_to: []
    tighten_input_bounds: false
    best_of_oc_and_no_oc: false
    directly_optimize: []
    oc_lr: 0.1
    share_gammas: false
  beta-crown:
    lr_alpha: 0.01
    lr_beta: 0.05
    lr_decay: 0.98
    optimizer: adam
    iteration: 50
    beta: true
    beta_warmup: true
    enable_opt_interm_bounds: false
    all_node_split_LP: false
  forward:
    refine: false
    max_dim: 10000
    reset_threshold: 1.0
  mip:
    unstable_neuron_threshold: 0
    parallel_solvers: 2
    solver_threads: 1
    refine_neuron_timeout: 6.0
    refine_neuron_time_percentage: 0.8
    early_stop: true
    adv_warmup: true
    mip_solver: gurobi
    skip_unsafe: false
    topk_filter: 1.0
    sliding_window: -1
    extra_constraint: false
    refine_neuron_timeout_increasement: 0
    timeout_neuron_percentage: 0.3
    remaining_timeout_threshold: 1
    remove_unstable_neurons: false
    formulation: mip
    output_cut: false
bab:
  max_domains: .inf
  decision_thresh: 0
  timeout: 15.0
  timeout_scale: 1
  max_iterations: -1
  override_timeout: null
  get_upper_bound: false
  pruning_in_iteration: true
  pruning_in_iteration_ratio: 0.2
  sort_targets: false
  batched_domain_list: true
  optimized_interm: ''
  interm_transfer: true
  recompute_interm: false
  sort_domain_interval: -1
  vanilla_crown: false
  tree_traversal: depth_first
  hugetensor_allocator: true
  cut:
    enabled: false
    cuts_path: null
    bab_cut: false
    lp_cut: false
    lr: 0.01
    lr_decay: 1.0
    iteration: 100
    bab_iteration: -1
    early_stop_patience: -1
    lr_beta: 0.02
    number_cuts: 50
    topk_cuts_in_filter: 1000
    batch_size_primal: 100
    max_num: 1000000000
    patches_cut: false
    cplex_cuts: false
    cplex_cuts_wait: 0
    cplex_cuts_revpickup: true
    cut_reference_bounds: true
    fix_intermediate_bounds: false
    manual_cuts: null
    biccos:
      enabled: false
      auto_param: true
      constraint_strengthening: true
      drop_ratio: 0.5
      max_infer_iter: 20
      max_domain: 10000.0
      heuristic: neuron_influence_score
      save_cuts: false
      multi_tree_branching:
        enabled: false
        restore_best_tree: true
        keep_n_best_domains: 50
        target_batch_size: 200
        iterations: 3
  clip_n_verify:
    rearrange_constraints: false
    alpha_crown: false
    prune: false
    final_layer: false
    clip_input_domain:
      enabled: false
      clip_type: relaxed
      clip_neuron_selection_type: ratio
      clip_neuron_selection_value: -1.0
      clip_iterations: 1
      clip_calculate_volume_metrics: false
    clip_interm_domain:
      enabled: false
      with_input: false
      clip_in_alpha_crown: false
      topk_objective: 20
  branching:
    method: kfsb
    candidates: 3
    reduceop: min
    enable_intermediate_bound_opt: false
    branching_input_and_activation: false
    branching_input_and_activation_order: [input, relu]
    branching_input_iterations: 30
    branching_relu_iterations: 50
    nonlinear_split:
      method: bbps
      disable: false
      branching_point_method: uniform
      num_branches: 2
      filter: false
      filter_beta: false
      filter_clamp: false
      filter_batch_size: 10000
      filter_iterations: 25
      relu_only: false
      loose_tanh_threshold: null
      branching_point:
        db_path: branching_points.pt
        num_iterations: 1000
        batch_size: 1000000
        range_l: -5.0
        range_u: 5.0
        log_interval: 100
        step_size_1d: 0.01
        step_size: 0.2
    input_split:
      split_hint: null
      enable: false
      reorder_bab: false
      input_dim_threshold: 20
      adv_check: 0
      split_partitions: 2
      sb_margin_weight: 1.0
      sb_sum: false
      sb_primary_spec: null
      bf_backup_thresh: -1
      bf_rhs_offset: 0
      bf_iters: 1000000000.0
      bf_batch_size: 100000
      bf_zero_crossing_score: false
      touch_zero_score: 0
      ibp_enhancement: true
      compare_with_old_bounds: true
      update_rhs_with_attack: false
      sb_coeff_thresh: 0.001
      sort_index: null
      sort_descending: true
      show_progress: false
      presplit_domains: null
      skip_getting_worst_domain: false
  attack:
    enabled: false
    beam_candidates: 8
    beam_depth: 7
    max_dive_fix_ratio: 0.8
    min_local_free_ratio: 0.2
    mip_start_iteration: 5
    mip_timeout: 30.0
    adv_pool_threshold: null
    refined_mip_attacker: false
    refined_batch_size: null
attack:
  general_attack: true
  pgd_order: skip
  pgd_steps: 100
  pgd_restarts: 30
  pgd_batch_size: 100000000
  pgd_early_stop: true
  pgd_lr_decay: 0.99
  pgd_alpha: auto
  pgd_alpha_scale: false
  pgd_loss_mode: null
  pgd_restart_when_stuck: false
  enable_mip_attack: false
  adv_saver: default_adv_saver
  adv_verifier: default_adv_verifier
  early_stop_condition: default_early_stop_condition
  adv_example_finalizer: default_adv_example_finalizer
  pgd_loss: default_pgd_loss
  cex_path: ./test_cex.txt
  attack_mode: PGD
  attack_tolerance: 0.0
  attack_func: attack_with_general_specs
  gama_lambda: 10.0
  gama_decay: 0.9
  input_split:
    pgd_steps: 100
    pgd_restarts: 30
    pgd_alpha: auto
  input_split_check_adv:
    enabled: auto
    pgd_steps: 5
    pgd_restarts: 5
    pgd_alpha: auto
    max_num_domains: 10
debug:
  view_model: false
  lp_test: null
  rescale_vnnlib_ptb: null
  test_optimized_bounds: false
  test_optimized_bounds_after_n_iterations: 0
  print_verbose_decisions: false
  biccos_mip_sanity_check: false
  sanity_check: 0
  z_split_enabled: false
  save_minimal_config: null
  save_minimal_config_omit_keys: []

/home/han/miniconda3/envs/alpha-beta-crown/lib/python3.10/site-packages/onnx2pytorch/convert/layer.py:29: UserWarning: The given NumPy array is not writable, and PyTorch does not support non-writable tensors. This means writing to this tensor will result in undefined behavior. You may want to copy the array to protect its data or make it writable before converting it to a tensor. This type of warning will be suppressed for the rest of this program. (Triggered internally at ../torch/csrc/utils/tensor_numpy.cpp:206.)
  layer.weight.data = torch.from_numpy(numpy_helper.to_array(weight))
/home/han/miniconda3/envs/alpha-beta-crown/lib/python3.10/site-packages/onnx2pytorch/convert/model.py:151: UserWarning: Using experimental implementation that allows 'batch_size > 1'.Batchnorm layers could potentially produce false outputs.
  warnings.warn(
Experiments at Sat Apr  4 09:22:13 2026 on LAPTOP-RGROMBPB
Loading onnx ../saved_models/mnist_fcnn.onnx with quirks {}
Finished onnx model loading in 0.0317 seconds
ConvertModel(
  (Flatten_/flatten/Flatten_output_0): Flatten()
  (Gemm_/fc1/Gemm_output_0): Linear(in_features=784, out_features=256, bias=True)
  (Relu_/relu1/Relu_output_0): ReLU()
  (Gemm_/fc2/Gemm_output_0): Linear(in_features=256, out_features=128, bias=True)
  (Relu_/relu2/Relu_output_0): ReLU()
  (Gemm_output): Linear(in_features=128, out_features=10, bias=True)
)
Parameters:
  Gemm_/fc1/Gemm_output_0.weight: shape torch.Size([256, 784])
  Gemm_/fc1/Gemm_output_0.bias: shape torch.Size([256])
  Gemm_/fc2/Gemm_output_0.weight: shape torch.Size([128, 256])
  Gemm_/fc2/Gemm_output_0.bias: shape torch.Size([128])
  Gemm_output.weight: shape torch.Size([10, 128])
  Gemm_output.bias: shape torch.Size([10])
Trying generic MNIST/CIFAR data loader.
/home/han/alpha-beta-CROWN/complete_verifier/specifications.py:342: UserWarning: Creating a tensor from a list of numpy.ndarrays is extremely slow. Please consider converting the list to a single numpy.ndarray with numpy.array() before converting to a tensor. (Triggered internally at ../torch/csrc/utils/tensor_new.cpp:278.)
  x_range_list = torch.Tensor(x_range_list).to(dtype=dtype, device=device).view(input_shape + [2])
Internal results will be saved to out.txt.

 %%%%%%%%%%%%%%%%%%%%%%%%%%%%%%%%%%% idx: 0, vnnlib ID: 70 %%%%%%%%%%%%%%%%%%%%%%%%%%%%%%%%%%%
Finished vnnlib processing in 0.698332 seconds
Model: BoundedModule(
  (/0): BoundInput(name=/0, inputs=[], perturbed=True)
  (/7): BoundParams(name=/7, inputs=[], perturbed=False)
  (/8): BoundParams(name=/8, inputs=[], perturbed=False)
  (/9): BoundParams(name=/9, inputs=[], perturbed=False)
  (/10): BoundParams(name=/10, inputs=[], perturbed=False)
  (/11): BoundParams(name=/11, inputs=[], perturbed=False)
  (/12): BoundParams(name=/12, inputs=[], perturbed=False)
  (/13): BoundFlatten(name=/13, inputs=[/0], perturbed=True)
  (/input): BoundLinear(name=/input, inputs=[/13, /7, /8], perturbed=True)
  (/15): BoundRelu(name=/15, inputs=[/input], perturbed=True)
  (/input-3): BoundLinear(name=/input-3, inputs=[/15, /9, /10], perturbed=True)
  (/17): BoundRelu(name=/17, inputs=[/input-3], perturbed=True)
  (/18): BoundLinear(name=/18, inputs=[/17, /11, /12], perturbed=True)
)
Original output in the first batch: tensor([[ -0.80182165,  -4.21254587,   2.54739451,   0.48904702,  -6.38825989,
          -5.25460815, -15.91119194,  12.38878536,  -5.81044769,  -0.49674609]],
       device='cuda:0')
Split layers:
Nonlinear functions:
   BoundRelu(name=/15, inputs=[/input], perturbed=True)
   BoundRelu(name=/17, inputs=[/input-3], perturbed=True)
build batch [1/1]
layer /15 using sparse-features alpha with shape [86]; unstable size 86; total size 256 ([1, 256])
layer /15 start_node /input-3 using sparse-spec alpha [2, 49, 1, 86] with unstable size 48 total_size 128 output_shape torch.Size([128])
layer /15 start_node /18 using full alpha [2, 9, 1, 86] with unstable size None total_size 9 output_shape 9
layer /17 using sparse-features alpha with shape [48]; unstable size 48; total size 128 ([1, 128])
layer /17 start_node /18 using full alpha [2, 9, 1, 48] with unstable size None total_size 9 output_shape 9
Optimizable variables initialized.
initial CROWN bounds (first 10 items): [4.35004186630249, 10.574727058410645, 2.480773448944092, 4.096091270446777, 11.930360794067383, 8.620803833007812, 17.006572723388672, 9.251861572265625, 5.6407270431518555]
Verified with initial CROWN!
verified with init bound!
Result: safe-incomplete in 1.6688 seconds

 %%%%%%%%%%%%%%%%%%%%%%%%%%%%%%%%%%% idx: 1, vnnlib ID: 71 %%%%%%%%%%%%%%%%%%%%%%%%%%%%%%%%%%%
Finished vnnlib processing in 0.002625 seconds
Model: BoundedModule(
  (/0): BoundInput(name=/0, inputs=[], perturbed=True)
  (/7): BoundParams(name=/7, inputs=[], perturbed=False)
  (/8): BoundParams(name=/8, inputs=[], perturbed=False)
  (/9): BoundParams(name=/9, inputs=[], perturbed=False)
  (/10): BoundParams(name=/10, inputs=[], perturbed=False)
  (/11): BoundParams(name=/11, inputs=[], perturbed=False)
  (/12): BoundParams(name=/12, inputs=[], perturbed=False)
  (/13): BoundFlatten(name=/13, inputs=[/0], perturbed=True)
  (/input): BoundLinear(name=/input, inputs=[/13, /7, /8], perturbed=True)
  (/15): BoundRelu(name=/15, inputs=[/input], perturbed=True)
  (/input-3): BoundLinear(name=/input-3, inputs=[/15, /9, /10], perturbed=True)
  (/17): BoundRelu(name=/17, inputs=[/input-3], perturbed=True)
  (/18): BoundLinear(name=/18, inputs=[/17, /11, /12], perturbed=True)
)
Original output in the first batch: tensor([[ 17.53327179,  -9.74553776,  -3.39066601, -11.67556477,  -6.39088058,
          -6.98761082,  -2.19610524,  -3.40178919,  -6.08648396,   1.07703912]],
       device='cuda:0')
Split layers:
Nonlinear functions:
   BoundRelu(name=/15, inputs=[/input], perturbed=True)
   BoundRelu(name=/17, inputs=[/input-3], perturbed=True)
build batch [1/1]
layer /15 using sparse-features alpha with shape [65]; unstable size 65; total size 256 ([1, 256])
layer /15 start_node /input-3 using sparse-spec alpha [2, 31, 1, 65] with unstable size 30 total_size 128 output_shape torch.Size([128])
layer /15 start_node /18 using full alpha [2, 9, 1, 65] with unstable size None total_size 9 output_shape 9
layer /17 using sparse-features alpha with shape [30]; unstable size 30; total size 128 ([1, 128])
layer /17 start_node /18 using full alpha [2, 9, 1, 30] with unstable size None total_size 9 output_shape 9
Optimizable variables initialized.
initial CROWN bounds (first 10 items): [22.937238693237305, 16.764816284179688, 25.05946159362793, 18.448139190673828, 19.519136428833008, 16.11290740966797, 15.509885787963867, 19.518787384033203, 12.485734939575195]
Verified with initial CROWN!
verified with init bound!
Result: safe-incomplete in 0.1053 seconds

 %%%%%%%%%%%%%%%%%%%%%%%%%%%%%%%%%%% idx: 2, vnnlib ID: 72 %%%%%%%%%%%%%%%%%%%%%%%%%%%%%%%%%%%
Finished vnnlib processing in 0.002819 seconds
Model: BoundedModule(
  (/0): BoundInput(name=/0, inputs=[], perturbed=True)
  (/7): BoundParams(name=/7, inputs=[], perturbed=False)
  (/8): BoundParams(name=/8, inputs=[], perturbed=False)
  (/9): BoundParams(name=/9, inputs=[], perturbed=False)
  (/10): BoundParams(name=/10, inputs=[], perturbed=False)
  (/11): BoundParams(name=/11, inputs=[], perturbed=False)
  (/12): BoundParams(name=/12, inputs=[], perturbed=False)
  (/13): BoundFlatten(name=/13, inputs=[/0], perturbed=True)
  (/input): BoundLinear(name=/input, inputs=[/13, /7, /8], perturbed=True)
  (/15): BoundRelu(name=/15, inputs=[/input], perturbed=True)
  (/input-3): BoundLinear(name=/input-3, inputs=[/15, /9, /10], perturbed=True)
  (/17): BoundRelu(name=/17, inputs=[/input-3], perturbed=True)
  (/18): BoundLinear(name=/18, inputs=[/17, /11, /12], perturbed=True)
)
Original output in the first batch: tensor([[ 3.62696052, -1.88703024, 10.36091900,  0.66585290, -8.34304523,
         -4.12765360, -8.08370495, -1.43922186, -1.94840717, -5.19242907]],
       device='cuda:0')
Split layers:
Nonlinear functions:
   BoundRelu(name=/15, inputs=[/input], perturbed=True)
   BoundRelu(name=/17, inputs=[/input-3], perturbed=True)
build batch [1/1]
layer /15 using sparse-features alpha with shape [86]; unstable size 86; total size 256 ([1, 256])
layer /15 start_node /input-3 using sparse-spec alpha [2, 50, 1, 86] with unstable size 49 total_size 128 output_shape torch.Size([128])
layer /15 start_node /18 using full alpha [2, 9, 1, 86] with unstable size None total_size 9 output_shape 9
layer /17 using sparse-features alpha with shape [49]; unstable size 49; total size 128 ([1, 128])
layer /17 start_node /18 using full alpha [2, 9, 1, 49] with unstable size None total_size 9 output_shape 9
Optimizable variables initialized.
initial CROWN bounds (first 10 items): [0.43864941596984863, 8.091695785522461, 4.517468452453613, 11.636009216308594, 7.796976566314697, 11.754111289978027, 6.579469203948975, 6.411296844482422, 7.848970413208008]
Verified with initial CROWN!
verified with init bound!
Result: safe-incomplete in 0.1118 seconds

 %%%%%%%%%%%%%%%%%%%%%%%%%%%%%%%%%%% idx: 3, vnnlib ID: 73 %%%%%%%%%%%%%%%%%%%%%%%%%%%%%%%%%%%
Finished vnnlib processing in 0.002682 seconds
Model: BoundedModule(
  (/0): BoundInput(name=/0, inputs=[], perturbed=True)
  (/7): BoundParams(name=/7, inputs=[], perturbed=False)
  (/8): BoundParams(name=/8, inputs=[], perturbed=False)
  (/9): BoundParams(name=/9, inputs=[], perturbed=False)
  (/10): BoundParams(name=/10, inputs=[], perturbed=False)
  (/11): BoundParams(name=/11, inputs=[], perturbed=False)
  (/12): BoundParams(name=/12, inputs=[], perturbed=False)
  (/13): BoundFlatten(name=/13, inputs=[/0], perturbed=True)
  (/input): BoundLinear(name=/input, inputs=[/13, /7, /8], perturbed=True)
  (/15): BoundRelu(name=/15, inputs=[/input], perturbed=True)
  (/input-3): BoundLinear(name=/input-3, inputs=[/15, /9, /10], perturbed=True)
  (/17): BoundRelu(name=/17, inputs=[/input-3], perturbed=True)
  (/18): BoundLinear(name=/18, inputs=[/17, /11, /12], perturbed=True)
)
Original output in the first batch: tensor([[ -2.81933427,  -3.00080705,  -2.34669065,  -0.54377645,  -3.13189244,
          -9.17560863, -14.85238647,   2.38468981,   2.20386219,   5.48293924]],
       device='cuda:0')
Split layers:
Nonlinear functions:
   BoundRelu(name=/15, inputs=[/input], perturbed=True)
   BoundRelu(name=/17, inputs=[/input-3], perturbed=True)
/home/han/alpha-beta-CROWN/auto_LiRPA/auto_LiRPA/beta_crown.py:52: DeprecationWarning: __array__ implementation doesn't accept a copy keyword, so passing copy=False failed. __array__ must implement 'dtype' and 'copy' keyword arguments. To learn more, see the migration guide https://numpy.org/devdocs/numpy_2_0_migration_guide.html#adapting-to-changes-in-the-copy-keyword
  sign_numpy[bi, :split_len] = split_coeffs
build batch [1/1]
layer /15 using sparse-features alpha with shape [106]; unstable size 106; total size 256 ([1, 256])
layer /15 start_node /input-3 using sparse-spec alpha [2, 59, 1, 106] with unstable size 58 total_size 128 output_shape torch.Size([128])
layer /15 start_node /18 using full alpha [2, 9, 1, 106] with unstable size None total_size 9 output_shape 9
layer /17 using sparse-features alpha with shape [58]; unstable size 58; total size 128 ([1, 128])
layer /17 start_node /18 using full alpha [2, 9, 1, 58] with unstable size None total_size 9 output_shape 9
Optimizable variables initialized.
initial CROWN bounds (first 10 items): [-0.5615124702453613, -0.6681308746337891, -3.9891457557678223, -3.787623882293701, 1.2352380752563477, 4.5499773025512695, 9.227500915527344, -6.974907398223877, -5.398290157318115]
prune_after_crown optimization in use
  original spec size = torch.Size([1, 9])
  pruned spec size = torch.Size([1, 6])
Using alpha-CROWN to initialize bounds.
Early stop at 79th iter due to 10 iterations no improvement!
best_l after optimization: -16.44709014892578
alpha/beta optimization time: 2.792921543121338
initial alpha-crown bounds (first 10 items): [0.410921573638916, 0.22936439514160156, -3.4064583778381348, -3.1748175621032715, -5.623366355895996, -4.882733345031738]
Global lower bound: -5.623366355895996
torch.Size([1, 6])
5 / 9 OR specs are verified.
Verified OR indices (first 10 items): [0, 1, 4, 5, 6]
Verified OR lbs (first 10 items): [[0.410921573638916], [0.22936439514160156], [inf], [inf], [inf]]
Unverified OR indices (first 10 items): [2, 3, 7, 8]
Unverified OR lbs (first 10 items): [[-3.4064583778381348], [-3.1748175621032715], [-5.623366355895996], [-4.882733345031738]]
###### Verifying property Instance 3 ######
Batch size: 4
First 10 spec matrices
C: tensor([[[ 0.,  0., -1.,  0.,  0.,  0.,  0.,  0.,  0.,  1.]],

        [[ 0.,  0.,  0., -1.,  0.,  0.,  0.,  0.,  0.,  1.]],

        [[ 0.,  0.,  0.,  0.,  0.,  0.,  0., -1.,  0.,  1.]],

        [[ 0.,  0.,  0.,  0.,  0.,  0.,  0.,  0., -1.,  1.]]], device='cuda:0')
RHS: tensor([[0.],
        [0.],
        [0.],
        [0.]], device='cuda:0')
OR spec sizes: tensor([1, 1, 1, 1], device='cuda:0', dtype=torch.int32)
Remaining timeout: 11.904903650283813
Model prediction is: tensor([ -2.81933427,  -3.00080705,  -2.34669065,  -0.54377645,  -3.13189244,
         -9.17560863, -14.85238647,   2.38468981,   2.20386219,   5.48293924],
       device='cuda:0')
Activation BaB batch 1/1 
build_with_refined_bounds batch [1/1]
Optimizable variables initialized.
all alpha initialized
directly get lb and ub from refined bounds
c shape: torch.Size([4, 1, 10])
lA shapes: [torch.Size([4, 1, 256]), torch.Size([4, 1, 128])]
torch.Size([4, 1])
(alpha-)CROWN with fixed intermediate bounds: tensor([[-3.40645838],
        [-3.17481756],
        [-5.62336636],
        [-4.88273335]], device='cuda:0') tensor([[inf],
        [inf],
        [inf],
        [inf]], device='cuda:0')
Intermediate layers: /input,/input-3
Keeping alphas for these layers: ['/18']
Node /15 input 0: size torch.Size([256]) unstable 106
Node /17 input 0: size torch.Size([128]) unstable 56
-----------------
# of unstable neurons: 162
-----------------

BaB round 1
batch: 4
splitting decisions: 
split level 0: [/input, 222] [/input, 222] [/input, 231] [/input, 207] 
best_l after optimization: -31.536296844482422
beta sum per layer: [0.7034018039703369, 0.0]
alpha/beta optimization time: 0.6470563411712646
pruning_in_iteration open status: False
ratio of positive domain = 0 / 8 = 0.0
pruning-in-iteration extra time: 0.0001533031463623047
torch.Size([8, 1])
Time: prepare 0.0014    bound 0.6480    transfer 0.0002    finalize 0.0011    func 0.6508    
Accumulated time: func 0.6508    prepare 0.0028    bound 0.6480    transfer 0.0002    finalize 0.0011    
max lb tensor(-2.84198713) min lb tensor(-5.23903799)
Number of Verified Splits: 0 of 8
Current worst splitting domains lb-rhs (depth):
-5.23904 (1), -5.10836 (1), -4.67309 (1), -4.58821 (1), -3.15827 (1), -3.08159 (1), -2.84575 (1), -2.84199 (1), 
Length of domains: 8
Current (lb-rhs): -5.239037990570068
8 domains visited
Time: pickout 0.0015    decision 0.2291    set_bounds 0.0007    solve 0.6515    add 0.0062    
Accumulated time: pickout 0.0015    decision 0.2291    set_bounds 0.0007    solve 0.6515    add 0.0062    
Cumulative time: 0.9151060581207275

BaB round 2
batch: 8
splitting decisions: 
split level 0: [/input, 58] [/input-3, 17] [/input, 222] [/input-3, 110] [/input, 58] [/input, 54] [/input, 222] [/input-3, 110] 
best_l after optimization: -55.838623046875
beta sum per layer: [6.696930885314941, 3.8390166759490967]
alpha/beta optimization time: 0.4300682544708252
pruning_in_iteration open status: False
ratio of positive domain = 0 / 16 = 0.0
pruning-in-iteration extra time: 0.0001220703125
torch.Size([16, 1])
Time: prepare 0.0015    bound 0.4312    transfer 0.0002    finalize 0.0011    func 0.4341    
Accumulated time: func 1.0849    prepare 0.0060    bound 1.0792    transfer 0.0004    finalize 0.0022    
max lb tensor(-1.81982994) min lb tensor(-4.90997791)
Number of Verified Splits: 0 of 16
Current worst splitting domains lb-rhs (depth):
-4.90998 (2), -4.80420 (2), -4.75214 (2), -4.60589 (2), -4.48611 (2), -4.40176 (2), -4.17620 (2), -4.05088 (2), -3.02672 (2), -2.95350 (2), -2.72994 (2), -2.72870 (2), -2.29728 (2), -2.21077 (2), -1.88473 (2), -1.81983 (2), 
Length of domains: 16
Current (lb-rhs): -4.909977912902832
24 domains visited
Time: pickout 0.0060    decision 0.0220    set_bounds 0.0013    solve 0.4346    add 0.0010    
Accumulated time: pickout 0.0075    decision 0.2511    set_bounds 0.0020    solve 1.0861    add 0.0072    
Cumulative time: 1.3801674842834473

BaB round 3
batch: 16
splitting decisions: 
split level 0: [/input-3, 110] [/input, 240] [/input, 58] [/input, 58] [/input, 161] [/input, 231] [/input, 58] [/input, 58] [/input-3, 110] [/input-3, 110] 
best_l after optimization: -99.453125
beta sum per layer: [33.85475540161133, 12.11790943145752]
alpha/beta optimization time: 0.410358190536499
pruning_in_iteration open status: False
ratio of positive domain = 0 / 32 = 0.0
pruning-in-iteration extra time: 0.00013566017150878906
torch.Size([32, 1])
Time: prepare 0.0016    bound 0.4113    transfer 0.0002    finalize 0.0014    func 0.4146    
Accumulated time: func 1.4994    prepare 0.0088    bound 1.4905    transfer 0.0006    finalize 0.0036    
max lb tensor(-1.40733099) min lb tensor(-4.77712440)
Number of Verified Splits: 0 of 32
Current worst splitting domains lb-rhs (depth):
-4.77712 (3), -4.68433 (3), -4.61381 (3), -4.48922 (3), -4.35489 (3), -4.26769 (3), -4.20994 (3), -4.06740 (3), -4.05953 (3), -4.03447 (3), -3.93514 (3), -3.85433 (3), -3.81519 (3), -3.72038 (3), -3.61966 (3), -3.47506 (3), -2.90205 (3), -2.69572 (3), -2.68051 (3), -2.57939 (3), 
Length of domains: 32
Current (lb-rhs): -4.777124404907227
56 domains visited
Time: pickout 0.0041    decision 0.0196    set_bounds 0.0015    solve 0.4152    add 0.0022    
Accumulated time: pickout 0.0116    decision 0.2707    set_bounds 0.0035    solve 1.5014    add 0.0095    
Cumulative time: 1.8232264518737793

BaB round 4
batch: 32
splitting decisions: 
split level 0: [/input, 161] [/input, 231] [/input, 161] [/input-3, 17] [/input-3, 110] [/input, 240] [/input, 161] [/input-3, 17] [/input, 161] [/input, 54] 
best_l after optimization: -166.41323852539062
beta sum per layer: [122.6529312133789, 35.664459228515625]
alpha/beta optimization time: 0.48061108589172363
pruning_in_iteration open status: False
ratio of positive domain = 0 / 64 = 0.0
pruning-in-iteration extra time: 0.0001323223114013672
torch.Size([64, 1])
Time: prepare 0.0029    bound 0.4817    transfer 0.0002    finalize 0.0014    func 0.4863    
Accumulated time: func 1.9857    prepare 0.0133    bound 1.9722    transfer 0.0009    finalize 0.0050    
max lb tensor(-0.36797428) min lb tensor(-4.66744184)
Number of Verified Splits: 0 of 64
Current worst splitting domains lb-rhs (depth):
-4.66744 (4), -4.56436 (4), -4.49433 (4), -4.38136 (4), -4.24229 (4), -4.15870 (4), -3.99240 (4), -3.97964 (4), -3.87532 (4), -3.85858 (4), -3.84136 (4), -3.83844 (4), -3.80126 (4), -3.68026 (4), -3.67734 (4), -3.62814 (4), -3.58980 (4), -3.53246 (4), -3.53175 (4), -3.50521 (4), 
Length of domains: 64
Current (lb-rhs): -4.6674418449401855
120 domains visited
Time: pickout 0.0072    decision 0.0269    set_bounds 0.0024    solve 0.4870    add 0.0021    
Accumulated time: pickout 0.0188    decision 0.2977    set_bounds 0.0059    solve 1.9884    add 0.0115    
Cumulative time: 2.3490705490112305

BaB round 5
batch: 64
splitting decisions: 
split level 0: [/input, 54] [/input, 54] [/input-3, 99] [/input, 222] [/input, 54] [/input-3, 17] [/input, 54] [/input, 222] [/input, 54] [/input, 161] 
best_l after optimization: -262.49102783203125
beta sum per layer: [348.0704650878906, 105.98677062988281]
alpha/beta optimization time: 0.3738231658935547
pruning_in_iteration open status: False
ratio of positive domain = 6 / 128 = 0.046875
pruning-in-iteration extra time: 0.0001544952392578125
torch.Size([128, 1])
Time: prepare 0.0050    bound 0.3749    transfer 0.0014    finalize 0.0069    func 0.3883    
Accumulated time: func 2.3741    prepare 0.0204    bound 2.3472    transfer 0.0022    finalize 0.0119    
max lb tensor(0.12205648) min lb tensor(-4.55656052)
Number of Verified Splits: 6 of 128
Current worst splitting domains lb-rhs (depth):
-4.55656 (5), -4.45620 (5), -4.38923 (5), -4.27683 (5), -4.11419 (5), -4.03084 (5), -4.01522 (5), -3.92219 (5), -3.90018 (5), -3.88478 (5), -3.78301 (5), -3.76632 (5), -3.67964 (5), -3.59521 (5), -3.55257 (5), -3.53979 (5), -3.52697 (5), -3.51941 (5), -3.51410 (5), -3.48549 (5), 
Length of domains: 122
Current (lb-rhs): -4.556560516357422
248 domains visited
Time: pickout 0.0087    decision 0.0298    set_bounds 0.0038    solve 0.3892    add 0.0037    
Accumulated time: pickout 0.0275    decision 0.3275    set_bounds 0.0098    solve 2.3776    add 0.0152    
Cumulative time: 2.784865379333496

BaB round 6
batch: 96
splitting decisions: 
split level 0: [/input, 54] [/input-3, 104] [/input-3, 4] [/input-3, 110] [/input, 161] [/input, 161] [/input-3, 4] [/input-3, 110] [/input, 54] [/input, 143] 
best_l after optimization: -288.16046142578125
beta sum per layer: [657.6453857421875, 274.23004150390625]
alpha/beta optimization time: 0.6401693820953369
pruning_in_iteration open status: False
ratio of positive domain = 19 / 192 = 0.09895833333333337
pruning-in-iteration extra time: 0.00011134147644042969
torch.Size([192, 1])
Time: prepare 0.0096    bound 0.6412    transfer 0.0003    finalize 0.0019    func 0.6531    
Accumulated time: func 3.0271    prepare 0.0382    bound 2.9884    transfer 0.0025    finalize 0.0138    
max lb tensor(0.37176347) min lb tensor(-4.03147602)
Number of Verified Splits: 19 of 192
Current worst splitting domains lb-rhs (depth):
-4.55656 (5), -4.45620 (5), -4.38923 (5), -4.27683 (5), -4.03148 (6), -4.01522 (5), -3.95060 (6), -3.92219 (5), -3.90018 (5), -3.88478 (5), -3.78301 (5), -3.67964 (5), -3.62884 (6), -3.47220 (6), -3.42745 (6), -3.41028 (6), -3.40475 (6), -3.38912 (6), -3.38680 (6), -3.37828 (6), 
Length of domains: 199
Current (lb-rhs): -4.556560516357422
440 domains visited
Time: pickout 0.0188    decision 0.1415    set_bounds 0.0060    solve 0.6536    add 0.0011    
Accumulated time: pickout 0.0464    decision 0.4690    set_bounds 0.0158    solve 3.0312    add 0.0163    
Cumulative time: 3.6061418056488037

BaB round 7
batch: 96
splitting decisions: 
split level 0: [/input, 161] [/input, 222] [/input, 63] [/input, 161] [/input-3, 104] [/input, 231] [/input, 161] [/input-3, 60] [/input-3, 104] [/input, 161] 
best_l after optimization: -212.27259826660156
beta sum per layer: [688.2362670898438, 411.6026306152344]
alpha/beta optimization time: 0.5364835262298584
pruning_in_iteration open status: True
ratio of positive domain = 40 / 192 = 0.20833333333333337
pruning-in-iteration extra time: 0.009061098098754883
torch.Size([192, 1])
Time: prepare 0.0050    bound 0.5376    transfer 0.0005    finalize 0.0026    func 0.5459    
Accumulated time: func 3.5730    prepare 0.0444    bound 3.5260    transfer 0.0030    finalize 0.0164    
max lb tensor(9.99999975e-05) min lb tensor(-3.14856672)
Number of Verified Splits: 40 of 192
Current worst splitting domains lb-rhs (depth):
-4.55656 (5), -4.45620 (5), -4.38923 (5), -4.27683 (5), -4.03148 (6), -4.01522 (5), -3.95060 (6), -3.92219 (5), -3.90018 (5), -3.88478 (5), -3.78301 (5), -3.67964 (5), -3.62884 (6), -3.47220 (6), -3.42745 (6), -3.41028 (6), -3.40475 (6), -3.38912 (6), -3.38680 (6), -3.37828 (6), 
Length of domains: 255
Current (lb-rhs): -4.556560516357422
632 domains visited
Time: pickout 0.0123    decision 0.0265    set_bounds 0.0048    solve 0.5473    add 0.0016    
Accumulated time: pickout 0.0586    decision 0.4955    set_bounds 0.0206    solve 3.5784    add 0.0179    
Cumulative time: 4.199062347412109

BaB round 8
batch: 96
splitting decisions: 
split level 0: [/input-3, 104] [/input, 143] [/input, 63] [/input-3, 60] [/input-3, 104] [/input, 161] [/input-3, 4] [/input, 28] [/input, 143] [/input, 54] 
best_l after optimization: -190.010009765625
beta sum per layer: [715.6889038085938, 421.84405517578125]
alpha/beta optimization time: 0.42465782165527344
pruning_in_iteration open status: False
ratio of positive domain = 34 / 192 = 0.17708333333333337
pruning-in-iteration extra time: 0.00010347366333007812
torch.Size([192, 1])
Time: prepare 0.0068    bound 0.4259    transfer 0.0003    finalize 0.0026    func 0.4356    
Accumulated time: func 4.0086    prepare 0.0528    bound 3.9519    transfer 0.0033    finalize 0.0189    
max lb tensor(0.34925485) min lb tensor(-2.77710795)
Number of Verified Splits: 34 of 192
Current worst splitting domains lb-rhs (depth):
-4.55656 (5), -4.45620 (5), -4.38923 (5), -4.27683 (5), -4.03148 (6), -4.01522 (5), -3.95060 (6), -3.92219 (5), -3.90018 (5), -3.88478 (5), -3.78301 (5), -3.67964 (5), -3.62884 (6), -3.47220 (6), -3.42745 (6), -3.41028 (6), -3.40475 (6), -3.38912 (6), -3.38680 (6), -3.37828 (6), 
Length of domains: 317
Current (lb-rhs): -4.556560516357422
824 domains visited
Time: pickout 0.0146    decision 0.0346    set_bounds 0.0061    solve 0.4363    add 0.0014    
Accumulated time: pickout 0.0733    decision 0.5301    set_bounds 0.0267    solve 4.0147    add 0.0193    
Cumulative time: 4.692318677902222

BaB round 9
batch: 96
splitting decisions: 
split level 0: [/input-3, 4] [/input-3, 4] [/input, 28] [/input-3, 4] [/input, 56] [/input, 39] [/input-3, 4] [/input, 161] [/input, 39] [/input-3, 104] 
best_l after optimization: -158.44529724121094
beta sum per layer: [800.6162109375, 469.89691162109375]
alpha/beta optimization time: 0.4353041648864746
pruning_in_iteration open status: False
ratio of positive domain = 36 / 192 = 0.1875
pruning-in-iteration extra time: 0.00014090538024902344
torch.Size([192, 1])
Time: prepare 0.0048    bound 0.4363    transfer 0.0003    finalize 0.0026    func 0.4441    
Accumulated time: func 4.4527    prepare 0.0590    bound 4.3882    transfer 0.0036    finalize 0.0215    
max lb tensor(0.26440382) min lb tensor(-2.32214046)
Number of Verified Splits: 36 of 192
Current worst splitting domains lb-rhs (depth):
-4.55656 (5), -4.45620 (5), -4.38923 (5), -4.27683 (5), -4.03148 (6), -4.01522 (5), -3.95060 (6), -3.92219 (5), -3.90018 (5), -3.88478 (5), -3.78301 (5), -3.67964 (5), -3.62884 (6), -3.47220 (6), -3.42745 (6), -3.41028 (6), -3.40475 (6), -3.38912 (6), -3.38680 (6), -3.37828 (6), 
Length of domains: 377
Current (lb-rhs): -4.556560516357422
1016 domains visited
Time: pickout 0.0119    decision 0.0296    set_bounds 0.0053    solve 0.4453    add 0.0042    
Accumulated time: pickout 0.0852    decision 0.5596    set_bounds 0.0319    solve 4.4600    add 0.0235    
Cumulative time: 5.1892921924591064

BaB round 10
batch: 96
splitting decisions: 
split level 0: [/input, 155] [/input-3, 23] [/input, 155] [/input, 222] [/input-3, 60] [/input, 39] [/input, 155] [/input-3, 23] [/input, 155] [/input, 161] 
best_l after optimization: -128.02288818359375
beta sum per layer: [853.8299560546875, 520.699951171875]
alpha/beta optimization time: 0.5533597469329834
pruning_in_iteration open status: False
ratio of positive domain = 27 / 192 = 0.140625
pruning-in-iteration extra time: 0.0004825592041015625
torch.Size([192, 1])
Time: prepare 0.0076    bound 0.5548    transfer 0.0014    finalize 0.0058    func 0.5697    
Accumulated time: func 5.0224    prepare 0.0688    bound 4.9430    transfer 0.0050    finalize 0.0273    
max lb tensor(0.29708958) min lb tensor(-2.01366353)
Number of Verified Splits: 27 of 192
Current worst splitting domains lb-rhs (depth):
-4.55656 (5), -4.45620 (5), -4.38923 (5), -4.27683 (5), -4.03148 (6), -4.01522 (5), -3.95060 (6), -3.92219 (5), -3.90018 (5), -3.88478 (5), -3.78301 (5), -3.67964 (5), -3.62884 (6), -3.47220 (6), -3.42745 (6), -3.41028 (6), -3.40475 (6), -3.38912 (6), -3.38680 (6), -3.37828 (6), 
Length of domains: 446
Current (lb-rhs): -4.556560516357422
1208 domains visited
Time: pickout 0.0189    decision 0.0390    set_bounds 0.0097    solve 0.5706    add 0.0019    
Accumulated time: pickout 0.1041    decision 0.5986    set_bounds 0.0416    solve 5.0306    add 0.0253    
Cumulative time: 5.829631328582764

BaB round 11
batch: 96
splitting decisions: 
split level 0: [/input-3, 47] [/input-3, 4] [/input-3, 4] [/input, 39] [/input, 28] [/input, 39] [/input-3, 4] [/input, 161] [/input-3, 23] [/input, 39] 
best_l after optimization: -82.95817565917969
beta sum per layer: [941.0655517578125, 605.7374267578125]
alpha/beta optimization time: 0.7731666564941406
pruning_in_iteration open status: True
ratio of positive domain = 41 / 192 = 0.21354166666666663
pruning-in-iteration extra time: 0.014620780944824219
torch.Size([192, 1])
Time: prepare 0.0057    bound 0.7749    transfer 0.0019    finalize 0.0085    func 0.7911    
Accumulated time: func 5.8135    prepare 0.0807    bound 5.7179    transfer 0.0069    finalize 0.0358    
max lb tensor(9.99999975e-05) min lb tensor(-1.95867395)
Number of Verified Splits: 41 of 192
Current worst splitting domains lb-rhs (depth):
-4.55656 (5), -4.45620 (5), -4.38923 (5), -4.27683 (5), -4.03148 (6), -4.01522 (5), -3.95060 (6), -3.92219 (5), -3.90018 (5), -3.88478 (5), -3.78301 (5), -3.67964 (5), -3.62884 (6), -3.47220 (6), -3.42745 (6), -3.41028 (6), -3.40475 (6), -3.38912 (6), -3.38680 (6), -3.37828 (6), 
Length of domains: 501
Current (lb-rhs): -4.556560516357422
1400 domains visited
Time: pickout 0.0172    decision 0.1179    set_bounds 0.0065    solve 0.7920    add 0.0023    
Accumulated time: pickout 0.1213    decision 0.7165    set_bounds 0.0481    solve 5.8227    add 0.0276    
Cumulative time: 6.766001224517822

BaB round 12
batch: 96
splitting decisions: 
split level 0: [/input, 28] [/input, 161] [/input-3, 99] [/input-3, 99] [/input-3, 99] [/input, 56] [/input, 222] [/input, 155] [/input-3, 99] [/input-3, 99] 
best_l after optimization: -51.24762725830078
beta sum per layer: [1018.1859130859375, 617.5760498046875]
alpha/beta optimization time: 0.6953237056732178
pruning_in_iteration open status: True
ratio of positive domain = 67 / 192 = 0.34895833333333337
pruning-in-iteration extra time: 0.03157758712768555
torch.Size([192, 1])
Time: prepare 0.0053    bound 0.6962    transfer 0.0004    finalize 0.0030    func 0.7056    
Accumulated time: func 6.5192    prepare 0.0910    bound 6.4141    transfer 0.0073    finalize 0.0388    
max lb tensor(9.99999975e-05) min lb tensor(-1.60393214)
Number of Verified Splits: 67 of 192
Current worst splitting domains lb-rhs (depth):
-4.55656 (5), -4.45620 (5), -4.38923 (5), -4.27683 (5), -4.03148 (6), -4.01522 (5), -3.95060 (6), -3.92219 (5), -3.90018 (5), -3.88478 (5), -3.78301 (5), -3.67964 (5), -3.62884 (6), -3.47220 (6), -3.42745 (6), -3.41028 (6), -3.40475 (6), -3.38912 (6), -3.38680 (6), -3.37828 (6), 
Length of domains: 530
Current (lb-rhs): -4.556560516357422
1592 domains visited
Time: pickout 0.0184    decision 0.1093    set_bounds 0.0056    solve 0.7064    add 0.0013    
Accumulated time: pickout 0.1397    decision 0.8258    set_bounds 0.0537    solve 6.5291    add 0.0288    
Cumulative time: 7.6073455810546875

BaB round 13
batch: 96
splitting decisions: 
split level 0: [/input-3, 45] [/input, 146] [/input-3, 23] [/input, 28] [/input, 146] [/input, 161] [/input, 81] [/input, 161] [/input, 161] [/input, 222] 
best_l after optimization: -41.2713737487793
beta sum per layer: [1126.9677734375, 597.7210693359375]
alpha/beta optimization time: 0.4807319641113281
pruning_in_iteration open status: True
ratio of positive domain = 69 / 192 = 0.359375
pruning-in-iteration extra time: 0.026724815368652344
torch.Size([192, 1])
Time: prepare 0.0050    bound 0.4817    transfer 0.0005    finalize 0.0024    func 0.4897    
Accumulated time: func 7.0088    prepare 0.0975    bound 6.8958    transfer 0.0078    finalize 0.0412    
max lb tensor(9.99999975e-05) min lb tensor(-1.07856107)
Number of Verified Splits: 69 of 192
Current worst splitting domains lb-rhs (depth):
-4.55656 (5), -4.45620 (5), -4.38923 (5), -4.27683 (5), -4.03148 (6), -4.01522 (5), -3.95060 (6), -3.92219 (5), -3.90018 (5), -3.88478 (5), -3.78301 (5), -3.67964 (5), -3.62884 (6), -3.47220 (6), -3.42745 (6), -3.41028 (6), -3.40475 (6), -3.38912 (6), -3.38680 (6), -3.37828 (6), 
Length of domains: 557
Current (lb-rhs): -4.556560516357422
1784 domains visited
Time: pickout 0.0135    decision 0.0280    set_bounds 0.0052    solve 0.4907    add 0.0013    
Accumulated time: pickout 0.1531    decision 0.8538    set_bounds 0.0590    solve 7.0198    add 0.0301    
Cumulative time: 8.14637804031372

BaB round 14
batch: 96
splitting decisions: 
split level 0: [/input, 164] [/input-3, 23] [/input, 164] [/input, 161] [/input, 164] [/input, 138] [/input, 39] [/input, 39] [/input-3, 45] [/input-3, 45] 
best_l after optimization: -32.24540328979492
beta sum per layer: [1185.2784423828125, 596.0792236328125]
alpha/beta optimization time: 0.7432079315185547
pruning_in_iteration open status: True
ratio of positive domain = 81 / 192 = 0.421875
pruning-in-iteration extra time: 0.03976917266845703
torch.Size([192, 1])
Time: prepare 0.0052    bound 0.7448    transfer 0.0016    finalize 0.0069    func 0.7587    
Accumulated time: func 7.7675    prepare 0.1042    bound 7.6406    transfer 0.0094    finalize 0.0481    
max lb tensor(9.99999975e-05) min lb tensor(-0.96989655)
Number of Verified Splits: 81 of 192
Current worst splitting domains lb-rhs (depth):
-4.55656 (5), -4.45620 (5), -4.38923 (5), -4.27683 (5), -4.03148 (6), -4.01522 (5), -3.95060 (6), -3.92219 (5), -3.90018 (5), -3.88478 (5), -3.78301 (5), -3.67964 (5), -3.62884 (6), -3.47220 (6), -3.42745 (6), -3.41028 (6), -3.40475 (6), -3.38912 (6), -3.38680 (6), -3.37828 (6), 
Length of domains: 572
Current (lb-rhs): -4.556560516357422
1976 domains visited
Time: pickout 0.0155    decision 0.0319    set_bounds 0.0059    solve 0.7598    add 0.0018    
Accumulated time: pickout 0.1686    decision 0.8856    set_bounds 0.0649    solve 7.7796    add 0.0319    
Cumulative time: 8.961951732635498

BaB round 15
batch: 96
splitting decisions: 
split level 0: [/input, 161] [/input-3, 23] [/input, 161] [/input, 164] [/input, 161] [/input-3, 31] [/input, 161] [/input-3, 45] [/input, 164] [/input-3, 45] 
best_l after optimization: -23.411117553710938
beta sum per layer: [1232.537841796875, 581.9622802734375]
alpha/beta optimization time: 0.8850018978118896
pruning_in_iteration open status: True
ratio of positive domain = 96 / 192 = 0.5
pruning-in-iteration extra time: 0.04720163345336914
torch.Size([192, 1])
Time: prepare 0.0096    bound 0.8866    transfer 0.0015    finalize 0.0079    func 0.9056    
Accumulated time: func 8.6731    prepare 0.1158    bound 8.5273    transfer 0.0108    finalize 0.0560    
max lb tensor(9.99999975e-05) min lb tensor(-0.75261450)
Number of Verified Splits: 96 of 192
Current worst splitting domains lb-rhs (depth):
-4.55656 (5), -4.45620 (5), -4.38923 (5), -4.27683 (5), -4.03148 (6), -4.01522 (5), -3.95060 (6), -3.92219 (5), -3.90018 (5), -3.88478 (5), -3.78301 (5), -3.67964 (5), -3.62884 (6), -3.47220 (6), -3.42745 (6), -3.41028 (6), -3.40475 (6), -3.38912 (6), -3.38680 (6), -3.37828 (6), 
Length of domains: 572
Current (lb-rhs): -4.556560516357422
2168 domains visited
Time: pickout 0.0243    decision 0.0414    set_bounds 0.0099    solve 0.9063    add 0.0011    
Accumulated time: pickout 0.1929    decision 0.9271    set_bounds 0.0747    solve 8.6859    add 0.0330    
Cumulative time: 9.945634603500366

BaB round 16
batch: 96
splitting decisions: 
split level 0: [/input, 164] [/input, 39] [/input, 81] [/input, 164] [/input, 155] [/input, 39] [/input, 81] [/input, 146] [/input, 81] [/input, 164] 
best_l after optimization: -21.093486785888672
beta sum per layer: [1252.9705810546875, 548.7567138671875]
alpha/beta optimization time: 0.6030795574188232
pruning_in_iteration open status: True
ratio of positive domain = 97 / 192 = 0.5052083333333333
pruning-in-iteration extra time: 0.03356361389160156
torch.Size([192, 1])
Time: prepare 0.0054    bound 0.6041    transfer 0.0005    finalize 0.0026    func 0.6126    
Accumulated time: func 9.2858    prepare 0.1267    bound 9.1313    transfer 0.0113    finalize 0.0586    
max lb tensor(9.99999975e-05) min lb tensor(-0.66489744)
Number of Verified Splits: 97 of 192
Current worst splitting domains lb-rhs (depth):
-4.55656 (5), -4.45620 (5), -4.38923 (5), -4.27683 (5), -4.03148 (6), -4.01522 (5), -3.95060 (6), -3.92219 (5), -3.90018 (5), -3.88478 (5), -3.78301 (5), -3.67964 (5), -3.62884 (6), -3.47220 (6), -3.42745 (6), -3.41028 (6), -3.40475 (6), -3.38912 (6), -3.38680 (6), -3.37828 (6), 
Length of domains: 571
Current (lb-rhs): -4.556560516357422
2360 domains visited
Time: pickout 0.0169    decision 0.1197    set_bounds 0.0052    solve 0.6134    add 0.0011    
Accumulated time: pickout 0.2098    decision 1.0467    set_bounds 0.0800    solve 9.2993    add 0.0341    
Cumulative time: 10.702477931976318

BaB round 17
batch: 96
splitting decisions: 
split level 0: [/input, 81] [/input, 146] [/input-3, 23] [/input, 164] [/input, 161] [/input, 161] [/input, 50] [/input, 146] [/input, 146] [/input-3, 23] 
best_l after optimization: -20.452537536621094
beta sum per layer: [1330.1318359375, 511.0204772949219]
alpha/beta optimization time: 0.5410058498382568
pruning_in_iteration open status: True
ratio of positive domain = 101 / 192 = 0.5260416666666667
pruning-in-iteration extra time: 0.026704072952270508
torch.Size([192, 1])
Time: prepare 0.0055    bound 0.5422    transfer 0.0004    finalize 0.0030    func 0.5511    
Accumulated time: func 9.8369    prepare 0.1338    bound 9.6735    transfer 0.0117    finalize 0.0615    
max lb tensor(9.99999975e-05) min lb tensor(-0.87854385)
Number of Verified Splits: 101 of 192
Current worst splitting domains lb-rhs (depth):
-4.55656 (5), -4.45620 (5), -4.38923 (5), -4.27683 (5), -4.03148 (6), -4.01522 (5), -3.95060 (6), -3.92219 (5), -3.90018 (5), -3.88478 (5), -3.78301 (5), -3.67964 (5), -3.62884 (6), -3.47220 (6), -3.42745 (6), -3.41028 (6), -3.40475 (6), -3.38912 (6), -3.38680 (6), -3.37828 (6), 
Length of domains: 566
Current (lb-rhs): -4.556560516357422
2552 domains visited
Time: pickout 0.0140    decision 0.0380    set_bounds 0.0061    solve 0.5517    add 0.0011    
Accumulated time: pickout 0.2238    decision 1.0848    set_bounds 0.0861    solve 9.8510    add 0.0352    
Cumulative time: 11.31390643119812

BaB round 18
batch: 96
splitting decisions: 
split level 0: [/input, 161] [/input, 146] [/input, 161] [/input-3, 23] [/input-3, 45] [/input, 155] [/input, 50] [/input, 206] [/input-3, 23] [/input-3, 23] 
best_l after optimization: -20.4838809967041
beta sum per layer: [1368.4984130859375, 462.66119384765625]
alpha/beta optimization time: 0.5908985137939453
pruning_in_iteration open status: True
ratio of positive domain = 78 / 192 = 0.40625
pruning-in-iteration extra time: 0.029892683029174805
torch.Size([192, 1])
Time: prepare 0.0056    bound 0.5924    transfer 0.0004    finalize 0.0022    func 0.6007    
Accumulated time: func 10.4375    prepare 0.1409    bound 10.2659    transfer 0.0121    finalize 0.0637    
max lb tensor(0.00059438) min lb tensor(-0.79200649)
Number of Verified Splits: 78 of 192
Current worst splitting domains lb-rhs (depth):
-4.55656 (5), -4.45620 (5), -4.38923 (5), -4.27683 (5), -4.03148 (6), -4.01522 (5), -3.95060 (6), -3.92219 (5), -3.90018 (5), -3.88478 (5), -3.78301 (5), -3.67964 (5), -3.62884 (6), -3.47220 (6), -3.42745 (6), -3.41028 (6), -3.40475 (6), -3.38912 (6), -3.38680 (6), -3.37828 (6), 
Length of domains: 584
Current (lb-rhs): -4.556560516357422
2744 domains visited
Time: pickout 0.0134    decision 0.0350    set_bounds 0.0060    solve 0.6012    add 0.0014    
Accumulated time: pickout 0.2372    decision 1.1198    set_bounds 0.0921    solve 10.4522    add 0.0366    
Time out!!!!!!!!
Result: unknown in 15.0727 seconds

 %%%%%%%%%%%%%%%%%%%%%%%%%%%%%%%%%%% idx: 4, vnnlib ID: 74 %%%%%%%%%%%%%%%%%%%%%%%%%%%%%%%%%%%
Finished vnnlib processing in 0.003253 seconds
Model: BoundedModule(
  (/0): BoundInput(name=/0, inputs=[], perturbed=True)
  (/7): BoundParams(name=/7, inputs=[], perturbed=False)
  (/8): BoundParams(name=/8, inputs=[], perturbed=False)
  (/9): BoundParams(name=/9, inputs=[], perturbed=False)
  (/10): BoundParams(name=/10, inputs=[], perturbed=False)
  (/11): BoundParams(name=/11, inputs=[], perturbed=False)
  (/12): BoundParams(name=/12, inputs=[], perturbed=False)
  (/13): BoundFlatten(name=/13, inputs=[/0], perturbed=True)
  (/input): BoundLinear(name=/input, inputs=[/13, /7, /8], perturbed=True)
  (/15): BoundRelu(name=/15, inputs=[/input], perturbed=True)
  (/input-3): BoundLinear(name=/input-3, inputs=[/15, /9, /10], perturbed=True)
  (/17): BoundRelu(name=/17, inputs=[/input-3], perturbed=True)
  (/18): BoundLinear(name=/18, inputs=[/17, /11, /12], perturbed=True)
)
Original output in the first batch: tensor([[-8.74190807,  7.77732468, -4.27660465, -2.12893987, -1.81450224,
         -3.95891643, -6.82964897, -0.36457998, -0.18584076, -3.79736066]],
       device='cuda:0')
Split layers:
Nonlinear functions:
   BoundRelu(name=/15, inputs=[/input], perturbed=True)
   BoundRelu(name=/17, inputs=[/input-3], perturbed=True)
build batch [1/1]
layer /15 using sparse-features alpha with shape [133]; unstable size 133; total size 256 ([1, 256])
layer /15 start_node /input-3 using sparse-spec alpha [2, 65, 1, 133] with unstable size 64 total_size 128 output_shape torch.Size([128])
layer /15 start_node /18 using full alpha [2, 9, 1, 133] with unstable size None total_size 9 output_shape 9
layer /17 using sparse-features alpha with shape [64]; unstable size 64; total size 128 ([1, 128])
layer /17 start_node /18 using full alpha [2, 9, 1, 64] with unstable size None total_size 9 output_shape 9
Optimizable variables initialized.
initial CROWN bounds (first 10 items): [6.918057441711426, 2.6136574745178223, -1.1189470291137695, 1.3187575340270996, 0.1215677261352539, 4.799666881561279, -0.8850827217102051, -1.3277640342712402, 0.8249950408935547]
prune_after_crown optimization in use
  original spec size = torch.Size([1, 9])
  pruned spec size = torch.Size([1, 3])
Using alpha-CROWN to initialize bounds.
Early stop at 93th iter due to 10 iterations no improvement!
best_l after optimization: -2.671924591064453
alpha/beta optimization time: 2.478551149368286
initial alpha-crown bounds (first 10 items): [-0.8715100288391113, -0.6102547645568848, -1.190159797668457]
Global lower bound: -1.190159797668457
torch.Size([1, 3])
6 / 9 OR specs are verified.
Verified OR indices (first 10 items): [0, 1, 3, 4, 5, 8]
Verified OR lbs (first 10 items): [[inf], [inf], [inf], [inf], [inf], [inf]]
Unverified OR indices (first 10 items): [2, 6, 7]
Unverified OR lbs (first 10 items): [[-0.8715100288391113], [-0.6102547645568848], [-1.190159797668457]]
###### Verifying property Instance 4 ######
Batch size: 3
First 10 spec matrices
C: tensor([[[ 0.,  1.,  0., -1.,  0.,  0.,  0.,  0.,  0.,  0.]],

        [[ 0.,  1.,  0.,  0.,  0.,  0.,  0., -1.,  0.,  0.]],

        [[ 0.,  1.,  0.,  0.,  0.,  0.,  0.,  0., -1.,  0.]]], device='cuda:0')
RHS: tensor([[0.],
        [0.],
        [0.]], device='cuda:0')
OR spec sizes: tensor([1, 1, 1], device='cuda:0', dtype=torch.int32)
Remaining timeout: 12.282908201217651
Model prediction is: tensor([-8.74190807,  7.77732468, -4.27660465, -2.12893987, -1.81450224,
        -3.95891643, -6.82964897, -0.36457998, -0.18584076, -3.79736066],
       device='cuda:0')
Activation BaB batch 1/1 
build_with_refined_bounds batch [1/1]
Optimizable variables initialized.
all alpha initialized
directly get lb and ub from refined bounds
c shape: torch.Size([3, 1, 10])
lA shapes: [torch.Size([3, 1, 256]), torch.Size([3, 1, 128])]
torch.Size([3, 1])
(alpha-)CROWN with fixed intermediate bounds: tensor([[-0.87151003],
        [-0.61025476],
        [-1.19015980]], device='cuda:0') tensor([[inf],
        [inf],
        [inf]], device='cuda:0')
Intermediate layers: /input,/input-3
Keeping alphas for these layers: ['/18']
Node /15 input 0: size torch.Size([256]) unstable 133
Node /17 input 0: size torch.Size([128]) unstable 64
-----------------
# of unstable neurons: 197
-----------------

BaB round 1
batch: 3
splitting decisions: 
split level 0: [/input, 160] [/input-3, 35] [/input-3, 74] 
best_l after optimization: -2.8299500942230225
beta sum per layer: [0.0, 0.9666446447372437]
alpha/beta optimization time: 0.900334358215332
pruning_in_iteration open status: True
ratio of positive domain = 2 / 6 = 0.33333333333333337
pruning-in-iteration extra time: 0.04998493194580078
torch.Size([6, 1])
Time: prepare 0.0036    bound 0.9016    transfer 0.0020    finalize 0.0050    func 0.9124    
Accumulated time: func 0.9124    prepare 0.0097    bound 0.9016    transfer 0.0020    finalize 0.0050    
max lb tensor(9.99999975e-05) min lb tensor(-1.05558538)
Number of Verified Splits: 2 of 6
Current worst splitting domains lb-rhs (depth):
-1.05559 (1), -0.70135 (1), -0.66724 (1), -0.40597 (1), 
Length of domains: 4
Current (lb-rhs): -1.0555853843688965
6 domains visited
Time: pickout 0.0011    decision 0.0373    set_bounds 0.0019    solve 0.9130    add 0.0056    
Accumulated time: pickout 0.0011    decision 0.0373    set_bounds 0.0019    solve 0.9130    add 0.0056    
Cumulative time: 0.9853916168212891

BaB round 2
batch: 4
splitting decisions: 
split level 0: [/input-3, 0] [/input-3, 35] [/input-3, 74] [/input-3, 35] 
best_l after optimization: -2.3442749977111816
beta sum per layer: [0.0, 1.9941400289535522]
alpha/beta optimization time: 0.834815263748169
pruning_in_iteration open status: True
ratio of positive domain = 4 / 8 = 0.5
pruning-in-iteration extra time: 0.04288935661315918
torch.Size([8, 1])
Time: prepare 0.0021    bound 0.8364    transfer 0.0025    finalize 0.0039    func 0.8450    
Accumulated time: func 1.7573    prepare 0.0166    bound 1.7380    transfer 0.0045    finalize 0.0089    
max lb tensor(9.99999975e-05) min lb tensor(-0.94113350)
Number of Verified Splits: 4 of 8
Current worst splitting domains lb-rhs (depth):
-0.94113 (2), -0.57981 (2), -0.52567 (2), -0.29806 (2), 
Length of domains: 4
Current (lb-rhs): -0.9411334991455078
14 domains visited
Time: pickout 0.0057    decision 0.0317    set_bounds 0.0010    solve 0.8458    add -2.4939    
Accumulated time: pickout 0.0067    decision 0.0691    set_bounds 0.0030    solve 1.7588    add -2.4883    
Cumulative time: -0.6241152286529541

BaB round 3
batch: 4
splitting decisions: 
split level 0: [/input-3, 65] [/input-3, 118] [/input-3, 27] [/input-3, 27] 
best_l after optimization: -2.796891212463379
beta sum per layer: [0.0, 2.706615924835205]
alpha/beta optimization time: 0.7217793464660645
pruning_in_iteration open status: False
ratio of positive domain = 1 / 8 = 0.125
pruning-in-iteration extra time: 0.0008001327514648438
torch.Size([8, 1])
Time: prepare 0.0022    bound 0.7235    transfer 0.0019    finalize 0.0076    func 0.7353    
Accumulated time: func 2.4926    prepare 0.0233    bound 2.4615    transfer 0.0064    finalize 0.0165    
max lb tensor(0.09028673) min lb tensor(-0.78516388)
Number of Verified Splits: 1 of 8
Current worst splitting domains lb-rhs (depth):
-0.78516 (3), -0.75082 (3), -0.49786 (3), -0.35590 (3), -0.32740 (3), -0.13283 (3), -0.03719 (3), 
Length of domains: 7
Current (lb-rhs): -0.7851638793945312
22 domains visited
Time: pickout 0.0075    decision 0.0310    set_bounds 0.0012    solve 0.7361    add 0.0016    
Accumulated time: pickout 0.0143    decision 0.1001    set_bounds 0.0042    solve 2.4950    add -2.4867    
Cumulative time: 0.1537184715270996

BaB round 4
batch: 7
splitting decisions: 
split level 0: [/input-3, 40] [/input-3, 105] [/input-3, 16] [/input, 207] [/input-3, 65] [/input-3, 16] [/input, 207] 
best_l after optimization: -2.2266733646392822
beta sum per layer: [0.0, 5.415552616119385]
alpha/beta optimization time: 0.7298123836517334
pruning_in_iteration open status: True
ratio of positive domain = 9 / 14 = 0.6428571428571428
pruning-in-iteration extra time: 0.04574441909790039
torch.Size([14, 1])
Time: prepare 0.0031    bound 0.7311    transfer 0.0026    finalize 0.0063    func 0.7431    
Accumulated time: func 3.2357    prepare 0.0329    bound 3.1926    transfer 0.0090    finalize 0.0228    
max lb tensor(9.99999975e-05) min lb tensor(-0.70982027)
Number of Verified Splits: 9 of 14
Current worst splitting domains lb-rhs (depth):
-0.70982 (4), -0.68329 (4), -0.37276 (4), -0.24678 (4), -0.21492 (4), 
Length of domains: 5
Current (lb-rhs): -0.7098202705383301
36 domains visited
Time: pickout 0.0130    decision 0.0434    set_bounds 0.0021    solve 0.7439    add 0.0019    
Accumulated time: pickout 0.0273    decision 0.1435    set_bounds 0.0064    solve 3.2388    add -2.4848    
Cumulative time: 0.9582672119140625

BaB round 5
batch: 5
splitting decisions: 
split level 0: [/input, 71] [/input-3, 80] [/input-3, 16] [/input-3, 80] [/input-3, 16] 
best_l after optimization: -1.733838677406311
beta sum per layer: [0.0, 4.829158306121826]
alpha/beta optimization time: 0.7286298274993896
pruning_in_iteration open status: True
ratio of positive domain = 5 / 10 = 0.5
pruning-in-iteration extra time: 0.042667388916015625
torch.Size([10, 1])
Time: prepare 0.0030    bound 0.7299    transfer 0.0013    finalize 0.0041    func 0.7382    
Accumulated time: func 3.9739    prepare 0.0419    bound 3.9225    transfer 0.0102    finalize 0.0269    
max lb tensor(9.99999975e-05) min lb tensor(-0.64442253)
Number of Verified Splits: 5 of 10
Current worst splitting domains lb-rhs (depth):
-0.64442 (5), -0.61336 (5), -0.26770 (5), -0.11881 (5), -0.09005 (5), 
Length of domains: 5
Current (lb-rhs): -0.6444225311279297
46 domains visited
Time: pickout 0.0074    decision 0.0381    set_bounds 0.0024    solve 0.7389    add 0.0016    
Accumulated time: pickout 0.0347    decision 0.1816    set_bounds 0.0088    solve 3.9777    add -2.4832    
Cumulative time: 1.7468469142913818

BaB round 6
batch: 5
splitting decisions: 
split level 0: [/input-3, 74] [/input, 160] [/input-3, 80] [/input, 160] [/input-3, 80] 
best_l after optimization: -1.3608183860778809
beta sum per layer: [2.774345874786377, 5.273475646972656]
alpha/beta optimization time: 0.8720369338989258
pruning_in_iteration open status: True
ratio of positive domain = 4 / 10 = 0.4
pruning-in-iteration extra time: 0.0533747673034668
torch.Size([10, 1])
Time: prepare 0.0020    bound 0.8732    transfer 0.0011    finalize 0.0047    func 0.8810    
Accumulated time: func 4.8550    prepare 0.0490    bound 4.7957    transfer 0.0113    finalize 0.0315    
max lb tensor(9.99999975e-05) min lb tensor(-0.53264475)
Number of Verified Splits: 4 of 10
Current worst splitting domains lb-rhs (depth):
-0.53264 (6), -0.50309 (6), -0.19151 (6), -0.05813 (6), -0.04952 (6), -0.02633 (6), 
Length of domains: 6
Current (lb-rhs): -0.5326447486877441
56 domains visited
Time: pickout 0.0085    decision 0.0326    set_bounds 0.0014    solve 0.8819    add 0.0016    
Accumulated time: pickout 0.0432    decision 0.2142    set_bounds 0.0102    solve 4.8596    add -2.4816    
Cumulative time: 2.672996759414673

BaB round 7
batch: 6
splitting decisions: 
split level 0: [/input-3, 102] [/input-3, 8] [/input, 132] [/input-3, 8] [/input-3, 8] [/input-3, 8] 
best_l after optimization: -0.9832950830459595
beta sum per layer: [2.88649320602417, 7.274735450744629]
alpha/beta optimization time: 0.8511340618133545
pruning_in_iteration open status: True
ratio of positive domain = 8 / 12 = 0.6666666666666667
pruning-in-iteration extra time: 0.05729413032531738
torch.Size([12, 1])
Time: prepare 0.0022    bound 0.8529    transfer 0.0033    finalize 0.0057    func 0.8641    
Accumulated time: func 5.7191    prepare 0.0575    bound 5.6485    transfer 0.0147    finalize 0.0372    
max lb tensor(9.99999975e-05) min lb tensor(-0.44008255)
Number of Verified Splits: 8 of 12
Current worst splitting domains lb-rhs (depth):
-0.44008 (7), -0.40980 (7), -0.11351 (7), -0.02071 (7), 
Length of domains: 4
Current (lb-rhs): -0.4400825500488281
68 domains visited
Time: pickout 0.0091    decision 0.0380    set_bounds 0.0016    solve 0.8649    add 0.0017    
Accumulated time: pickout 0.0523    decision 0.2521    set_bounds 0.0118    solve 5.7245    add -2.4799    
Cumulative time: 3.5885844230651855

BaB round 8
batch: 4
splitting decisions: 
split level 0: [/input-3, 46] [/input-3, 46] [/input, 125] [/input-3, 46] 
best_l after optimization: -0.8754106760025024
beta sum per layer: [0.0, 3.8784971237182617]
alpha/beta optimization time: 0.7555091381072998
pruning_in_iteration open status: True
ratio of positive domain = 4 / 8 = 0.5
pruning-in-iteration extra time: 0.044347524642944336
torch.Size([8, 1])
Time: prepare 0.0018    bound 0.7574    transfer 0.0024    finalize 0.0039    func 0.7656    
Accumulated time: func 6.4847    prepare 0.0631    bound 6.4059    transfer 0.0170    finalize 0.0411    
max lb tensor(9.99999975e-05) min lb tensor(-0.33746338)
Number of Verified Splits: 4 of 8
Current worst splitting domains lb-rhs (depth):
-0.33746 (8), -0.29947 (8), -0.12241 (8), -0.11646 (8), 
Length of domains: 4
Current (lb-rhs): -0.33746337890625
76 domains visited
Time: pickout 0.0070    decision 0.0309    set_bounds 0.0014    solve 0.7668    add 0.0017    
Accumulated time: pickout 0.0593    decision 0.2830    set_bounds 0.0132    solve 6.4913    add -2.4781    
Cumulative time: 4.396564245223999

BaB round 9
batch: 4
splitting decisions: 
split level 0: [/input-3, 122] [/input-3, 122] [/input-3, 122] [/input-3, 122] 
best_l after optimization: -0.46658939123153687
beta sum per layer: [0.0, 5.236241340637207]
alpha/beta optimization time: 0.7153785228729248
pruning_in_iteration open status: True
ratio of positive domain = 3 / 8 = 0.375
pruning-in-iteration extra time: 0.046857595443725586
torch.Size([8, 1])
Time: prepare 0.0026    bound 0.7174    transfer 0.0017    finalize 0.0040    func 0.7257    
Accumulated time: func 7.2105    prepare 0.0717    bound 7.1233    transfer 0.0187    finalize 0.0451    
max lb tensor(9.99999975e-05) min lb tensor(-0.24216080)
Number of Verified Splits: 3 of 8
Current worst splitting domains lb-rhs (depth):
-0.24216 (9), -0.19330 (9), -0.02062 (9), -0.00630 (9), -0.00451 (9), 
Length of domains: 5
Current (lb-rhs): -0.24216079711914062
84 domains visited
Time: pickout 0.0094    decision 0.0360    set_bounds 0.0014    solve 0.7264    add 0.0019    
Accumulated time: pickout 0.0687    decision 0.3190    set_bounds 0.0147    solve 7.2177    add -2.4762    
Cumulative time: 5.171971321105957

BaB round 10
batch: 5
splitting decisions: 
split level 0: [/input-3, 66] [/input-3, 66] [/input-3, 66] [/input-3, 66] [/input, 155] 
best_l after optimization: -0.2618981599807739
beta sum per layer: [0.0, 5.548211574554443]
alpha/beta optimization time: 0.7695298194885254
pruning_in_iteration open status: True
ratio of positive domain = 8 / 10 = 0.8
pruning-in-iteration extra time: 0.04841256141662598
torch.Size([10, 1])
Time: prepare 0.0019    bound 0.7708    transfer 0.0023    finalize 0.0045    func 0.7795    
Accumulated time: func 7.9900    prepare 0.0789    bound 7.8941    transfer 0.0210    finalize 0.0496    
max lb tensor(9.99999975e-05) min lb tensor(-0.15630817)
Number of Verified Splits: 8 of 10
Current worst splitting domains lb-rhs (depth):
-0.15631 (10), -0.10639 (10), 
Length of domains: 2
Current (lb-rhs): -0.15630817413330078
94 domains visited
Time: pickout 0.0068    decision 0.0369    set_bounds 0.0017    solve 0.7802    add 0.0017    
Accumulated time: pickout 0.0755    decision 0.3559    set_bounds 0.0164    solve 7.9979    add -2.4746    
Cumulative time: 5.999435901641846

BaB round 11
batch: 2
splitting decisions: 
split level 0: [/input-3, 31] [/input-3, 31] 
split level 1: [/input-3, 125] [/input-3, 125] 
Early stop at 41th iter due to 10 iterations no improvement!
best_l after optimization: -0.03969287499785423
beta sum per layer: [0.0, 0.9777969717979431]
alpha/beta optimization time: 0.6660974025726318
pruning_in_iteration open status: True
ratio of positive domain = 7 / 8 = 0.875
pruning-in-iteration extra time: 0.04054975509643555
torch.Size([8, 1])
Time: prepare 0.0023    bound 0.6671    transfer 0.0010    finalize 0.0054    func 0.6759    
Accumulated time: func 8.6659    prepare 0.0856    bound 8.5612    transfer 0.0221    finalize 0.0550    
max lb tensor(9.99999975e-05) min lb tensor(-0.04039288)
Number of Verified Splits: 7 of 8
Current worst splitting domains lb-rhs (depth):
-0.04039 (12), 
Length of domains: 1
Current (lb-rhs): -0.04039287567138672
102 domains visited
Time: pickout 0.0093    decision 0.0309    set_bounds 0.0010    solve 0.6767    add 0.0014    
Accumulated time: pickout 0.0848    decision 0.3868    set_bounds 0.0173    solve 8.6746    add -2.4732    
Cumulative time: 6.7189037799835205

BaB round 12
batch: 1
splitting decisions: 
split level 0: [/input, 207] 
split level 1: [/input, 155] 
split level 2: [/input-3, 95] 

all verified at 0th iter
best_l after optimization: 3.962442398071289
beta sum per layer: [0.0, 0.0]
alpha/beta optimization time: 0.009046554565429688
pruning_in_iteration open status: False
ratio of positive domain = 8 / 8 = 1.0
pruning-in-iteration extra time: 0.00035762786865234375
torch.Size([8, 1])
Time: prepare 0.0023    bound 0.0102    transfer 0.0008    finalize 0.0050    func 0.0183    
Accumulated time: func 8.6843    prepare 0.0933    bound 8.5714    transfer 0.0229    finalize 0.0600    
max lb tensor(0.82379770) min lb tensor(0.15979004)
Number of Verified Splits: 8 of 8
Length of domains: 0
No domains left, verification finished!
Current (lb-rhs): 1.0000000116860974e-07
110 domains visited
Time: pickout 0.0113    decision 0.0376    set_bounds 0.0013    solve 0.0190    add 0.0004    
Accumulated time: pickout 0.0961    decision 0.4244    set_bounds 0.0186    solve 8.6936    add -2.4728    
Cumulative time: 6.788536071777344

Result: safe in 9.5127 seconds

 %%%%%%%%%%%%%%%%%%%%%%%%%%%%%%%%%%% idx: 5, vnnlib ID: 75 %%%%%%%%%%%%%%%%%%%%%%%%%%%%%%%%%%%
Finished vnnlib processing in 0.006612 seconds
Model: BoundedModule(
  (/0): BoundInput(name=/0, inputs=[], perturbed=True)
  (/7): BoundParams(name=/7, inputs=[], perturbed=False)
  (/8): BoundParams(name=/8, inputs=[], perturbed=False)
  (/9): BoundParams(name=/9, inputs=[], perturbed=False)
  (/10): BoundParams(name=/10, inputs=[], perturbed=False)
  (/11): BoundParams(name=/11, inputs=[], perturbed=False)
  (/12): BoundParams(name=/12, inputs=[], perturbed=False)
  (/13): BoundFlatten(name=/13, inputs=[/0], perturbed=True)
  (/input): BoundLinear(name=/input, inputs=[/13, /7, /8], perturbed=True)
  (/15): BoundRelu(name=/15, inputs=[/input], perturbed=True)
  (/input-3): BoundLinear(name=/input-3, inputs=[/15, /9, /10], perturbed=True)
  (/17): BoundRelu(name=/17, inputs=[/input-3], perturbed=True)
  (/18): BoundLinear(name=/18, inputs=[/17, /11, /12], perturbed=True)
)
Original output in the first batch: tensor([[ -7.92487812,  -0.60452712,   0.09309088,   3.18065906,  -3.61366320,
          -6.10956478, -17.73223686,  10.77909470,  -2.43179774,  -2.70775676]],
       device='cuda:0')
Split layers:
Nonlinear functions:
   BoundRelu(name=/15, inputs=[/input], perturbed=True)
   BoundRelu(name=/17, inputs=[/input-3], perturbed=True)
build batch [1/1]
layer /15 using sparse-features alpha with shape [102]; unstable size 102; total size 256 ([1, 256])
layer /15 start_node /input-3 using sparse-spec alpha [2, 50, 1, 102] with unstable size 49 total_size 128 output_shape torch.Size([128])
layer /15 start_node /18 using full alpha [2, 9, 1, 102] with unstable size None total_size 9 output_shape 9
layer /17 using sparse-features alpha with shape [49]; unstable size 49; total size 128 ([1, 128])
layer /17 start_node /18 using full alpha [2, 9, 1, 49] with unstable size None total_size 9 output_shape 9
Optimizable variables initialized.
initial CROWN bounds (first 10 items): [10.971734046936035, 5.131824493408203, 2.8948559761047363, 0.0005884170532226562, 6.591507911682129, 7.200133323669434, 17.724334716796875, 4.283147811889648, 5.1653337478637695]
Verified with initial CROWN!
verified with init bound!
Result: safe-incomplete in 0.2982 seconds

 %%%%%%%%%%%%%%%%%%%%%%%%%%%%%%%%%%% idx: 6, vnnlib ID: 76 %%%%%%%%%%%%%%%%%%%%%%%%%%%%%%%%%%%
Finished vnnlib processing in 0.009137 seconds
Model: BoundedModule(
  (/0): BoundInput(name=/0, inputs=[], perturbed=True)
  (/7): BoundParams(name=/7, inputs=[], perturbed=False)
  (/8): BoundParams(name=/8, inputs=[], perturbed=False)
  (/9): BoundParams(name=/9, inputs=[], perturbed=False)
  (/10): BoundParams(name=/10, inputs=[], perturbed=False)
  (/11): BoundParams(name=/11, inputs=[], perturbed=False)
  (/12): BoundParams(name=/12, inputs=[], perturbed=False)
  (/13): BoundFlatten(name=/13, inputs=[/0], perturbed=True)
  (/input): BoundLinear(name=/input, inputs=[/13, /7, /8], perturbed=True)
  (/15): BoundRelu(name=/15, inputs=[/input], perturbed=True)
  (/input-3): BoundLinear(name=/input-3, inputs=[/15, /9, /10], perturbed=True)
  (/17): BoundRelu(name=/17, inputs=[/input-3], perturbed=True)
  (/18): BoundLinear(name=/18, inputs=[/17, /11, /12], perturbed=True)
)
Original output in the first batch: tensor([[ -7.80279303,  -3.17800570,  -3.65494275,  11.37146568,  -5.31390810,
           0.35648602, -12.90555096,  -7.99636841,   1.23822165,  -0.68859977]],
       device='cuda:0')
Split layers:
Nonlinear functions:
   BoundRelu(name=/15, inputs=[/input], perturbed=True)
   BoundRelu(name=/17, inputs=[/input-3], perturbed=True)
build batch [1/1]
layer /15 using sparse-features alpha with shape [110]; unstable size 110; total size 256 ([1, 256])
layer /15 start_node /input-3 using sparse-spec alpha [2, 65, 1, 110] with unstable size 64 total_size 128 output_shape torch.Size([128])
layer /15 start_node /18 using full alpha [2, 9, 1, 110] with unstable size None total_size 9 output_shape 9
layer /17 using sparse-features alpha with shape [64]; unstable size 64; total size 128 ([1, 128])
layer /17 start_node /18 using full alpha [2, 9, 1, 64] with unstable size None total_size 9 output_shape 9
Optimizable variables initialized.
initial CROWN bounds (first 10 items): [8.586841583251953, 4.587028980255127, 5.591277122497559, 5.626668930053711, -0.06578922271728516, 11.485254287719727, 9.306285858154297, 1.6772127151489258, 2.296596050262451]
prune_after_crown optimization in use
  original spec size = torch.Size([1, 9])
  pruned spec size = torch.Size([1, 1])
Using alpha-CROWN to initialize bounds.

all verified at 3th iter
best_l after optimization: 0.010962486267089844
alpha/beta optimization time: 0.13074183464050293
initial alpha-crown bounds (first 10 items): [0.010962486267089844]
Global lower bound: 0.010962486267089844
torch.Size([1, 1])
verified with init bound!
Result: safe-incomplete in 0.4187 seconds

 %%%%%%%%%%%%%%%%%%%%%%%%%%%%%%%%%%% idx: 7, vnnlib ID: 77 %%%%%%%%%%%%%%%%%%%%%%%%%%%%%%%%%%%
Finished vnnlib processing in 0.006624 seconds
Model: BoundedModule(
  (/0): BoundInput(name=/0, inputs=[], perturbed=True)
  (/7): BoundParams(name=/7, inputs=[], perturbed=False)
  (/8): BoundParams(name=/8, inputs=[], perturbed=False)
  (/9): BoundParams(name=/9, inputs=[], perturbed=False)
  (/10): BoundParams(name=/10, inputs=[], perturbed=False)
  (/11): BoundParams(name=/11, inputs=[], perturbed=False)
  (/12): BoundParams(name=/12, inputs=[], perturbed=False)
  (/13): BoundFlatten(name=/13, inputs=[/0], perturbed=True)
  (/input): BoundLinear(name=/input, inputs=[/13, /7, /8], perturbed=True)
  (/15): BoundRelu(name=/15, inputs=[/input], perturbed=True)
  (/input-3): BoundLinear(name=/input-3, inputs=[/15, /9, /10], perturbed=True)
  (/17): BoundRelu(name=/17, inputs=[/input-3], perturbed=True)
  (/18): BoundLinear(name=/18, inputs=[/17, /11, /12], perturbed=True)
)
Original output in the first batch: tensor([[-2.78375602,  1.50856721,  6.54439688, -0.34882411, -8.19128513,
         -2.53561234, -4.64628077,  1.33221459,  0.56718129, -5.43179798]],
       device='cuda:0')
Split layers:
Nonlinear functions:
   BoundRelu(name=/15, inputs=[/input], perturbed=True)
   BoundRelu(name=/17, inputs=[/input-3], perturbed=True)
build batch [1/1]
layer /15 using sparse-features alpha with shape [115]; unstable size 115; total size 256 ([1, 256])
layer /15 start_node /input-3 using sparse-spec alpha [2, 72, 1, 115] with unstable size 71 total_size 128 output_shape torch.Size([128])
layer /15 start_node /18 using full alpha [2, 9, 1, 115] with unstable size None total_size 9 output_shape 9
layer /17 using sparse-features alpha with shape [71]; unstable size 71; total size 128 ([1, 128])
layer /17 start_node /18 using full alpha [2, 9, 1, 71] with unstable size None total_size 9 output_shape 9
Optimizable variables initialized.
initial CROWN bounds (first 10 items): [3.353269577026367, 0.38951897621154785, 1.5347769260406494, 6.934317588806152, 1.2467732429504395, 3.697733163833618, -0.7822813987731934, -0.5463330745697021, 4.407790184020996]
prune_after_crown optimization in use
  original spec size = torch.Size([1, 9])
  pruned spec size = torch.Size([1, 2])
Using alpha-CROWN to initialize bounds.
best_l after optimization: -0.7452917098999023
alpha/beta optimization time: 2.7352426052093506
initial alpha-crown bounds (first 10 items): [-0.5348520278930664, -0.21043968200683594]
Global lower bound: -0.5348520278930664
torch.Size([1, 2])
7 / 9 OR specs are verified.
Verified OR indices (first 10 items): [0, 1, 2, 3, 4, 5, 8]
Verified OR lbs (first 10 items): [[inf], [inf], [inf], [inf], [inf], [inf], [inf]]
Unverified OR indices (first 10 items): [6, 7]
Unverified OR lbs (first 10 items): [[-0.5348520278930664], [-0.21043968200683594]]
###### Verifying property Instance 7 ######
Batch size: 2
First 10 spec matrices
C: tensor([[[ 0.,  0.,  1.,  0.,  0.,  0.,  0., -1.,  0.,  0.]],

        [[ 0.,  0.,  1.,  0.,  0.,  0.,  0.,  0., -1.,  0.]]], device='cuda:0')
RHS: tensor([[0.],
        [0.]], device='cuda:0')
OR spec sizes: tensor([1, 1], device='cuda:0', dtype=torch.int32)
Remaining timeout: 11.773684024810791
Model prediction is: tensor([-2.78375602,  1.50856721,  6.54439688, -0.34882411, -8.19128513,
        -2.53561234, -4.64628077,  1.33221459,  0.56718129, -5.43179798],
       device='cuda:0')
Activation BaB batch 1/1 
build_with_refined_bounds batch [1/1]
Optimizable variables initialized.
all alpha initialized
directly get lb and ub from refined bounds
c shape: torch.Size([2, 1, 10])
lA shapes: [torch.Size([2, 1, 256]), torch.Size([2, 1, 128])]
torch.Size([2, 1])
(alpha-)CROWN with fixed intermediate bounds: tensor([[-0.53485203],
        [-0.21043968]], device='cuda:0') tensor([[inf],
        [inf]], device='cuda:0')
Intermediate layers: /input,/input-3
Keeping alphas for these layers: ['/18']
Node /15 input 0: size torch.Size([256]) unstable 115
Node /17 input 0: size torch.Size([128]) unstable 70
-----------------
# of unstable neurons: 185
-----------------

BaB round 1
batch: 2
splitting decisions: 
split level 0: [/input-3, 42] [/input-3, 85] 
split level 1: [/input, 178] [/input-3, 102] 
Early stop at 41th iter due to 10 iterations no improvement!
best_l after optimization: -0.3481799364089966
beta sum per layer: [0.96377032995224, 0.0]
alpha/beta optimization time: 0.6838128566741943
pruning_in_iteration open status: True
ratio of positive domain = 6 / 8 = 0.75
pruning-in-iteration extra time: 0.03823518753051758
torch.Size([8, 1])
Time: prepare 0.0048    bound 0.6852    transfer 0.0018    finalize 0.0049    func 0.6967    
Accumulated time: func 0.6967    prepare 0.0113    bound 0.6852    transfer 0.0018    finalize 0.0049    
max lb tensor(9.99999975e-05) min lb tensor(-0.29097843)
Number of Verified Splits: 6 of 8
Current worst splitting domains lb-rhs (depth):
-0.29098 (2), -0.05780 (2), 
Length of domains: 2
Current (lb-rhs): -0.29097843170166016
8 domains visited
Time: pickout 0.0012    decision 0.0495    set_bounds 0.0012    solve 0.6975    add 0.0052    
Accumulated time: pickout 0.0012    decision 0.0495    set_bounds 0.0012    solve 0.6975    add 0.0052    
Cumulative time: 0.7942855358123779

BaB round 2
batch: 2
splitting decisions: 
split level 0: [/input-3, 74] [/input-3, 74] 
split level 1: [/input-3, 117] [/input-3, 117] 
best_l after optimization: -0.1176827922463417
beta sum per layer: [3.85508131980896, 0.05176806449890137]
alpha/beta optimization time: 0.9144275188446045
pruning_in_iteration open status: True
ratio of positive domain = 6 / 8 = 0.75
pruning-in-iteration extra time: 0.052817583084106445
torch.Size([8, 1])
Time: prepare 0.0019    bound 0.9157    transfer 0.0013    finalize 0.0041    func 0.9231    
Accumulated time: func 1.6198    prepare 0.0184    bound 1.6008    transfer 0.0031    finalize 0.0090    
max lb tensor(9.99999975e-05) min lb tensor(-0.06729436)
Number of Verified Splits: 6 of 8
Current worst splitting domains lb-rhs (depth):
-0.06729 (4), -0.05099 (4), 
Length of domains: 2
Current (lb-rhs): -0.06729435920715332
16 domains visited
Time: pickout 0.0076    decision 0.0310    set_bounds 0.0009    solve 0.9237    add 0.0016    
Accumulated time: pickout 0.0087    decision 0.0805    set_bounds 0.0021    solve 1.6212    add 0.0069    
Cumulative time: 1.759291172027588

BaB round 3
batch: 2
splitting decisions: 
split level 0: [/input-3, 86] [/input-3, 86] 
split level 1: [/input-3, 65] [/input-3, 119] 

all verified at 0th iter
best_l after optimization: 1.6491992473602295
beta sum per layer: [0.0, 0.20707225799560547]
alpha/beta optimization time: 0.008789777755737305
pruning_in_iteration open status: False
ratio of positive domain = 8 / 8 = 1.0
pruning-in-iteration extra time: 0.0003521442413330078
torch.Size([8, 1])
Time: prepare 0.0018    bound 0.0100    transfer 0.0008    finalize 0.0052    func 0.0178    
Accumulated time: func 1.6376    prepare 0.0243    bound 1.6108    transfer 0.0039    finalize 0.0142    
max lb tensor(0.29274940) min lb tensor(0.13001490)
Number of Verified Splits: 8 of 8
Length of domains: 0
No domains left, verification finished!
Current (lb-rhs): 1.0000000116860974e-07
24 domains visited
Time: pickout 0.0067    decision 0.0335    set_bounds 0.0009    solve 0.0186    add 0.0004    
Accumulated time: pickout 0.0154    decision 0.1140    set_bounds 0.0029    solve 1.6398    add 0.0072    
Cumulative time: 1.8194174766540527

Result: safe in 5.0534 seconds

 %%%%%%%%%%%%%%%%%%%%%%%%%%%%%%%%%%% idx: 8, vnnlib ID: 78 %%%%%%%%%%%%%%%%%%%%%%%%%%%%%%%%%%%
Finished vnnlib processing in 0.009719 seconds
Model: BoundedModule(
  (/0): BoundInput(name=/0, inputs=[], perturbed=True)
  (/7): BoundParams(name=/7, inputs=[], perturbed=False)
  (/8): BoundParams(name=/8, inputs=[], perturbed=False)
  (/9): BoundParams(name=/9, inputs=[], perturbed=False)
  (/10): BoundParams(name=/10, inputs=[], perturbed=False)
  (/11): BoundParams(name=/11, inputs=[], perturbed=False)
  (/12): BoundParams(name=/12, inputs=[], perturbed=False)
  (/13): BoundFlatten(name=/13, inputs=[/0], perturbed=True)
  (/input): BoundLinear(name=/input, inputs=[/13, /7, /8], perturbed=True)
  (/15): BoundRelu(name=/15, inputs=[/input], perturbed=True)
  (/input-3): BoundLinear(name=/input-3, inputs=[/15, /9, /10], perturbed=True)
  (/17): BoundRelu(name=/17, inputs=[/input-3], perturbed=True)
  (/18): BoundLinear(name=/18, inputs=[/17, /11, /12], perturbed=True)
)
Original output in the first batch: tensor([[ -5.96507788,  -3.04151869,  -5.76828718,  -0.89290905,   1.49897182,
          -4.96336222, -12.19498158,  -1.51683819,   1.55898869,   5.65988827]],
       device='cuda:0')
Split layers:
Nonlinear functions:
   BoundRelu(name=/15, inputs=[/input], perturbed=True)
   BoundRelu(name=/17, inputs=[/input-3], perturbed=True)
build batch [1/1]
layer /15 using sparse-features alpha with shape [133]; unstable size 133; total size 256 ([1, 256])
layer /15 start_node /input-3 using sparse-spec alpha [2, 77, 1, 133] with unstable size 76 total_size 128 output_shape torch.Size([128])
layer /15 start_node /18 using full alpha [2, 9, 1, 133] with unstable size None total_size 9 output_shape 9
layer /17 using sparse-features alpha with shape [76]; unstable size 76; total size 128 ([1, 128])
layer /17 start_node /18 using full alpha [2, 9, 1, 76] with unstable size None total_size 9 output_shape 9
Optimizable variables initialized.
initial CROWN bounds (first 10 items): [-0.3099079132080078, -3.9672770500183105, -3.3737311363220215, -6.433558464050293, -7.885167598724365, -3.183051586151123, 2.108412742614746, -6.124390602111816, -7.864231109619141]
prune_after_crown optimization in use
  original spec size = torch.Size([1, 9])
  pruned spec size = torch.Size([1, 8])
Using alpha-CROWN to initialize bounds.
best_l after optimization: -32.443450927734375
alpha/beta optimization time: 3.2205350399017334
initial alpha-crown bounds (first 10 items): [0.5489583015441895, -3.3240785598754883, -2.460726261138916, -5.72032356262207, -6.636157035827637, -2.6354317665100098, -4.908844470977783, -7.306846618652344]
Global lower bound: -7.306846618652344
torch.Size([1, 8])
2 / 9 OR specs are verified.
Verified OR indices (first 10 items): [0, 6]
Verified OR lbs (first 10 items): [[0.5489583015441895], [inf]]
Unverified OR indices (first 10 items): [1, 2, 3, 4, 5, 7, 8]
Unverified OR lbs (first 10 items): [[-3.3240785598754883], [-2.460726261138916], [-5.72032356262207], [-6.636157035827637], [-2.6354317665100098], [-4.908844470977783], [-7.306846618652344]]
###### Verifying property Instance 8 ######
Batch size: 7
First 10 spec matrices
C: tensor([[[ 0., -1.,  0.,  0.,  0.,  0.,  0.,  0.,  0.,  1.]],

        [[ 0.,  0., -1.,  0.,  0.,  0.,  0.,  0.,  0.,  1.]],

        [[ 0.,  0.,  0., -1.,  0.,  0.,  0.,  0.,  0.,  1.]],

        [[ 0.,  0.,  0.,  0., -1.,  0.,  0.,  0.,  0.,  1.]],

        [[ 0.,  0.,  0.,  0.,  0., -1.,  0.,  0.,  0.,  1.]],

        [[ 0.,  0.,  0.,  0.,  0.,  0.,  0., -1.,  0.,  1.]],

        [[ 0.,  0.,  0.,  0.,  0.,  0.,  0.,  0., -1.,  1.]]], device='cuda:0')
RHS: tensor([[0.],
        [0.],
        [0.],
        [0.],
        [0.],
        [0.],
        [0.]], device='cuda:0')
OR spec sizes: tensor([1, 1, 1, 1, 1, 1, 1], device='cuda:0', dtype=torch.int32)
Remaining timeout: 11.289955139160156
Model prediction is: tensor([ -5.96507788,  -3.04151869,  -5.76828718,  -0.89290905,   1.49897182,
         -4.96336222, -12.19498158,  -1.51683819,   1.55898869,   5.65988827],
       device='cuda:0')
Activation BaB batch 1/1 
build_with_refined_bounds batch [1/1]
Optimizable variables initialized.
all alpha initialized
directly get lb and ub from refined bounds
c shape: torch.Size([7, 1, 10])
lA shapes: [torch.Size([7, 1, 256]), torch.Size([7, 1, 128])]
torch.Size([7, 1])
(alpha-)CROWN with fixed intermediate bounds: tensor([[-3.32407856],
        [-2.46072626],
        [-5.72032356],
        [-6.63615704],
        [-2.63543177],
        [-4.90884447],
        [-7.30684662]], device='cuda:0') tensor([[inf],
        [inf],
        [inf],
        [inf],
        [inf],
        [inf],
        [inf]], device='cuda:0')
Intermediate layers: /input,/input-3
Keeping alphas for these layers: ['/18']
Node /15 input 0: size torch.Size([256]) unstable 133
Node /17 input 0: size torch.Size([128]) unstable 75
-----------------
# of unstable neurons: 208
-----------------

BaB round 1
batch: 7
splitting decisions: 
split level 0: [/input, 238] [/input-3, 34] [/input, 160] [/input, 238] [/input, 163] [/input, 120] [/input, 239] 
best_l after optimization: -58.3455810546875
beta sum per layer: [3.961007833480835, 0.0]
alpha/beta optimization time: 0.7084643840789795
pruning_in_iteration open status: False
ratio of positive domain = 0 / 14 = 0.0
pruning-in-iteration extra time: 0.0003409385681152344
torch.Size([14, 1])
Time: prepare 0.0023    bound 0.7098    transfer 0.0011    finalize 0.0074    func 0.7205    
Accumulated time: func 0.7205    prepare 0.0061    bound 0.7098    transfer 0.0011    finalize 0.0074    
max lb tensor(-2.04882240) min lb tensor(-7.13870287)
Number of Verified Splits: 0 of 14
Current worst splitting domains lb-rhs (depth):
-7.13870 (1), -6.26684 (1), -5.70921 (1), -5.65157 (1), -5.30078 (1), -4.96537 (1), -4.57489 (1), -4.45565 (1), -2.99549 (1), -2.53087 (1), -2.40118 (1), -2.25396 (1), -2.05224 (1), -2.04882 (1), 
Length of domains: 14
Current (lb-rhs): -7.138702869415283
14 domains visited
Time: pickout 0.0016    decision 0.0455    set_bounds 0.0019    solve 0.7216    add 0.0055    
Accumulated time: pickout 0.0016    decision 0.0455    set_bounds 0.0019    solve 0.7216    add 0.0055    
Cumulative time: 0.8134074211120605

BaB round 2
batch: 14
splitting decisions: 
split level 0: [/input, 116] [/input, 239] [/input, 120] [/input-3, 34] [/input-3, 35] [/input, 238] [/input, 58] [/input, 116] [/input, 239] [/input, 120] 
best_l after optimization: -102.85043334960938
beta sum per layer: [16.60370445251465, 3.3022685050964355]
alpha/beta optimization time: 0.847679853439331
pruning_in_iteration open status: False
ratio of positive domain = 0 / 28 = 0.0
pruning-in-iteration extra time: 0.000286102294921875
torch.Size([28, 1])
Time: prepare 0.0028    bound 0.8488    transfer 0.0014    finalize 0.0046    func 0.8576    
Accumulated time: func 1.5782    prepare 0.0131    bound 1.5586    transfer 0.0025    finalize 0.0119    
max lb tensor(-0.50963974) min lb tensor(-6.91155291)
Number of Verified Splits: 0 of 28
Current worst splitting domains lb-rhs (depth):
-6.91155 (2), -6.82001 (2), -6.06502 (2), -5.44452 (2), -5.38549 (2), -5.12407 (2), -5.11388 (2), -5.00165 (2), -4.94041 (2), -4.85955 (2), -4.60112 (2), -4.51042 (2), -4.28136 (2), -4.15187 (2), -3.89546 (2), -3.75582 (2), -2.68791 (2), -2.40886 (2), -2.21363 (2), -2.14491 (2), 
Length of domains: 28
Current (lb-rhs): -6.911552906036377
42 domains visited
Time: pickout 0.0075    decision 0.0434    set_bounds 0.0031    solve 0.8584    add 0.0018    
Accumulated time: pickout 0.0091    decision 0.0888    set_bounds 0.0051    solve 1.5800    add 0.0073    
Cumulative time: 1.7277958393096924

BaB round 3
batch: 28
splitting decisions: 
split level 0: [/input-3, 48] [/input, 120] [/input, 183] [/input, 116] [/input, 7] [/input-3, 118] [/input-3, 104] [/input-3, 48] [/input, 120] [/input, 183] 
best_l after optimization: -174.77134704589844
beta sum per layer: [48.42566680908203, 26.956470489501953]
alpha/beta optimization time: 0.7369623184204102
pruning_in_iteration open status: False
ratio of positive domain = 5 / 56 = 0.0892857142857143
pruning-in-iteration extra time: 0.00031685829162597656
torch.Size([56, 1])
Time: prepare 0.0033    bound 0.7381    transfer 0.0008    finalize 0.0046    func 0.7469    
Accumulated time: func 2.3251    prepare 0.0243    bound 2.2967    transfer 0.0032    finalize 0.0166    
max lb tensor(0.13646698) min lb tensor(-6.78857946)
Number of Verified Splits: 5 of 56
Current worst splitting domains lb-rhs (depth):
-6.78858 (3), -6.68422 (3), -5.81023 (3), -5.59213 (3), -5.40177 (3), -5.39038 (3), -5.27636 (3), -5.10799 (3), -4.94824 (3), -4.81038 (3), -4.80715 (3), -4.76238 (3), -4.60342 (3), -4.57200 (3), -4.51001 (3), -4.47788 (3), -4.45348 (3), -4.36744 (3), -4.31736 (3), -4.21451 (3), 
Length of domains: 51
Current (lb-rhs): -6.78857946395874
98 domains visited
Time: pickout 0.0094    decision 0.0674    set_bounds 0.0027    solve 0.7477    add 0.0023    
Accumulated time: pickout 0.0185    decision 0.1562    set_bounds 0.0077    solve 2.3277    add 0.0096    
Cumulative time: 2.5575361251831055

BaB round 4
batch: 51
splitting decisions: 
split level 0: [/input-3, 34] [/input-3, 48] [/input-3, 48] [/input-3, 118] [/input, 135] [/input, 58] [/input, 7] [/input-3, 34] [/input-3, 48] [/input-3, 48] 
best_l after optimization: -296.6656799316406
beta sum per layer: [94.42994689941406, 90.14234924316406]
alpha/beta optimization time: 0.536522626876831
pruning_in_iteration open status: False
ratio of positive domain = 2 / 102 = 0.019607843137254943
pruning-in-iteration extra time: 0.00010800361633300781
torch.Size([102, 1])
Time: prepare 0.0042    bound 0.5375    transfer 0.0002    finalize 0.0025    func 0.5445    
Accumulated time: func 2.8696    prepare 0.0341    bound 2.8342    transfer 0.0035    finalize 0.0191    
max lb tensor(0.36389065) min lb tensor(-6.65471220)
Number of Verified Splits: 2 of 102
Current worst splitting domains lb-rhs (depth):
-6.65471 (4), -6.55424 (4), -5.98030 (4), -5.87680 (4), -5.60875 (4), -5.39182 (4), -5.02758 (4), -4.89800 (4), -4.87688 (4), -4.86776 (4), -4.79951 (4), -4.77450 (4), -4.72830 (4), -4.70949 (4), -4.53858 (4), -4.53639 (4), -4.52576 (4), -4.48008 (4), -4.47935 (4), -4.39493 (4), 
Length of domains: 100
Current (lb-rhs): -6.654712200164795
200 domains visited
Time: pickout 0.0139    decision 0.0788    set_bounds 0.0031    solve 0.5454    add 0.0013    
Accumulated time: pickout 0.0324    decision 0.2350    set_bounds 0.0109    solve 2.8730    add 0.0109    
Cumulative time: 3.2004497051239014

BaB round 5
batch: 96
splitting decisions: 
split level 0: [/input-3, 104] [/input-3, 35] [/input-3, 48] [/input, 183] [/input-3, 104] [/input, 239] [/input, 7] [/input-3, 104] [/input-3, 35] [/input-3, 48] 
best_l after optimization: -472.1239013671875
beta sum per layer: [242.32130432128906, 230.0723876953125]
alpha/beta optimization time: 0.4738321304321289
pruning_in_iteration open status: False
ratio of positive domain = 18 / 192 = 0.09375
pruning-in-iteration extra time: 0.00013589859008789062
torch.Size([192, 1])
Time: prepare 0.0064    bound 0.4754    transfer 0.0002    finalize 0.0023    func 0.4844    
Accumulated time: func 3.3540    prepare 0.0419    bound 3.3096    transfer 0.0037    finalize 0.0214    
max lb tensor(0.51176500) min lb tensor(-6.49497557)
Number of Verified Splits: 18 of 192
Current worst splitting domains lb-rhs (depth):
-6.49498 (5), -6.38449 (5), -6.11278 (5), -6.09589 (5), -5.60240 (5), -5.51235 (5), -5.45884 (5), -5.39182 (4), -5.16979 (5), -5.15360 (5), -4.88980 (5), -4.74776 (5), -4.74115 (5), -4.64765 (5), -4.58926 (5), -4.58428 (5), -4.57813 (5), -4.55159 (5), -4.52608 (5), -4.51258 (5), 
Length of domains: 178
Current (lb-rhs): -6.494975566864014
392 domains visited
Time: pickout 0.0163    decision 0.0367    set_bounds 0.0063    solve 0.4850    add 0.0012    
Accumulated time: pickout 0.0488    decision 0.2718    set_bounds 0.0172    solve 3.3580    add 0.0121    
Cumulative time: 3.746284008026123

BaB round 6
batch: 96
splitting decisions: 
split level 0: [/input-3, 4] [/input-3, 35] [/input-3, 35] [/input-3, 104] [/input-3, 118] [/input-3, 4] [/input, 13] [/input-3, 35] [/input-3, 35] [/input-3, 104] 
best_l after optimization: -404.751220703125
beta sum per layer: [317.53778076171875, 381.84771728515625]
alpha/beta optimization time: 0.43099236488342285
pruning_in_iteration open status: False
ratio of positive domain = 18 / 192 = 0.09375
pruning-in-iteration extra time: 0.00022554397583007812
torch.Size([192, 1])
Time: prepare 0.0047    bound 0.4321    transfer 0.0005    finalize 0.0047    func 0.4421    
Accumulated time: func 3.7961    prepare 0.0487    bound 3.7417    transfer 0.0041    finalize 0.0261    
max lb tensor(0.49156809) min lb tensor(-5.94749928)
Number of Verified Splits: 18 of 192
Current worst splitting domains lb-rhs (depth):
-6.49498 (5), -6.38449 (5), -5.94750 (6), -5.92993 (6), -5.74661 (6), -5.69105 (6), -5.60240 (5), -5.51235 (5), -5.45884 (5), -5.39182 (4), -4.96826 (6), -4.96732 (6), -4.88980 (5), -4.74776 (5), -4.74115 (5), -4.64765 (5), -4.58428 (5), -4.57813 (5), -4.49536 (5), -4.42046 (6), 
Length of domains: 256
Current (lb-rhs): -6.494975566864014
584 domains visited
Time: pickout 0.0123    decision 0.0344    set_bounds 0.0051    solve 0.4432    add 0.0014    
Accumulated time: pickout 0.0610    decision 0.3061    set_bounds 0.0223    solve 3.8012    add 0.0135    
Cumulative time: 4.242892026901245

BaB round 7
batch: 96
splitting decisions: 
split level 0: [/input-3, 60] [/input, 239] [/input-3, 4] [/input, 7] [/input, 239] [/input-3, 4] [/input-3, 99] [/input-3, 48] [/input-3, 4] [/input, 239] 
best_l after optimization: -338.504150390625
beta sum per layer: [329.54541015625, 529.0670776367188]
alpha/beta optimization time: 0.4678332805633545
pruning_in_iteration open status: False
ratio of positive domain = 21 / 192 = 0.109375
pruning-in-iteration extra time: 0.00012111663818359375
torch.Size([192, 1])
Time: prepare 0.0057    bound 0.4689    transfer 0.0003    finalize 0.0026    func 0.4776    
Accumulated time: func 4.2736    prepare 0.0566    bound 4.2106    transfer 0.0044    finalize 0.0287    
max lb tensor(0.44292092) min lb tensor(-5.81189489)
Number of Verified Splits: 21 of 192
Current worst splitting domains lb-rhs (depth):
-6.49498 (5), -6.38449 (5), -5.81189 (7), -5.79637 (7), -5.74661 (6), -5.69105 (6), -5.61996 (7), -5.60265 (7), -5.60240 (5), -5.51235 (5), -5.45884 (5), -5.39182 (4), -4.88980 (5), -4.82156 (7), -4.81725 (7), -4.74776 (5), -4.74115 (5), -4.64765 (5), -4.58428 (5), -4.57813 (5), 
Length of domains: 331
Current (lb-rhs): -6.494975566864014
776 domains visited
Time: pickout 0.0133    decision 0.0447    set_bounds 0.0066    solve 0.4784    add 0.0012    
Accumulated time: pickout 0.0743    decision 0.3509    set_bounds 0.0289    solve 4.2796    add 0.0147    
Cumulative time: 4.78740668296814

BaB round 8
batch: 96
splitting decisions: 
split level 0: [/input-3, 83] [/input-3, 4] [/input-3, 117] [/input, 239] [/input, 237] [/input-3, 99] [/input-3, 117] [/input-3, 99] [/input, 143] [/input, 183] 
best_l after optimization: -266.02252197265625
beta sum per layer: [354.03973388671875, 624.18505859375]
alpha/beta optimization time: 0.8205888271331787
pruning_in_iteration open status: True
ratio of positive domain = 45 / 192 = 0.234375
pruning-in-iteration extra time: 0.029192447662353516
torch.Size([192, 1])
Time: prepare 0.0051    bound 0.8230    transfer 0.0022    finalize 0.0055    func 0.8358    
Accumulated time: func 5.1094    prepare 0.0630    bound 5.0336    transfer 0.0066    finalize 0.0341    
max lb tensor(9.99999975e-05) min lb tensor(-5.47494411)
Number of Verified Splits: 45 of 192
Current worst splitting domains lb-rhs (depth):
-6.49498 (5), -6.38449 (5), -5.81189 (7), -5.79637 (7), -5.74661 (6), -5.69105 (6), -5.60240 (5), -5.51235 (5), -5.47494 (8), -5.45963 (8), -5.45884 (5), -5.40890 (8), -5.39182 (4), -4.88980 (5), -4.82156 (7), -4.81725 (7), -4.74776 (5), -4.74115 (5), -4.64765 (5), -4.58428 (5), 
Length of domains: 382
Current (lb-rhs): -6.494975566864014
968 domains visited
Time: pickout 0.0139    decision 0.0298    set_bounds 0.0060    solve 0.8369    add 0.0018    
Accumulated time: pickout 0.0882    decision 0.3806    set_bounds 0.0349    solve 5.1165    add 0.0165    
Cumulative time: 5.67608904838562

BaB round 9
batch: 96
splitting decisions: 
split level 0: [/input-3, 99] [/input-3, 110] [/input, 237] [/input, 148] [/input-3, 110] [/input, 237] [/input, 239] [/input, 239] [/input-3, 4] [/input, 239] 
best_l after optimization: -221.8695068359375
beta sum per layer: [430.7694396972656, 653.18408203125]
alpha/beta optimization time: 0.4445021152496338
pruning_in_iteration open status: False
ratio of positive domain = 33 / 192 = 0.171875
pruning-in-iteration extra time: 0.00014781951904296875
torch.Size([192, 1])
Time: prepare 0.0059    bound 0.4455    transfer 0.0002    finalize 0.0021    func 0.4538    
Accumulated time: func 5.5633    prepare 0.0768    bound 5.4791    transfer 0.0068    finalize 0.0362    
max lb tensor(0.58251381) min lb tensor(-5.30644274)
Number of Verified Splits: 33 of 192
Current worst splitting domains lb-rhs (depth):
-6.49498 (5), -6.38449 (5), -5.81189 (7), -5.79637 (7), -5.74661 (6), -5.69105 (6), -5.60240 (5), -5.51235 (5), -5.47494 (8), -5.45884 (5), -5.40890 (8), -5.39182 (4), -5.30644 (9), -4.88980 (5), -4.82156 (7), -4.81725 (7), -4.74776 (5), -4.74115 (5), -4.64765 (5), -4.58428 (5), 
Length of domains: 445
Current (lb-rhs): -6.494975566864014
1160 domains visited
Time: pickout 0.0199    decision 0.1502    set_bounds 0.0060    solve 0.4543    add 0.0012    
Accumulated time: pickout 0.1081    decision 0.5308    set_bounds 0.0408    solve 5.5708    add 0.0177    
Cumulative time: 6.308060884475708

BaB round 10
batch: 96
splitting decisions: 
split level 0: [/input-3, 63] [/input-3, 60] [/input-3, 60] [/input, 237] [/input-3, 4] [/input-3, 60] [/input, 163] [/input-3, 60] [/input-3, 60] [/input, 237] 
best_l after optimization: -156.8272705078125
beta sum per layer: [463.389892578125, 726.42626953125]
alpha/beta optimization time: 0.5756964683532715
pruning_in_iteration open status: True
ratio of positive domain = 63 / 192 = 0.328125
pruning-in-iteration extra time: 0.03136038780212402
torch.Size([192, 1])
Time: prepare 0.0051    bound 0.5770    transfer 0.0003    finalize 0.0033    func 0.5858    
Accumulated time: func 6.1490    prepare 0.0831    bound 6.0561    transfer 0.0071    finalize 0.0395    
max lb tensor(9.99999975e-05) min lb tensor(-3.78951430)
Number of Verified Splits: 63 of 192
Current worst splitting domains lb-rhs (depth):
-6.49498 (5), -6.38449 (5), -5.81189 (7), -5.79637 (7), -5.74661 (6), -5.69105 (6), -5.60240 (5), -5.51235 (5), -5.47494 (8), -5.45884 (5), -5.40890 (8), -5.39182 (4), -5.30644 (9), -4.88980 (5), -4.82156 (7), -4.81725 (7), -4.74776 (5), -4.74115 (5), -4.64765 (5), -4.58428 (5), 
Length of domains: 478
Current (lb-rhs): -6.494975566864014
1352 domains visited
Time: pickout 0.0124    decision 0.0284    set_bounds 0.0053    solve 0.5866    add 0.0012    
Accumulated time: pickout 0.1205    decision 0.5592    set_bounds 0.0462    solve 6.1574    add 0.0190    
Cumulative time: 6.9422829151153564

BaB round 11
batch: 96
splitting decisions: 
split level 0: [/input-3, 63] [/input-3, 5] [/input, 163] [/input, 143] [/input-3, 63] [/input-3, 5] [/input-3, 63] [/input-3, 63] [/input-3, 63] [/input, 163] 
best_l after optimization: -137.1229248046875
beta sum per layer: [548.6588745117188, 798.889404296875]
alpha/beta optimization time: 0.4709017276763916
pruning_in_iteration open status: True
ratio of positive domain = 68 / 192 = 0.35416666666666663
pruning-in-iteration extra time: 0.024669885635375977
torch.Size([192, 1])
Time: prepare 0.0049    bound 0.4720    transfer 0.0004    finalize 0.0020    func 0.4794    
Accumulated time: func 6.6285    prepare 0.0895    bound 6.5281    transfer 0.0075    finalize 0.0415    
max lb tensor(9.99999975e-05) min lb tensor(-3.63698339)
Number of Verified Splits: 68 of 192
Current worst splitting domains lb-rhs (depth):
-6.49498 (5), -6.38449 (5), -5.81189 (7), -5.79637 (7), -5.74661 (6), -5.69105 (6), -5.60240 (5), -5.51235 (5), -5.47494 (8), -5.45884 (5), -5.40890 (8), -5.39182 (4), -5.30644 (9), -4.88980 (5), -4.82156 (7), -4.81725 (7), -4.74776 (5), -4.74115 (5), -4.64765 (5), -4.58428 (5), 
Length of domains: 506
Current (lb-rhs): -6.494975566864014
1544 domains visited
Time: pickout 0.0165    decision 0.0307    set_bounds 0.0052    solve 0.4800    add 0.0011    
Accumulated time: pickout 0.1369    decision 0.5898    set_bounds 0.0514    solve 6.6374    add 0.0201    
Cumulative time: 7.476435661315918

BaB round 12
batch: 96
splitting decisions: 
split level 0: [/input-3, 63] [/input-3, 117] [/input-3, 63] [/input-3, 23] [/input-3, 63] [/input-3, 4] [/input-3, 99] [/input, 148] [/input-3, 23] [/input-3, 63] 
best_l after optimization: -150.39483642578125
beta sum per layer: [672.6803588867188, 742.9196166992188]
alpha/beta optimization time: 0.5496954917907715
pruning_in_iteration open status: True
ratio of positive domain = 62 / 192 = 0.32291666666666663
pruning-in-iteration extra time: 0.028806447982788086
torch.Size([192, 1])
Time: prepare 0.0063    bound 0.5516    transfer 0.0030    finalize 0.0060    func 0.5670    
Accumulated time: func 7.1954    prepare 0.0985    bound 7.0797    transfer 0.0105    finalize 0.0476    
max lb tensor(9.99999975e-05) min lb tensor(-3.46426272)
Number of Verified Splits: 62 of 192
Current worst splitting domains lb-rhs (depth):
-6.49498 (5), -6.38449 (5), -5.81189 (7), -5.79637 (7), -5.74661 (6), -5.69105 (6), -5.60240 (5), -5.51235 (5), -5.47494 (8), -5.45884 (5), -5.40890 (8), -5.39182 (4), -5.30644 (9), -4.88980 (5), -4.82156 (7), -4.81725 (7), -4.74776 (5), -4.74115 (5), -4.64765 (5), -4.58428 (5), 
Length of domains: 540
Current (lb-rhs): -6.494975566864014
1736 domains visited
Time: pickout 0.0148    decision 0.0408    set_bounds 0.0064    solve 0.5676    add 0.0027    
Accumulated time: pickout 0.1517    decision 0.6306    set_bounds 0.0578    solve 7.2050    add 0.0228    
Cumulative time: 8.10908317565918

BaB round 13
batch: 96
splitting decisions: 
split level 0: [/input-3, 117] [/input-3, 63] [/input-3, 63] [/input-3, 31] [/input, 155] [/input-3, 99] [/input-3, 99] [/input-3, 23] [/input-3, 31] [/input, 148] 
best_l after optimization: -155.15655517578125
beta sum per layer: [737.442138671875, 775.80712890625]
alpha/beta optimization time: 0.9887804985046387
pruning_in_iteration open status: True
ratio of positive domain = 49 / 192 = 0.25520833333333337
pruning-in-iteration extra time: 0.0509645938873291
torch.Size([192, 1])
Time: prepare 0.0068    bound 0.9898    transfer 0.0004    finalize 0.0050    func 1.0020    
Accumulated time: func 8.1975    prepare 0.1153    bound 8.0695    transfer 0.0109    finalize 0.0525    
max lb tensor(9.99999975e-05) min lb tensor(-3.24252653)
Number of Verified Splits: 49 of 192
Current worst splitting domains lb-rhs (depth):
-6.49498 (5), -6.38449 (5), -5.81189 (7), -5.79637 (7), -5.74661 (6), -5.69105 (6), -5.60240 (5), -5.51235 (5), -5.47494 (8), -5.45884 (5), -5.40890 (8), -5.39182 (4), -5.30644 (9), -4.88980 (5), -4.82156 (7), -4.81725 (7), -4.74776 (5), -4.74115 (5), -4.64765 (5), -4.58428 (5), 
Length of domains: 587
Current (lb-rhs): -6.494975566864014
1928 domains visited
Time: pickout 0.0184    decision 0.1877    set_bounds 0.0071    solve 1.0028    add 0.0018    
Accumulated time: pickout 0.1701    decision 0.8183    set_bounds 0.0648    solve 8.2079    add 0.0246    
Cumulative time: 9.327307224273682

BaB round 14
batch: 96
splitting decisions: 
split level 0: [/input-3, 31] [/input-3, 31] [/input-3, 45] [/input, 148] [/input, 148] [/input-3, 31] [/input-3, 23] [/input, 7] [/input, 238] [/input, 238] 
best_l after optimization: -122.40386962890625
beta sum per layer: [888.0974731445312, 764.488037109375]
alpha/beta optimization time: 0.49666881561279297
pruning_in_iteration open status: True
ratio of positive domain = 64 / 192 = 0.33333333333333337
pruning-in-iteration extra time: 0.023931503295898438
torch.Size([192, 1])
Time: prepare 0.0045    bound 0.4978    transfer 0.0005    finalize 0.0026    func 0.5056    
Accumulated time: func 8.7031    prepare 0.1210    bound 8.5674    transfer 0.0115    finalize 0.0552    
max lb tensor(9.99999975e-05) min lb tensor(-3.12301588)
Number of Verified Splits: 64 of 192
Current worst splitting domains lb-rhs (depth):
-6.49498 (5), -6.38449 (5), -5.81189 (7), -5.79637 (7), -5.74661 (6), -5.69105 (6), -5.60240 (5), -5.51235 (5), -5.47494 (8), -5.45884 (5), -5.40890 (8), -5.39182 (4), -5.30644 (9), -4.88980 (5), -4.82156 (7), -4.81725 (7), -4.74776 (5), -4.74115 (5), -4.64765 (5), -4.58428 (5), 
Length of domains: 619
Current (lb-rhs): -6.494975566864014
2120 domains visited
Time: pickout 0.0120    decision 0.0273    set_bounds 0.0049    solve 0.5063    add 0.0014    
Accumulated time: pickout 0.1821    decision 0.8457    set_bounds 0.0697    solve 8.7141    add 0.0259    
Cumulative time: 9.879647016525269

BaB round 15
batch: 96
splitting decisions: 
split level 0: [/input-3, 78] [/input-3, 63] [/input-3, 31] [/input-3, 99] [/input-3, 5] [/input-3, 63] [/input-3, 78] [/input, 237] [/input-3, 99] [/input-3, 83] 
best_l after optimization: -111.14883422851562
beta sum per layer: [1158.7540283203125, 732.3536376953125]
alpha/beta optimization time: 0.5064024925231934
pruning_in_iteration open status: True
ratio of positive domain = 68 / 192 = 0.35416666666666663
pruning-in-iteration extra time: 0.025959014892578125
torch.Size([192, 1])
Time: prepare 0.0057    bound 0.5075    transfer 0.0004    finalize 0.0023    func 0.5160    
Accumulated time: func 9.2191    prepare 0.1286    bound 9.0749    transfer 0.0118    finalize 0.0575    
max lb tensor(9.99999975e-05) min lb tensor(-2.98843575)
Number of Verified Splits: 68 of 192
Current worst splitting domains lb-rhs (depth):
-6.49498 (5), -6.38449 (5), -5.81189 (7), -5.79637 (7), -5.74661 (6), -5.69105 (6), -5.60240 (5), -5.51235 (5), -5.47494 (8), -5.45884 (5), -5.40890 (8), -5.39182 (4), -5.30644 (9), -4.88980 (5), -4.82156 (7), -4.81725 (7), -4.74776 (5), -4.74115 (5), -4.64765 (5), -4.58428 (5), 
Length of domains: 647
Current (lb-rhs): -6.494975566864014
2312 domains visited
Time: pickout 0.0187    decision 0.0368    set_bounds 0.0069    solve 0.5167    add 0.0018    
Accumulated time: pickout 0.2008    decision 0.8824    set_bounds 0.0766    solve 9.2308    add 0.0278    
Cumulative time: 10.461257696151733

BaB round 16
batch: 96
splitting decisions: 
split level 0: [/input-3, 117] [/input, 56] [/input, 6] [/input-3, 83] [/input-3, 99] [/input-3, 83] [/input-3, 78] [/input-3, 23] [/input, 6] [/input-3, 31] 
best_l after optimization: -91.884521484375
beta sum per layer: [1405.107666015625, 740.74072265625]
alpha/beta optimization time: 0.49949121475219727
pruning_in_iteration open status: True
ratio of positive domain = 72 / 192 = 0.375
pruning-in-iteration extra time: 0.02347850799560547
torch.Size([192, 1])
Time: prepare 0.0050    bound 0.5007    transfer 0.0005    finalize 0.0026    func 0.5089    
Accumulated time: func 9.7279    prepare 0.1352    bound 9.5756    transfer 0.0123    finalize 0.0602    
max lb tensor(9.99999975e-05) min lb tensor(-2.93593025)
Number of Verified Splits: 72 of 192
Current worst splitting domains lb-rhs (depth):
-6.49498 (5), -6.38449 (5), -5.81189 (7), -5.79637 (7), -5.74661 (6), -5.69105 (6), -5.60240 (5), -5.51235 (5), -5.47494 (8), -5.45884 (5), -5.40890 (8), -5.39182 (4), -5.30644 (9), -4.88980 (5), -4.82156 (7), -4.81725 (7), -4.74776 (5), -4.74115 (5), -4.64765 (5), -4.58428 (5), 
Length of domains: 671
Current (lb-rhs): -6.494975566864014
2504 domains visited
Time: pickout 0.0151    decision 0.0288    set_bounds 0.0054    solve 0.5095    add 0.0013    
Accumulated time: pickout 0.2159    decision 0.9112    set_bounds 0.0820    solve 9.7403    add 0.0291    
Cumulative time: 11.021948337554932

BaB round 17
batch: 96
splitting decisions: 
split level 0: [/input-3, 5] [/input-3, 83] [/input-3, 83] [/input, 155] [/input, 155] [/input-3, 23] [/input-3, 78] [/input-3, 83] [/input-3, 83] [/input-3, 117] 
best_l after optimization: -85.17681121826172
beta sum per layer: [1596.927001953125, 713.1898193359375]
alpha/beta optimization time: 0.6614103317260742
pruning_in_iteration open status: True
ratio of positive domain = 79 / 192 = 0.41145833333333337
pruning-in-iteration extra time: 0.03139901161193848
torch.Size([192, 1])
Time: prepare 0.0052    bound 0.6636    transfer 0.0032    finalize 0.0130    func 0.6851    
Accumulated time: func 10.4130    prepare 0.1422    bound 10.2392    transfer 0.0155    finalize 0.0731    
max lb tensor(9.99999975e-05) min lb tensor(-2.81034756)
Number of Verified Splits: 79 of 192
Current worst splitting domains lb-rhs (depth):
-6.49498 (5), -6.38449 (5), -5.81189 (7), -5.79637 (7), -5.74661 (6), -5.69105 (6), -5.60240 (5), -5.51235 (5), -5.47494 (8), -5.45884 (5), -5.40890 (8), -5.39182 (4), -5.30644 (9), -4.88980 (5), -4.82156 (7), -4.81725 (7), -4.74776 (5), -4.74115 (5), -4.64765 (5), -4.58428 (5), 
Length of domains: 688
Current (lb-rhs): -6.494975566864014
2696 domains visited
Time: pickout 0.0141    decision 0.0346    set_bounds 0.0062    solve 0.6862    add 0.0031    
Accumulated time: pickout 0.2299    decision 0.9458    set_bounds 0.0882    solve 10.4265    add 0.0322    
Time out!!!!!!!!
Result: unknown in 15.4837 seconds

 %%%%%%%%%%%%%%%%%%%%%%%%%%%%%%%%%%% idx: 9, vnnlib ID: 79 %%%%%%%%%%%%%%%%%%%%%%%%%%%%%%%%%%%
Finished vnnlib processing in 0.009124 seconds
Model: BoundedModule(
  (/0): BoundInput(name=/0, inputs=[], perturbed=True)
  (/7): BoundParams(name=/7, inputs=[], perturbed=False)
  (/8): BoundParams(name=/8, inputs=[], perturbed=False)
  (/9): BoundParams(name=/9, inputs=[], perturbed=False)
  (/10): BoundParams(name=/10, inputs=[], perturbed=False)
  (/11): BoundParams(name=/11, inputs=[], perturbed=False)
  (/12): BoundParams(name=/12, inputs=[], perturbed=False)
  (/13): BoundFlatten(name=/13, inputs=[/0], perturbed=True)
  (/input): BoundLinear(name=/input, inputs=[/13, /7, /8], perturbed=True)
  (/15): BoundRelu(name=/15, inputs=[/input], perturbed=True)
  (/input-3): BoundLinear(name=/input-3, inputs=[/15, /9, /10], perturbed=True)
  (/17): BoundRelu(name=/17, inputs=[/input-3], perturbed=True)
  (/18): BoundLinear(name=/18, inputs=[/17, /11, /12], perturbed=True)
)
Original output in the first batch: tensor([[ -4.65605116,  -3.64643335,   1.71400046,   1.31595719,  -6.76009607,
          -7.35807323, -20.92980385,  10.61820507,   0.25479296,  -1.37494826]],
       device='cuda:0')
Split layers:
Nonlinear functions:
   BoundRelu(name=/15, inputs=[/input], perturbed=True)
   BoundRelu(name=/17, inputs=[/input-3], perturbed=True)
build batch [1/1]
layer /15 using sparse-features alpha with shape [72]; unstable size 72; total size 256 ([1, 256])
layer /15 start_node /input-3 using sparse-spec alpha [2, 36, 1, 72] with unstable size 35 total_size 128 output_shape torch.Size([128])
layer /15 start_node /18 using full alpha [2, 9, 1, 72] with unstable size None total_size 9 output_shape 9
layer /17 using sparse-features alpha with shape [35]; unstable size 35; total size 128 ([1, 128])
layer /17 start_node /18 using full alpha [2, 9, 1, 35] with unstable size None total_size 9 output_shape 9
Optimizable variables initialized.
initial CROWN bounds (first 10 items): [8.307373046875, 9.254000663757324, 1.8383781909942627, 3.418180465698242, 11.813108444213867, 10.137665748596191, 22.163503646850586, 2.46106219291687, 5.9673686027526855]
Verified with initial CROWN!
verified with init bound!
Result: safe-incomplete in 0.4442 seconds
############# Summary #############
Final verified acc: 80.0% (total 10 examples)
Problem instances count: 10 , total verified (safe/unsat): 8 , total falsified (unsafe/sat): 0 , timeout: 2
mean time for ALL instances (total 10):4.81694283396659, max time: 15.483678817749023
mean time for verified SAFE instances(total 8): 2.201634258031845, max time: 9.512685298919678
mean time for verified SAFE + TIMEOUT instances (total 10): 4.816947650909424, max time: 15.483678817749023 
safe-incomplete (total 6), index: [0, 1, 2, 5, 6, 9]
unknown (total 2), index: [3, 8]
safe (total 2), index: [4, 7]
