INFO     20:28:16     [tensor_storage.py:70] Hugepage enabled for branch-and-bound domains.
Configurations:

general:
  device: cuda
  seed: 100
  conv_mode: patches
  deterministic: false
  double_fp: false
  loss_reduction_func: sum
  sparse_alpha: true
  sparse_interm: true
  save_adv_example: false
  verify_onnxruntime_output: false
  eval_adv_example: false
  onnx_adv_example: false
  show_adv_example: false
  precompile_jit: false
  reset_seed_after_precompile: false
  prepare_only: false
  complete_verifier: bab
  enable_incomplete_verification: true
  csv_name: null
  results_file: out.txt
  root_path: ''
  deterministic_opt: false
  graph_optimizer: 'Customized("custom_graph_optimizer", "default_optimizer")'
  buffer_has_batchdim: false
  save_output: false
  output_file: out.pkl
  return_optimized_model: false
  store_all_specs_on_cpu: false
  adhoc_tuning: null
model:
  name: null
  path: null
  onnx_path: ../saved_models/mnist_fcnn.onnx
  onnx_path_prefix: ''
  cache_onnx_conversion: false
  debug_onnx: false
  onnx_quirks: null
  input_shape: null
  onnx_loader: default_onnx_and_vnnlib_loader
  onnx_optimization_flags: []
  onnx_vnnlib_joint_optimization_flags: none
  check_optimized: false
  flatten_final_output: false
  optimize_graph: null
  with_jacobian: false
  bound_opts: null
data:
  start: 0
  end: 100
  select_instance: null
  num_outputs: 10
  mean: 0.0
  std: 1.0
  pkl_path: null
  dataset: MNIST
  data_filter_path: null
  data_idx_file: null
specification:
  type: lp
  robustness_type: verified-acc
  norm: .inf
  epsilon: 0.02
  epsilon_min: 0.0
  vnnlib_path: null
  vnnlib_path_prefix: ''
  shrink_eps: null
  rhs_offset: null
solver:
  batch_size: 1024
  auto_enlarge_batch_size: true
  batched_crown_auto_enlarge_max_vram_ratio: 0.9
  min_batch_size_ratio: 0.1
  use_float64_in_last_iteration: false
  early_stop_patience: 10
  start_save_best: 0.5
  bound_prop_method: alpha-crown
  init_bound_prop_method: same
  prune_after_crown: true
  optimize_disjuncts_separately: false
  build_batch_size: 1000000
  skip_with_refined_bound: true
  forward_before_compute_bounds: false
  crown:
    batch_size: 1000000000
    max_crown_size: 1000000000
    activation_bound_option: adaptive
    compare_crown_with_ibp: false
  alpha-crown:
    alpha: true
    lr_alpha: 0.1
    iteration: 100
    share_alphas: false
    lr_decay: 0.98
    full_conv_alpha: true
    max_coeff_mul: .inf
    matmul_share_alphas: false
    disable_optimization: []
    max_time: 1.0
    alpha_dtype: float16
    input_split_alpha_iteration: 5
    input_split_lr_alpha: 0.05
  invprop:
    apply_output_constraints_to: []
    tighten_input_bounds: false
    best_of_oc_and_no_oc: false
    directly_optimize: []
    oc_lr: 0.1
    share_gammas: false
  beta-crown:
    lr_alpha: 0.01
    lr_beta: 0.05
    lr_decay: 0.98
    optimizer: adam
    iteration: 50
    beta: true
    beta_warmup: true
    enable_opt_interm_bounds: false
    all_node_split_LP: false
  forward:
    refine: false
    max_dim: 10000
    reset_threshold: 1.0
  mip:
    unstable_neuron_threshold: 0
    parallel_solvers: null
    solver_threads: 1
    refine_neuron_timeout: 15
    refine_neuron_time_percentage: 0.8
    early_stop: true
    adv_warmup: true
    mip_solver: gurobi
    skip_unsafe: false
    topk_filter: 1.0
    sliding_window: -1
    extra_constraint: false
    refine_neuron_timeout_increasement: 0
    timeout_neuron_percentage: 0.3
    remaining_timeout_threshold: 1
    remove_unstable_neurons: false
    formulation: mip
    output_cut: false
bab:
  max_domains: .inf
  decision_thresh: 0
  timeout: 30
  timeout_scale: 1
  max_iterations: -1
  override_timeout: null
  get_upper_bound: false
  pruning_in_iteration: true
  pruning_in_iteration_ratio: 0.2
  sort_targets: false
  batched_domain_list: true
  optimized_interm: ''
  interm_transfer: true
  recompute_interm: false
  sort_domain_interval: -1
  vanilla_crown: false
  tree_traversal: depth_first
  hugetensor_allocator: true
  cut:
    enabled: false
    cuts_path: null
    bab_cut: false
    lp_cut: false
    lr: 0.01
    lr_decay: 1.0
    iteration: 100
    bab_iteration: -1
    early_stop_patience: -1
    lr_beta: 0.02
    number_cuts: 50
    topk_cuts_in_filter: 1000
    batch_size_primal: 100
    max_num: 1000000000
    patches_cut: false
    cplex_cuts: false
    cplex_cuts_wait: 0
    cplex_cuts_revpickup: true
    cut_reference_bounds: true
    fix_intermediate_bounds: false
    manual_cuts: null
    biccos:
      enabled: false
      auto_param: true
      constraint_strengthening: true
      drop_ratio: 0.5
      max_infer_iter: 20
      max_domain: 10000.0
      heuristic: neuron_influence_score
      save_cuts: false
      multi_tree_branching:
        enabled: false
        restore_best_tree: true
        keep_n_best_domains: 50
        target_batch_size: 200
        iterations: 3
  clip_n_verify:
    rearrange_constraints: false
    alpha_crown: false
    prune: false
    final_layer: false
    clip_input_domain:
      enabled: false
      clip_type: relaxed
      clip_neuron_selection_type: ratio
      clip_neuron_selection_value: -1.0
      clip_iterations: 1
      clip_calculate_volume_metrics: false
    clip_interm_domain:
      enabled: false
      with_input: false
      clip_in_alpha_crown: false
      topk_objective: 20
  branching:
    method: kfsb
    candidates: 3
    reduceop: min
    enable_intermediate_bound_opt: false
    branching_input_and_activation: false
    branching_input_and_activation_order: [input, relu]
    branching_input_iterations: 30
    branching_relu_iterations: 50
    nonlinear_split:
      method: bbps
      disable: false
      branching_point_method: uniform
      num_branches: 2
      filter: false
      filter_beta: false
      filter_clamp: false
      filter_batch_size: 10000
      filter_iterations: 25
      relu_only: false
      loose_tanh_threshold: null
      branching_point:
        db_path: branching_points.pt
        num_iterations: 1000
        batch_size: 1000000
        range_l: -5.0
        range_u: 5.0
        log_interval: 100
        step_size_1d: 0.01
        step_size: 0.2
    input_split:
      split_hint: null
      enable: false
      reorder_bab: false
      input_dim_threshold: 20
      adv_check: 0
      split_partitions: 2
      sb_margin_weight: 1.0
      sb_sum: false
      sb_primary_spec: null
      bf_backup_thresh: -1
      bf_rhs_offset: 0
      bf_iters: 1000000000.0
      bf_batch_size: 100000
      bf_zero_crossing_score: false
      touch_zero_score: 0
      ibp_enhancement: true
      compare_with_old_bounds: true
      update_rhs_with_attack: false
      sb_coeff_thresh: 0.001
      sort_index: null
      sort_descending: true
      show_progress: false
      presplit_domains: null
      skip_getting_worst_domain: false
  attack:
    enabled: false
    beam_candidates: 8
    beam_depth: 7
    max_dive_fix_ratio: 0.8
    min_local_free_ratio: 0.2
    mip_start_iteration: 5
    mip_timeout: 30.0
    adv_pool_threshold: null
    refined_mip_attacker: false
    refined_batch_size: null
attack:
  general_attack: true
  pgd_order: skip
  pgd_steps: 100
  pgd_restarts: 30
  pgd_batch_size: 100000000
  pgd_early_stop: true
  pgd_lr_decay: 0.99
  pgd_alpha: auto
  pgd_alpha_scale: false
  pgd_loss_mode: null
  pgd_restart_when_stuck: false
  enable_mip_attack: false
  adv_saver: default_adv_saver
  adv_verifier: default_adv_verifier
  early_stop_condition: default_early_stop_condition
  adv_example_finalizer: default_adv_example_finalizer
  pgd_loss: default_pgd_loss
  cex_path: ./test_cex.txt
  attack_mode: PGD
  attack_tolerance: 0.0
  attack_func: attack_with_general_specs
  gama_lambda: 10.0
  gama_decay: 0.9
  input_split:
    pgd_steps: 100
    pgd_restarts: 30
    pgd_alpha: auto
  input_split_check_adv:
    enabled: auto
    pgd_steps: 5
    pgd_restarts: 5
    pgd_alpha: auto
    max_num_domains: 10
debug:
  view_model: false
  lp_test: null
  rescale_vnnlib_ptb: null
  test_optimized_bounds: false
  test_optimized_bounds_after_n_iterations: 0
  print_verbose_decisions: false
  biccos_mip_sanity_check: false
  sanity_check: 0
  z_split_enabled: false
  save_minimal_config: null
  save_minimal_config_omit_keys: []

/home/han/miniconda3/envs/alpha-beta-crown/lib/python3.10/site-packages/onnx2pytorch/convert/layer.py:29: UserWarning: The given NumPy array is not writable, and PyTorch does not support non-writable tensors. This means writing to this tensor will result in undefined behavior. You may want to copy the array to protect its data or make it writable before converting it to a tensor. This type of warning will be suppressed for the rest of this program. (Triggered internally at ../torch/csrc/utils/tensor_numpy.cpp:206.)
  layer.weight.data = torch.from_numpy(numpy_helper.to_array(weight))
/home/han/miniconda3/envs/alpha-beta-crown/lib/python3.10/site-packages/onnx2pytorch/convert/model.py:151: UserWarning: Using experimental implementation that allows 'batch_size > 1'.Batchnorm layers could potentially produce false outputs.
  warnings.warn(
Experiments at Fri Apr  3 20:28:16 2026 on LAPTOP-RGROMBPB
Loading onnx ../saved_models/mnist_fcnn.onnx with quirks {}
Finished onnx model loading in 0.0117 seconds
ConvertModel(
  (Flatten_/flatten/Flatten_output_0): Flatten()
  (Gemm_/fc1/Gemm_output_0): Linear(in_features=784, out_features=256, bias=True)
  (Relu_/relu1/Relu_output_0): ReLU()
  (Gemm_/fc2/Gemm_output_0): Linear(in_features=256, out_features=128, bias=True)
  (Relu_/relu2/Relu_output_0): ReLU()
  (Gemm_output): Linear(in_features=128, out_features=10, bias=True)
)
Parameters:
  Gemm_/fc1/Gemm_output_0.weight: shape torch.Size([256, 784])
  Gemm_/fc1/Gemm_output_0.bias: shape torch.Size([256])
  Gemm_/fc2/Gemm_output_0.weight: shape torch.Size([128, 256])
  Gemm_/fc2/Gemm_output_0.bias: shape torch.Size([128])
  Gemm_output.weight: shape torch.Size([10, 128])
  Gemm_output.bias: shape torch.Size([10])
Trying generic MNIST/CIFAR data loader.
/home/han/alpha-beta-CROWN/complete_verifier/specifications.py:342: UserWarning: Creating a tensor from a list of numpy.ndarrays is extremely slow. Please consider converting the list to a single numpy.ndarray with numpy.array() before converting to a tensor. (Triggered internally at ../torch/csrc/utils/tensor_new.cpp:278.)
  x_range_list = torch.Tensor(x_range_list).to(dtype=dtype, device=device).view(input_shape + [2])
Internal results will be saved to out.txt.

 %%%%%%%%%%%%%%%%%%%%%%%%%%%%%%%%%%% idx: 0, vnnlib ID: 0 %%%%%%%%%%%%%%%%%%%%%%%%%%%%%%%%%%%
Finished vnnlib processing in 0.432636 seconds
Model: BoundedModule(
  (/0): BoundInput(name=/0, inputs=[], perturbed=True)
  (/7): BoundParams(name=/7, inputs=[], perturbed=False)
  (/8): BoundParams(name=/8, inputs=[], perturbed=False)
  (/9): BoundParams(name=/9, inputs=[], perturbed=False)
  (/10): BoundParams(name=/10, inputs=[], perturbed=False)
  (/11): BoundParams(name=/11, inputs=[], perturbed=False)
  (/12): BoundParams(name=/12, inputs=[], perturbed=False)
  (/13): BoundFlatten(name=/13, inputs=[/0], perturbed=True)
  (/input): BoundLinear(name=/input, inputs=[/13, /7, /8], perturbed=True)
  (/15): BoundRelu(name=/15, inputs=[/input], perturbed=True)
  (/input-3): BoundLinear(name=/input-3, inputs=[/15, /9, /10], perturbed=True)
  (/17): BoundRelu(name=/17, inputs=[/input-3], perturbed=True)
  (/18): BoundLinear(name=/18, inputs=[/17, /11, /12], perturbed=True)
)
Original output in the first batch: tensor([[ -2.56063104,  -3.94668794,   2.57405782,   1.50176835,  -7.76447010,
          -2.85335088, -15.91423798,  10.98624611,  -1.98665321,  -1.95777655]],
       device='cuda:0')
Split layers:
Nonlinear functions:
   BoundRelu(name=/15, inputs=[/input], perturbed=True)
   BoundRelu(name=/17, inputs=[/input-3], perturbed=True)
build batch [1/1]
layer /15 using sparse-features alpha with shape [64]; unstable size 64; total size 256 ([1, 256])
layer /15 start_node /input-3 using sparse-spec alpha [2, 29, 1, 64] with unstable size 28 total_size 128 output_shape torch.Size([128])
layer /15 start_node /18 using full alpha [2, 9, 1, 64] with unstable size None total_size 9 output_shape 9
layer /17 using sparse-features alpha with shape [28]; unstable size 28; total size 128 ([1, 128])
layer /17 start_node /18 using full alpha [2, 9, 1, 28] with unstable size None total_size 9 output_shape 9
Optimizable variables initialized.
initial CROWN bounds (first 10 items): [8.083654403686523, 11.303583145141602, 3.4643867015838623, 4.778754711151123, 14.706924438476562, 8.246955871582031, 20.354738235473633, 7.343278884887695, 8.513617515563965]
Verified with initial CROWN!
verified with init bound!
Result: safe-incomplete in 1.0839 seconds

 %%%%%%%%%%%%%%%%%%%%%%%%%%%%%%%%%%% idx: 1, vnnlib ID: 1 %%%%%%%%%%%%%%%%%%%%%%%%%%%%%%%%%%%
Finished vnnlib processing in 0.004247 seconds
Model: BoundedModule(
  (/0): BoundInput(name=/0, inputs=[], perturbed=True)
  (/7): BoundParams(name=/7, inputs=[], perturbed=False)
  (/8): BoundParams(name=/8, inputs=[], perturbed=False)
  (/9): BoundParams(name=/9, inputs=[], perturbed=False)
  (/10): BoundParams(name=/10, inputs=[], perturbed=False)
  (/11): BoundParams(name=/11, inputs=[], perturbed=False)
  (/12): BoundParams(name=/12, inputs=[], perturbed=False)
  (/13): BoundFlatten(name=/13, inputs=[/0], perturbed=True)
  (/input): BoundLinear(name=/input, inputs=[/13, /7, /8], perturbed=True)
  (/15): BoundRelu(name=/15, inputs=[/input], perturbed=True)
  (/input-3): BoundLinear(name=/input-3, inputs=[/15, /9, /10], perturbed=True)
  (/17): BoundRelu(name=/17, inputs=[/input-3], perturbed=True)
  (/18): BoundLinear(name=/18, inputs=[/17, /11, /12], perturbed=True)
)
Original output in the first batch: tensor([[ -0.80697674,   1.65572739,  11.82858562,   1.76911533,  -8.60353565,
          -5.86191416,  -5.39128637,  -5.61643887,  -1.11684787, -11.58451271]],
       device='cuda:0')
Split layers:
Nonlinear functions:
   BoundRelu(name=/15, inputs=[/input], perturbed=True)
   BoundRelu(name=/17, inputs=[/input-3], perturbed=True)
build batch [1/1]
layer /15 using sparse-features alpha with shape [48]; unstable size 48; total size 256 ([1, 256])
layer /15 start_node /input-3 using sparse-spec alpha [2, 20, 1, 48] with unstable size 19 total_size 128 output_shape torch.Size([128])
layer /15 start_node /18 using full alpha [2, 9, 1, 48] with unstable size None total_size 9 output_shape 9
layer /17 using sparse-features alpha with shape [19]; unstable size 19; total size 128 ([1, 128])
layer /17 start_node /18 using full alpha [2, 9, 1, 19] with unstable size None total_size 9 output_shape 9
Optimizable variables initialized.
initial CROWN bounds (first 10 items): [9.224983215332031, 7.411830902099609, 6.64552116394043, 16.94180679321289, 12.786903381347656, 13.1702241897583, 14.617879867553711, 9.327339172363281, 19.032167434692383]
Verified with initial CROWN!
verified with init bound!
Result: safe-incomplete in 0.1396 seconds

 %%%%%%%%%%%%%%%%%%%%%%%%%%%%%%%%%%% idx: 2, vnnlib ID: 2 %%%%%%%%%%%%%%%%%%%%%%%%%%%%%%%%%%%
Finished vnnlib processing in 0.003563 seconds
Model: BoundedModule(
  (/0): BoundInput(name=/0, inputs=[], perturbed=True)
  (/7): BoundParams(name=/7, inputs=[], perturbed=False)
  (/8): BoundParams(name=/8, inputs=[], perturbed=False)
  (/9): BoundParams(name=/9, inputs=[], perturbed=False)
  (/10): BoundParams(name=/10, inputs=[], perturbed=False)
  (/11): BoundParams(name=/11, inputs=[], perturbed=False)
  (/12): BoundParams(name=/12, inputs=[], perturbed=False)
  (/13): BoundFlatten(name=/13, inputs=[/0], perturbed=True)
  (/input): BoundLinear(name=/input, inputs=[/13, /7, /8], perturbed=True)
  (/15): BoundRelu(name=/15, inputs=[/input], perturbed=True)
  (/input-3): BoundLinear(name=/input-3, inputs=[/15, /9, /10], perturbed=True)
  (/17): BoundRelu(name=/17, inputs=[/input-3], perturbed=True)
  (/18): BoundLinear(name=/18, inputs=[/17, /11, /12], perturbed=True)
)
Original output in the first batch: tensor([[-5.63710737,  7.08480597,  0.31746876, -2.32718682, -3.13442969,
         -3.23141098, -4.51535749,  0.10247119, -0.51592368, -5.65911674]],
       device='cuda:0')
Split layers:
Nonlinear functions:
   BoundRelu(name=/15, inputs=[/input], perturbed=True)
   BoundRelu(name=/17, inputs=[/input-3], perturbed=True)
build batch [1/1]
layer /15 using sparse-features alpha with shape [117]; unstable size 117; total size 256 ([1, 256])
layer /15 start_node /input-3 using sparse-spec alpha [2, 63, 1, 117] with unstable size 62 total_size 128 output_shape torch.Size([128])
layer /15 start_node /18 using full alpha [2, 9, 1, 117] with unstable size None total_size 9 output_shape 9
layer /17 using sparse-features alpha with shape [62]; unstable size 62; total size 128 ([1, 128])
layer /17 start_node /18 using full alpha [2, 9, 1, 62] with unstable size None total_size 9 output_shape 9
Optimizable variables initialized.
initial CROWN bounds (first 10 items): [6.720585823059082, 0.8019812107086182, 2.925535202026367, 4.177357196807861, 3.1417412757873535, 5.0379133224487305, 1.4660673141479492, 1.0156359672546387, 5.852660179138184]
Verified with initial CROWN!
verified with init bound!
Result: safe-incomplete in 0.1214 seconds

 %%%%%%%%%%%%%%%%%%%%%%%%%%%%%%%%%%% idx: 3, vnnlib ID: 3 %%%%%%%%%%%%%%%%%%%%%%%%%%%%%%%%%%%
Finished vnnlib processing in 0.003038 seconds
Model: BoundedModule(
  (/0): BoundInput(name=/0, inputs=[], perturbed=True)
  (/7): BoundParams(name=/7, inputs=[], perturbed=False)
  (/8): BoundParams(name=/8, inputs=[], perturbed=False)
  (/9): BoundParams(name=/9, inputs=[], perturbed=False)
  (/10): BoundParams(name=/10, inputs=[], perturbed=False)
  (/11): BoundParams(name=/11, inputs=[], perturbed=False)
  (/12): BoundParams(name=/12, inputs=[], perturbed=False)
  (/13): BoundFlatten(name=/13, inputs=[/0], perturbed=True)
  (/input): BoundLinear(name=/input, inputs=[/13, /7, /8], perturbed=True)
  (/15): BoundRelu(name=/15, inputs=[/input], perturbed=True)
  (/input-3): BoundLinear(name=/input-3, inputs=[/15, /9, /10], perturbed=True)
  (/17): BoundRelu(name=/17, inputs=[/input-3], perturbed=True)
  (/18): BoundLinear(name=/18, inputs=[/17, /11, /12], perturbed=True)
)
Original output in the first batch: tensor([[11.90671253, -6.33274317, -2.04152966, -6.35135221, -2.99934554,
         -4.82508373, -2.72575378, -1.39492607, -5.12370872, -0.22303155]],
       device='cuda:0')
Split layers:
Nonlinear functions:
   BoundRelu(name=/15, inputs=[/input], perturbed=True)
   BoundRelu(name=/17, inputs=[/input-3], perturbed=True)
build batch [1/1]
layer /15 using sparse-features alpha with shape [53]; unstable size 53; total size 256 ([1, 256])
layer /15 start_node /input-3 using sparse-spec alpha [2, 35, 1, 53] with unstable size 34 total_size 128 output_shape torch.Size([128])
layer /15 start_node /18 using full alpha [2, 9, 1, 53] with unstable size None total_size 9 output_shape 9
layer /17 using sparse-features alpha with shape [34]; unstable size 34; total size 128 ([1, 128])
layer /17 start_node /18 using full alpha [2, 9, 1, 34] with unstable size None total_size 9 output_shape 9
Optimizable variables initialized.
initial CROWN bounds (first 10 items): [14.528666496276855, 10.389667510986328, 14.543706893920898, 10.987873077392578, 12.95283031463623, 11.643409729003906, 8.88216781616211, 14.316156387329102, 9.233382225036621]
Verified with initial CROWN!
verified with init bound!
Result: safe-incomplete in 0.1163 seconds

 %%%%%%%%%%%%%%%%%%%%%%%%%%%%%%%%%%% idx: 4, vnnlib ID: 4 %%%%%%%%%%%%%%%%%%%%%%%%%%%%%%%%%%%
Finished vnnlib processing in 0.002571 seconds
Model: BoundedModule(
  (/0): BoundInput(name=/0, inputs=[], perturbed=True)
  (/7): BoundParams(name=/7, inputs=[], perturbed=False)
  (/8): BoundParams(name=/8, inputs=[], perturbed=False)
  (/9): BoundParams(name=/9, inputs=[], perturbed=False)
  (/10): BoundParams(name=/10, inputs=[], perturbed=False)
  (/11): BoundParams(name=/11, inputs=[], perturbed=False)
  (/12): BoundParams(name=/12, inputs=[], perturbed=False)
  (/13): BoundFlatten(name=/13, inputs=[/0], perturbed=True)
  (/input): BoundLinear(name=/input, inputs=[/13, /7, /8], perturbed=True)
  (/15): BoundRelu(name=/15, inputs=[/input], perturbed=True)
  (/input-3): BoundLinear(name=/input-3, inputs=[/15, /9, /10], perturbed=True)
  (/17): BoundRelu(name=/17, inputs=[/input-3], perturbed=True)
  (/18): BoundLinear(name=/18, inputs=[/17, /11, /12], perturbed=True)
)
Original output in the first batch: tensor([[-2.51980758, -5.43800926, -3.81645918, -9.23261452, 10.74053669,
         -4.66308117, -5.37096500, -1.39960742, -3.63748217,  2.87214637]],
       device='cuda:0')
Split layers:
Nonlinear functions:
   BoundRelu(name=/15, inputs=[/input], perturbed=True)
   BoundRelu(name=/17, inputs=[/input-3], perturbed=True)
build batch [1/1]
layer /15 using sparse-features alpha with shape [76]; unstable size 76; total size 256 ([1, 256])
layer /15 start_node /input-3 using sparse-spec alpha [2, 50, 1, 76] with unstable size 49 total_size 128 output_shape torch.Size([128])
layer /15 start_node /18 using full alpha [2, 9, 1, 76] with unstable size None total_size 9 output_shape 9
layer /17 using sparse-features alpha with shape [49]; unstable size 49; total size 128 ([1, 128])
layer /17 start_node /18 using full alpha [2, 9, 1, 49] with unstable size None total_size 9 output_shape 9
Optimizable variables initialized.
initial CROWN bounds (first 10 items): [7.848325729370117, 11.342418670654297, 8.355762481689453, 14.1484956741333, 9.645933151245117, 10.106125831604004, 6.799034118652344, 8.410707473754883, 2.8578741550445557]
Verified with initial CROWN!
verified with init bound!
Result: safe-incomplete in 0.1087 seconds

 %%%%%%%%%%%%%%%%%%%%%%%%%%%%%%%%%%% idx: 5, vnnlib ID: 5 %%%%%%%%%%%%%%%%%%%%%%%%%%%%%%%%%%%
Finished vnnlib processing in 0.002537 seconds
Model: BoundedModule(
  (/0): BoundInput(name=/0, inputs=[], perturbed=True)
  (/7): BoundParams(name=/7, inputs=[], perturbed=False)
  (/8): BoundParams(name=/8, inputs=[], perturbed=False)
  (/9): BoundParams(name=/9, inputs=[], perturbed=False)
  (/10): BoundParams(name=/10, inputs=[], perturbed=False)
  (/11): BoundParams(name=/11, inputs=[], perturbed=False)
  (/12): BoundParams(name=/12, inputs=[], perturbed=False)
  (/13): BoundFlatten(name=/13, inputs=[/0], perturbed=True)
  (/input): BoundLinear(name=/input, inputs=[/13, /7, /8], perturbed=True)
  (/15): BoundRelu(name=/15, inputs=[/input], perturbed=True)
  (/input-3): BoundLinear(name=/input-3, inputs=[/15, /9, /10], perturbed=True)
  (/17): BoundRelu(name=/17, inputs=[/input-3], perturbed=True)
  (/18): BoundLinear(name=/18, inputs=[/17, /11, /12], perturbed=True)
)
Original output in the first batch: tensor([[-6.51945353,  9.43327236, -2.05767202, -3.72017980, -2.16363358,
         -6.09218121, -7.58608437,  1.49231267, -1.73242354, -5.33050346]],
       device='cuda:0')
Split layers:
Nonlinear functions:
   BoundRelu(name=/15, inputs=[/input], perturbed=True)
   BoundRelu(name=/17, inputs=[/input-3], perturbed=True)
build batch [1/1]
layer /15 using sparse-features alpha with shape [100]; unstable size 100; total size 256 ([1, 256])
layer /15 start_node /input-3 using sparse-spec alpha [2, 48, 1, 100] with unstable size 47 total_size 128 output_shape torch.Size([128])
layer /15 start_node /18 using full alpha [2, 9, 1, 100] with unstable size None total_size 9 output_shape 9
layer /17 using sparse-features alpha with shape [47]; unstable size 47; total size 128 ([1, 128])
layer /17 start_node /18 using full alpha [2, 9, 1, 47] with unstable size None total_size 9 output_shape 9
Optimizable variables initialized.
initial CROWN bounds (first 10 items): [10.449616432189941, 6.118770599365234, 6.945533275604248, 5.957292556762695, 9.008586883544922, 11.521533966064453, 2.4676413536071777, 5.482067108154297, 8.036270141601562]
Verified with initial CROWN!
verified with init bound!
Result: safe-incomplete in 0.1075 seconds

 %%%%%%%%%%%%%%%%%%%%%%%%%%%%%%%%%%% idx: 6, vnnlib ID: 6 %%%%%%%%%%%%%%%%%%%%%%%%%%%%%%%%%%%
Finished vnnlib processing in 0.002814 seconds
Model: BoundedModule(
  (/0): BoundInput(name=/0, inputs=[], perturbed=True)
  (/7): BoundParams(name=/7, inputs=[], perturbed=False)
  (/8): BoundParams(name=/8, inputs=[], perturbed=False)
  (/9): BoundParams(name=/9, inputs=[], perturbed=False)
  (/10): BoundParams(name=/10, inputs=[], perturbed=False)
  (/11): BoundParams(name=/11, inputs=[], perturbed=False)
  (/12): BoundParams(name=/12, inputs=[], perturbed=False)
  (/13): BoundFlatten(name=/13, inputs=[/0], perturbed=True)
  (/input): BoundLinear(name=/input, inputs=[/13, /7, /8], perturbed=True)
  (/15): BoundRelu(name=/15, inputs=[/input], perturbed=True)
  (/input-3): BoundLinear(name=/input-3, inputs=[/15, /9, /10], perturbed=True)
  (/17): BoundRelu(name=/17, inputs=[/input-3], perturbed=True)
  (/18): BoundLinear(name=/18, inputs=[/17, /11, /12], perturbed=True)
)
Original output in the first batch: tensor([[-8.88025761, -3.29025817, -5.39278126, -6.91689777,  9.62960052,
         -0.92988342, -6.37919044, -2.83669853,  2.08470273, -0.68976986]],
       device='cuda:0')
Split layers:
Nonlinear functions:
   BoundRelu(name=/15, inputs=[/input], perturbed=True)
   BoundRelu(name=/17, inputs=[/input-3], perturbed=True)
build batch [1/1]
layer /15 using sparse-features alpha with shape [73]; unstable size 73; total size 256 ([1, 256])
layer /15 start_node /input-3 using sparse-spec alpha [2, 35, 1, 73] with unstable size 34 total_size 128 output_shape torch.Size([128])
layer /15 start_node /18 using full alpha [2, 9, 1, 73] with unstable size None total_size 9 output_shape 9
layer /17 using sparse-features alpha with shape [34]; unstable size 34; total size 128 ([1, 128])
layer /17 start_node /18 using full alpha [2, 9, 1, 34] with unstable size None total_size 9 output_shape 9
Optimizable variables initialized.
initial CROWN bounds (first 10 items): [12.506319046020508, 7.708102226257324, 8.631701469421387, 9.91549015045166, 3.518000602722168, 9.134103775024414, 7.263368606567383, 0.95965576171875, 5.28586483001709]
Verified with initial CROWN!
verified with init bound!
Result: safe-incomplete in 0.1061 seconds

 %%%%%%%%%%%%%%%%%%%%%%%%%%%%%%%%%%% idx: 7, vnnlib ID: 7 %%%%%%%%%%%%%%%%%%%%%%%%%%%%%%%%%%%
Finished vnnlib processing in 0.002463 seconds
Model: BoundedModule(
  (/0): BoundInput(name=/0, inputs=[], perturbed=True)
  (/7): BoundParams(name=/7, inputs=[], perturbed=False)
  (/8): BoundParams(name=/8, inputs=[], perturbed=False)
  (/9): BoundParams(name=/9, inputs=[], perturbed=False)
  (/10): BoundParams(name=/10, inputs=[], perturbed=False)
  (/11): BoundParams(name=/11, inputs=[], perturbed=False)
  (/12): BoundParams(name=/12, inputs=[], perturbed=False)
  (/13): BoundFlatten(name=/13, inputs=[/0], perturbed=True)
  (/input): BoundLinear(name=/input, inputs=[/13, /7, /8], perturbed=True)
  (/15): BoundRelu(name=/15, inputs=[/input], perturbed=True)
  (/input-3): BoundLinear(name=/input-3, inputs=[/15, /9, /10], perturbed=True)
  (/17): BoundRelu(name=/17, inputs=[/input-3], perturbed=True)
  (/18): BoundLinear(name=/18, inputs=[/17, /11, /12], perturbed=True)
)
Original output in the first batch: tensor([[ -6.19177008,  -3.83292866,  -3.04061031,   1.12563634,   0.34979731,
          -2.21538663, -12.55949306,  -1.55990553,  -4.21689558,   7.29425573]],
       device='cuda:0')
Split layers:
Nonlinear functions:
   BoundRelu(name=/15, inputs=[/input], perturbed=True)
   BoundRelu(name=/17, inputs=[/input-3], perturbed=True)
build batch [1/1]
layer /15 using sparse-features alpha with shape [57]; unstable size 57; total size 256 ([1, 256])
layer /15 start_node /input-3 using sparse-spec alpha [2, 43, 1, 57] with unstable size 42 total_size 128 output_shape torch.Size([128])
layer /15 start_node /18 using full alpha [2, 9, 1, 57] with unstable size None total_size 9 output_shape 9
layer /17 using sparse-features alpha with shape [42]; unstable size 42; total size 128 ([1, 128])
layer /17 start_node /18 using full alpha [2, 9, 1, 42] with unstable size None total_size 9 output_shape 9
Optimizable variables initialized.
initial CROWN bounds (first 10 items): [9.466629028320312, 6.48322868347168, 4.95106315612793, 1.8048126697540283, 2.237823486328125, 4.358402252197266, 13.88158893585205, 3.914039134979248, 6.97654914855957]
Verified with initial CROWN!
verified with init bound!
Result: safe-incomplete in 0.1016 seconds

 %%%%%%%%%%%%%%%%%%%%%%%%%%%%%%%%%%% idx: 8, vnnlib ID: 8 %%%%%%%%%%%%%%%%%%%%%%%%%%%%%%%%%%%
Finished vnnlib processing in 0.002548 seconds
Model: BoundedModule(
  (/0): BoundInput(name=/0, inputs=[], perturbed=True)
  (/7): BoundParams(name=/7, inputs=[], perturbed=False)
  (/8): BoundParams(name=/8, inputs=[], perturbed=False)
  (/9): BoundParams(name=/9, inputs=[], perturbed=False)
  (/10): BoundParams(name=/10, inputs=[], perturbed=False)
  (/11): BoundParams(name=/11, inputs=[], perturbed=False)
  (/12): BoundParams(name=/12, inputs=[], perturbed=False)
  (/13): BoundFlatten(name=/13, inputs=[/0], perturbed=True)
  (/input): BoundLinear(name=/input, inputs=[/13, /7, /8], perturbed=True)
  (/15): BoundRelu(name=/15, inputs=[/input], perturbed=True)
  (/input-3): BoundLinear(name=/input-3, inputs=[/15, /9, /10], perturbed=True)
  (/17): BoundRelu(name=/17, inputs=[/input-3], perturbed=True)
  (/18): BoundLinear(name=/18, inputs=[/17, /11, /12], perturbed=True)
)
Original output in the first batch: tensor([[-6.86333704, -5.68981791, -1.06997514, -6.18614054, -0.98606533,
          7.34153938,  0.84798861, -8.74832344,  1.16557753, -0.87567717]],
       device='cuda:0')
Split layers:
Nonlinear functions:
   BoundRelu(name=/15, inputs=[/input], perturbed=True)
   BoundRelu(name=/17, inputs=[/input-3], perturbed=True)
build batch [1/1]
layer /15 using sparse-features alpha with shape [55]; unstable size 55; total size 256 ([1, 256])
layer /15 start_node /input-3 using sparse-spec alpha [2, 23, 1, 55] with unstable size 22 total_size 128 output_shape torch.Size([128])
layer /15 start_node /18 using full alpha [2, 9, 1, 55] with unstable size None total_size 9 output_shape 9
layer /17 using sparse-features alpha with shape [22]; unstable size 22; total size 128 ([1, 128])
layer /17 start_node /18 using full alpha [2, 9, 1, 22] with unstable size None total_size 9 output_shape 9
Optimizable variables initialized.
initial CROWN bounds (first 10 items): [10.361597061157227, 10.49807357788086, 4.796023845672607, 10.561797142028809, 3.840453624725342, 3.612912893295288, 12.331808090209961, 3.3619544506073, 4.825321197509766]
Verified with initial CROWN!
verified with init bound!
Result: safe-incomplete in 0.1059 seconds

 %%%%%%%%%%%%%%%%%%%%%%%%%%%%%%%%%%% idx: 9, vnnlib ID: 9 %%%%%%%%%%%%%%%%%%%%%%%%%%%%%%%%%%%
Finished vnnlib processing in 0.002684 seconds
Model: BoundedModule(
  (/0): BoundInput(name=/0, inputs=[], perturbed=True)
  (/7): BoundParams(name=/7, inputs=[], perturbed=False)
  (/8): BoundParams(name=/8, inputs=[], perturbed=False)
  (/9): BoundParams(name=/9, inputs=[], perturbed=False)
  (/10): BoundParams(name=/10, inputs=[], perturbed=False)
  (/11): BoundParams(name=/11, inputs=[], perturbed=False)
  (/12): BoundParams(name=/12, inputs=[], perturbed=False)
  (/13): BoundFlatten(name=/13, inputs=[/0], perturbed=True)
  (/input): BoundLinear(name=/input, inputs=[/13, /7, /8], perturbed=True)
  (/15): BoundRelu(name=/15, inputs=[/input], perturbed=True)
  (/input-3): BoundLinear(name=/input-3, inputs=[/15, /9, /10], perturbed=True)
  (/17): BoundRelu(name=/17, inputs=[/input-3], perturbed=True)
  (/18): BoundLinear(name=/18, inputs=[/17, /11, /12], perturbed=True)
)
Original output in the first batch: tensor([[ -7.29947329,  -7.16465998,  -8.15614033,  -3.88448310,   4.64571571,
          -5.82837772, -17.30972290,   0.72905773,  -0.12945113,   8.83941555]],
       device='cuda:0')
Split layers:
Nonlinear functions:
   BoundRelu(name=/15, inputs=[/input], perturbed=True)
   BoundRelu(name=/17, inputs=[/input-3], perturbed=True)
build batch [1/1]
layer /15 using sparse-features alpha with shape [58]; unstable size 58; total size 256 ([1, 256])
layer /15 start_node /input-3 using sparse-spec alpha [2, 29, 1, 58] with unstable size 28 total_size 128 output_shape torch.Size([128])
layer /15 start_node /18 using full alpha [2, 9, 1, 58] with unstable size None total_size 9 output_shape 9
layer /17 using sparse-features alpha with shape [28]; unstable size 28; total size 128 ([1, 128])
layer /17 start_node /18 using full alpha [2, 9, 1, 28] with unstable size None total_size 9 output_shape 9
Optimizable variables initialized.
initial CROWN bounds (first 10 items): [11.300629615783691, 11.858405113220215, 11.8026704788208, 8.847291946411133, -0.06775844097137451, 10.071696281433105, 19.63085174560547, 3.8170483112335205, 4.263660430908203]
prune_after_crown optimization in use
  original spec size = torch.Size([1, 9])
  pruned spec size = torch.Size([1, 1])
Using alpha-CROWN to initialize bounds.

all verified at 5th iter
best_l after optimization: 0.0074874162673950195
alpha/beta optimization time: 1.6236329078674316
initial alpha-crown bounds (first 10 items): [0.0074874162673950195]
Global lower bound: 0.0074874162673950195
torch.Size([1, 1])
verified with init bound!
Result: safe-incomplete in 1.7357 seconds

 %%%%%%%%%%%%%%%%%%%%%%%%%%%%%%%%%%% idx: 10, vnnlib ID: 10 %%%%%%%%%%%%%%%%%%%%%%%%%%%%%%%%%%%
Finished vnnlib processing in 0.003266 seconds
Model: BoundedModule(
  (/0): BoundInput(name=/0, inputs=[], perturbed=True)
  (/7): BoundParams(name=/7, inputs=[], perturbed=False)
  (/8): BoundParams(name=/8, inputs=[], perturbed=False)
  (/9): BoundParams(name=/9, inputs=[], perturbed=False)
  (/10): BoundParams(name=/10, inputs=[], perturbed=False)
  (/11): BoundParams(name=/11, inputs=[], perturbed=False)
  (/12): BoundParams(name=/12, inputs=[], perturbed=False)
  (/13): BoundFlatten(name=/13, inputs=[/0], perturbed=True)
  (/input): BoundLinear(name=/input, inputs=[/13, /7, /8], perturbed=True)
  (/15): BoundRelu(name=/15, inputs=[/input], perturbed=True)
  (/input-3): BoundLinear(name=/input-3, inputs=[/15, /9, /10], perturbed=True)
  (/17): BoundRelu(name=/17, inputs=[/input-3], perturbed=True)
  (/18): BoundLinear(name=/18, inputs=[/17, /11, /12], perturbed=True)
)
Original output in the first batch: tensor([[13.56894588, -6.96429920, -0.49327379, -8.52431488, -6.71275902,
         -3.99801993, -2.91418481, -3.16157508, -4.80096483,  0.74560696]],
       device='cuda:0')
Split layers:
Nonlinear functions:
   BoundRelu(name=/15, inputs=[/input], perturbed=True)
   BoundRelu(name=/17, inputs=[/input-3], perturbed=True)
build batch [1/1]
layer /15 using sparse-features alpha with shape [66]; unstable size 66; total size 256 ([1, 256])
layer /15 start_node /input-3 using sparse-spec alpha [2, 27, 1, 66] with unstable size 26 total_size 128 output_shape torch.Size([128])
layer /15 start_node /18 using full alpha [2, 9, 1, 66] with unstable size None total_size 9 output_shape 9
layer /17 using sparse-features alpha with shape [26]; unstable size 26; total size 128 ([1, 128])
layer /17 start_node /18 using full alpha [2, 9, 1, 26] with unstable size None total_size 9 output_shape 9
Optimizable variables initialized.
initial CROWN bounds (first 10 items): [17.651113510131836, 11.119263648986816, 19.045005798339844, 17.00088119506836, 13.744484901428223, 13.911548614501953, 13.405686378479004, 15.571161270141602, 9.955382347106934]
Verified with initial CROWN!
verified with init bound!
Result: safe-incomplete in 0.0979 seconds

 %%%%%%%%%%%%%%%%%%%%%%%%%%%%%%%%%%% idx: 11, vnnlib ID: 11 %%%%%%%%%%%%%%%%%%%%%%%%%%%%%%%%%%%
Finished vnnlib processing in 0.002534 seconds
Model: BoundedModule(
  (/0): BoundInput(name=/0, inputs=[], perturbed=True)
  (/7): BoundParams(name=/7, inputs=[], perturbed=False)
  (/8): BoundParams(name=/8, inputs=[], perturbed=False)
  (/9): BoundParams(name=/9, inputs=[], perturbed=False)
  (/10): BoundParams(name=/10, inputs=[], perturbed=False)
  (/11): BoundParams(name=/11, inputs=[], perturbed=False)
  (/12): BoundParams(name=/12, inputs=[], perturbed=False)
  (/13): BoundFlatten(name=/13, inputs=[/0], perturbed=True)
  (/input): BoundLinear(name=/input, inputs=[/13, /7, /8], perturbed=True)
  (/15): BoundRelu(name=/15, inputs=[/input], perturbed=True)
  (/input-3): BoundLinear(name=/input-3, inputs=[/15, /9, /10], perturbed=True)
  (/17): BoundRelu(name=/17, inputs=[/input-3], perturbed=True)
  (/18): BoundLinear(name=/18, inputs=[/17, /11, /12], perturbed=True)
)
Original output in the first batch: tensor([[ 0.94932228, -4.09202194, -4.46402407, -6.40977097,  0.53968304,
         -0.27642229,  7.57092762, -5.77445173,  0.24074188, -7.85095453]],
       device='cuda:0')
Split layers:
Nonlinear functions:
   BoundRelu(name=/15, inputs=[/input], perturbed=True)
   BoundRelu(name=/17, inputs=[/input-3], perturbed=True)
build batch [1/1]
layer /15 using sparse-features alpha with shape [67]; unstable size 67; total size 256 ([1, 256])
layer /15 start_node /input-3 using sparse-spec alpha [2, 36, 1, 67] with unstable size 35 total_size 128 output_shape torch.Size([128])
layer /15 start_node /18 using full alpha [2, 9, 1, 67] with unstable size None total_size 9 output_shape 9
layer /17 using sparse-features alpha with shape [35]; unstable size 35; total size 128 ([1, 128])
layer /17 start_node /18 using full alpha [2, 9, 1, 35] with unstable size None total_size 9 output_shape 9
Optimizable variables initialized.
initial CROWN bounds (first 10 items): [3.236483097076416, 8.776214599609375, 8.049164772033691, 9.549894332885742, 3.2907938957214355, 4.205393314361572, 9.725764274597168, 3.4536619186401367, 10.1928071975708]
Verified with initial CROWN!
verified with init bound!
Result: safe-incomplete in 0.1026 seconds

 %%%%%%%%%%%%%%%%%%%%%%%%%%%%%%%%%%% idx: 12, vnnlib ID: 12 %%%%%%%%%%%%%%%%%%%%%%%%%%%%%%%%%%%
Finished vnnlib processing in 0.002472 seconds
Model: BoundedModule(
  (/0): BoundInput(name=/0, inputs=[], perturbed=True)
  (/7): BoundParams(name=/7, inputs=[], perturbed=False)
  (/8): BoundParams(name=/8, inputs=[], perturbed=False)
  (/9): BoundParams(name=/9, inputs=[], perturbed=False)
  (/10): BoundParams(name=/10, inputs=[], perturbed=False)
  (/11): BoundParams(name=/11, inputs=[], perturbed=False)
  (/12): BoundParams(name=/12, inputs=[], perturbed=False)
  (/13): BoundFlatten(name=/13, inputs=[/0], perturbed=True)
  (/input): BoundLinear(name=/input, inputs=[/13, /7, /8], perturbed=True)
  (/15): BoundRelu(name=/15, inputs=[/input], perturbed=True)
  (/input-3): BoundLinear(name=/input-3, inputs=[/15, /9, /10], perturbed=True)
  (/17): BoundRelu(name=/17, inputs=[/input-3], perturbed=True)
  (/18): BoundLinear(name=/18, inputs=[/17, /11, /12], perturbed=True)
)
Original output in the first batch: tensor([[ -6.53583860,  -6.78608179,  -4.99435186,  -1.82850957,   0.98316902,
          -2.21859956, -14.19400311,  -2.87500167,  -1.82900822,  10.17238903]],
       device='cuda:0')
Split layers:
Nonlinear functions:
   BoundRelu(name=/15, inputs=[/input], perturbed=True)
   BoundRelu(name=/17, inputs=[/input-3], perturbed=True)
build batch [1/1]
layer /15 using sparse-features alpha with shape [79]; unstable size 79; total size 256 ([1, 256])
layer /15 start_node /input-3 using sparse-spec alpha [2, 36, 1, 79] with unstable size 35 total_size 128 output_shape torch.Size([128])
layer /15 start_node /18 using full alpha [2, 9, 1, 79] with unstable size None total_size 9 output_shape 9
layer /17 using sparse-features alpha with shape [35]; unstable size 35; total size 128 ([1, 128])
layer /17 start_node /18 using full alpha [2, 9, 1, 35] with unstable size None total_size 9 output_shape 9
Optimizable variables initialized.
initial CROWN bounds (first 10 items): [11.08813190460205, 11.108621597290039, 8.527266502380371, 6.068670749664307, 2.980785846710205, 5.527410984039307, 16.575483322143555, 6.503556728363037, 6.201844692230225]
Verified with initial CROWN!
verified with init bound!
Result: safe-incomplete in 0.1049 seconds

 %%%%%%%%%%%%%%%%%%%%%%%%%%%%%%%%%%% idx: 13, vnnlib ID: 13 %%%%%%%%%%%%%%%%%%%%%%%%%%%%%%%%%%%
Finished vnnlib processing in 0.002636 seconds
Model: BoundedModule(
  (/0): BoundInput(name=/0, inputs=[], perturbed=True)
  (/7): BoundParams(name=/7, inputs=[], perturbed=False)
  (/8): BoundParams(name=/8, inputs=[], perturbed=False)
  (/9): BoundParams(name=/9, inputs=[], perturbed=False)
  (/10): BoundParams(name=/10, inputs=[], perturbed=False)
  (/11): BoundParams(name=/11, inputs=[], perturbed=False)
  (/12): BoundParams(name=/12, inputs=[], perturbed=False)
  (/13): BoundFlatten(name=/13, inputs=[/0], perturbed=True)
  (/input): BoundLinear(name=/input, inputs=[/13, /7, /8], perturbed=True)
  (/15): BoundRelu(name=/15, inputs=[/input], perturbed=True)
  (/input-3): BoundLinear(name=/input-3, inputs=[/15, /9, /10], perturbed=True)
  (/17): BoundRelu(name=/17, inputs=[/input-3], perturbed=True)
  (/18): BoundLinear(name=/18, inputs=[/17, /11, /12], perturbed=True)
)
Original output in the first batch: tensor([[12.68256760, -9.88490868, -3.31674695, -7.72926331, -7.19069004,
         -4.81001377, -3.62958455, -0.77071166, -2.92068648,  1.44024658]],
       device='cuda:0')
Split layers:
Nonlinear functions:
   BoundRelu(name=/15, inputs=[/input], perturbed=True)
   BoundRelu(name=/17, inputs=[/input-3], perturbed=True)
build batch [1/1]
layer /15 using sparse-features alpha with shape [58]; unstable size 58; total size 256 ([1, 256])
layer /15 start_node /input-3 using sparse-spec alpha [2, 29, 1, 58] with unstable size 28 total_size 128 output_shape torch.Size([128])
layer /15 start_node /18 using full alpha [2, 9, 1, 58] with unstable size None total_size 9 output_shape 9
layer /17 using sparse-features alpha with shape [28]; unstable size 28; total size 128 ([1, 128])
layer /17 start_node /18 using full alpha [2, 9, 1, 28] with unstable size None total_size 9 output_shape 9
Optimizable variables initialized.
initial CROWN bounds (first 10 items): [19.728086471557617, 13.168974876403809, 17.037748336791992, 15.731806755065918, 14.073640823364258, 13.743182182312012, 9.400115966796875, 12.751415252685547, 8.308566093444824]
Verified with initial CROWN!
verified with init bound!
Result: safe-incomplete in 0.0987 seconds

 %%%%%%%%%%%%%%%%%%%%%%%%%%%%%%%%%%% idx: 14, vnnlib ID: 14 %%%%%%%%%%%%%%%%%%%%%%%%%%%%%%%%%%%
Finished vnnlib processing in 0.002975 seconds
Model: BoundedModule(
  (/0): BoundInput(name=/0, inputs=[], perturbed=True)
  (/7): BoundParams(name=/7, inputs=[], perturbed=False)
  (/8): BoundParams(name=/8, inputs=[], perturbed=False)
  (/9): BoundParams(name=/9, inputs=[], perturbed=False)
  (/10): BoundParams(name=/10, inputs=[], perturbed=False)
  (/11): BoundParams(name=/11, inputs=[], perturbed=False)
  (/12): BoundParams(name=/12, inputs=[], perturbed=False)
  (/13): BoundFlatten(name=/13, inputs=[/0], perturbed=True)
  (/input): BoundLinear(name=/input, inputs=[/13, /7, /8], perturbed=True)
  (/15): BoundRelu(name=/15, inputs=[/input], perturbed=True)
  (/input-3): BoundLinear(name=/input-3, inputs=[/15, /9, /10], perturbed=True)
  (/17): BoundRelu(name=/17, inputs=[/input-3], perturbed=True)
  (/18): BoundLinear(name=/18, inputs=[/17, /11, /12], perturbed=True)
)
Original output in the first batch: tensor([[-9.13355732,  9.42905235, -3.71420646,  0.10478143, -4.09947491,
         -6.33588219, -8.53960323, -1.19919193, -0.88554746, -3.54264092]],
       device='cuda:0')
Split layers:
Nonlinear functions:
   BoundRelu(name=/15, inputs=[/input], perturbed=True)
   BoundRelu(name=/17, inputs=[/input-3], perturbed=True)
build batch [1/1]
layer /15 using sparse-features alpha with shape [67]; unstable size 67; total size 256 ([1, 256])
layer /15 start_node /input-3 using sparse-spec alpha [2, 38, 1, 67] with unstable size 37 total_size 128 output_shape torch.Size([128])
layer /15 start_node /18 using full alpha [2, 9, 1, 67] with unstable size None total_size 9 output_shape 9
layer /17 using sparse-features alpha with shape [37]; unstable size 37; total size 128 ([1, 128])
layer /17 start_node /18 using full alpha [2, 9, 1, 37] with unstable size None total_size 9 output_shape 9
Optimizable variables initialized.
initial CROWN bounds (first 10 items): [13.9089937210083, 8.616610527038574, 3.7820072174072266, 9.481106758117676, 10.441315650939941, 13.754603385925293, 6.389130592346191, 5.716099739074707, 8.108576774597168]
Verified with initial CROWN!
verified with init bound!
Result: safe-incomplete in 0.1001 seconds

 %%%%%%%%%%%%%%%%%%%%%%%%%%%%%%%%%%% idx: 15, vnnlib ID: 15 %%%%%%%%%%%%%%%%%%%%%%%%%%%%%%%%%%%
Finished vnnlib processing in 0.002858 seconds
Model: BoundedModule(
  (/0): BoundInput(name=/0, inputs=[], perturbed=True)
  (/7): BoundParams(name=/7, inputs=[], perturbed=False)
  (/8): BoundParams(name=/8, inputs=[], perturbed=False)
  (/9): BoundParams(name=/9, inputs=[], perturbed=False)
  (/10): BoundParams(name=/10, inputs=[], perturbed=False)
  (/11): BoundParams(name=/11, inputs=[], perturbed=False)
  (/12): BoundParams(name=/12, inputs=[], perturbed=False)
  (/13): BoundFlatten(name=/13, inputs=[/0], perturbed=True)
  (/input): BoundLinear(name=/input, inputs=[/13, /7, /8], perturbed=True)
  (/15): BoundRelu(name=/15, inputs=[/input], perturbed=True)
  (/input-3): BoundLinear(name=/input-3, inputs=[/15, /9, /10], perturbed=True)
  (/17): BoundRelu(name=/17, inputs=[/input-3], perturbed=True)
  (/18): BoundLinear(name=/18, inputs=[/17, /11, /12], perturbed=True)
)
Original output in the first batch: tensor([[-5.38369274, -2.49832773, -5.51177168,  3.79966950, -6.63188457,
          8.82582378, -4.61319590, -7.31423759,  0.87682801, -1.08870256]],
       device='cuda:0')
Split layers:
Nonlinear functions:
   BoundRelu(name=/15, inputs=[/input], perturbed=True)
   BoundRelu(name=/17, inputs=[/input-3], perturbed=True)
build batch [1/1]
layer /15 using sparse-features alpha with shape [60]; unstable size 60; total size 256 ([1, 256])
layer /15 start_node /input-3 using sparse-spec alpha [2, 48, 1, 60] with unstable size 47 total_size 128 output_shape torch.Size([128])
layer /15 start_node /18 using full alpha [2, 9, 1, 60] with unstable size None total_size 9 output_shape 9
layer /17 using sparse-features alpha with shape [47]; unstable size 47; total size 128 ([1, 128])
layer /17 start_node /18 using full alpha [2, 9, 1, 47] with unstable size None total_size 9 output_shape 9
Optimizable variables initialized.
initial CROWN bounds (first 10 items): [9.346075057983398, 7.404481887817383, 9.151981353759766, 0.6750444173812866, 11.112039566040039, 9.767895698547363, 10.87165641784668, 3.882124423980713, 5.790475845336914]
Verified with initial CROWN!
verified with init bound!
Result: safe-incomplete in 0.1051 seconds

 %%%%%%%%%%%%%%%%%%%%%%%%%%%%%%%%%%% idx: 16, vnnlib ID: 16 %%%%%%%%%%%%%%%%%%%%%%%%%%%%%%%%%%%
Finished vnnlib processing in 0.002356 seconds
Model: BoundedModule(
  (/0): BoundInput(name=/0, inputs=[], perturbed=True)
  (/7): BoundParams(name=/7, inputs=[], perturbed=False)
  (/8): BoundParams(name=/8, inputs=[], perturbed=False)
  (/9): BoundParams(name=/9, inputs=[], perturbed=False)
  (/10): BoundParams(name=/10, inputs=[], perturbed=False)
  (/11): BoundParams(name=/11, inputs=[], perturbed=False)
  (/12): BoundParams(name=/12, inputs=[], perturbed=False)
  (/13): BoundFlatten(name=/13, inputs=[/0], perturbed=True)
  (/input): BoundLinear(name=/input, inputs=[/13, /7, /8], perturbed=True)
  (/15): BoundRelu(name=/15, inputs=[/input], perturbed=True)
  (/input-3): BoundLinear(name=/input-3, inputs=[/15, /9, /10], perturbed=True)
  (/17): BoundRelu(name=/17, inputs=[/input-3], perturbed=True)
  (/18): BoundLinear(name=/18, inputs=[/17, /11, /12], perturbed=True)
)
Original output in the first batch: tensor([[ -2.16950560,  -8.49118614,  -3.96257043,  -5.81988382,   2.22573471,
          -6.32220554, -10.47399235,  -0.03988825,  -1.48006809,   9.38334942]],
       device='cuda:0')
Split layers:
Nonlinear functions:
   BoundRelu(name=/15, inputs=[/input], perturbed=True)
   BoundRelu(name=/17, inputs=[/input-3], perturbed=True)
build batch [1/1]
layer /15 using sparse-features alpha with shape [63]; unstable size 63; total size 256 ([1, 256])
layer /15 start_node /input-3 using sparse-spec alpha [2, 36, 1, 63] with unstable size 35 total_size 128 output_shape torch.Size([128])
layer /15 start_node /18 using full alpha [2, 9, 1, 63] with unstable size None total_size 9 output_shape 9
layer /17 using sparse-features alpha with shape [35]; unstable size 35; total size 128 ([1, 128])
layer /17 start_node /18 using full alpha [2, 9, 1, 35] with unstable size None total_size 9 output_shape 9
Optimizable variables initialized.
initial CROWN bounds (first 10 items): [7.234750747680664, 13.318968772888184, 8.27714729309082, 10.891229629516602, 1.8352820873260498, 10.316842079162598, 13.663978576660156, 4.566202640533447, 5.973843574523926]
Verified with initial CROWN!
verified with init bound!
Result: safe-incomplete in 0.0981 seconds

 %%%%%%%%%%%%%%%%%%%%%%%%%%%%%%%%%%% idx: 17, vnnlib ID: 17 %%%%%%%%%%%%%%%%%%%%%%%%%%%%%%%%%%%
Finished vnnlib processing in 0.002458 seconds
Model: BoundedModule(
  (/0): BoundInput(name=/0, inputs=[], perturbed=True)
  (/7): BoundParams(name=/7, inputs=[], perturbed=False)
  (/8): BoundParams(name=/8, inputs=[], perturbed=False)
  (/9): BoundParams(name=/9, inputs=[], perturbed=False)
  (/10): BoundParams(name=/10, inputs=[], perturbed=False)
  (/11): BoundParams(name=/11, inputs=[], perturbed=False)
  (/12): BoundParams(name=/12, inputs=[], perturbed=False)
  (/13): BoundFlatten(name=/13, inputs=[/0], perturbed=True)
  (/input): BoundLinear(name=/input, inputs=[/13, /7, /8], perturbed=True)
  (/15): BoundRelu(name=/15, inputs=[/input], perturbed=True)
  (/input-3): BoundLinear(name=/input-3, inputs=[/15, /9, /10], perturbed=True)
  (/17): BoundRelu(name=/17, inputs=[/input-3], perturbed=True)
  (/18): BoundLinear(name=/18, inputs=[/17, /11, /12], perturbed=True)
)
Original output in the first batch: tensor([[ -0.14350443,  -5.15937233,   4.16741085,   1.77934098,  -9.27107143,
          -3.20657992, -16.05473518,  11.72165298,  -4.95681000,  -1.05139792]],
       device='cuda:0')
Split layers:
Nonlinear functions:
   BoundRelu(name=/15, inputs=[/input], perturbed=True)
   BoundRelu(name=/17, inputs=[/input-3], perturbed=True)
build batch [1/1]
layer /15 using sparse-features alpha with shape [70]; unstable size 70; total size 256 ([1, 256])
layer /15 start_node /input-3 using sparse-spec alpha [2, 34, 1, 70] with unstable size 33 total_size 128 output_shape torch.Size([128])
layer /15 start_node /18 using full alpha [2, 9, 1, 70] with unstable size None total_size 9 output_shape 9
layer /17 using sparse-features alpha with shape [33]; unstable size 33; total size 128 ([1, 128])
layer /17 start_node /18 using full alpha [2, 9, 1, 33] with unstable size None total_size 9 output_shape 9
Optimizable variables initialized.
initial CROWN bounds (first 10 items): [6.654033184051514, 13.209522247314453, 3.305208683013916, 5.73157262802124, 16.997974395751953, 9.5148286819458, 21.48066520690918, 11.661630630493164, 8.369522094726562]
Verified with initial CROWN!
verified with init bound!
Result: safe-incomplete in 0.0987 seconds

 %%%%%%%%%%%%%%%%%%%%%%%%%%%%%%%%%%% idx: 18, vnnlib ID: 18 %%%%%%%%%%%%%%%%%%%%%%%%%%%%%%%%%%%
Finished vnnlib processing in 0.002518 seconds
Model: BoundedModule(
  (/0): BoundInput(name=/0, inputs=[], perturbed=True)
  (/7): BoundParams(name=/7, inputs=[], perturbed=False)
  (/8): BoundParams(name=/8, inputs=[], perturbed=False)
  (/9): BoundParams(name=/9, inputs=[], perturbed=False)
  (/10): BoundParams(name=/10, inputs=[], perturbed=False)
  (/11): BoundParams(name=/11, inputs=[], perturbed=False)
  (/12): BoundParams(name=/12, inputs=[], perturbed=False)
  (/13): BoundFlatten(name=/13, inputs=[/0], perturbed=True)
  (/input): BoundLinear(name=/input, inputs=[/13, /7, /8], perturbed=True)
  (/15): BoundRelu(name=/15, inputs=[/input], perturbed=True)
  (/input-3): BoundLinear(name=/input-3, inputs=[/15, /9, /10], perturbed=True)
  (/17): BoundRelu(name=/17, inputs=[/input-3], perturbed=True)
  (/18): BoundLinear(name=/18, inputs=[/17, /11, /12], perturbed=True)
)
Original output in the first batch: tensor([[-5.40333605, -2.91849566, -2.94710851,  6.61896992, -2.15650940,
         -0.42905152, -5.97175503, -3.36130548,  3.28629589, -2.79409432]],
       device='cuda:0')
Split layers:
Nonlinear functions:
   BoundRelu(name=/15, inputs=[/input], perturbed=True)
   BoundRelu(name=/17, inputs=[/input-3], perturbed=True)
build batch [1/1]
layer /15 using sparse-features alpha with shape [61]; unstable size 61; total size 256 ([1, 256])
layer /15 start_node /input-3 using sparse-spec alpha [2, 51, 1, 61] with unstable size 50 total_size 128 output_shape torch.Size([128])
layer /15 start_node /18 using full alpha [2, 9, 1, 61] with unstable size None total_size 9 output_shape 9
layer /17 using sparse-features alpha with shape [50]; unstable size 50; total size 128 ([1, 128])
layer /17 start_node /18 using full alpha [2, 9, 1, 50] with unstable size None total_size 9 output_shape 9
Optimizable variables initialized.
initial CROWN bounds (first 10 items): [8.088994026184082, 6.233526229858398, 6.012758255004883, 4.402141571044922, 3.7909536361694336, 7.936594009399414, 6.069646835327148, 0.4121112823486328, 5.749563694000244]
Verified with initial CROWN!
verified with init bound!
Result: safe-incomplete in 0.1004 seconds

 %%%%%%%%%%%%%%%%%%%%%%%%%%%%%%%%%%% idx: 19, vnnlib ID: 19 %%%%%%%%%%%%%%%%%%%%%%%%%%%%%%%%%%%
Finished vnnlib processing in 0.002517 seconds
Model: BoundedModule(
  (/0): BoundInput(name=/0, inputs=[], perturbed=True)
  (/7): BoundParams(name=/7, inputs=[], perturbed=False)
  (/8): BoundParams(name=/8, inputs=[], perturbed=False)
  (/9): BoundParams(name=/9, inputs=[], perturbed=False)
  (/10): BoundParams(name=/10, inputs=[], perturbed=False)
  (/11): BoundParams(name=/11, inputs=[], perturbed=False)
  (/12): BoundParams(name=/12, inputs=[], perturbed=False)
  (/13): BoundFlatten(name=/13, inputs=[/0], perturbed=True)
  (/input): BoundLinear(name=/input, inputs=[/13, /7, /8], perturbed=True)
  (/15): BoundRelu(name=/15, inputs=[/input], perturbed=True)
  (/input-3): BoundLinear(name=/input-3, inputs=[/15, /9, /10], perturbed=True)
  (/17): BoundRelu(name=/17, inputs=[/input-3], perturbed=True)
  (/18): BoundLinear(name=/18, inputs=[/17, /11, /12], perturbed=True)
)
Original output in the first batch: tensor([[-7.11182642, -2.17338896, -4.24211693, -7.20823383, 12.28864384,
         -3.50522733, -7.20139694, -1.04720449, -5.58284092,  0.68719131]],
       device='cuda:0')
Split layers:
Nonlinear functions:
   BoundRelu(name=/15, inputs=[/input], perturbed=True)
   BoundRelu(name=/17, inputs=[/input-3], perturbed=True)
build batch [1/1]
layer /15 using sparse-features alpha with shape [106]; unstable size 106; total size 256 ([1, 256])
layer /15 start_node /input-3 using sparse-spec alpha [2, 54, 1, 106] with unstable size 53 total_size 128 output_shape torch.Size([128])
layer /15 start_node /18 using full alpha [2, 9, 1, 106] with unstable size None total_size 9 output_shape 9
layer /17 using sparse-features alpha with shape [53]; unstable size 53; total size 128 ([1, 128])
layer /17 start_node /18 using full alpha [2, 9, 1, 53] with unstable size None total_size 9 output_shape 9
Optimizable variables initialized.
initial CROWN bounds (first 10 items): [13.199061393737793, 9.722028732299805, 10.42487907409668, 13.22734546661377, 9.470579147338867, 13.220064163208008, 8.17010498046875, 12.100990295410156, 5.297341346740723]
Verified with initial CROWN!
verified with init bound!
Result: safe-incomplete in 0.0977 seconds

 %%%%%%%%%%%%%%%%%%%%%%%%%%%%%%%%%%% idx: 20, vnnlib ID: 20 %%%%%%%%%%%%%%%%%%%%%%%%%%%%%%%%%%%
Finished vnnlib processing in 0.002533 seconds
Model: BoundedModule(
  (/0): BoundInput(name=/0, inputs=[], perturbed=True)
  (/7): BoundParams(name=/7, inputs=[], perturbed=False)
  (/8): BoundParams(name=/8, inputs=[], perturbed=False)
  (/9): BoundParams(name=/9, inputs=[], perturbed=False)
  (/10): BoundParams(name=/10, inputs=[], perturbed=False)
  (/11): BoundParams(name=/11, inputs=[], perturbed=False)
  (/12): BoundParams(name=/12, inputs=[], perturbed=False)
  (/13): BoundFlatten(name=/13, inputs=[/0], perturbed=True)
  (/input): BoundLinear(name=/input, inputs=[/13, /7, /8], perturbed=True)
  (/15): BoundRelu(name=/15, inputs=[/input], perturbed=True)
  (/input-3): BoundLinear(name=/input-3, inputs=[/15, /9, /10], perturbed=True)
  (/17): BoundRelu(name=/17, inputs=[/input-3], perturbed=True)
  (/18): BoundLinear(name=/18, inputs=[/17, /11, /12], perturbed=True)
)
Original output in the first batch: tensor([[ -2.86076713,  -3.89926600,  -8.23204041,  -1.32466638,  -0.61619657,
          -2.17329931, -15.32732868,   0.63232368,  -2.31855869,   6.39830780]],
       device='cuda:0')
Split layers:
Nonlinear functions:
   BoundRelu(name=/15, inputs=[/input], perturbed=True)
   BoundRelu(name=/17, inputs=[/input-3], perturbed=True)
build batch [1/1]
layer /15 using sparse-features alpha with shape [80]; unstable size 80; total size 256 ([1, 256])
layer /15 start_node /input-3 using sparse-spec alpha [2, 26, 1, 80] with unstable size 25 total_size 128 output_shape torch.Size([128])
layer /15 start_node /18 using full alpha [2, 9, 1, 80] with unstable size None total_size 9 output_shape 9
layer /17 using sparse-features alpha with shape [25]; unstable size 25; total size 128 ([1, 128])
layer /17 start_node /18 using full alpha [2, 9, 1, 25] with unstable size None total_size 9 output_shape 9
Optimizable variables initialized.
initial CROWN bounds (first 10 items): [3.816297769546509, 5.721466064453125, 9.458002090454102, 2.7702393531799316, 2.3787217140197754, 2.73173189163208, 15.25421142578125, 0.43985462188720703, 3.7331643104553223]
Verified with initial CROWN!
verified with init bound!
Result: safe-incomplete in 0.1105 seconds

 %%%%%%%%%%%%%%%%%%%%%%%%%%%%%%%%%%% idx: 21, vnnlib ID: 21 %%%%%%%%%%%%%%%%%%%%%%%%%%%%%%%%%%%
Finished vnnlib processing in 0.002736 seconds
Model: /home/han/alpha-beta-CROWN/auto_LiRPA/auto_LiRPA/beta_crown.py:52: DeprecationWarning: __array__ implementation doesn't accept a copy keyword, so passing copy=False failed. __array__ must implement 'dtype' and 'copy' keyword arguments. To learn more, see the migration guide https://numpy.org/devdocs/numpy_2_0_migration_guide.html#adapting-to-changes-in-the-copy-keyword
  sign_numpy[bi, :split_len] = split_coeffs
BoundedModule(
  (/0): BoundInput(name=/0, inputs=[], perturbed=True)
  (/7): BoundParams(name=/7, inputs=[], perturbed=False)
  (/8): BoundParams(name=/8, inputs=[], perturbed=False)
  (/9): BoundParams(name=/9, inputs=[], perturbed=False)
  (/10): BoundParams(name=/10, inputs=[], perturbed=False)
  (/11): BoundParams(name=/11, inputs=[], perturbed=False)
  (/12): BoundParams(name=/12, inputs=[], perturbed=False)
  (/13): BoundFlatten(name=/13, inputs=[/0], perturbed=True)
  (/input): BoundLinear(name=/input, inputs=[/13, /7, /8], perturbed=True)
  (/15): BoundRelu(name=/15, inputs=[/input], perturbed=True)
  (/input-3): BoundLinear(name=/input-3, inputs=[/15, /9, /10], perturbed=True)
  (/17): BoundRelu(name=/17, inputs=[/input-3], perturbed=True)
  (/18): BoundLinear(name=/18, inputs=[/17, /11, /12], perturbed=True)
)
Original output in the first batch: tensor([[-1.26988685e+00, -3.87690496e+00, -4.64674711e+00, -4.73816156e+00,
         -1.55249286e+00,  3.26269603e+00,  7.02396250e+00, -8.31332397e+00,
         -3.74004059e-03, -5.05210686e+00]], device='cuda:0')
Split layers:
Nonlinear functions:
   BoundRelu(name=/15, inputs=[/input], perturbed=True)
   BoundRelu(name=/17, inputs=[/input-3], perturbed=True)
build batch [1/1]
layer /15 using sparse-features alpha with shape [89]; unstable size 89; total size 256 ([1, 256])
layer /15 start_node /input-3 using sparse-spec alpha [2, 35, 1, 89] with unstable size 34 total_size 128 output_shape torch.Size([128])
layer /15 start_node /18 using full alpha [2, 9, 1, 89] with unstable size None total_size 9 output_shape 9
layer /17 using sparse-features alpha with shape [34]; unstable size 34; total size 128 ([1, 128])
layer /17 start_node /18 using full alpha [2, 9, 1, 34] with unstable size None total_size 9 output_shape 9
Optimizable variables initialized.
initial CROWN bounds (first 10 items): [4.4690985679626465, 7.0250067710876465, 6.3437089920043945, 5.6961846351623535, 2.6487607955932617, -1.232194423675537, 9.327526092529297, 2.163300037384033, 5.931959629058838]
prune_after_crown optimization in use
  original spec size = torch.Size([1, 9])
  pruned spec size = torch.Size([1, 1])
Using alpha-CROWN to initialize bounds.
best_l after optimization: -1.190575122833252
alpha/beta optimization time: 1.5663831233978271
initial alpha-crown bounds (first 10 items): [-1.190575122833252]
Global lower bound: -1.190575122833252
torch.Size([1, 1])
8 / 9 OR specs are verified.
Verified OR indices (first 10 items): [0, 1, 2, 3, 4, 6, 7, 8]
Verified OR lbs (first 10 items): [[inf], [inf], [inf], [inf], [inf], [inf], [inf], [inf]]
Unverified OR indices (first 10 items): [5]
Unverified OR lbs (first 10 items): [[-1.190575122833252]]
###### Verifying property Instance 21 ######
Batch size: 1
First 10 spec matrices
C: tensor([[[ 0.,  0.,  0.,  0.,  0., -1.,  1.,  0.,  0.,  0.]]], device='cuda:0')
RHS: tensor([[0.]], device='cuda:0')
OR spec sizes: tensor([1], device='cuda:0', dtype=torch.int32)
Remaining timeout: 28.200536966323853
Model prediction is: tensor([-1.26988685e+00, -3.87690496e+00, -4.64674711e+00, -4.73816156e+00,
        -1.55249286e+00,  3.26269603e+00,  7.02396250e+00, -8.31332397e+00,
        -3.74004059e-03, -5.05210686e+00], device='cuda:0')
Activation BaB batch 1/1 
build_with_refined_bounds batch [1/1]
Optimizable variables initialized.
all alpha initialized
directly get lb and ub from refined bounds
c shape: torch.Size([1, 1, 10])
lA shapes: [torch.Size([1, 1, 256]), torch.Size([1, 1, 128])]
torch.Size([1, 1])
(alpha-)CROWN with fixed intermediate bounds: tensor([[-1.19057512]], device='cuda:0') tensor([[inf]], device='cuda:0')
Intermediate layers: /input,/input-3
Keeping alphas for these layers: ['/18']
Node /15 input 0: size torch.Size([256]) unstable 89
Node /17 input 0: size torch.Size([128]) unstable 34
-----------------
# of unstable neurons: 123
-----------------

BaB round 1
batch: 1
splitting decisions: 
split level 0: [/input-3, 119] 
split level 1: [/input, 15] 
split level 2: [/input, 132] 
split level 3: [/input-3, 14] 
split level 4: [/input, 108] 
split level 5: [/input-3, 36] 
best_l after optimization: -3.394338846206665
beta sum per layer: [13.94705581665039, 8.657840728759766]
alpha/beta optimization time: 0.6164877414703369
pruning_in_iteration open status: True
ratio of positive domain = 53 / 64 = 0.828125
pruning-in-iteration extra time: 0.02893209457397461
torch.Size([64, 1])
Time: prepare 0.0028    bound 0.6177    transfer 0.0006    finalize 0.0017    func 0.6229    
Accumulated time: func 0.6229    prepare 0.0058    bound 0.6177    transfer 0.0006    finalize 0.0017    
max lb tensor(9.99999975e-05) min lb tensor(-0.70516586)
Number of Verified Splits: 53 of 64
Current worst splitting domains lb-rhs (depth):
-0.70517 (6), -0.68196 (6), -0.59185 (6), -0.52125 (6), -0.26882 (6), -0.22036 (6), -0.19181 (6), -0.09307 (6), -0.06338 (6), -0.05637 (6), -0.00561 (6), 
Length of domains: 11
Current (lb-rhs): -0.7051658630371094
64 domains visited
Time: pickout 0.0009    decision 0.0894    set_bounds 0.0049    solve 0.6236    add 0.0063    
Accumulated time: pickout 0.0009    decision 0.0894    set_bounds 0.0049    solve 0.6236    add 0.0063    
Cumulative time: 0.7514045238494873

BaB round 2
batch: 11
splitting decisions: 
split level 0: [/input, 201] [/input, 201] [/input-3, 35] [/input-3, 35] [/input-3, 35] [/input-3, 35] [/input, 201] [/input, 201] [/input, 201] [/input, 201] 
split level 1: [/input-3, 35] [/input-3, 35] [/input-3, 84] [/input, 88] [/input, 130] [/input, 88] [/input-3, 35] [/input, 160] [/input-3, 35] [/input-3, 35] 
split level 2: [/input, 163] [/input, 64] [/input-3, 79] [/input, 130] [/input-3, 79] [/input, 130] [/input, 163] [/input, 163] [/input, 64] [/input, 163] 
best_l after optimization: -2.5152840614318848
beta sum per layer: [77.47987365722656, 67.79756164550781]
alpha/beta optimization time: 0.6467556953430176
pruning_in_iteration open status: True
ratio of positive domain = 75 / 88 = 0.8522727272727273
pruning-in-iteration extra time: 0.03417491912841797
torch.Size([88, 1])
Time: prepare 0.0030    bound 0.6484    transfer 0.0022    finalize 0.0063    func 0.6601    
Accumulated time: func 1.2830    prepare 0.0104    bound 1.2662    transfer 0.0028    finalize 0.0081    
max lb tensor(9.99999975e-05) min lb tensor(-0.46119571)
Number of Verified Splits: 75 of 88
Current worst splitting domains lb-rhs (depth):
-0.46120 (9), -0.43920 (9), -0.37166 (9), -0.30003 (9), -0.27908 (9), -0.18787 (9), -0.17260 (9), -0.12230 (9), -0.11684 (9), -0.05287 (9), -0.00957 (9), -0.00810 (9), -0.00146 (9), 
Length of domains: 13
Current (lb-rhs): -0.461195707321167
152 domains visited
Time: pickout 0.0040    decision 0.0219    set_bounds 0.0053    solve 0.6611    add 0.0019    
Accumulated time: pickout 0.0049    decision 0.1113    set_bounds 0.0102    solve 1.2846    add 0.0081    
Cumulative time: 1.4459197521209717

BaB round 3
batch: 13
splitting decisions: 
split level 0: [/input, 163] [/input, 160] [/input, 163] [/input-3, 35] [/input, 163] [/input, 160] [/input, 163] [/input, 160] [/input, 201] [/input-3, 35] 
split level 1: [/input, 130] [/input, 130] [/input, 130] [/input, 130] [/input, 130] [/input, 130] [/input, 130] [/input, 130] [/input-3, 84] [/input, 130] 
best_l after optimization: -1.541312575340271
beta sum per layer: [55.55238342285156, 34.862548828125]
alpha/beta optimization time: 0.7426104545593262
pruning_in_iteration open status: True
ratio of positive domain = 44 / 52 = 0.8461538461538461
pruning-in-iteration extra time: 0.044225454330444336
torch.Size([52, 1])
Time: prepare 0.0029    bound 0.7439    transfer 0.0014    finalize 0.0050    func 0.7532    
Accumulated time: func 2.0362    prepare 0.0184    bound 2.0100    transfer 0.0042    finalize 0.0130    
max lb tensor(9.99999975e-05) min lb tensor(-0.34471536)
Number of Verified Splits: 44 of 52
Current worst splitting domains lb-rhs (depth):
-0.34472 (11), -0.30385 (11), -0.26077 (11), -0.23728 (11), -0.16928 (11), -0.13930 (11), -0.07307 (11), -0.01744 (11), 
Length of domains: 8
Current (lb-rhs): -0.3447153568267822
204 domains visited
Time: pickout 0.0076    decision 0.0527    set_bounds 0.0027    solve 0.7543    add 0.0021    
Accumulated time: pickout 0.0125    decision 0.1640    set_bounds 0.0129    solve 2.0389    add 0.0103    
Cumulative time: 2.2659780979156494

BaB round 4
batch: 8
splitting decisions: 
split level 0: [/input-3, 84] [/input, 64] [/input-3, 84] [/input, 160] [/input, 160] [/input, 160] [/input-3, 84] [/input, 160] 
split level 1: [/input-3, 79] [/input-3, 84] [/input-3, 79] [/input, 88] [/input, 88] [/input, 88] [/input, 64] [/input, 88] 
split level 2: [/input, 73] [/input-3, 79] [/input, 73] [/input-3, 79] [/input-3, 79] [/input-3, 79] [/input-3, 79] [/input-3, 79] 
best_l after optimization: -0.5825777649879456
beta sum per layer: [89.88009643554688, 20.264415740966797]
alpha/beta optimization time: 0.7590198516845703
pruning_in_iteration open status: True
ratio of positive domain = 58 / 64 = 0.90625
pruning-in-iteration extra time: 0.04278087615966797
torch.Size([64, 1])
Time: prepare 0.0036    bound 0.7604    transfer 0.0024    finalize 0.0100    func 0.7766    
Accumulated time: func 2.8128    prepare 0.0261    bound 2.7704    transfer 0.0066    finalize 0.0231    
max lb tensor(9.99999975e-05) min lb tensor(-0.16885471)
Number of Verified Splits: 58 of 64
Current worst splitting domains lb-rhs (depth):
-0.16885 (14), -0.14476 (14), -0.09124 (14), -0.08558 (14), -0.07361 (14), -0.02434 (14), 
Length of domains: 6
Current (lb-rhs): -0.1688547134399414
268 domains visited
Time: pickout 0.0158    decision 0.0517    set_bounds 0.0042    solve 0.7776    add 0.0018    
Accumulated time: pickout 0.0282    decision 0.2157    set_bounds 0.0172    solve 2.8165    add 0.0120    
Cumulative time: 3.117424964904785

BaB round 5
batch: 6
splitting decisions: 
split level 0: [/input-3, 84] [/input-3, 84] [/input, 64] [/input, 237] [/input, 237] [/input-3, 84] 
split level 1: [/input, 184] [/input, 45] [/input, 237] [/input, 88] [/input, 88] [/input, 45] 
split level 2: [/input, 45] [/input, 184] [/input, 88] [/input, 141] [/input, 141] [/input, 184] 
split level 3: [/input, 73] [/input, 73] [/input, 141] [/input, 73] [/input, 73] [/input, 73] 

all verified at 0th iter
best_l after optimization: 24.831085205078125
beta sum per layer: [61.358673095703125, 21.40174102783203]
alpha/beta optimization time: 0.009236812591552734
pruning_in_iteration open status: False
ratio of positive domain = 96 / 96 = 1.0
pruning-in-iteration extra time: 0.0009279251098632812
torch.Size([96, 1])
Time: prepare 0.0040    bound 0.0110    transfer 0.0008    finalize 0.0053    func 0.0212    
Accumulated time: func 2.8340    prepare 0.0360    bound 2.7815    transfer 0.0074    finalize 0.0284    
max lb tensor(0.45593929) min lb tensor(0.05337381)
Number of Verified Splits: 96 of 96
Length of domains: 0
No domains left, verification finished!
Current (lb-rhs): 1.0000000116860974e-07
364 domains visited
Time: pickout 0.0078    decision 0.0563    set_bounds 0.0057    solve 0.0219    add 0.0003    
Accumulated time: pickout 0.0360    decision 0.2720    set_bounds 0.0229    solve 2.8384    add 0.0123    
Cumulative time: 3.2097275257110596

Result: safe in 5.0131 seconds

 %%%%%%%%%%%%%%%%%%%%%%%%%%%%%%%%%%% idx: 22, vnnlib ID: 22 %%%%%%%%%%%%%%%%%%%%%%%%%%%%%%%%%%%
Finished vnnlib processing in 0.008107 seconds
Model: BoundedModule(
  (/0): BoundInput(name=/0, inputs=[], perturbed=True)
  (/7): BoundParams(name=/7, inputs=[], perturbed=False)
  (/8): BoundParams(name=/8, inputs=[], perturbed=False)
  (/9): BoundParams(name=/9, inputs=[], perturbed=False)
  (/10): BoundParams(name=/10, inputs=[], perturbed=False)
  (/11): BoundParams(name=/11, inputs=[], perturbed=False)
  (/12): BoundParams(name=/12, inputs=[], perturbed=False)
  (/13): BoundFlatten(name=/13, inputs=[/0], perturbed=True)
  (/input): BoundLinear(name=/input, inputs=[/13, /7, /8], perturbed=True)
  (/15): BoundRelu(name=/15, inputs=[/input], perturbed=True)
  (/input-3): BoundLinear(name=/input-3, inputs=[/15, /9, /10], perturbed=True)
  (/17): BoundRelu(name=/17, inputs=[/input-3], perturbed=True)
  (/18): BoundLinear(name=/18, inputs=[/17, /11, /12], perturbed=True)
)
Original output in the first batch: tensor([[ 0.80199760, -3.46345782, -4.05858231, -5.95067930, -0.04466898,
         -1.88639092,  8.74472141, -2.95685387, -0.64336222, -7.57506514]],
       device='cuda:0')
Split layers:
Nonlinear functions:
   BoundRelu(name=/15, inputs=[/input], perturbed=True)
   BoundRelu(name=/17, inputs=[/input-3], perturbed=True)
build batch [1/1]
layer /15 using sparse-features alpha with shape [74]; unstable size 74; total size 256 ([1, 256])
layer /15 start_node /input-3 using sparse-spec alpha [2, 41, 1, 74] with unstable size 40 total_size 128 output_shape torch.Size([128])
layer /15 start_node /18 using full alpha [2, 9, 1, 74] with unstable size None total_size 9 output_shape 9
layer /17 using sparse-features alpha with shape [40]; unstable size 40; total size 128 ([1, 128])
layer /17 start_node /18 using full alpha [2, 9, 1, 40] with unstable size None total_size 9 output_shape 9
Optimizable variables initialized.
initial CROWN bounds (first 10 items): [4.903143405914307, 8.612773895263672, 8.59172248840332, 9.989593505859375, 4.112002372741699, 6.401803970336914, 7.215503215789795, 5.409294128417969, 11.02515983581543]
Verified with initial CROWN!
verified with init bound!
Result: safe-incomplete in 0.2966 seconds

 %%%%%%%%%%%%%%%%%%%%%%%%%%%%%%%%%%% idx: 23, vnnlib ID: 23 %%%%%%%%%%%%%%%%%%%%%%%%%%%%%%%%%%%
Finished vnnlib processing in 0.007246 seconds
Model: BoundedModule(
  (/0): BoundInput(name=/0, inputs=[], perturbed=True)
  (/7): BoundParams(name=/7, inputs=[], perturbed=False)
  (/8): BoundParams(name=/8, inputs=[], perturbed=False)
  (/9): BoundParams(name=/9, inputs=[], perturbed=False)
  (/10): BoundParams(name=/10, inputs=[], perturbed=False)
  (/11): BoundParams(name=/11, inputs=[], perturbed=False)
  (/12): BoundParams(name=/12, inputs=[], perturbed=False)
  (/13): BoundFlatten(name=/13, inputs=[/0], perturbed=True)
  (/input): BoundLinear(name=/input, inputs=[/13, /7, /8], perturbed=True)
  (/15): BoundRelu(name=/15, inputs=[/input], perturbed=True)
  (/input-3): BoundLinear(name=/input-3, inputs=[/15, /9, /10], perturbed=True)
  (/17): BoundRelu(name=/17, inputs=[/input-3], perturbed=True)
  (/18): BoundLinear(name=/18, inputs=[/17, /11, /12], perturbed=True)
)
Original output in the first batch: tensor([[ -8.64000416,  -2.68045855,  -6.21405268,   2.46081829,  -7.64283609,
          14.82318497,  -3.48505759, -11.74980259,  -1.57093465,  -1.63307512]],
       device='cuda:0')
Split layers:
Nonlinear functions:
   BoundRelu(name=/15, inputs=[/input], perturbed=True)
   BoundRelu(name=/17, inputs=[/input-3], perturbed=True)
build batch [1/1]
layer /15 using sparse-features alpha with shape [75]; unstable size 75; total size 256 ([1, 256])
layer /15 start_node /input-3 using sparse-spec alpha [2, 37, 1, 75] with unstable size 36 total_size 128 output_shape torch.Size([128])
layer /15 start_node /18 using full alpha [2, 9, 1, 75] with unstable size None total_size 9 output_shape 9
layer /17 using sparse-features alpha with shape [36]; unstable size 36; total size 128 ([1, 128])
layer /17 start_node /18 using full alpha [2, 9, 1, 36] with unstable size None total_size 9 output_shape 9
Optimizable variables initialized.
initial CROWN bounds (first 10 items): [18.026226043701172, 13.153525352478027, 14.739847183227539, 8.670674324035645, 17.286273956298828, 13.470170021057129, 20.667770385742188, 12.270562171936035, 12.692090034484863]
Verified with initial CROWN!
verified with init bound!
Result: safe-incomplete in 0.3053 seconds

 %%%%%%%%%%%%%%%%%%%%%%%%%%%%%%%%%%% idx: 24, vnnlib ID: 24 %%%%%%%%%%%%%%%%%%%%%%%%%%%%%%%%%%%
Finished vnnlib processing in 0.007342 seconds
Model: BoundedModule(
  (/0): BoundInput(name=/0, inputs=[], perturbed=True)
  (/7): BoundParams(name=/7, inputs=[], perturbed=False)
  (/8): BoundParams(name=/8, inputs=[], perturbed=False)
  (/9): BoundParams(name=/9, inputs=[], perturbed=False)
  (/10): BoundParams(name=/10, inputs=[], perturbed=False)
  (/11): BoundParams(name=/11, inputs=[], perturbed=False)
  (/12): BoundParams(name=/12, inputs=[], perturbed=False)
  (/13): BoundFlatten(name=/13, inputs=[/0], perturbed=True)
  (/input): BoundLinear(name=/input, inputs=[/13, /7, /8], perturbed=True)
  (/15): BoundRelu(name=/15, inputs=[/input], perturbed=True)
  (/input-3): BoundLinear(name=/input-3, inputs=[/15, /9, /10], perturbed=True)
  (/17): BoundRelu(name=/17, inputs=[/input-3], perturbed=True)
  (/18): BoundLinear(name=/18, inputs=[/17, /11, /12], perturbed=True)
)
Original output in the first batch: tensor([[-3.85898304, -3.05229425, -4.89128494, -6.63802242,  9.47855282,
         -2.22486353, -5.25741196,  0.14746173, -4.57282400,  2.05225635]],
       device='cuda:0')
Split layers:
Nonlinear functions:
   BoundRelu(name=/15, inputs=[/input], perturbed=True)
   BoundRelu(name=/17, inputs=[/input-3], perturbed=True)
build batch [1/1]
layer /15 using sparse-features alpha with shape [92]; unstable size 92; total size 256 ([1, 256])
layer /15 start_node /input-3 using sparse-spec alpha [2, 61, 1, 92] with unstable size 60 total_size 128 output_shape torch.Size([128])
layer /15 start_node /18 using full alpha [2, 9, 1, 92] with unstable size None total_size 9 output_shape 9
layer /17 using sparse-features alpha with shape [60]; unstable size 60; total size 128 ([1, 128])
layer /17 start_node /18 using full alpha [2, 9, 1, 60] with unstable size None total_size 9 output_shape 9
Optimizable variables initialized.
initial CROWN bounds (first 10 items): [7.425316333770752, 7.486184120178223, 8.225072860717773, 9.310026168823242, 5.007753849029541, 8.645718574523926, 3.6768832206726074, 8.000287055969238, 1.4240343570709229]
Verified with initial CROWN!
verified with init bound!
Result: safe-incomplete in 0.3015 seconds

 %%%%%%%%%%%%%%%%%%%%%%%%%%%%%%%%%%% idx: 25, vnnlib ID: 25 %%%%%%%%%%%%%%%%%%%%%%%%%%%%%%%%%%%
Finished vnnlib processing in 0.006444 seconds
Model: BoundedModule(
  (/0): BoundInput(name=/0, inputs=[], perturbed=True)
  (/7): BoundParams(name=/7, inputs=[], perturbed=False)
  (/8): BoundParams(name=/8, inputs=[], perturbed=False)
  (/9): BoundParams(name=/9, inputs=[], perturbed=False)
  (/10): BoundParams(name=/10, inputs=[], perturbed=False)
  (/11): BoundParams(name=/11, inputs=[], perturbed=False)
  (/12): BoundParams(name=/12, inputs=[], perturbed=False)
  (/13): BoundFlatten(name=/13, inputs=[/0], perturbed=True)
  (/input): BoundLinear(name=/input, inputs=[/13, /7, /8], perturbed=True)
  (/15): BoundRelu(name=/15, inputs=[/input], perturbed=True)
  (/input-3): BoundLinear(name=/input-3, inputs=[/15, /9, /10], perturbed=True)
  (/17): BoundRelu(name=/17, inputs=[/input-3], perturbed=True)
  (/18): BoundLinear(name=/18, inputs=[/17, /11, /12], perturbed=True)
)
Original output in the first batch: tensor([[ 14.85115910, -11.21367836,  -5.20837831, -12.42907333,   0.50121397,
          -8.65313625,  -1.61420643,  -3.59682822,  -4.77524853,   1.96994913]],
       device='cuda:0')
Split layers:
Nonlinear functions:
   BoundRelu(name=/15, inputs=[/input], perturbed=True)
   BoundRelu(name=/17, inputs=[/input-3], perturbed=True)
build batch [1/1]
layer /15 using sparse-features alpha with shape [38]; unstable size 38; total size 256 ([1, 256])
layer /15 start_node /input-3 using sparse-spec alpha [2, 16, 1, 38] with unstable size 15 total_size 128 output_shape torch.Size([128])
layer /15 start_node /18 using full alpha [2, 9, 1, 38] with unstable size None total_size 9 output_shape 9
layer /17 using sparse-features alpha with shape [15]; unstable size 15; total size 128 ([1, 128])
layer /17 start_node /18 using full alpha [2, 9, 1, 15] with unstable size None total_size 9 output_shape 9
Optimizable variables initialized.
initial CROWN bounds (first 10 items): [23.99193000793457, 17.983928680419922, 25.085800170898438, 11.173274993896484, 21.033401489257812, 14.461722373962402, 15.667984008789062, 17.499460220336914, 10.607532501220703]
Verified with initial CROWN!
verified with init bound!
Result: safe-incomplete in 0.2944 seconds

 %%%%%%%%%%%%%%%%%%%%%%%%%%%%%%%%%%% idx: 26, vnnlib ID: 26 %%%%%%%%%%%%%%%%%%%%%%%%%%%%%%%%%%%
Finished vnnlib processing in 0.008792 seconds
Model: BoundedModule(
  (/0): BoundInput(name=/0, inputs=[], perturbed=True)
  (/7): BoundParams(name=/7, inputs=[], perturbed=False)
  (/8): BoundParams(name=/8, inputs=[], perturbed=False)
  (/9): BoundParams(name=/9, inputs=[], perturbed=False)
  (/10): BoundParams(name=/10, inputs=[], perturbed=False)
  (/11): BoundParams(name=/11, inputs=[], perturbed=False)
  (/12): BoundParams(name=/12, inputs=[], perturbed=False)
  (/13): BoundFlatten(name=/13, inputs=[/0], perturbed=True)
  (/input): BoundLinear(name=/input, inputs=[/13, /7, /8], perturbed=True)
  (/15): BoundRelu(name=/15, inputs=[/input], perturbed=True)
  (/input-3): BoundLinear(name=/input-3, inputs=[/15, /9, /10], perturbed=True)
  (/17): BoundRelu(name=/17, inputs=[/input-3], perturbed=True)
  (/18): BoundLinear(name=/18, inputs=[/17, /11, /12], perturbed=True)
)
Original output in the first batch: tensor([[ -1.93284333,  -4.24051380,   0.56468016,   1.51693988,  -7.59507847,
          -3.37284803, -15.05248833,  10.17039204,  -3.95985818,   2.44657254]],
       device='cuda:0')
Split layers:
Nonlinear functions:
   BoundRelu(name=/15, inputs=[/input], perturbed=True)
   BoundRelu(name=/17, inputs=[/input-3], perturbed=True)
build batch [1/1]
layer /15 using sparse-features alpha with shape [66]; unstable size 66; total size 256 ([1, 256])
layer /15 start_node /input-3 using sparse-spec alpha [2, 43, 1, 66] with unstable size 42 total_size 128 output_shape torch.Size([128])
layer /15 start_node /18 using full alpha [2, 9, 1, 66] with unstable size None total_size 9 output_shape 9
layer /17 using sparse-features alpha with shape [42]; unstable size 42; total size 128 ([1, 128])
layer /17 start_node /18 using full alpha [2, 9, 1, 42] with unstable size None total_size 9 output_shape 9
Optimizable variables initialized.
initial CROWN bounds (first 10 items): [7.128767013549805, 10.49797534942627, 5.565260887145996, 3.789795398712158, 13.052495956420898, 7.748577117919922, 18.884815216064453, 9.077337265014648, 3.0866734981536865]
Verified with initial CROWN!
verified with init bound!
Result: safe-incomplete in 0.2985 seconds

 %%%%%%%%%%%%%%%%%%%%%%%%%%%%%%%%%%% idx: 27, vnnlib ID: 27 %%%%%%%%%%%%%%%%%%%%%%%%%%%%%%%%%%%
Finished vnnlib processing in 0.008572 seconds
Model: BoundedModule(
  (/0): BoundInput(name=/0, inputs=[], perturbed=True)
  (/7): BoundParams(name=/7, inputs=[], perturbed=False)
  (/8): BoundParams(name=/8, inputs=[], perturbed=False)
  (/9): BoundParams(name=/9, inputs=[], perturbed=False)
  (/10): BoundParams(name=/10, inputs=[], perturbed=False)
  (/11): BoundParams(name=/11, inputs=[], perturbed=False)
  (/12): BoundParams(name=/12, inputs=[], perturbed=False)
  (/13): BoundFlatten(name=/13, inputs=[/0], perturbed=True)
  (/input): BoundLinear(name=/input, inputs=[/13, /7, /8], perturbed=True)
  (/15): BoundRelu(name=/15, inputs=[/input], perturbed=True)
  (/input-3): BoundLinear(name=/input-3, inputs=[/15, /9, /10], perturbed=True)
  (/17): BoundRelu(name=/17, inputs=[/input-3], perturbed=True)
  (/18): BoundLinear(name=/18, inputs=[/17, /11, /12], perturbed=True)
)
Original output in the first batch: tensor([[-8.05243874, -5.86768341, -3.87316346, -8.58009434, 14.17818642,
         -2.88735580, -8.51666451, -3.12726450, -4.07645321,  2.36685133]],
       device='cuda:0')
Split layers:
Nonlinear functions:
   BoundRelu(name=/15, inputs=[/input], perturbed=True)
   BoundRelu(name=/17, inputs=[/input-3], perturbed=True)
build batch [1/1]
layer /15 using sparse-features alpha with shape [66]; unstable size 66; total size 256 ([1, 256])
layer /15 start_node /input-3 using sparse-spec alpha [2, 44, 1, 66] with unstable size 43 total_size 128 output_shape torch.Size([128])
layer /15 start_node /18 using full alpha [2, 9, 1, 66] with unstable size None total_size 9 output_shape 9
layer /17 using sparse-features alpha with shape [43]; unstable size 43; total size 128 ([1, 128])
layer /17 start_node /18 using full alpha [2, 9, 1, 43] with unstable size None total_size 9 output_shape 9
Optimizable variables initialized.
initial CROWN bounds (first 10 items): [16.890275955200195, 15.695714950561523, 12.276997566223145, 16.769577026367188, 11.259744644165039, 16.89650535583496, 12.749292373657227, 12.500213623046875, 6.734813690185547]
Verified with initial CROWN!
verified with init bound!
Result: safe-incomplete in 0.3220 seconds

 %%%%%%%%%%%%%%%%%%%%%%%%%%%%%%%%%%% idx: 28, vnnlib ID: 28 %%%%%%%%%%%%%%%%%%%%%%%%%%%%%%%%%%%
Finished vnnlib processing in 0.007727 seconds
Model: BoundedModule(
  (/0): BoundInput(name=/0, inputs=[], perturbed=True)
  (/7): BoundParams(name=/7, inputs=[], perturbed=False)
  (/8): BoundParams(name=/8, inputs=[], perturbed=False)
  (/9): BoundParams(name=/9, inputs=[], perturbed=False)
  (/10): BoundParams(name=/10, inputs=[], perturbed=False)
  (/11): BoundParams(name=/11, inputs=[], perturbed=False)
  (/12): BoundParams(name=/12, inputs=[], perturbed=False)
  (/13): BoundFlatten(name=/13, inputs=[/0], perturbed=True)
  (/input): BoundLinear(name=/input, inputs=[/13, /7, /8], perturbed=True)
  (/15): BoundRelu(name=/15, inputs=[/input], perturbed=True)
  (/input-3): BoundLinear(name=/input-3, inputs=[/15, /9, /10], perturbed=True)
  (/17): BoundRelu(name=/17, inputs=[/input-3], perturbed=True)
  (/18): BoundLinear(name=/18, inputs=[/17, /11, /12], perturbed=True)
)
Original output in the first batch: tensor([[ 15.02843571,  -9.77952194,   0.76983303,  -5.84726334, -10.95564651,
          -4.29084778,  -5.69768047,  -3.57091355,  -2.43891430,  -0.08998933]],
       device='cuda:0')
Split layers:
Nonlinear functions:
   BoundRelu(name=/15, inputs=[/input], perturbed=True)
   BoundRelu(name=/17, inputs=[/input-3], perturbed=True)
build batch [1/1]
layer /15 using sparse-features alpha with shape [52]; unstable size 52; total size 256 ([1, 256])
layer /15 start_node /input-3 using sparse-spec alpha [2, 22, 1, 52] with unstable size 21 total_size 128 output_shape torch.Size([128])
layer /15 start_node /18 using full alpha [2, 9, 1, 52] with unstable size None total_size 9 output_shape 9
layer /17 using sparse-features alpha with shape [21]; unstable size 21; total size 128 ([1, 128])
layer /17 start_node /18 using full alpha [2, 9, 1, 21] with unstable size None total_size 9 output_shape 9
Optimizable variables initialized.
initial CROWN bounds (first 10 items): [21.982057571411133, 11.497124671936035, 17.734731674194336, 22.811059951782227, 16.643938064575195, 18.365312576293945, 15.233100891113281, 15.1148681640625, 12.752979278564453]
Verified with initial CROWN!
verified with init bound!
Result: safe-incomplete in 0.3308 seconds

 %%%%%%%%%%%%%%%%%%%%%%%%%%%%%%%%%%% idx: 29, vnnlib ID: 29 %%%%%%%%%%%%%%%%%%%%%%%%%%%%%%%%%%%
Finished vnnlib processing in 0.009291 seconds
Model: BoundedModule(
  (/0): BoundInput(name=/0, inputs=[], perturbed=True)
  (/7): BoundParams(name=/7, inputs=[], perturbed=False)
  (/8): BoundParams(name=/8, inputs=[], perturbed=False)
  (/9): BoundParams(name=/9, inputs=[], perturbed=False)
  (/10): BoundParams(name=/10, inputs=[], perturbed=False)
  (/11): BoundParams(name=/11, inputs=[], perturbed=False)
  (/12): BoundParams(name=/12, inputs=[], perturbed=False)
  (/13): BoundFlatten(name=/13, inputs=[/0], perturbed=True)
  (/input): BoundLinear(name=/input, inputs=[/13, /7, /8], perturbed=True)
  (/15): BoundRelu(name=/15, inputs=[/input], perturbed=True)
  (/input-3): BoundLinear(name=/input-3, inputs=[/15, /9, /10], perturbed=True)
  (/17): BoundRelu(name=/17, inputs=[/input-3], perturbed=True)
  (/18): BoundLinear(name=/18, inputs=[/17, /11, /12], perturbed=True)
)
Original output in the first batch: tensor([[-8.91085529,  6.21015835, -3.46859860,  0.42227706, -1.03999066,
         -1.94529521, -5.45099068, -1.03069425,  0.39196095, -5.96480465]],
       device='cuda:0')
Split layers:
Nonlinear functions:
   BoundRelu(name=/15, inputs=[/input], perturbed=True)
   BoundRelu(name=/17, inputs=[/input-3], perturbed=True)
build batch [1/1]
layer /15 using sparse-features alpha with shape [110]; unstable size 110; total size 256 ([1, 256])
layer /15 start_node /input-3 using sparse-spec alpha [2, 49, 1, 110] with unstable size 48 total_size 128 output_shape torch.Size([128])
layer /15 start_node /18 using full alpha [2, 9, 1, 110] with unstable size None total_size 9 output_shape 9
layer /17 using sparse-features alpha with shape [48]; unstable size 48; total size 128 ([1, 128])
layer /17 start_node /18 using full alpha [2, 9, 1, 48] with unstable size None total_size 9 output_shape 9
Optimizable variables initialized.
initial CROWN bounds (first 10 items): [9.563797950744629, 4.258633136749268, -0.6345293521881104, 2.8947110176086426, 1.7271537780761719, 6.401535987854004, 2.3298425674438477, 0.527655839920044, 6.568889617919922]
prune_after_crown optimization in use
  original spec size = torch.Size([1, 9])
  pruned spec size = torch.Size([1, 1])
Using alpha-CROWN to initialize bounds.
Early stop at 71th iter due to 10 iterations no improvement!
best_l after optimization: -0.38839292526245117
alpha/beta optimization time: 1.84783935546875
initial alpha-crown bounds (first 10 items): [-0.38839292526245117]
Global lower bound: -0.38839292526245117
torch.Size([1, 1])
8 / 9 OR specs are verified.
Verified OR indices (first 10 items): [0, 1, 3, 4, 5, 6, 7, 8]
Verified OR lbs (first 10 items): [[inf], [inf], [inf], [inf], [inf], [inf], [inf], [inf]]
Unverified OR indices (first 10 items): [2]
Unverified OR lbs (first 10 items): [[-0.38839292526245117]]
###### Verifying property Instance 29 ######
Batch size: 1
First 10 spec matrices
C: tensor([[[ 0.,  1.,  0., -1.,  0.,  0.,  0.,  0.,  0.,  0.]]], device='cuda:0')
RHS: tensor([[0.]], device='cuda:0')
OR spec sizes: tensor([1], device='cuda:0', dtype=torch.int32)
Remaining timeout: 27.70381999015808
Model prediction is: tensor([-8.91085529,  6.21015835, -3.46859860,  0.42227706, -1.03999066,
        -1.94529521, -5.45099068, -1.03069425,  0.39196095, -5.96480465],
       device='cuda:0')
Activation BaB batch 1/1 
build_with_refined_bounds batch [1/1]
Optimizable variables initialized.
all alpha initialized
directly get lb and ub from refined bounds
c shape: torch.Size([1, 1, 10])
lA shapes: [torch.Size([1, 1, 256]), torch.Size([1, 1, 128])]
torch.Size([1, 1])
(alpha-)CROWN with fixed intermediate bounds: tensor([[-0.38839293]], device='cuda:0') tensor([[inf]], device='cuda:0')
Intermediate layers: /input,/input-3
Keeping alphas for these layers: ['/18']
Node /15 input 0: size torch.Size([256]) unstable 110
Node /17 input 0: size torch.Size([128]) unstable 48
-----------------
# of unstable neurons: 158
-----------------

BaB round 1
batch: 1
splitting decisions: 
split level 0: [/input, 71] 
split level 1: [/input, 155] 
split level 2: [/input-3, 65] 
split level 3: [/input-3, 74] 
split level 4: [/input-3, 0] 
split level 5: [/input-3, 40] 
Early stop at 21th iter due to 10 iterations no improvement!
best_l after optimization: 0.0033834255300462246
beta sum per layer: [0.0, 0.0]
alpha/beta optimization time: 0.312061071395874
pruning_in_iteration open status: True
ratio of positive domain = 63 / 64 = 0.984375
pruning-in-iteration extra time: 0.019388437271118164
torch.Size([64, 1])
Time: prepare 0.0037    bound 0.3138    transfer 0.0014    finalize 0.0060    func 0.3250    
Accumulated time: func 0.3250    prepare 0.0129    bound 0.3138    transfer 0.0014    finalize 0.0060    
max lb tensor(9.99999975e-05) min lb tensor(-0.00291657)
Number of Verified Splits: 63 of 64
Current worst splitting domains lb-rhs (depth):
-0.00292 (6), 
Length of domains: 1
Current (lb-rhs): -0.002916574478149414
64 domains visited
Time: pickout 0.0010    decision 0.0603    set_bounds 0.0047    solve 0.3257    add 0.0066    
Accumulated time: pickout 0.0010    decision 0.0603    set_bounds 0.0047    solve 0.3257    add 0.0066    
Cumulative time: 0.4398479461669922

BaB round 2
batch: 1
splitting decisions: 
split level 0: [/input, 122] 
split level 1: [/input, 102] 
split level 2: [/input, 48] 
split level 3: [/input, 120] 
split level 4: [/input-3, 16] 
split level 5: [/input-3, 31] 

all verified at 0th iter
best_l after optimization: 46.7070426940918
beta sum per layer: [0.0, 0.0]
alpha/beta optimization time: 0.010643959045410156
pruning_in_iteration open status: False
ratio of positive domain = 64 / 64 = 1.0
pruning-in-iteration extra time: 0.0009026527404785156
torch.Size([64, 1])
Time: prepare 0.0030    bound 0.0126    transfer 0.0010    finalize 0.0053    func 0.0220    
Accumulated time: func 0.3470    prepare 0.0256    bound 0.3264    transfer 0.0024    finalize 0.0113    
max lb tensor(1.13750494) min lb tensor(0.31142783)
Number of Verified Splits: 64 of 64
Length of domains: 0
No domains left, verification finished!
Current (lb-rhs): 1.0000000116860974e-07
128 domains visited
Time: pickout 0.0078    decision 0.0620    set_bounds 0.0062    solve 0.0227    add 0.0004    
Accumulated time: pickout 0.0088    decision 0.1223    set_bounds 0.0109    solve 0.3484    add 0.0069    
Cumulative time: 0.5391948223114014

Result: safe in 2.8407 seconds

 %%%%%%%%%%%%%%%%%%%%%%%%%%%%%%%%%%% idx: 30, vnnlib ID: 30 %%%%%%%%%%%%%%%%%%%%%%%%%%%%%%%%%%%
Finished vnnlib processing in 0.007401 seconds
Model: BoundedModule(
  (/0): BoundInput(name=/0, inputs=[], perturbed=True)
  (/7): BoundParams(name=/7, inputs=[], perturbed=False)
  (/8): BoundParams(name=/8, inputs=[], perturbed=False)
  (/9): BoundParams(name=/9, inputs=[], perturbed=False)
  (/10): BoundParams(name=/10, inputs=[], perturbed=False)
  (/11): BoundParams(name=/11, inputs=[], perturbed=False)
  (/12): BoundParams(name=/12, inputs=[], perturbed=False)
  (/13): BoundFlatten(name=/13, inputs=[/0], perturbed=True)
  (/input): BoundLinear(name=/input, inputs=[/13, /7, /8], perturbed=True)
  (/15): BoundRelu(name=/15, inputs=[/input], perturbed=True)
  (/input-3): BoundLinear(name=/input-3, inputs=[/15, /9, /10], perturbed=True)
  (/17): BoundRelu(name=/17, inputs=[/input-3], perturbed=True)
  (/18): BoundLinear(name=/18, inputs=[/17, /11, /12], perturbed=True)
)
Original output in the first batch: tensor([[ -7.29958582,  -4.67017221,  -2.94954824,  14.51171780, -10.07426739,
          -0.03400595, -17.50631523,  -2.35571122,  -3.16748977,  -0.45055249]],
       device='cuda:0')
Split layers:
Nonlinear functions:
   BoundRelu(name=/15, inputs=[/input], perturbed=True)
   BoundRelu(name=/17, inputs=[/input-3], perturbed=True)
build batch [1/1]
layer /15 using sparse-features alpha with shape [58]; unstable size 58; total size 256 ([1, 256])
layer /15 start_node /input-3 using sparse-spec alpha [2, 34, 1, 58] with unstable size 33 total_size 128 output_shape torch.Size([128])
layer /15 start_node /18 using full alpha [2, 9, 1, 58] with unstable size None total_size 9 output_shape 9
layer /17 using sparse-features alpha with shape [33]; unstable size 33; total size 128 ([1, 128])
layer /17 start_node /18 using full alpha [2, 9, 1, 33] with unstable size None total_size 9 output_shape 9
Optimizable variables initialized.
initial CROWN bounds (first 10 items): [17.073949813842773, 15.363298416137695, 12.891169548034668, 19.674772262573242, 10.564501762390137, 26.663352966308594, 11.567046165466309, 14.339472770690918, 10.616222381591797]
Verified with initial CROWN!
verified with init bound!
Result: safe-incomplete in 0.3706 seconds

 %%%%%%%%%%%%%%%%%%%%%%%%%%%%%%%%%%% idx: 31, vnnlib ID: 31 %%%%%%%%%%%%%%%%%%%%%%%%%%%%%%%%%%%
Finished vnnlib processing in 0.007657 seconds
Model: BoundedModule(
  (/0): BoundInput(name=/0, inputs=[], perturbed=True)
  (/7): BoundParams(name=/7, inputs=[], perturbed=False)
  (/8): BoundParams(name=/8, inputs=[], perturbed=False)
  (/9): BoundParams(name=/9, inputs=[], perturbed=False)
  (/10): BoundParams(name=/10, inputs=[], perturbed=False)
  (/11): BoundParams(name=/11, inputs=[], perturbed=False)
  (/12): BoundParams(name=/12, inputs=[], perturbed=False)
  (/13): BoundFlatten(name=/13, inputs=[/0], perturbed=True)
  (/input): BoundLinear(name=/input, inputs=[/13, /7, /8], perturbed=True)
  (/15): BoundRelu(name=/15, inputs=[/input], perturbed=True)
  (/input-3): BoundLinear(name=/input-3, inputs=[/15, /9, /10], perturbed=True)
  (/17): BoundRelu(name=/17, inputs=[/input-3], perturbed=True)
  (/18): BoundLinear(name=/18, inputs=[/17, /11, /12], perturbed=True)
)
Original output in the first batch: tensor([[-6.67597914,  5.18704844, -2.93772626,  0.17666188, -1.62078166,
         -3.55130267, -5.63543463,  0.20189305, -0.78429490, -1.98304975]],
       device='cuda:0')
Split layers:
Nonlinear functions:
   BoundRelu(name=/15, inputs=[/input], perturbed=True)
   BoundRelu(name=/17, inputs=[/input-3], perturbed=True)
build batch [1/1]
layer /15 using sparse-features alpha with shape [115]; unstable size 115; total size 256 ([1, 256])
layer /15 start_node /input-3 using sparse-spec alpha [2, 62, 1, 115] with unstable size 61 total_size 128 output_shape torch.Size([128])
layer /15 start_node /18 using full alpha [2, 9, 1, 115] with unstable size None total_size 9 output_shape 9
layer /17 using sparse-features alpha with shape [61]; unstable size 61; total size 128 ([1, 128])
layer /17 start_node /18 using full alpha [2, 9, 1, 61] with unstable size None total_size 9 output_shape 9
Optimizable variables initialized.
initial CROWN bounds (first 10 items): [5.706462860107422, 2.4917566776275635, -2.121011257171631, 1.267986536026001, 1.31819486618042, 5.093801975250244, -0.6570761203765869, 0.44066953659057617, 0.2969040870666504]
prune_after_crown optimization in use
  original spec size = torch.Size([1, 9])
  pruned spec size = torch.Size([1, 2])
Using alpha-CROWN to initialize bounds.
Early stop at 68th iter due to 10 iterations no improvement!
best_l after optimization: -2.15215802192688
alpha/beta optimization time: 2.0310802459716797
initial alpha-crown bounds (first 10 items): [-1.828972339630127, -0.32318568229675293]
Global lower bound: -1.828972339630127
torch.Size([1, 2])
7 / 9 OR specs are verified.
Verified OR indices (first 10 items): [0, 1, 3, 4, 5, 7, 8]
Verified OR lbs (first 10 items): [[inf], [inf], [inf], [inf], [inf], [inf], [inf]]
Unverified OR indices (first 10 items): [2, 6]
Unverified OR lbs (first 10 items): [[-1.828972339630127], [-0.32318568229675293]]
###### Verifying property Instance 31 ######
Batch size: 2
First 10 spec matrices
C: tensor([[[ 0.,  1.,  0., -1.,  0.,  0.,  0.,  0.,  0.,  0.]],

        [[ 0.,  1.,  0.,  0.,  0.,  0.,  0., -1.,  0.,  0.]]], device='cuda:0')
RHS: tensor([[0.],
        [0.]], device='cuda:0')
OR spec sizes: tensor([1, 1], device='cuda:0', dtype=torch.int32)
Remaining timeout: 27.506901264190674
Model prediction is: tensor([-6.67597914,  5.18704844, -2.93772626,  0.17666188, -1.62078166,
        -3.55130267, -5.63543463,  0.20189305, -0.78429490, -1.98304975],
       device='cuda:0')
Activation BaB batch 1/1 
build_with_refined_bounds batch [1/1]
Optimizable variables initialized.
all alpha initialized
directly get lb and ub from refined bounds
c shape: torch.Size([2, 1, 10])
lA shapes: [torch.Size([2, 1, 256]), torch.Size([2, 1, 128])]
torch.Size([2, 1])
(alpha-)CROWN with fixed intermediate bounds: tensor([[-1.82897234],
        [-0.32318568]], device='cuda:0') tensor([[inf],
        [inf]], device='cuda:0')
Intermediate layers: /input,/input-3
Keeping alphas for these layers: ['/18']
Node /15 input 0: size torch.Size([256]) unstable 115
Node /17 input 0: size torch.Size([128]) unstable 60
-----------------
# of unstable neurons: 175
-----------------

BaB round 1
batch: 2
splitting decisions: 
split level 0: [/input, 172] [/input-3, 118] 
split level 1: [/input, 71] [/input-3, 105] 
split level 2: [/input-3, 0] [/input, 71] 
split level 3: [/input-3, 31] [/input-3, 74] 
split level 4: [/input-3, 74] [/input-3, 25] 
best_l after optimization: -5.198424339294434
beta sum per layer: [8.353687286376953, 8.294787406921387]
alpha/beta optimization time: 0.779778242111206
pruning_in_iteration open status: True
ratio of positive domain = 55 / 64 = 0.859375
pruning-in-iteration extra time: 0.041985511779785156
torch.Size([64, 1])
Time: prepare 0.0042    bound 0.7819    transfer 0.0025    finalize 0.0078    func 0.7964    
Accumulated time: func 0.7964    prepare 0.0147    bound 0.7819    transfer 0.0025    finalize 0.0078    
max lb tensor(9.99999975e-05) min lb tensor(-1.50114131)
Number of Verified Splits: 55 of 64
Current worst splitting domains lb-rhs (depth):
-1.50114 (5), -1.25658 (5), -1.01254 (5), -0.68853 (5), -0.36312 (5), -0.16201 (5), -0.14793 (5), -0.05602 (5), -0.01605 (5), 
Length of domains: 9
Current (lb-rhs): -1.5011413097381592
64 domains visited
Time: pickout 0.0012    decision 0.0601    set_bounds 0.0053    solve 0.7975    add 0.0100    
Accumulated time: pickout 0.0012    decision 0.0601    set_bounds 0.0053    solve 0.7975    add 0.0100    
Cumulative time: 0.9098434448242188

BaB round 2
batch: 9
splitting decisions: 
split level 0: [/input, 125] [/input, 125] [/input-3, 36] [/input-3, 36] [/input, 125] [/input, 125] [/input-3, 122] [/input, 125] [/input, 125] 
split level 1: [/input-3, 102] [/input-3, 102] [/input-3, 102] [/input-3, 102] [/input-3, 102] [/input-3, 102] [/input, 57] [/input-3, 102] [/input-3, 102] 
split level 2: [/input-3, 40] [/input-3, 40] [/input-3, 40] [/input-3, 40] [/input-3, 40] [/input-3, 40] [/input-3, 46] [/input-3, 40] [/input-3, 40] 
best_l after optimization: -7.859265327453613
beta sum per layer: [64.90992736816406, 58.61326599121094]
alpha/beta optimization time: 0.8470149040222168
pruning_in_iteration open status: True
ratio of positive domain = 56 / 72 = 0.7777777777777778
pruning-in-iteration extra time: 0.04700589179992676
torch.Size([72, 1])
Time: prepare 0.0041    bound 0.8482    transfer 0.0013    finalize 0.0058    func 0.8595    
Accumulated time: func 1.6559    prepare 0.0239    bound 1.6301    transfer 0.0038    finalize 0.0136    
max lb tensor(9.99999975e-05) min lb tensor(-1.25649357)
Number of Verified Splits: 56 of 72
Current worst splitting domains lb-rhs (depth):
-1.25649 (8), -1.23617 (8), -0.98752 (8), -0.95141 (8), -0.67370 (8), -0.64267 (8), -0.38204 (8), -0.32553 (8), -0.30387 (8), -0.25736 (8), -0.23713 (8), -0.23248 (8), -0.14159 (8), -0.12498 (8), -0.06671 (8), -0.04523 (8), 
Length of domains: 16
Current (lb-rhs): -1.2564935684204102
136 domains visited
Time: pickout 0.0146    decision 0.0550    set_bounds 0.0045    solve 0.8604    add 0.0015    
Accumulated time: pickout 0.0159    decision 0.1152    set_bounds 0.0098    solve 1.6579    add 0.0114    
Cumulative time: 1.846292495727539

BaB round 3
batch: 16
splitting decisions: 
split level 0: [/input-3, 36] [/input-3, 36] [/input-3, 36] [/input-3, 36] [/input, 122] [/input, 122] [/input, 122] [/input, 122] [/input, 122] [/input, 57] 
split level 1: [/input, 160] [/input, 160] [/input, 160] [/input, 160] [/input, 57] [/input, 57] [/input, 57] [/input, 57] [/input, 57] [/input, 122] 
best_l after optimization: -17.6299991607666
beta sum per layer: [114.76420593261719, 47.516571044921875]
alpha/beta optimization time: 0.8506958484649658
pruning_in_iteration open status: True
ratio of positive domain = 32 / 64 = 0.5
pruning-in-iteration extra time: 0.04642343521118164
torch.Size([64, 1])
Time: prepare 0.0053    bound 0.8519    transfer 0.0018    finalize 0.0055    func 0.8646    
Accumulated time: func 2.5205    prepare 0.0370    bound 2.4820    transfer 0.0056    finalize 0.0191    
max lb tensor(9.99999975e-05) min lb tensor(-1.06160021)
Number of Verified Splits: 32 of 64
Current worst splitting domains lb-rhs (depth):
-1.06160 (10), -1.05994 (10), -1.03696 (10), -1.03365 (10), -1.01058 (10), -1.00966 (10), -0.99436 (10), -0.99338 (10), -0.80992 (10), -0.79650 (10), -0.77270 (10), -0.75372 (10), -0.67432 (10), -0.65567 (10), -0.65282 (10), -0.62784 (10), -0.45923 (10), -0.42880 (10), -0.42865 (10), -0.42376 (10), 
Length of domains: 32
Current (lb-rhs): -1.0616002082824707
200 domains visited
Time: pickout 0.0112    decision 0.0822    set_bounds 0.0034    solve 0.8655    add 0.0026    
Accumulated time: pickout 0.0271    decision 0.1973    set_bounds 0.0132    solve 2.5234    add 0.0140    
Cumulative time: 2.811896562576294

BaB round 4
batch: 32
splitting decisions: 
split level 0: [/input-3, 36] [/input-3, 36] [/input-3, 36] [/input-3, 36] [/input-3, 36] [/input-3, 36] [/input-3, 36] [/input-3, 36] [/input-3, 36] [/input-3, 36] 
best_l after optimization: -26.3238525390625
beta sum per layer: [166.566162109375, 34.9631233215332]
alpha/beta optimization time: 0.819127082824707
pruning_in_iteration open status: True
ratio of positive domain = 14 / 64 = 0.21875
pruning-in-iteration extra time: 0.052413225173950195
torch.Size([64, 1])
Time: prepare 0.0041    bound 0.8207    transfer 0.0020    finalize 0.0049    func 0.8319    
Accumulated time: func 3.3524    prepare 0.0465    bound 3.3027    transfer 0.0076    finalize 0.0240    
max lb tensor(9.99999975e-05) min lb tensor(-0.96412897)
Number of Verified Splits: 14 of 64
Current worst splitting domains lb-rhs (depth):
-0.96413 (11), -0.96010 (11), -0.94064 (11), -0.93466 (11), -0.91136 (11), -0.90740 (11), -0.89528 (11), -0.89063 (11), -0.88919 (11), -0.86566 (11), -0.86435 (11), -0.85944 (11), -0.84854 (11), -0.84171 (11), -0.83321 (11), -0.82232 (11), -0.72146 (11), -0.70639 (11), -0.68446 (11), -0.66436 (11), 
Length of domains: 50
Current (lb-rhs): -0.9641289710998535
264 domains visited
Time: pickout 0.0133    decision 0.0617    set_bounds 0.0028    solve 0.8327    add 0.0036    
Accumulated time: pickout 0.0404    decision 0.2590    set_bounds 0.0160    solve 3.3561    add 0.0176    
Cumulative time: 3.726367712020874

BaB round 5
batch: 50
splitting decisions: 
split level 0: [/input, 108] [/input, 73] [/input, 108] [/input, 108] [/input, 73] [/input, 108] [/input, 108] [/input, 73] [/input, 108] [/input, 108] 
best_l after optimization: -38.618072509765625
beta sum per layer: [290.12493896484375, 52.42057418823242]
alpha/beta optimization time: 0.6714687347412109
pruning_in_iteration open status: False
ratio of positive domain = 8 / 100 = 0.07999999999999996
pruning-in-iteration extra time: 0.0004222393035888672
torch.Size([100, 1])
Time: prepare 0.0041    bound 0.6728    transfer 0.0006    finalize 0.0048    func 0.6824    
Accumulated time: func 4.0347    prepare 0.0587    bound 3.9755    transfer 0.0082    finalize 0.0288    
max lb tensor(0.07029259) min lb tensor(-0.87187719)
Number of Verified Splits: 8 of 100
Current worst splitting domains lb-rhs (depth):
-0.87188 (12), -0.86788 (12), -0.84610 (12), -0.83963 (12), -0.82119 (12), -0.81721 (12), -0.80307 (12), -0.80003 (12), -0.78186 (12), -0.78074 (12), -0.77581 (12), -0.75974 (12), -0.75935 (12), -0.75333 (12), -0.75122 (12), -0.74917 (12), -0.74347 (12), -0.74137 (12), -0.73870 (12), -0.72913 (12), 
Length of domains: 92
Current (lb-rhs): -0.8718771934509277
364 domains visited
Time: pickout 0.0143    decision 0.0821    set_bounds 0.0032    solve 0.6831    add 0.0020    
Accumulated time: pickout 0.0547    decision 0.3411    set_bounds 0.0192    solve 4.0392    add 0.0197    
Cumulative time: 4.511420726776123

BaB round 6
batch: 92
splitting decisions: 
split level 0: [/input, 234] [/input, 73] [/input, 234] [/input, 73] [/input, 73] [/input, 234] [/input, 234] [/input, 73] [/input, 234] [/input, 234] 
best_l after optimization: -52.85670852661133
beta sum per layer: [627.8033447265625, 86.44071960449219]
alpha/beta optimization time: 0.6080701351165771
pruning_in_iteration open status: True
ratio of positive domain = 46 / 184 = 0.25
pruning-in-iteration extra time: 0.02931046485900879
torch.Size([184, 1])
Time: prepare 0.0062    bound 0.6091    transfer 0.0005    finalize 0.0026    func 0.6185    
Accumulated time: func 4.6532    prepare 0.0694    bound 4.5846    transfer 0.0087    finalize 0.0315    
max lb tensor(9.99999975e-05) min lb tensor(-0.79725623)
Number of Verified Splits: 46 of 184
Current worst splitting domains lb-rhs (depth):
-0.79726 (13), -0.79516 (13), -0.77694 (13), -0.77309 (13), -0.74795 (13), -0.74564 (13), -0.73507 (13), -0.73214 (13), -0.70485 (13), -0.69683 (13), -0.68622 (13), -0.68058 (13), -0.67479 (13), -0.66342 (13), -0.65970 (13), -0.65775 (13), -0.64926 (13), -0.64488 (13), -0.64408 (13), -0.64317 (13), 
Length of domains: 138
Current (lb-rhs): -0.7972562313079834
548 domains visited
Time: pickout 0.0202    decision 0.1111    set_bounds 0.0054    solve 0.6192    add 0.0015    
Accumulated time: pickout 0.0749    decision 0.4522    set_bounds 0.0246    solve 4.6584    add 0.0212    
Cumulative time: 5.269254684448242

BaB round 7
batch: 138
splitting decisions: 
split level 0: [/input, 108] [/input, 234] [/input, 108] [/input, 234] [/input, 108] [/input, 73] [/input, 108] [/input, 73] [/input, 108] [/input, 234] 
best_l after optimization: -66.35548400878906
beta sum per layer: [1043.39892578125, 122.85319519042969]
alpha/beta optimization time: 0.55568528175354
pruning_in_iteration open status: True
ratio of positive domain = 71 / 276 = 0.25724637681159424
pruning-in-iteration extra time: 0.029886960983276367
torch.Size([276, 1])
Time: prepare 0.0071    bound 0.5568    transfer 0.0007    finalize 0.0033    func 0.5680    
Accumulated time: func 5.2212    prepare 0.0785    bound 5.1414    transfer 0.0094    finalize 0.0347    
max lb tensor(9.99999975e-05) min lb tensor(-0.72178388)
Number of Verified Splits: 71 of 276
Current worst splitting domains lb-rhs (depth):
-0.72178 (14), -0.71791 (14), -0.69892 (14), -0.69567 (14), -0.66833 (14), -0.66616 (14), -0.65557 (14), -0.65233 (14), -0.63951 (14), -0.63409 (14), -0.62808 (14), -0.61984 (14), -0.61312 (14), -0.61076 (14), -0.60942 (14), -0.60338 (14), -0.59902 (14), -0.59754 (14), -0.59724 (14), -0.59456 (14), 
Length of domains: 205
Current (lb-rhs): -0.7217838764190674
824 domains visited
Time: pickout 0.0196    decision 0.0408    set_bounds 0.0076    solve 0.5688    add 0.0015    
Accumulated time: pickout 0.0945    decision 0.4930    set_bounds 0.0323    solve 5.2272    add 0.0226    
Cumulative time: 5.908008337020874

BaB round 8
batch: 205
splitting decisions: 
split level 0: [/input, 155] [/input, 155] [/input, 155] [/input, 155] [/input, 155] [/input, 155] [/input, 155] [/input, 155] [/input, 73] [/input, 108] 
best_l after optimization: -77.84291076660156
beta sum per layer: [1810.616943359375, 123.35067749023438]
alpha/beta optimization time: 0.549386739730835
pruning_in_iteration open status: True
ratio of positive domain = 111 / 410 = 0.2707317073170732
pruning-in-iteration extra time: 0.02226090431213379
torch.Size([410, 1])
Time: prepare 0.0094    bound 0.5505    transfer 0.0009    finalize 0.0037    func 0.5645    
Accumulated time: func 5.7857    prepare 0.0893    bound 5.6919    transfer 0.0102    finalize 0.0384    
max lb tensor(9.99999975e-05) min lb tensor(-0.64985061)
Number of Verified Splits: 111 of 410
Current worst splitting domains lb-rhs (depth):
-0.64985 (15), -0.64317 (15), -0.62840 (15), -0.62082 (15), -0.59847 (15), -0.59258 (15), -0.58701 (15), -0.57849 (15), -0.57182 (15), -0.57040 (15), -0.56124 (15), -0.55101 (15), -0.55055 (15), -0.54836 (15), -0.54207 (15), -0.53903 (15), -0.53505 (15), -0.52945 (15), -0.52743 (15), -0.52491 (15), 
Length of domains: 299
Current (lb-rhs): -0.649850606918335
1234 domains visited
Time: pickout 0.0244    decision 0.0455    set_bounds 0.0104    solve 0.5653    add 0.0016    
Accumulated time: pickout 0.1188    decision 0.5385    set_bounds 0.0427    solve 5.7925    add 0.0242    
Cumulative time: 6.555813312530518

BaB round 9
batch: 299
splitting decisions: 
split level 0: [/input, 130] [/input, 130] [/input-3, 127] [/input-3, 127] [/input, 130] [/input, 130] [/input-3, 127] [/input-3, 127] [/input-3, 127] [/input-3, 127] 
best_l after optimization: -83.38743591308594
beta sum per layer: [2619.150634765625, 330.673583984375]
alpha/beta optimization time: 0.6062514781951904
pruning_in_iteration open status: True
ratio of positive domain = 194 / 598 = 0.32441471571906355
pruning-in-iteration extra time: 0.031030654907226562
torch.Size([598, 1])
Time: prepare 0.0142    bound 0.6074    transfer 0.0013    finalize 0.0058    func 0.6289    
Accumulated time: func 6.4146    prepare 0.1054    bound 6.2993    transfer 0.0116    finalize 0.0442    
max lb tensor(0.00112247) min lb tensor(-0.58910942)
Number of Verified Splits: 194 of 598
Current worst splitting domains lb-rhs (depth):
-0.58911 (16), -0.58200 (16), -0.56712 (16), -0.56050 (16), -0.53704 (16), -0.53188 (16), -0.52640 (16), -0.51850 (16), -0.51426 (16), -0.51009 (16), -0.50096 (16), -0.49408 (16), -0.48457 (16), -0.48334 (16), -0.48239 (16), -0.47579 (16), -0.46994 (16), -0.46902 (16), -0.46530 (16), -0.46417 (16), 
Length of domains: 404
Current (lb-rhs): -0.5891094207763672
1832 domains visited
Time: pickout 0.0408    decision 0.0758    set_bounds 0.0152    solve 0.6299    add 0.0015    
Accumulated time: pickout 0.1596    decision 0.6142    set_bounds 0.0579    solve 6.4223    add 0.0257    
Cumulative time: 7.3197548389434814

BaB round 10
batch: 404
splitting decisions: 
split level 0: [/input-3, 127] [/input-3, 127] [/input, 130] [/input, 130] [/input-3, 127] [/input-3, 127] [/input, 130] [/input, 130] [/input, 85] [/input, 85] 
best_l after optimization: -74.58596801757812
beta sum per layer: [3236.088623046875, 596.0792236328125]
alpha/beta optimization time: 0.5818228721618652
pruning_in_iteration open status: True
ratio of positive domain = 362 / 808 = 0.448019801980198
pruning-in-iteration extra time: 0.030465364456176758
torch.Size([808, 1])
Time: prepare 0.0182    bound 0.5830    transfer 0.0009    finalize 0.0074    func 0.6097    
Accumulated time: func 7.0243    prepare 0.1251    bound 6.8823    transfer 0.0124    finalize 0.0517    
max lb tensor(9.99999975e-05) min lb tensor(-0.53535485)
Number of Verified Splits: 362 of 808
Current worst splitting domains lb-rhs (depth):
-0.53535 (17), -0.52740 (17), -0.51380 (17), -0.50467 (17), -0.48401 (17), -0.47678 (17), -0.47100 (17), -0.46240 (17), -0.46049 (17), -0.45818 (17), -0.44972 (17), -0.43762 (17), -0.43426 (17), -0.42917 (17), -0.42685 (17), -0.42467 (17), -0.41644 (17), -0.41151 (17), -0.41084 (17), -0.40554 (17), 
Length of domains: 446
Current (lb-rhs): -0.5353548526763916
2640 domains visited
Time: pickout 0.0456    decision 0.0731    set_bounds 0.0202    solve 0.6106    add 0.0020    
Accumulated time: pickout 0.2052    decision 0.6874    set_bounds 0.0781    solve 7.0329    add 0.0278    
Cumulative time: 8.07229232788086

BaB round 11
batch: 446
splitting decisions: 
split level 0: [/input, 85] [/input, 85] [/input, 85] [/input, 85] [/input, 30] [/input, 30] [/input, 85] [/input, 85] [/input, 160] [/input, 160] 
best_l after optimization: -54.2023811340332
beta sum per layer: [3262.738525390625, 632.43017578125]
alpha/beta optimization time: 0.5835468769073486
pruning_in_iteration open status: True
ratio of positive domain = 503 / 892 = 0.5639013452914798
pruning-in-iteration extra time: 0.02927112579345703
torch.Size([892, 1])
Time: prepare 0.0191    bound 0.5848    transfer 0.0007    finalize 0.0070    func 0.6117    
Accumulated time: func 7.6361    prepare 0.1458    bound 7.4671    transfer 0.0132    finalize 0.0586    
max lb tensor(9.99999975e-05) min lb tensor(-0.48826027)
Number of Verified Splits: 503 of 892
Current worst splitting domains lb-rhs (depth):
-0.48826 (18), -0.48078 (18), -0.46961 (18), -0.46011 (18), -0.44235 (18), -0.43405 (18), -0.43074 (18), -0.42094 (18), -0.41503 (18), -0.40717 (18), -0.40390 (18), -0.38923 (18), -0.38895 (18), -0.38326 (18), -0.38213 (18), -0.37925 (18), -0.37392 (18), -0.36793 (18), -0.36185 (18), -0.36160 (18), 
Length of domains: 389
Current (lb-rhs): -0.48826026916503906
3532 domains visited
Time: pickout 0.0497    decision 0.0794    set_bounds 0.0231    solve 0.6126    add 0.0016    
Accumulated time: pickout 0.2549    decision 0.7668    set_bounds 0.1012    solve 7.6455    add 0.0293    
Cumulative time: 8.840273380279541

BaB round 12
batch: 389
splitting decisions: 
split level 0: [/input, 160] [/input-3, 16] [/input, 160] [/input, 160] [/input, 160] [/input, 85] [/input, 160] [/input, 160] [/input, 130] [/input, 130] 
best_l after optimization: -54.157039642333984
beta sum per layer: [2728.61279296875, 562.51220703125]
alpha/beta optimization time: 0.7049150466918945
pruning_in_iteration open status: True
ratio of positive domain = 382 / 778 = 0.49100257069408737
pruning-in-iteration extra time: 0.04127812385559082
torch.Size([778, 1])
Time: prepare 0.0194    bound 0.7063    transfer 0.0007    finalize 0.0087    func 0.7354    
Accumulated time: func 8.3715    prepare 0.1670    bound 8.1734    transfer 0.0139    finalize 0.0673    
max lb tensor(9.99999975e-05) min lb tensor(-0.42050266)
Number of Verified Splits: 382 of 778
Current worst splitting domains lb-rhs (depth):
-0.42050 (19), -0.41508 (19), -0.41111 (19), -0.39983 (19), -0.39678 (19), -0.39580 (19), -0.39203 (19), -0.38011 (19), -0.37590 (19), -0.37016 (19), -0.36335 (19), -0.35684 (19), -0.35613 (19), -0.35019 (19), -0.34695 (19), -0.34562 (19), -0.33819 (19), -0.33595 (19), -0.33183 (19), -0.32539 (19), 
Length of domains: 396
Current (lb-rhs): -0.4205026626586914
4310 domains visited
Time: pickout 0.0487    decision 0.0763    set_bounds 0.0200    solve 0.7366    add 0.0021    
Accumulated time: pickout 0.3036    decision 0.8430    set_bounds 0.1212    solve 8.3821    add 0.0315    
Cumulative time: 9.726063013076782

BaB round 13
batch: 396
splitting decisions: 
split level 0: [/input-3, 60] [/input-3, 60] [/input-3, 60] [/input-3, 60] [/input, 85] [/input, 160] [/input-3, 16] [/input-3, 16] [/input-3, 60] [/input-3, 60] 
best_l after optimization: -38.32652282714844
beta sum per layer: [2621.59033203125, 427.7919921875]
alpha/beta optimization time: 0.5236504077911377
pruning_in_iteration open status: True
ratio of positive domain = 487 / 792 = 0.6148989898989898
pruning-in-iteration extra time: 0.02663397789001465
torch.Size([792, 1])
Time: prepare 0.0187    bound 0.5247    transfer 0.0008    finalize 0.0072    func 0.5516    
Accumulated time: func 8.9231    prepare 0.1874    bound 8.6981    transfer 0.0147    finalize 0.0746    
max lb tensor(9.99999975e-05) min lb tensor(-0.38001394)
Number of Verified Splits: 487 of 792
Current worst splitting domains lb-rhs (depth):
-0.38001 (20), -0.37450 (20), -0.36944 (20), -0.35921 (20), -0.35513 (20), -0.35408 (20), -0.35067 (20), -0.33760 (20), -0.33315 (20), -0.32708 (20), -0.32092 (20), -0.31358 (20), -0.31292 (20), -0.30631 (20), -0.30403 (20), -0.30247 (20), -0.29586 (20), -0.29361 (20), -0.28709 (20), -0.28019 (20), 
Length of domains: 305
Current (lb-rhs): -0.38001394271850586
5102 domains visited
Time: pickout 0.0506    decision 0.0747    set_bounds 0.0198    solve 0.5525    add 0.0016    
Accumulated time: pickout 0.3542    decision 0.9177    set_bounds 0.1411    solve 8.9346    add 0.0331    
Cumulative time: 10.428082704544067

BaB round 14
batch: 305
splitting decisions: 
split level 0: [/input, 78] [/input, 78] [/input-3, 60] [/input, 78] [/input, 78] [/input, 78] [/input, 78] [/input, 78] [/input, 78] [/input, 78] 
best_l after optimization: -29.429283142089844
beta sum per layer: [1978.70654296875, 300.58721923828125]
alpha/beta optimization time: 0.5816218852996826
pruning_in_iteration open status: True
ratio of positive domain = 320 / 610 = 0.5245901639344263
pruning-in-iteration extra time: 0.031120777130126953
torch.Size([610, 1])
Time: prepare 0.0150    bound 0.5828    transfer 0.0005    finalize 0.0050    func 0.6034    
Accumulated time: func 9.5265    prepare 0.2039    bound 9.2809    transfer 0.0152    finalize 0.0796    
max lb tensor(9.99999975e-05) min lb tensor(-0.31657577)
Number of Verified Splits: 320 of 610
Current worst splitting domains lb-rhs (depth):
-0.31658 (21), -0.31278 (21), -0.30763 (21), -0.29554 (21), -0.29552 (21), -0.29045 (21), -0.28921 (21), -0.27737 (21), -0.27073 (21), -0.26649 (21), -0.25911 (21), -0.25287 (21), -0.25104 (21), -0.24505 (21), -0.24333 (21), -0.23911 (21), -0.23240 (21), -0.22938 (21), -0.22892 (21), -0.22841 (21), 
Length of domains: 290
Current (lb-rhs): -0.3165757656097412
5712 domains visited
Time: pickout 0.0432    decision 0.0599    set_bounds 0.0161    solve 0.6054    add 0.0018    
Accumulated time: pickout 0.3974    decision 0.9776    set_bounds 0.1572    solve 9.5400    add 0.0348    
Cumulative time: 11.15570855140686

BaB round 15
batch: 290
splitting decisions: 
split level 0: [/input-3, 60] [/input-3, 16] [/input, 78] [/input-3, 16] [/input, 160] [/input, 78] [/input, 78] [/input, 30] [/input-3, 16] [/input, 78] 
best_l after optimization: -17.94007110595703
beta sum per layer: [1603.260498046875, 207.7937774658203]
alpha/beta optimization time: -1.4789659976959229
pruning_in_iteration open status: True
ratio of positive domain = 378 / 580 = 0.6517241379310346
pruning-in-iteration extra time: 0.043929338455200195
torch.Size([580, 1])
Time: prepare 0.0133    bound -1.4773    transfer 0.0023    finalize 0.0089    func -1.4520    
Accumulated time: func 8.0745    prepare 0.2187    bound 7.8036    transfer 0.0175    finalize 0.0885    
max lb tensor(9.99999975e-05) min lb tensor(-0.27657092)
Number of Verified Splits: 378 of 580
Current worst splitting domains lb-rhs (depth):
-0.27657 (22), -0.27241 (22), -0.26829 (22), -0.25620 (22), -0.25504 (22), -0.25041 (22), -0.24885 (22), -0.23767 (22), -0.22859 (22), -0.22403 (22), -0.21571 (22), -0.21003 (22), -0.20895 (22), -0.20307 (22), -0.20239 (22), -0.19700 (22), -0.18909 (22), -0.18705 (22), -0.18602 (22), -0.18578 (22), 
Length of domains: 202
Current (lb-rhs): -0.2765709161758423
6292 domains visited
Time: pickout 0.0354    decision 0.0537    set_bounds 0.0148    solve -1.4510    add 0.0017    
Accumulated time: pickout 0.4328    decision 1.0314    set_bounds 0.1720    solve 8.0890    add 0.0366    
Cumulative time: 9.811552047729492

BaB round 16
batch: 202
splitting decisions: 
split level 0: [/input-3, 25] [/input-3, 25] [/input-3, 25] [/input-3, 25] [/input-3, 25] [/input-3, 25] [/input-3, 25] [/input-3, 25] [/input-3, 25] [/input-3, 25] 
best_l after optimization: -10.71311092376709
beta sum per layer: [942.0269775390625, 133.15237426757812]
alpha/beta optimization time: 0.6777694225311279
pruning_in_iteration open status: True
ratio of positive domain = 256 / 404 = 0.6336633663366337
pruning-in-iteration extra time: 0.038532257080078125
torch.Size([404, 1])
Time: prepare 0.0094    bound 0.6787    transfer 0.0006    finalize 0.0036    func 0.6924    
Accumulated time: func 8.7669    prepare 0.2356    bound 8.4823    transfer 0.0181    finalize 0.0921    
max lb tensor(9.99999975e-05) min lb tensor(-0.23900795)
Number of Verified Splits: 256 of 404
Current worst splitting domains lb-rhs (depth):
-0.23901 (23), -0.23459 (23), -0.22983 (23), -0.21710 (23), -0.21589 (23), -0.21129 (23), -0.20933 (23), -0.19820 (23), -0.18980 (23), -0.18516 (23), -0.17578 (23), -0.16995 (23), -0.16903 (23), -0.16411 (23), -0.16229 (23), -0.15747 (23), -0.15154 (23), -0.14954 (23), -0.14577 (23), -0.14504 (23), 
Length of domains: 148
Current (lb-rhs): -0.23900794982910156
6696 domains visited
Time: pickout 0.0268    decision 0.2314    set_bounds 0.0103    solve 0.6932    add 0.0013    
Accumulated time: pickout 0.4596    decision 1.2628    set_bounds 0.1823    solve 8.7822    add 0.0379    
Cumulative time: 10.775669813156128

BaB round 17
batch: 148
splitting decisions: 
split level 0: [/input-3, 27] [/input-3, 27] [/input-3, 27] [/input-3, 27] [/input-3, 27] [/input-3, 27] [/input-3, 27] [/input-3, 27] [/input-3, 27] [/input-3, 27] 
best_l after optimization: -5.166543483734131
beta sum per layer: [580.8663330078125, 92.74559020996094]
alpha/beta optimization time: 0.5474629402160645
pruning_in_iteration open status: True
ratio of positive domain = 208 / 296 = 0.7027027027027026
pruning-in-iteration extra time: 0.027925729751586914
torch.Size([296, 1])
Time: prepare 0.0082    bound 0.5485    transfer 0.0005    finalize 0.0039    func 0.5613    
Accumulated time: func 9.3282    prepare 0.2453    bound 9.0308    transfer 0.0186    finalize 0.0960    
max lb tensor(9.99999975e-05) min lb tensor(-0.17471683)
Number of Verified Splits: 208 of 296
Current worst splitting domains lb-rhs (depth):
-0.17472 (24), -0.17014 (24), -0.16664 (24), -0.15402 (24), -0.15157 (24), -0.14736 (24), -0.14482 (24), -0.13446 (24), -0.12494 (24), -0.12012 (24), -0.11128 (24), -0.10530 (24), -0.10419 (24), -0.10173 (24), -0.09860 (24), -0.09830 (24), -0.09639 (24), -0.09496 (24), -0.09399 (24), -0.09294 (24), 
Length of domains: 88
Current (lb-rhs): -0.17471683025360107
6992 domains visited
Time: pickout 0.0191    decision 0.0398    set_bounds 0.0085    solve 0.5625    add 0.0013    
Accumulated time: pickout 0.4788    decision 1.3025    set_bounds 0.1909    solve 9.3447    add 0.0392    
Cumulative time: 11.40792465209961

BaB round 18
batch: 88
splitting decisions: 
split level 0: [/input-3, 27] [/input-3, 25] [/input, 135] [/input, 135] [/input-3, 27] [/input, 135] [/input, 135] [/input, 135] [/input, 205] [/input, 135] 
best_l after optimization: -2.2982840538024902
beta sum per layer: [241.13140869140625, 46.69670486450195]
alpha/beta optimization time: 0.5946400165557861
pruning_in_iteration open status: True
ratio of positive domain = 126 / 176 = 0.7159090909090908
pruning-in-iteration extra time: 0.03144049644470215
torch.Size([176, 1])
Time: prepare 0.0054    bound 0.5958    transfer 0.0004    finalize 0.0024    func 0.6040    
Accumulated time: func 9.9322    prepare 0.2520    bound 9.6266    transfer 0.0190    finalize 0.0985    
max lb tensor(9.99999975e-05) min lb tensor(-0.13611543)
Number of Verified Splits: 126 of 176
Current worst splitting domains lb-rhs (depth):
-0.13612 (25), -0.13143 (25), -0.12801 (25), -0.11505 (25), -0.11333 (25), -0.10969 (25), -0.10620 (25), -0.09554 (25), -0.08755 (25), -0.08264 (25), -0.07400 (25), -0.06786 (25), -0.06713 (25), -0.06182 (25), -0.05968 (25), -0.05264 (25), -0.04969 (25), -0.04803 (25), -0.04459 (25), -0.04453 (25), 
Length of domains: 50
Current (lb-rhs): -0.1361154317855835
7168 domains visited
Time: pickout 0.0135    decision 0.0289    set_bounds 0.0054    solve 0.6048    add 0.0011    
Accumulated time: pickout 0.4922    decision 1.3314    set_bounds 0.1963    solve 9.9495    add 0.0404    
Cumulative time: 12.06225872039795

BaB round 19
batch: 50
splitting decisions: 
split level 0: [/input, 205] [/input, 205] [/input, 205] [/input, 205] [/input, 205] [/input, 205] [/input, 205] [/input, 205] [/input, 205] [/input-3, 88] 
best_l after optimization: -0.8146589994430542
beta sum per layer: [109.60144805908203, 17.13494110107422]
alpha/beta optimization time: 0.8809208869934082
pruning_in_iteration open status: True
ratio of positive domain = 80 / 100 = 0.8
pruning-in-iteration extra time: 0.051885366439819336
torch.Size([100, 1])
Time: prepare 0.0034    bound 0.8825    transfer 0.0025    finalize 0.0063    func 0.8947    
Accumulated time: func 10.8270    prepare 0.2572    bound 10.5091    transfer 0.0214    finalize 0.1047    
max lb tensor(9.99999975e-05) min lb tensor(-0.09307790)
Number of Verified Splits: 80 of 100
Current worst splitting domains lb-rhs (depth):
-0.09308 (26), -0.08839 (26), -0.08407 (26), -0.07173 (26), -0.07028 (26), -0.06616 (26), -0.06398 (26), -0.05270 (26), -0.04513 (26), -0.04095 (26), -0.03210 (26), -0.02643 (26), -0.02511 (26), -0.01993 (26), -0.01941 (26), -0.01154 (26), -0.00454 (26), -0.00453 (26), -0.00247 (26), -0.00012 (26), 
Length of domains: 20
Current (lb-rhs): -0.0930778980255127
7268 domains visited
Time: pickout 0.0095    decision 0.0249    set_bounds 0.0041    solve 0.8955    add 0.0018    
Accumulated time: pickout 0.5018    decision 1.3563    set_bounds 0.2004    solve 10.8450    add 0.0422    
Cumulative time: 12.99863076210022

BaB round 20
batch: 20
splitting decisions: 
split level 0: [/input, 98] [/input, 98] [/input, 98] [/input, 98] [/input, 98] [/input, 98] [/input, 98] [/input, 98] [/input, 98] [/input, 98] 
split level 1: [/input, 240] [/input, 240] [/input, 240] [/input, 240] [/input, 240] [/input, 240] [/input, 240] [/input, 240] [/input, 240] [/input, 240] 
best_l after optimization: -0.07966401427984238
beta sum per layer: [57.40226745605469, 0.0]
alpha/beta optimization time: 0.9394865036010742
pruning_in_iteration open status: True
ratio of positive domain = 73 / 80 = 0.9125
pruning-in-iteration extra time: 0.05480217933654785
torch.Size([80, 1])
Time: prepare 0.0040    bound 0.9408    transfer 0.0016    finalize 0.0066    func 0.9531    
Accumulated time: func 11.7801    prepare 0.2664    bound 11.4499    transfer 0.0231    finalize 0.1113    
max lb tensor(9.99999975e-05) min lb tensor(-0.02770269)
Number of Verified Splits: 73 of 80
Current worst splitting domains lb-rhs (depth):
-0.02770 (28), -0.02349 (28), -0.01926 (28), -0.00721 (28), -0.00631 (28), -0.00285 (28), -0.00014 (28), 
Length of domains: 7
Current (lb-rhs): -0.027702689170837402
7348 domains visited
Time: pickout 0.0098    decision 0.0672    set_bounds 0.0037    solve 0.9543    add 0.0015    
Accumulated time: pickout 0.5116    decision 1.4235    set_bounds 0.2041    solve 11.7994    add 0.0437    
Cumulative time: 14.03565001487732

BaB round 21
batch: 7
splitting decisions: 
split level 0: [/input, 205] [/input, 205] [/input, 205] [/input, 205] [/input, 205] [/input, 205] [/input, 205] 
split level 1: [/input, 237] [/input, 237] [/input, 237] [/input, 237] [/input, 237] [/input, 237] [/input, 237] 
split level 2: [/input-3, 95] [/input-3, 95] [/input-3, 95] [/input-3, 95] [/input-3, 95] [/input-3, 95] [/input-3, 95] 

all verified at 0th iter
best_l after optimization: 14.938054084777832
beta sum per layer: [9.302799224853516, 0.0]
alpha/beta optimization time: 0.008200883865356445
pruning_in_iteration open status: False
ratio of positive domain = 56 / 56 = 1.0
pruning-in-iteration extra time: 0.00035071372985839844
torch.Size([56, 1])
Time: prepare 0.0032    bound 0.0094    transfer 0.0009    finalize 0.0051    func 0.0186    
Accumulated time: func 11.7986    prepare 0.2746    bound 11.4593    transfer 0.0239    finalize 0.1164    
max lb tensor(0.43902612) min lb tensor(0.09579170)
Number of Verified Splits: 56 of 56
Length of domains: 0
No domains left, verification finished!
Current (lb-rhs): 1.0000000116860974e-07
7404 domains visited
Time: pickout 0.0086    decision 0.0480    set_bounds 0.0037    solve 0.0194    add 0.0003    
Accumulated time: pickout 0.5202    decision 1.4715    set_bounds 0.2078    solve 11.8188    add 0.0440    
Cumulative time: 14.11613130569458

Result: safe in 16.6172 seconds

 %%%%%%%%%%%%%%%%%%%%%%%%%%%%%%%%%%% idx: 32, vnnlib ID: 32 %%%%%%%%%%%%%%%%%%%%%%%%%%%%%%%%%%%
Finished vnnlib processing in 0.008080 seconds
Model: BoundedModule(
  (/0): BoundInput(name=/0, inputs=[], perturbed=True)
  (/7): BoundParams(name=/7, inputs=[], perturbed=False)
  (/8): BoundParams(name=/8, inputs=[], perturbed=False)
  (/9): BoundParams(name=/9, inputs=[], perturbed=False)
  (/10): BoundParams(name=/10, inputs=[], perturbed=False)
  (/11): BoundParams(name=/11, inputs=[], perturbed=False)
  (/12): BoundParams(name=/12, inputs=[], perturbed=False)
  (/13): BoundFlatten(name=/13, inputs=[/0], perturbed=True)
  (/input): BoundLinear(name=/input, inputs=[/13, /7, /8], perturbed=True)
  (/15): BoundRelu(name=/15, inputs=[/input], perturbed=True)
  (/input-3): BoundLinear(name=/input-3, inputs=[/15, /9, /10], perturbed=True)
  (/17): BoundRelu(name=/17, inputs=[/input-3], perturbed=True)
  (/18): BoundLinear(name=/18, inputs=[/17, /11, /12], perturbed=True)
)
Original output in the first batch: tensor([[-11.82934284,  -5.18787289,  -5.15041304,  14.96237564,  -6.60832834,
           2.54075503, -16.96666336,  -7.54558897,   0.06067571,  -1.22491503]],
       device='cuda:0')
Split layers:
Nonlinear functions:
   BoundRelu(name=/15, inputs=[/input], perturbed=True)
   BoundRelu(name=/17, inputs=[/input-3], perturbed=True)
build batch [1/1]
layer /15 using sparse-features alpha with shape [55]; unstable size 55; total size 256 ([1, 256])
layer /15 start_node /input-3 using sparse-spec alpha [2, 27, 1, 55] with unstable size 26 total_size 128 output_shape torch.Size([128])
layer /15 start_node /18 using full alpha [2, 9, 1, 55] with unstable size None total_size 9 output_shape 9
layer /17 using sparse-features alpha with shape [26]; unstable size 26; total size 128 ([1, 128])
layer /17 start_node /18 using full alpha [2, 9, 1, 26] with unstable size None total_size 9 output_shape 9
Optimizable variables initialized.
initial CROWN bounds (first 10 items): [22.765291213989258, 16.770143508911133, 16.809192657470703, 16.84477424621582, 8.37258529663086, 26.826244354248047, 18.285913467407227, 11.556055068969727, 12.537128448486328]
Verified with initial CROWN!
verified with init bound!
Result: safe-incomplete in 0.3291 seconds

 %%%%%%%%%%%%%%%%%%%%%%%%%%%%%%%%%%% idx: 33, vnnlib ID: 33 %%%%%%%%%%%%%%%%%%%%%%%%%%%%%%%%%%%
Finished vnnlib processing in 0.007964 seconds
Model: BoundedModule(
  (/0): BoundInput(name=/0, inputs=[], perturbed=True)
  (/7): BoundParams(name=/7, inputs=[], perturbed=False)
  (/8): BoundParams(name=/8, inputs=[], perturbed=False)
  (/9): BoundParams(name=/9, inputs=[], perturbed=False)
  (/10): BoundParams(name=/10, inputs=[], perturbed=False)
  (/11): BoundParams(name=/11, inputs=[], perturbed=False)
  (/12): BoundParams(name=/12, inputs=[], perturbed=False)
  (/13): BoundFlatten(name=/13, inputs=[/0], perturbed=True)
  (/input): BoundLinear(name=/input, inputs=[/13, /7, /8], perturbed=True)
  (/15): BoundRelu(name=/15, inputs=[/input], perturbed=True)
  (/input-3): BoundLinear(name=/input-3, inputs=[/15, /9, /10], perturbed=True)
  (/17): BoundRelu(name=/17, inputs=[/input-3], perturbed=True)
  (/18): BoundLinear(name=/18, inputs=[/17, /11, /12], perturbed=True)
)
Original output in the first batch: tensor([[ 2.93680763, -6.85213423, -2.92659235, -8.57024479,  5.88298416,
         -1.64075196, -0.08277658, -3.59928322, -3.58420515, -1.12358427]],
       device='cuda:0')
Split layers:
Nonlinear functions:
   BoundRelu(name=/15, inputs=[/input], perturbed=True)
   BoundRelu(name=/17, inputs=[/input-3], perturbed=True)
build batch [1/1]
layer /15 using sparse-features alpha with shape [51]; unstable size 51; total size 256 ([1, 256])
layer /15 start_node /input-3 using sparse-spec alpha [2, 27, 1, 51] with unstable size 26 total_size 128 output_shape torch.Size([128])
layer /15 start_node /18 using full alpha [2, 9, 1, 51] with unstable size None total_size 9 output_shape 9
layer /17 using sparse-features alpha with shape [26]; unstable size 26; total size 128 ([1, 128])
layer /17 start_node /18 using full alpha [2, 9, 1, 26] with unstable size None total_size 9 output_shape 9
Optimizable variables initialized.
initial CROWN bounds (first 10 items): [-0.19967681169509888, 10.335054397583008, 6.266506195068359, 11.248300552368164, 4.547643661499023, 2.881624698638916, 6.641879558563232, 6.644852161407471, 3.967360258102417]
prune_after_crown optimization in use
  original spec size = torch.Size([1, 9])
  pruned spec size = torch.Size([1, 1])
Using alpha-CROWN to initialize bounds.
Early stop at 43th iter due to 10 iterations no improvement!
best_l after optimization: -0.13515925407409668
alpha/beta optimization time: 1.203094720840454
initial alpha-crown bounds (first 10 items): [-0.13515925407409668]
Global lower bound: -0.13515925407409668
torch.Size([1, 1])
8 / 9 OR specs are verified.
Verified OR indices (first 10 items): [1, 2, 3, 4, 5, 6, 7, 8]
Verified OR lbs (first 10 items): [[inf], [inf], [inf], [inf], [inf], [inf], [inf], [inf]]
Unverified OR indices (first 10 items): [0]
Unverified OR lbs (first 10 items): [[-0.13515925407409668]]
###### Verifying property Instance 33 ######
Batch size: 1
First 10 spec matrices
C: tensor([[[-1.,  0.,  0.,  0.,  1.,  0.,  0.,  0.,  0.,  0.]]], device='cuda:0')
RHS: tensor([[0.]], device='cuda:0')
OR spec sizes: tensor([1], device='cuda:0', dtype=torch.int32)
Remaining timeout: 28.362205743789673
Model prediction is: tensor([ 2.93680763, -6.85213423, -2.92659235, -8.57024479,  5.88298416,
        -1.64075196, -0.08277658, -3.59928322, -3.58420515, -1.12358427],
       device='cuda:0')
Activation BaB batch 1/1 
build_with_refined_bounds batch [1/1]
Optimizable variables initialized.
all alpha initialized
directly get lb and ub from refined bounds
c shape: torch.Size([1, 1, 10])
lA shapes: [torch.Size([1, 1, 256]), torch.Size([1, 1, 128])]
torch.Size([1, 1])
(alpha-)CROWN with fixed intermediate bounds: tensor([[-0.13515925]], device='cuda:0') tensor([[inf]], device='cuda:0')
Intermediate layers: /input,/input-3
Keeping alphas for these layers: ['/18']
Node /15 input 0: size torch.Size([256]) unstable 51
Node /17 input 0: size torch.Size([128]) unstable 25
-----------------
# of unstable neurons: 76
-----------------

BaB round 1
batch: 1
splitting decisions: 
split level 0: [/input, 107] 
split level 1: [/input, 80] 
split level 2: [/input-3, 74] 
split level 3: [/input, 203] 
split level 4: [/input-3, 67] 
split level 5: [/input-3, 81] 

all verified at 0th iter
best_l after optimization: 31.7966365814209
beta sum per layer: [0.0, 0.0]
alpha/beta optimization time: 0.01688218116760254
pruning_in_iteration open status: False
ratio of positive domain = 64 / 64 = 1.0
pruning-in-iteration extra time: 0.0012090206146240234
torch.Size([64, 1])
Time: prepare 0.0030    bound 0.0190    transfer 0.0022    finalize 0.0046    func 0.0290    
Accumulated time: func 0.0290    prepare 0.0120    bound 0.0190    transfer 0.0022    finalize 0.0046    
max lb tensor(0.79868984) min lb tensor(0.20287865)
Number of Verified Splits: 64 of 64
Length of domains: 0
No domains left, verification finished!
Current (lb-rhs): 1.0000000116860974e-07
64 domains visited
Time: pickout 0.0009    decision 0.0565    set_bounds 0.0059    solve 0.0300    add 0.0003    
Accumulated time: pickout 0.0009    decision 0.0565    set_bounds 0.0059    solve 0.0300    add 0.0003    
Cumulative time: 0.12709903717041016

Result: safe in 1.7707 seconds

 %%%%%%%%%%%%%%%%%%%%%%%%%%%%%%%%%%% idx: 34, vnnlib ID: 34 %%%%%%%%%%%%%%%%%%%%%%%%%%%%%%%%%%%
Finished vnnlib processing in 0.009278 seconds
Model: BoundedModule(
  (/0): BoundInput(name=/0, inputs=[], perturbed=True)
  (/7): BoundParams(name=/7, inputs=[], perturbed=False)
  (/8): BoundParams(name=/8, inputs=[], perturbed=False)
  (/9): BoundParams(name=/9, inputs=[], perturbed=False)
  (/10): BoundParams(name=/10, inputs=[], perturbed=False)
  (/11): BoundParams(name=/11, inputs=[], perturbed=False)
  (/12): BoundParams(name=/12, inputs=[], perturbed=False)
  (/13): BoundFlatten(name=/13, inputs=[/0], perturbed=True)
  (/input): BoundLinear(name=/input, inputs=[/13, /7, /8], perturbed=True)
  (/15): BoundRelu(name=/15, inputs=[/input], perturbed=True)
  (/input-3): BoundLinear(name=/input-3, inputs=[/15, /9, /10], perturbed=True)
  (/17): BoundRelu(name=/17, inputs=[/input-3], perturbed=True)
  (/18): BoundLinear(name=/18, inputs=[/17, /11, /12], perturbed=True)
)
Original output in the first batch: tensor([[ -4.84341288,  -3.08620501,   4.74957800,   3.19080710,  -8.63290787,
          -9.14966297, -17.76529121,  12.88574028,  -0.24098882,  -5.06525755]],
       device='cuda:0')
Split layers:
Nonlinear functions:
   BoundRelu(name=/15, inputs=[/input], perturbed=True)
   BoundRelu(name=/17, inputs=[/input-3], perturbed=True)
build batch [1/1]
layer /15 using sparse-features alpha with shape [61]; unstable size 61; total size 256 ([1, 256])
layer /15 start_node /input-3 using sparse-spec alpha [2, 27, 1, 61] with unstable size 26 total_size 128 output_shape torch.Size([128])
layer /15 start_node /18 using full alpha [2, 9, 1, 61] with unstable size None total_size 9 output_shape 9
layer /17 using sparse-features alpha with shape [26]; unstable size 26; total size 128 ([1, 128])
layer /17 start_node /18 using full alpha [2, 9, 1, 26] with unstable size None total_size 9 output_shape 9
Optimizable variables initialized.
initial CROWN bounds (first 10 items): [12.828329086303711, 12.234628677368164, 3.110699415206909, 5.901532173156738, 17.443500518798828, 16.779767990112305, 24.162384033203125, 7.807548522949219, 13.59681224822998]
Verified with initial CROWN!
verified with init bound!
Result: safe-incomplete in 0.3197 seconds

 %%%%%%%%%%%%%%%%%%%%%%%%%%%%%%%%%%% idx: 35, vnnlib ID: 35 %%%%%%%%%%%%%%%%%%%%%%%%%%%%%%%%%%%
Finished vnnlib processing in 0.009075 seconds
Model: BoundedModule(
  (/0): BoundInput(name=/0, inputs=[], perturbed=True)
  (/7): BoundParams(name=/7, inputs=[], perturbed=False)
  (/8): BoundParams(name=/8, inputs=[], perturbed=False)
  (/9): BoundParams(name=/9, inputs=[], perturbed=False)
  (/10): BoundParams(name=/10, inputs=[], perturbed=False)
  (/11): BoundParams(name=/11, inputs=[], perturbed=False)
  (/12): BoundParams(name=/12, inputs=[], perturbed=False)
  (/13): BoundFlatten(name=/13, inputs=[/0], perturbed=True)
  (/input): BoundLinear(name=/input, inputs=[/13, /7, /8], perturbed=True)
  (/15): BoundRelu(name=/15, inputs=[/input], perturbed=True)
  (/input-3): BoundLinear(name=/input-3, inputs=[/15, /9, /10], perturbed=True)
  (/17): BoundRelu(name=/17, inputs=[/input-3], perturbed=True)
  (/18): BoundLinear(name=/18, inputs=[/17, /11, /12], perturbed=True)
)
Original output in the first batch: tensor([[ -4.44870663,   2.28552389,  10.21178913,   0.28016773, -11.26663876,
          -1.90895844,  -9.73102379,  -0.16876630,   0.28468671,  -6.77928829]],
       device='cuda:0')
Split layers:
Nonlinear functions:
   BoundRelu(name=/15, inputs=[/input], perturbed=True)
   BoundRelu(name=/17, inputs=[/input-3], perturbed=True)
build batch [1/1]
layer /15 using sparse-features alpha with shape [51]; unstable size 51; total size 256 ([1, 256])
layer /15 start_node /input-3 using sparse-spec alpha [2, 23, 1, 51] with unstable size 22 total_size 128 output_shape torch.Size([128])
layer /15 start_node /18 using full alpha [2, 9, 1, 51] with unstable size None total_size 9 output_shape 9
layer /17 using sparse-features alpha with shape [22]; unstable size 22; total size 128 ([1, 128])
layer /17 start_node /18 using full alpha [2, 9, 1, 22] with unstable size None total_size 9 output_shape 9
Optimizable variables initialized.
initial CROWN bounds (first 10 items): [11.971476554870605, 5.571872711181641, 7.5093889236450195, 17.64480209350586, 8.29326057434082, 16.429712295532227, 8.187007904052734, 6.864060401916504, 13.447909355163574]
Verified with initial CROWN!
verified with init bound!
Result: safe-incomplete in 0.3289 seconds

 %%%%%%%%%%%%%%%%%%%%%%%%%%%%%%%%%%% idx: 36, vnnlib ID: 36 %%%%%%%%%%%%%%%%%%%%%%%%%%%%%%%%%%%
Finished vnnlib processing in 0.010257 seconds
Model: BoundedModule(
  (/0): BoundInput(name=/0, inputs=[], perturbed=True)
  (/7): BoundParams(name=/7, inputs=[], perturbed=False)
  (/8): BoundParams(name=/8, inputs=[], perturbed=False)
  (/9): BoundParams(name=/9, inputs=[], perturbed=False)
  (/10): BoundParams(name=/10, inputs=[], perturbed=False)
  (/11): BoundParams(name=/11, inputs=[], perturbed=False)
  (/12): BoundParams(name=/12, inputs=[], perturbed=False)
  (/13): BoundFlatten(name=/13, inputs=[/0], perturbed=True)
  (/input): BoundLinear(name=/input, inputs=[/13, /7, /8], perturbed=True)
  (/15): BoundRelu(name=/15, inputs=[/input], perturbed=True)
  (/input-3): BoundLinear(name=/input-3, inputs=[/15, /9, /10], perturbed=True)
  (/17): BoundRelu(name=/17, inputs=[/input-3], perturbed=True)
  (/18): BoundLinear(name=/18, inputs=[/17, /11, /12], perturbed=True)
)
Original output in the first batch: tensor([[ -3.68291855,  -2.50812793,   6.60251570,   1.88244069, -11.02600002,
          -7.74139404, -16.33421898,  12.64391136,  -2.17385006,  -3.05781198]],
       device='cuda:0')
Split layers:
Nonlinear functions:
   BoundRelu(name=/15, inputs=[/input], perturbed=True)
   BoundRelu(name=/17, inputs=[/input-3], perturbed=True)
build batch [1/1]
layer /15 using sparse-features alpha with shape [63]; unstable size 63; total size 256 ([1, 256])
layer /15 start_node /input-3 using sparse-spec alpha [2, 29, 1, 63] with unstable size 28 total_size 128 output_shape torch.Size([128])
layer /15 start_node /18 using full alpha [2, 9, 1, 63] with unstable size None total_size 9 output_shape 9
layer /17 using sparse-features alpha with shape [28]; unstable size 28; total size 128 ([1, 128])
layer /17 start_node /18 using full alpha [2, 9, 1, 28] with unstable size None total_size 9 output_shape 9
Optimizable variables initialized.
initial CROWN bounds (first 10 items): [11.191710472106934, 11.547151565551758, 1.7502200603485107, 6.741147041320801, 19.76923179626465, 15.458731651306152, 22.33139419555664, 9.836886405944824, 11.688888549804688]
Verified with initial CROWN!
verified with init bound!
Result: safe-incomplete in 0.4301 seconds

 %%%%%%%%%%%%%%%%%%%%%%%%%%%%%%%%%%% idx: 37, vnnlib ID: 37 %%%%%%%%%%%%%%%%%%%%%%%%%%%%%%%%%%%
Finished vnnlib processing in 0.008279 seconds
Model: BoundedModule(
  (/0): BoundInput(name=/0, inputs=[], perturbed=True)
  (/7): BoundParams(name=/7, inputs=[], perturbed=False)
  (/8): BoundParams(name=/8, inputs=[], perturbed=False)
  (/9): BoundParams(name=/9, inputs=[], perturbed=False)
  (/10): BoundParams(name=/10, inputs=[], perturbed=False)
  (/11): BoundParams(name=/11, inputs=[], perturbed=False)
  (/12): BoundParams(name=/12, inputs=[], perturbed=False)
  (/13): BoundFlatten(name=/13, inputs=[/0], perturbed=True)
  (/input): BoundLinear(name=/input, inputs=[/13, /7, /8], perturbed=True)
  (/15): BoundRelu(name=/15, inputs=[/input], perturbed=True)
  (/input-3): BoundLinear(name=/input-3, inputs=[/15, /9, /10], perturbed=True)
  (/17): BoundRelu(name=/17, inputs=[/input-3], perturbed=True)
  (/18): BoundLinear(name=/18, inputs=[/17, /11, /12], perturbed=True)
)
Original output in the first batch: tensor([[-8.76312923,  7.78242683, -3.95182848, -1.30700624, -2.10708642,
         -5.38660240, -6.81557083, -0.11560158,  0.35173336, -3.80460358]],
       device='cuda:0')
Split layers:
Nonlinear functions:
   BoundRelu(name=/15, inputs=[/input], perturbed=True)
   BoundRelu(name=/17, inputs=[/input-3], perturbed=True)
build batch [1/1]
layer /15 using sparse-features alpha with shape [109]; unstable size 109; total size 256 ([1, 256])
layer /15 start_node /input-3 using sparse-spec alpha [2, 44, 1, 109] with unstable size 43 total_size 128 output_shape torch.Size([128])
layer /15 start_node /18 using full alpha [2, 9, 1, 109] with unstable size None total_size 9 output_shape 9
layer /17 using sparse-features alpha with shape [43]; unstable size 43; total size 128 ([1, 128])
layer /17 start_node /18 using full alpha [2, 9, 1, 43] with unstable size None total_size 9 output_shape 9
Optimizable variables initialized.
initial CROWN bounds (first 10 items): [11.046120643615723, 6.3629631996154785, 2.746633529663086, 4.974409103393555, 6.821585655212402, 8.996125221252441, 2.696904420852661, 2.1617136001586914, 5.625581741333008]
Verified with initial CROWN!
verified with init bound!
Result: safe-incomplete in 0.3405 seconds

 %%%%%%%%%%%%%%%%%%%%%%%%%%%%%%%%%%% idx: 38, vnnlib ID: 38 %%%%%%%%%%%%%%%%%%%%%%%%%%%%%%%%%%%
Finished vnnlib processing in 0.009825 seconds
Model: BoundedModule(
  (/0): BoundInput(name=/0, inputs=[], perturbed=True)
  (/7): BoundParams(name=/7, inputs=[], perturbed=False)
  (/8): BoundParams(name=/8, inputs=[], perturbed=False)
  (/9): BoundParams(name=/9, inputs=[], perturbed=False)
  (/10): BoundParams(name=/10, inputs=[], perturbed=False)
  (/11): BoundParams(name=/11, inputs=[], perturbed=False)
  (/12): BoundParams(name=/12, inputs=[], perturbed=False)
  (/13): BoundFlatten(name=/13, inputs=[/0], perturbed=True)
  (/input): BoundLinear(name=/input, inputs=[/13, /7, /8], perturbed=True)
  (/15): BoundRelu(name=/15, inputs=[/input], perturbed=True)
  (/input-3): BoundLinear(name=/input-3, inputs=[/15, /9, /10], perturbed=True)
  (/17): BoundRelu(name=/17, inputs=[/input-3], perturbed=True)
  (/18): BoundLinear(name=/18, inputs=[/17, /11, /12], perturbed=True)
)
Original output in the first batch: tensor([[ -0.65643567,  -0.74275857,   6.16733408,   4.05249262, -10.24116993,
          -2.03996253,  -5.41626453,  -4.06439161,   0.07571343,  -7.33146572]],
       device='cuda:0')
Split layers:
Nonlinear functions:
   BoundRelu(name=/15, inputs=[/input], perturbed=True)
   BoundRelu(name=/17, inputs=[/input-3], perturbed=True)
build batch [1/1]
layer /15 using sparse-features alpha with shape [76]; unstable size 76; total size 256 ([1, 256])
layer /15 start_node /input-3 using sparse-spec alpha [2, 31, 1, 76] with unstable size 30 total_size 128 output_shape torch.Size([128])
layer /15 start_node /18 using full alpha [2, 9, 1, 76] with unstable size None total_size 9 output_shape 9
layer /17 using sparse-features alpha with shape [30]; unstable size 30; total size 128 ([1, 128])
layer /17 start_node /18 using full alpha [2, 9, 1, 30] with unstable size None total_size 9 output_shape 9
Optimizable variables initialized.
initial CROWN bounds (first 10 items): [2.433427572250366, 3.160892963409424, -3.031301259994507, 11.609807968139648, 1.6598234176635742, 6.541550159454346, 6.8554301261901855, 1.3015637397766113, 7.1722412109375]
prune_after_crown optimization in use
  original spec size = torch.Size([1, 9])
  pruned spec size = torch.Size([1, 1])
Using alpha-CROWN to initialize bounds.
Early stop at 79th iter due to 10 iterations no improvement!
best_l after optimization: -3.0186948776245117
alpha/beta optimization time: 2.2880356311798096
initial alpha-crown bounds (first 10 items): [-3.0186948776245117]
Global lower bound: -3.0186948776245117
torch.Size([1, 1])
8 / 9 OR specs are verified.
Verified OR indices (first 10 items): [0, 1, 3, 4, 5, 6, 7, 8]
Verified OR lbs (first 10 items): [[inf], [inf], [inf], [inf], [inf], [inf], [inf], [inf]]
Unverified OR indices (first 10 items): [2]
Unverified OR lbs (first 10 items): [[-3.0186948776245117]]
###### Verifying property Instance 38 ######
Batch size: 1
First 10 spec matrices
C: tensor([[[ 0.,  0.,  1., -1.,  0.,  0.,  0.,  0.,  0.,  0.]]], device='cuda:0')
RHS: tensor([[0.]], device='cuda:0')
OR spec sizes: tensor([1], device='cuda:0', dtype=torch.int32)
Remaining timeout: 27.257301092147827
Model prediction is: tensor([ -0.65643567,  -0.74275857,   6.16733408,   4.05249262, -10.24116993,
         -2.03996253,  -5.41626453,  -4.06439161,   0.07571343,  -7.33146572],
       device='cuda:0')
Activation BaB batch 1/1 
build_with_refined_bounds batch [1/1]
Optimizable variables initialized.
all alpha initialized
directly get lb and ub from refined bounds
c shape: torch.Size([1, 1, 10])
lA shapes: [torch.Size([1, 1, 256]), torch.Size([1, 1, 128])]
torch.Size([1, 1])
(alpha-)CROWN with fixed intermediate bounds: tensor([[-3.01869488]], device='cuda:0') tensor([[inf]], device='cuda:0')
Intermediate layers: /input,/input-3
Keeping alphas for these layers: ['/18']
Node /15 input 0: size torch.Size([256]) unstable 76
Node /17 input 0: size torch.Size([128]) unstable 30
-----------------
# of unstable neurons: 106
-----------------

BaB round 1
batch: 1
splitting decisions: 
split level 0: [/input, 108] 
split level 1: [/input, 48] 
split level 2: [/input, 122] 
split level 3: [/input, 190] 
split level 4: [/input-3, 21] 
split level 5: [/input-3, 85] 
best_l after optimization: -90.16593933105469
beta sum per layer: [109.14753723144531, 83.7135238647461]
alpha/beta optimization time: 0.6298661231994629
pruning_in_iteration open status: False
ratio of positive domain = 0 / 64 = 0.0
pruning-in-iteration extra time: 0.00041675567626953125
torch.Size([64, 1])
Time: prepare 0.0033    bound 0.6312    transfer 0.0014    finalize 0.0059    func 0.6419    
Accumulated time: func 0.6419    prepare 0.0127    bound 0.6312    transfer 0.0014    finalize 0.0059    
max lb tensor(-0.69226742) min lb tensor(-2.40358186)
Number of Verified Splits: 0 of 64
Current worst splitting domains lb-rhs (depth):
-2.40358 (6), -2.40013 (6), -2.33463 (6), -2.32414 (6), -2.22423 (6), -2.20147 (6), -2.20139 (6), -2.19366 (6), -2.19133 (6), -2.14418 (6), -2.11845 (6), -2.04044 (6), -1.99289 (6), -1.96333 (6), -1.93382 (6), -1.89500 (6), -1.57025 (6), -1.56594 (6), -1.52923 (6), -1.52832 (6), 
Length of domains: 64
Current (lb-rhs): -2.4035818576812744
64 domains visited
Time: pickout 0.0014    decision 0.0670    set_bounds 0.0048    solve 0.6426    add 0.0109    
Accumulated time: pickout 0.0014    decision 0.0670    set_bounds 0.0048    solve 0.6426    add 0.0109    
Cumulative time: 0.7634658813476562

BaB round 2
batch: 64
splitting decisions: 
split level 0: [/input, 30] [/input, 30] [/input, 30] [/input, 30] [/input, 30] [/input, 30] [/input, 30] [/input, 30] [/input, 30] [/input, 30] 
best_l after optimization: -141.88795471191406
beta sum per layer: [410.6802673339844, 242.75497436523438]
alpha/beta optimization time: 0.7236740589141846
pruning_in_iteration open status: False
ratio of positive domain = 4 / 128 = 0.03125
pruning-in-iteration extra time: 0.00038909912109375
torch.Size([128, 1])
Time: prepare 0.0059    bound 0.7250    transfer 0.0012    finalize 0.0053    func 0.7374    
Accumulated time: func 1.3793    prepare 0.0256    bound 1.3562    transfer 0.0026    finalize 0.0112    
max lb tensor(0.04514098) min lb tensor(-2.34000969)
Number of Verified Splits: 4 of 128
Current worst splitting domains lb-rhs (depth):
-2.34001 (7), -2.33762 (7), -2.26685 (7), -2.25796 (7), -2.19842 (7), -2.15360 (7), -2.14008 (7), -2.13963 (7), -2.12659 (7), -2.12619 (7), -2.11752 (7), -2.11704 (7), -2.04898 (7), -2.04695 (7), -2.04424 (7), -2.03772 (7), -2.03468 (7), -2.01303 (7), -2.00694 (7), -1.95134 (7), 
Length of domains: 124
Current (lb-rhs): -2.3400096893310547
192 domains visited
Time: pickout 0.0159    decision 0.0950    set_bounds 0.0054    solve 0.7382    add 0.0029    
Accumulated time: pickout 0.0174    decision 0.1620    set_bounds 0.0102    solve 1.3808    add 0.0138    
Cumulative time: 1.6212432384490967

BaB round 3
batch: 124
splitting decisions: 
split level 0: [/input, 146] [/input, 146] [/input, 146] [/input, 146] [/input, 146] [/input, 146] [/input, 146] [/input, 146] [/input, 146] [/input, 146] 
best_l after optimization: -225.19517517089844
beta sum per layer: [1147.984619140625, 490.16839599609375]
alpha/beta optimization time: 0.5454397201538086
pruning_in_iteration open status: False
ratio of positive domain = 18 / 248 = 0.07258064516129037
pruning-in-iteration extra time: 0.0001499652862548828
torch.Size([248, 1])
Time: prepare 0.0065    bound 0.5466    transfer 0.0003    finalize 0.0024    func 0.5559    
Accumulated time: func 1.9352    prepare 0.0410    bound 1.9027    transfer 0.0029    finalize 0.0136    
max lb tensor(0.09822869) min lb tensor(-2.27920222)
Number of Verified Splits: 18 of 248
Current worst splitting domains lb-rhs (depth):
-2.27920 (8), -2.27820 (8), -2.27429 (8), -2.20588 (8), -2.20586 (8), -2.19426 (8), -2.13751 (8), -2.12340 (8), -2.09570 (8), -2.09077 (8), -2.08014 (8), -2.07206 (8), -2.06710 (8), -2.06524 (8), -2.06360 (8), -2.06121 (8), -2.05670 (8), -2.05639 (8), -2.05353 (8), -2.05226 (8), 
Length of domains: 230
Current (lb-rhs): -2.2792022228240967
440 domains visited
Time: pickout 0.0197    decision 0.1438    set_bounds 0.0070    solve 0.5566    add 0.0015    
Accumulated time: pickout 0.0370    decision 0.3058    set_bounds 0.0172    solve 1.9374    add 0.0153    
Cumulative time: 2.3501923084259033

BaB round 4
batch: 230
splitting decisions: 
split level 0: [/input, 35] [/input, 35] [/input, 35] [/input, 35] [/input, 234] [/input, 234] [/input, 234] [/input, 234] [/input, 35] [/input, 35] 
best_l after optimization: -349.1706237792969
beta sum per layer: [2766.42626953125, 929.028076171875]
alpha/beta optimization time: 0.453643798828125
pruning_in_iteration open status: False
ratio of positive domain = 87 / 460 = 0.18913043478260871
pruning-in-iteration extra time: 0.00012421607971191406
torch.Size([460, 1])
Time: prepare 0.0110    bound 0.4551    transfer 0.0004    finalize 0.0034    func 0.4699    
Accumulated time: func 2.4051    prepare 0.0537    bound 2.3578    transfer 0.0033    finalize 0.0170    
max lb tensor(0.26091576) min lb tensor(-2.21975708)
Number of Verified Splits: 87 of 460
Current worst splitting domains lb-rhs (depth):
-2.21976 (9), -2.21882 (9), -2.21382 (9), -2.21097 (9), -2.14762 (9), -2.14728 (9), -2.13374 (9), -2.13174 (9), -2.10228 (9), -2.08090 (9), -2.05786 (9), -2.03773 (9), -2.03765 (9), -2.03092 (9), -2.03056 (9), -2.02546 (9), -2.01699 (9), -2.01061 (9), -2.00670 (9), -2.00593 (9), 
Length of domains: 373
Current (lb-rhs): -2.219757080078125
900 domains visited
Time: pickout 0.0321    decision 0.0543    set_bounds 0.0128    solve 0.4708    add 0.0013    
Accumulated time: pickout 0.0692    decision 0.3602    set_bounds 0.0300    solve 2.4082    add 0.0166    
Cumulative time: 2.9222893714904785

BaB round 5
batch: 373
splitting decisions: 
split level 0: [/input-3, 27] [/input-3, 27] [/input-3, 27] [/input-3, 27] [/input, 222] [/input, 222] [/input, 35] [/input, 222] [/input-3, 27] [/input, 234] 
best_l after optimization: -546.94873046875
beta sum per layer: [5108.5654296875, 1422.924072265625]
alpha/beta optimization time: 0.49448299407958984
pruning_in_iteration open status: False
ratio of positive domain = 133 / 746 = 0.17828418230563003
pruning-in-iteration extra time: 0.00011205673217773438
torch.Size([746, 1])
Time: prepare 0.0169    bound 0.4956    transfer 0.0006    finalize 0.0056    func 0.5188    
Accumulated time: func 2.9239    prepare 0.0725    bound 2.8534    transfer 0.0039    finalize 0.0226    
max lb tensor(0.27043533) min lb tensor(-2.16121244)
Number of Verified Splits: 133 of 746
Current worst splitting domains lb-rhs (depth):
-2.16121 (10), -2.16071 (10), -2.15488 (10), -2.15150 (10), -2.08963 (10), -2.08915 (10), -2.07453 (10), -2.07244 (10), -2.04455 (10), -2.04266 (10), -2.03683 (10), -2.02295 (10), -2.01987 (10), -1.99998 (10), -1.97884 (10), -1.97508 (10), -1.97450 (10), -1.97062 (10), -1.96733 (10), -1.96589 (10), 
Length of domains: 613
Current (lb-rhs): -2.16121244430542
1646 domains visited
Time: pickout 0.0460    decision 0.0736    set_bounds 0.0186    solve 0.5196    add 0.0024    
Accumulated time: pickout 0.1152    decision 0.4338    set_bounds 0.0486    solve 2.9278    add 0.0190    
Cumulative time: 3.5831940174102783

BaB round 6
batch: 613
splitting decisions: 
split level 0: [/input, 234] [/input, 234] [/input, 234] [/input, 234] [/input-3, 27] [/input, 35] [/input, 222] [/input, 35] [/input, 234] [/input-3, 27] 
best_l after optimization: -870.329345703125
beta sum per layer: [10019.5087890625, 2228.069580078125]
alpha/beta optimization time: 0.6161201000213623
pruning_in_iteration open status: False
ratio of positive domain = 163 / 1226 = 0.13295269168026103
pruning-in-iteration extra time: 0.000141143798828125
torch.Size([1226, 1])
Time: prepare 0.0287    bound 0.6174    transfer 0.0009    finalize 0.0089    func 0.6572    
Accumulated time: func 3.5811    prepare 0.1031    bound 3.4708    transfer 0.0048    finalize 0.0315    
max lb tensor(0.21803617) min lb tensor(-2.10827613)
Number of Verified Splits: 163 of 1226
Current worst splitting domains lb-rhs (depth):
-2.10828 (11), -2.10766 (11), -2.10730 (11), -2.10686 (11), -2.10125 (11), -2.10123 (11), -2.09790 (11), -2.09764 (11), -2.04046 (11), -2.03896 (11), -2.02948 (11), -2.02784 (11), -2.02489 (11), -2.02137 (11), -2.01260 (11), -2.01201 (11), -1.98682 (11), -1.98330 (11), -1.98296 (11), -1.97990 (11), 
Length of domains: 1063
Current (lb-rhs): -2.108276128768921
2872 domains visited
Time: pickout 0.0729    decision 0.1146    set_bounds 0.0319    solve 0.6592    add 0.0062    
Accumulated time: pickout 0.1880    decision 0.5484    set_bounds 0.0805    solve 3.5870    add 0.0252    
Cumulative time: 4.469228029251099

BaB round 7
batch: 1024
splitting decisions: 
split level 0: [/input-3, 117] [/input-3, 117] [/input-3, 117] [/input-3, 117] [/input-3, 117] [/input-3, 117] [/input-3, 117] [/input-3, 117] [/input-3, 27] [/input-3, 27] 
best_l after optimization: -1294.856201171875
beta sum per layer: [18236.6015625, 4053.018310546875]
alpha/beta optimization time: 0.455280065536499
pruning_in_iteration open status: False
ratio of positive domain = 407 / 2048 = 0.19873046875
pruning-in-iteration extra time: 0.0001342296600341797
torch.Size([2048, 1])
Time: prepare 0.0460    bound 0.4564    transfer 0.0024    finalize 0.0168    func 0.5225    
Accumulated time: func 4.1036    prepare 0.1519    bound 3.9272    transfer 0.0073    finalize 0.0483    
max lb tensor(0.20225596) min lb tensor(-2.06280708)
Number of Verified Splits: 407 of 2048
Current worst splitting domains lb-rhs (depth):
-2.06281 (12), -2.06199 (12), -2.06191 (12), -2.06142 (12), -2.05492 (12), -2.05482 (12), -2.05157 (12), -2.05143 (12), -1.99780 (12), -1.99540 (12), -1.99202 (12), -1.99122 (12), -1.99100 (12), -1.99064 (12), -1.99017 (12), -1.99015 (12), -1.98996 (12), -1.98931 (12), -1.98463 (12), -1.98374 (12), 
Length of domains: 1680
Current (lb-rhs): -2.062807083129883
4920 domains visited
Time: pickout 0.1232    decision 0.1753    set_bounds 0.0487    solve 0.5247    add 0.0036    
Accumulated time: pickout 0.3113    decision 0.7236    set_bounds 0.1292    solve 4.1117    add 0.0287    
current_vram/total_varm: 0.2GB/8.6GB, batch_size increase to 2048
Cumulative time: 5.34808611869812

BaB round 8
batch: 1680
splitting decisions: 
split level 0: [/input-3, 117] [/input-3, 117] [/input-3, 117] [/input-3, 117] [/input, 208] [/input, 208] [/input, 208] [/input-3, 117] [/input, 229] [/input-3, 117] 
best_l after optimization: -2041.1241455078125
beta sum per layer: [32017.283203125, 7585.244140625]
alpha/beta optimization time: 0.4537191390991211
pruning_in_iteration open status: False
ratio of positive domain = 575 / 3360 = 0.17113095238095233
pruning-in-iteration extra time: 0.00011873245239257812
torch.Size([3360, 1])
Time: prepare 0.0736    bound 0.4548    transfer 0.0013    finalize 0.0218    func 0.5518    
Accumulated time: func 4.6554    prepare 0.2313    bound 4.3820    transfer 0.0085    finalize 0.0701    
max lb tensor(0.27768302) min lb tensor(-2.01974082)
Number of Verified Splits: 575 of 3360
Current worst splitting domains lb-rhs (depth):
-2.01974 (13), -2.01923 (13), -2.01921 (13), -2.01876 (13), -2.01258 (13), -2.01257 (13), -2.00910 (13), -2.00864 (13), -1.95489 (13), -1.95332 (13), -1.95014 (13), -1.94981 (13), -1.94976 (13), -1.94870 (13), -1.94845 (13), -1.94813 (13), -1.94794 (13), -1.94731 (13), -1.94358 (13), -1.94188 (13), 
Length of domains: 2785
Current (lb-rhs): -2.0197408199310303
8280 domains visited
Time: pickout 0.2028    decision 0.2722    set_bounds 0.0812    solve 0.5537    add 0.0111    
Accumulated time: pickout 0.5141    decision 0.9958    set_bounds 0.2103    solve 4.6654    add 0.0398    
Cumulative time: 6.472249507904053

BaB round 9
batch: 2048
splitting decisions: 
split level 0: [/input-3, 117] [/input-3, 117] [/input-3, 117] [/input, 77] [/input, 35] [/input, 77] [/input, 77] [/input, 222] [/input, 25] [/input, 120] 
best_l after optimization: -2164.575439453125
beta sum per layer: [42099.734375, 10579.111328125]
alpha/beta optimization time: 0.5820150375366211
pruning_in_iteration open status: True
ratio of positive domain = 967 / 4096 = 0.236083984375
pruning-in-iteration extra time: 0.014218807220458984
torch.Size([4096, 1])
Time: prepare 0.0967    bound 0.5832    transfer 0.0038    finalize 0.0282    func 0.7122    
Accumulated time: func 5.3676    prepare 0.3334    bound 4.9652    transfer 0.0123    finalize 0.0983    
max lb tensor(0.00495332) min lb tensor(-1.97926974)
Number of Verified Splits: 967 of 4096
Current worst splitting domains lb-rhs (depth):
-1.97927 (14), -1.97919 (14), -1.97851 (14), -1.97832 (14), -1.97269 (14), -1.97257 (14), -1.96841 (14), -1.96742 (14), -1.91489 (14), -1.91273 (14), -1.90936 (14), -1.90810 (14), -1.90729 (14), -1.90654 (14), -1.90632 (14), -1.90608 (14), -1.90598 (14), -1.90515 (14), -1.90209 (14), -1.90093 (14), 
Length of domains: 3866
Current (lb-rhs): -1.9792697429656982
12376 domains visited
Time: pickout 0.2309    decision 0.4027    set_bounds 0.1063    solve 0.7141    add 0.0048    
Accumulated time: pickout 0.7450    decision 1.3985    set_bounds 0.3166    solve 5.3795    add 0.0447    
current_vram/total_varm: 0.5GB/8.6GB, batch_size increase to 4096
Cumulative time: 7.935781717300415

BaB round 10
batch: 3866
splitting decisions: 
split level 0: [/input, 222] [/input, 222] [/input, 222] [/input, 222] [/input, 229] [/input, 229] [/input, 229] [/input, 222] [/input-3, 117] [/input, 222] 
best_l after optimization: -3866.2353515625
beta sum per layer: [81424.484375, 22244.64453125]
alpha/beta optimization time: 0.7423686981201172
pruning_in_iteration open status: True
ratio of positive domain = 1913 / 7732 = 0.24741334712881535
pruning-in-iteration extra time: 0.015340566635131836
torch.Size([7732, 1])
Time: prepare 0.1674    bound 0.7436    transfer 0.0123    finalize 0.0582    func 0.9823    
Accumulated time: func 6.3498    prepare 0.5111    bound 5.7087    transfer 0.0246    finalize 0.1565    
max lb tensor(0.00366569) min lb tensor(-1.94337368)
Number of Verified Splits: 1913 of 7732
Current worst splitting domains lb-rhs (depth):
-1.94337 (15), -1.94291 (15), -1.94284 (15), -1.94217 (15), -1.93574 (15), -1.93562 (15), -1.93198 (15), -1.93106 (15), -1.87912 (15), -1.87688 (15), -1.87161 (15), -1.87117 (15), -1.87052 (15), -1.86964 (15), -1.86920 (15), -1.86919 (15), -1.86866 (15), -1.86803 (15), -1.86604 (15), -1.86472 (15), 
Length of domains: 5819
Current (lb-rhs): -1.943373680114746
20108 domains visited
Time: pickout 0.4449    decision 0.5667    set_bounds 0.2917    solve 0.9850    add 0.0153    
Accumulated time: pickout 1.1899    decision 1.9652    set_bounds 0.6083    solve 6.3645    add 0.0600    
Cumulative time: 10.25108790397644

BaB round 11
batch: 4096
splitting decisions: 
split level 0: [/input, 125] [/input, 87] [/input, 87] [/input, 146] [/input, 125] [/input, 125] [/input, 62] [/input, 62] [/input, 87] [/input, 208] 
best_l after optimization: -3672.678955078125
beta sum per layer: [93998.96875, 23322.880859375]
alpha/beta optimization time: 0.689765214920044
pruning_in_iteration open status: True
ratio of positive domain = 2087 / 8192 = 0.2547607421875
pruning-in-iteration extra time: 0.015929698944091797
torch.Size([8192, 1])
Time: prepare 0.1704    bound 0.6909    transfer 0.0036    finalize 0.0550    func 0.9211    
Accumulated time: func 7.2709    prepare 0.6907    bound 6.3997    transfer 0.0281    finalize 0.2115    
max lb tensor(0.00490689) min lb tensor(-1.84277046)
Number of Verified Splits: 2087 of 8192
Current worst splitting domains lb-rhs (depth):
-1.94337 (15), -1.94291 (15), -1.94284 (15), -1.94217 (15), -1.93574 (15), -1.93562 (15), -1.93198 (15), -1.93106 (15), -1.87912 (15), -1.87688 (15), -1.87161 (15), -1.87117 (15), -1.86964 (15), -1.86803 (15), -1.86604 (15), -1.86472 (15), -1.86315 (15), -1.86147 (15), -1.85067 (15), -1.84977 (15), 
Length of domains: 7828
Current (lb-rhs): -1.943373680114746
28300 domains visited
Time: pickout 0.4571    decision 0.5907    set_bounds 0.3162    solve 0.9248    add 0.0104    
Accumulated time: pickout 1.6470    decision 2.5559    set_bounds 0.9245    solve 7.2893    add 0.0703    
current_vram/total_varm: 1.1GB/8.6GB, batch_size increase to 8192
Cumulative time: 12.560063600540161

BaB round 12
batch: 7828
splitting decisions: 
split level 0: [/input, 208] [/input, 208] [/input, 34] [/input, 208] [/input-3, 117] [/input, 208] [/input, 222] [/input, 234] [/input, 222] [/input, 34] 
best_l after optimization: -6434.98291015625
beta sum per layer: [187007.34375, 48359.2734375]
alpha/beta optimization time: 1.3274290561676025
pruning_in_iteration open status: True
ratio of positive domain = 3921 / 15656 = 0.25044711292795097
pruning-in-iteration extra time: 0.01736617088317871
torch.Size([15656, 1])
Time: prepare 0.3329    bound 1.3286    transfer 0.0155    finalize 0.2287    func 1.9070    
Accumulated time: func 9.1779    prepare 1.0419    bound 7.7282    transfer 0.0437    finalize 0.4402    
max lb tensor(0.00468445) min lb tensor(-1.91424608)
Number of Verified Splits: 3921 of 15656
Current worst splitting domains lb-rhs (depth):
-1.91425 (16), -1.91422 (16), -1.91380 (16), -1.91376 (16), -1.90685 (16), -1.90676 (16), -1.90364 (16), -1.90278 (16), -1.84971 (16), -1.84822 (16), -1.84375 (16), -1.84342 (16), -1.84194 (16), -1.84020 (16), -1.83769 (16), -1.83692 (16), -1.83515 (16), -1.83415 (16), -1.82275 (16), -1.82170 (16), 
Length of domains: 11735
Current (lb-rhs): -1.9142460823059082
43956 domains visited
Time: pickout 0.8701    decision 1.2821    set_bounds 0.3905    solve 1.9116    add 0.0273    
Accumulated time: pickout 2.5170    decision 3.8380    set_bounds 1.3150    solve 9.2008    add 0.0976    
Cumulative time: 17.060824394226074

BaB round 13
batch: 8192
splitting decisions: 
split level 0: [/input-3, 118] [/input-3, 118] [/input, 234] [/input, 222] [/input-3, 118] [/input-3, 118] [/input-3, 118] [/input, 234] [/input, 234] [/input-3, 118] 
best_l after optimization: -4392.0205078125
beta sum per layer: [207896.90625, 48413.30859375]
alpha/beta optimization time: -1.1418135166168213
pruning_in_iteration open status: True
ratio of positive domain = 6225 / 16384 = 0.37994384765625
pruning-in-iteration extra time: 0.026513338088989258
torch.Size([16384, 1])
Time: prepare 0.3480    bound -1.1406    transfer 0.0045    finalize 0.0872    func -0.6994    
Accumulated time: func 8.4785    prepare 1.4073    bound 6.5876    transfer 0.0482    finalize 0.5274    
max lb tensor(0.00672972) min lb tensor(-1.76169419)
Number of Verified Splits: 6225 of 16384
Current worst splitting domains lb-rhs (depth):
-1.91425 (16), -1.91422 (16), -1.91380 (16), -1.91376 (16), -1.90685 (16), -1.90676 (16), -1.90364 (16), -1.90278 (16), -1.84971 (16), -1.84822 (16), -1.84375 (16), -1.84342 (16), -1.84194 (16), -1.84020 (16), -1.83769 (16), -1.83692 (16), -1.83515 (16), -1.83415 (16), -1.82275 (16), -1.82170 (16), 
Length of domains: 13702
Current (lb-rhs): -1.9142460823059082
60340 domains visited
Time: pickout 0.8872    decision 1.3692    set_bounds 0.3837    solve -0.6949    add 0.0102    
Accumulated time: pickout 3.4042    decision 5.2072    set_bounds 1.6987    solve 8.5059    add 0.1077    
current_vram/total_varm: 2.3GB/8.6GB, batch_size increase to 16384
Cumulative time: 19.04427433013916

BaB round 14
batch: 13702
splitting decisions: 
split level 0: [/input, 34] [/input, 34] [/input, 208] [/input, 207] [/input, 207] [/input, 208] [/input, 208] [/input, 208] [/input, 150] [/input, 54] 
best_l after optimization: -7767.84765625
beta sum per layer: [337264.9375, 87142.9921875]
alpha/beta optimization time: 2.048124074935913
pruning_in_iteration open status: True
ratio of positive domain = 10494 / 27404 = 0.3829367975478032
pruning-in-iteration extra time: 0.03121209144592285
torch.Size([27404, 1])
Time: prepare 0.6024    bound 2.0494    transfer 0.0068    finalize 0.1775    func 2.8386    
Accumulated time: func 11.3171    prepare 2.0376    bound 8.6370    transfer 0.0550    finalize 0.7048    
max lb tensor(0.00595760) min lb tensor(-1.87293959)
Number of Verified Splits: 10494 of 27404
Current worst splitting domains lb-rhs (depth):
-1.87294 (17), -1.87218 (17), -1.87167 (17), -1.87133 (17), -1.86599 (17), -1.86549 (17), -1.86539 (17), -1.86327 (17), -1.86327 (17), -1.86259 (17), -1.86210 (17), -1.86110 (17), -1.85550 (17), -1.85286 (17), -1.85188 (17), -1.85013 (17), -1.80589 (17), -1.80436 (17), -1.80263 (17), -1.80253 (17), 
Length of domains: 16910
Current (lb-rhs): -1.8729395866394043
87744 domains visited
Time: pickout 1.6239    decision 2.3658    set_bounds 0.8212    solve 2.8459    add 0.0300    
Accumulated time: pickout 5.0281    decision 7.5729    set_bounds 2.5200    solve 11.3518    add 0.1378    
Cumulative time: 26.781583309173584

BaB round 15
batch: 16384
splitting decisions: 
split level 0: [/input, 25] [/input, 6] [/input-3, 59] [/input-3, 59] [/input, 146] [/input-3, 59] [/input, 241] [/input-3, 59] [/input, 77] [/input-3, 118] 
best_l after optimization: -7948.22265625
beta sum per layer: [393770.90625, 108880.921875]
alpha/beta optimization time: 2.7243099212646484
pruning_in_iteration open status: True
ratio of positive domain = 14026 / 32768 = 0.42803955078125
pruning-in-iteration extra time: 0.04565882682800293
torch.Size([32768, 1])
Time: prepare 0.9665    bound 2.7278    transfer 0.0791    finalize 0.5398    func 4.3167    
Accumulated time: func 15.6338    prepare 3.1196    bound 11.3648    transfer 0.1341    finalize 1.2446    
max lb tensor(0.00704288) min lb tensor(-1.84420991)
Number of Verified Splits: 14026 of 32768
Current worst splitting domains lb-rhs (depth):
-1.84421 (18), -1.84411 (18), -1.84310 (18), -1.84263 (18), -1.83807 (18), -1.83696 (18), -1.83664 (18), -1.83428 (18), -1.83427 (18), -1.83353 (18), -1.83339 (18), -1.83212 (18), -1.82682 (18), -1.82379 (18), -1.82279 (18), -1.82061 (18), -1.80589 (17), -1.80436 (17), -1.79079 (17), -1.77509 (18), 
Length of domains: 19268
Current (lb-rhs): -1.844209909439087
120512 domains visited
Time: pickout 2.0448    decision 3.0864    set_bounds 3.1681    solve 4.3299    add 0.0710    
Accumulated time: pickout 7.0729    decision 10.6594    set_bounds 5.6880    solve 15.6817    add 0.2088    
Time out!!!!!!!!
Result: unknown in 42.4027 seconds

 %%%%%%%%%%%%%%%%%%%%%%%%%%%%%%%%%%% idx: 39, vnnlib ID: 39 %%%%%%%%%%%%%%%%%%%%%%%%%%%%%%%%%%%
Finished vnnlib processing in 0.005513 seconds
Model: BoundedModule(
  (/0): BoundInput(name=/0, inputs=[], perturbed=True)
  (/7): BoundParams(name=/7, inputs=[], perturbed=False)
  (/8): BoundParams(name=/8, inputs=[], perturbed=False)
  (/9): BoundParams(name=/9, inputs=[], perturbed=False)
  (/10): BoundParams(name=/10, inputs=[], perturbed=False)
  (/11): BoundParams(name=/11, inputs=[], perturbed=False)
  (/12): BoundParams(name=/12, inputs=[], perturbed=False)
  (/13): BoundFlatten(name=/13, inputs=[/0], perturbed=True)
  (/input): BoundLinear(name=/input, inputs=[/13, /7, /8], perturbed=True)
  (/15): BoundRelu(name=/15, inputs=[/input], perturbed=True)
  (/input-3): BoundLinear(name=/input-3, inputs=[/15, /9, /10], perturbed=True)
  (/17): BoundRelu(name=/17, inputs=[/input-3], perturbed=True)
  (/18): BoundLinear(name=/18, inputs=[/17, /11, /12], perturbed=True)
)
Original output in the first batch: tensor([[-6.37926388,  9.43506145, -4.49494171, -2.27716208, -1.29400980,
         -8.23237324, -8.28027916, -0.55537385, -2.10936117, -3.60750818]],
       device='cuda:0')
Split layers:
Nonlinear functions:
   BoundRelu(name=/15, inputs=[/input], perturbed=True)
   BoundRelu(name=/17, inputs=[/input-3], perturbed=True)
build batch [1/1]
layer /15 using sparse-features alpha with shape [87]; unstable size 87; total size 256 ([1, 256])
layer /15 start_node /input-3 using sparse-spec alpha [2, 42, 1, 87] with unstable size 41 total_size 128 output_shape torch.Size([128])
layer /15 start_node /18 using full alpha [2, 9, 1, 87] with unstable size None total_size 9 output_shape 9
layer /17 using sparse-features alpha with shape [41]; unstable size 41; total size 128 ([1, 128])
layer /17 start_node /18 using full alpha [2, 9, 1, 41] with unstable size None total_size 9 output_shape 9
Optimizable variables initialized.
initial CROWN bounds (first 10 items): [10.391410827636719, 7.892432689666748, 4.737631797790527, 5.604632377624512, 10.953718185424805, 12.803961753845215, 4.387755870819092, 5.648702621459961, 6.678709506988525]
Verified with initial CROWN!
verified with init bound!
Result: safe-incomplete in 0.1779 seconds

 %%%%%%%%%%%%%%%%%%%%%%%%%%%%%%%%%%% idx: 40, vnnlib ID: 40 %%%%%%%%%%%%%%%%%%%%%%%%%%%%%%%%%%%
Finished vnnlib processing in 0.003696 seconds
Model: BoundedModule(
  (/0): BoundInput(name=/0, inputs=[], perturbed=True)
  (/7): BoundParams(name=/7, inputs=[], perturbed=False)
  (/8): BoundParams(name=/8, inputs=[], perturbed=False)
  (/9): BoundParams(name=/9, inputs=[], perturbed=False)
  (/10): BoundParams(name=/10, inputs=[], perturbed=False)
  (/11): BoundParams(name=/11, inputs=[], perturbed=False)
  (/12): BoundParams(name=/12, inputs=[], perturbed=False)
  (/13): BoundFlatten(name=/13, inputs=[/0], perturbed=True)
  (/input): BoundLinear(name=/input, inputs=[/13, /7, /8], perturbed=True)
  (/15): BoundRelu(name=/15, inputs=[/input], perturbed=True)
  (/input-3): BoundLinear(name=/input-3, inputs=[/15, /9, /10], perturbed=True)
  (/17): BoundRelu(name=/17, inputs=[/input-3], perturbed=True)
  (/18): BoundLinear(name=/18, inputs=[/17, /11, /12], perturbed=True)
)
Original output in the first batch: tensor([[-5.90523911,  5.78103161, -1.39997387, -0.79169148, -2.79421067,
         -3.05146456, -4.86098957,  0.32691222, -0.68405569, -2.46481323]],
       device='cuda:0')
Split layers:
Nonlinear functions:
   BoundRelu(name=/15, inputs=[/input], perturbed=True)
   BoundRelu(name=/17, inputs=[/input-3], perturbed=True)
build batch [1/1]
layer /15 using sparse-features alpha with shape [131]; unstable size 131; total size 256 ([1, 256])
layer /15 start_node /input-3 using sparse-spec alpha [2, 76, 1, 131] with unstable size 75 total_size 128 output_shape torch.Size([128])
layer /15 start_node /18 using full alpha [2, 9, 1, 131] with unstable size None total_size 9 output_shape 9
layer /17 using sparse-features alpha with shape [75]; unstable size 75; total size 128 ([1, 128])
layer /17 start_node /18 using full alpha [2, 9, 1, 75] with unstable size None total_size 9 output_shape 9
Optimizable variables initialized.
initial CROWN bounds (first 10 items): [4.6697678565979, 0.6241412162780762, -0.9089112281799316, 2.40818452835083, 1.2379474639892578, 3.6777310371398926, -0.9209158420562744, -0.23763322830200195, 0.9067225456237793]
prune_after_crown optimization in use
  original spec size = torch.Size([1, 9])
  pruned spec size = torch.Size([1, 3])
Using alpha-CROWN to initialize bounds.
best_l after optimization: -1.3498919010162354
alpha/beta optimization time: 2.0805282592773438
initial alpha-crown bounds (first 10 items): [-0.6819868087768555, -0.6337826251983643, -0.034122467041015625]
Global lower bound: -0.6819868087768555
torch.Size([1, 3])
6 / 9 OR specs are verified.
Verified OR indices (first 10 items): [0, 1, 3, 4, 5, 8]
Verified OR lbs (first 10 items): [[inf], [inf], [inf], [inf], [inf], [inf]]
Unverified OR indices (first 10 items): [2, 6, 7]
Unverified OR lbs (first 10 items): [[-0.6819868087768555], [-0.6337826251983643], [-0.034122467041015625]]
###### Verifying property Instance 40 ######
Batch size: 3
First 10 spec matrices
C: tensor([[[ 0.,  1.,  0., -1.,  0.,  0.,  0.,  0.,  0.,  0.]],

        [[ 0.,  1.,  0.,  0.,  0.,  0.,  0., -1.,  0.,  0.]],

        [[ 0.,  1.,  0.,  0.,  0.,  0.,  0.,  0., -1.,  0.]]], device='cuda:0')
RHS: tensor([[0.],
        [0.],
        [0.]], device='cuda:0')
OR spec sizes: tensor([1, 1, 1], device='cuda:0', dtype=torch.int32)
Remaining timeout: 27.64185905456543
Model prediction is: tensor([-5.90523911,  5.78103161, -1.39997387, -0.79169148, -2.79421067,
        -3.05146456, -4.86098957,  0.32691222, -0.68405569, -2.46481323],
       device='cuda:0')
Activation BaB batch 1/1 
build_with_refined_bounds batch [1/1]
Optimizable variables initialized.
all alpha initialized
directly get lb and ub from refined bounds
c shape: torch.Size([3, 1, 10])
lA shapes: [torch.Size([3, 1, 256]), torch.Size([3, 1, 128])]
torch.Size([3, 1])
(alpha-)CROWN with fixed intermediate bounds: tensor([[-0.68198681],
        [-0.63378263],
        [-0.03412247]], device='cuda:0') tensor([[inf],
        [inf],
        [inf]], device='cuda:0')
Intermediate layers: /input,/input-3
Keeping alphas for these layers: ['/18']
Node /15 input 0: size torch.Size([256]) unstable 131
Node /17 input 0: size torch.Size([128]) unstable 73
-----------------
# of unstable neurons: 204
-----------------

BaB round 1
batch: 3
splitting decisions: 
split level 0: [/input, 160] [/input-3, 35] [/input-3, 74] 
split level 1: [/input-3, 0] [/input, 71] [/input-3, 80] 
split level 2: [/input-3, 102] [/input-3, 118] [/input-3, 16] 
split level 3: [/input-3, 74] [/input-3, 74] [/input-3, 31] 
split level 4: [/input-3, 65] [/input-3, 65] [/input-3, 95] 
best_l after optimization: -0.5584253072738647
beta sum per layer: [1.1976548433303833, 0.7076980471611023]
alpha/beta optimization time: 0.9377050399780273
pruning_in_iteration open status: True
ratio of positive domain = 92 / 96 = 0.9583333333333334
pruning-in-iteration extra time: 0.05089306831359863
torch.Size([96, 1])
Time: prepare 0.0051    bound 0.9391    transfer 0.0021    finalize 0.0057    func 0.9521    
Accumulated time: func 0.9521    prepare 0.0185    bound 0.9391    transfer 0.0021    finalize 0.0057    
max lb tensor(9.99999975e-05) min lb tensor(-0.23579907)
Number of Verified Splits: 92 of 96
Current worst splitting domains lb-rhs (depth):
-0.23580 (5), -0.22918 (5), -0.06335 (5), -0.03930 (5), 
Length of domains: 4
Current (lb-rhs): -0.23579907417297363
96 domains visited
Time: pickout 0.0021    decision 0.0794    set_bounds 0.0064    solve 0.9531    add 0.0019    
Accumulated time: pickout 0.0021    decision 0.0794    set_bounds 0.0064    solve 0.9531    add 0.0019    
Cumulative time: 1.1072568893432617

BaB round 2
batch: 4
splitting decisions: 
split level 0: [/input, 222] [/input, 71] [/input, 222] [/input, 71] 
split level 1: [/input-3, 12] [/input, 120] [/input, 120] [/input, 120] 
split level 2: [/input, 120] [/input-3, 31] [/input-3, 12] [/input, 172] 
split level 3: [/input-3, 25] [/input-3, 95] [/input-3, 25] [/input-3, 31] 

all verified at 0th iter
best_l after optimization: 28.610580444335938
beta sum per layer: [19.162477493286133, 11.323168754577637]
alpha/beta optimization time: 0.01001739501953125
pruning_in_iteration open status: False
ratio of positive domain = 64 / 64 = 1.0
pruning-in-iteration extra time: 0.0005164146423339844
torch.Size([64, 1])
Time: prepare 0.0036    bound 0.0115    transfer 0.0012    finalize 0.0090    func 0.0253    
Accumulated time: func 0.9774    prepare 0.0293    bound 0.9506    transfer 0.0033    finalize 0.0147    
max lb tensor(0.79327989) min lb tensor(0.07589340)
Number of Verified Splits: 64 of 64
Length of domains: 0
No domains left, verification finished!
Current (lb-rhs): 1.0000000116860974e-07
160 domains visited
Time: pickout 0.0097    decision 0.0571    set_bounds 0.0050    solve 0.0263    add 0.0003    
Accumulated time: pickout 0.0117    decision 0.1365    set_bounds 0.0114    solve 0.9794    add 0.0022    
Cumulative time: 1.206002950668335

Result: safe in 3.5738 seconds

 %%%%%%%%%%%%%%%%%%%%%%%%%%%%%%%%%%% idx: 41, vnnlib ID: 41 %%%%%%%%%%%%%%%%%%%%%%%%%%%%%%%%%%%
Finished vnnlib processing in 0.011843 seconds
Model: BoundedModule(
  (/0): BoundInput(name=/0, inputs=[], perturbed=True)
  (/7): BoundParams(name=/7, inputs=[], perturbed=False)
  (/8): BoundParams(name=/8, inputs=[], perturbed=False)
  (/9): BoundParams(name=/9, inputs=[], perturbed=False)
  (/10): BoundParams(name=/10, inputs=[], perturbed=False)
  (/11): BoundParams(name=/11, inputs=[], perturbed=False)
  (/12): BoundParams(name=/12, inputs=[], perturbed=False)
  (/13): BoundFlatten(name=/13, inputs=[/0], perturbed=True)
  (/input): BoundLinear(name=/input, inputs=[/13, /7, /8], perturbed=True)
  (/15): BoundRelu(name=/15, inputs=[/input], perturbed=True)
  (/input-3): BoundLinear(name=/input-3, inputs=[/15, /9, /10], perturbed=True)
  (/17): BoundRelu(name=/17, inputs=[/input-3], perturbed=True)
  (/18): BoundLinear(name=/18, inputs=[/17, /11, /12], perturbed=True)
)
Original output in the first batch: tensor([[ -4.15188932,  -1.68254554,   3.24328709,   2.30278063,  -7.42871475,
          -4.90983772, -13.87296104,  11.31107712,  -3.26190877,  -2.06744027]],
       device='cuda:0')
Split layers:
Nonlinear functions:
   BoundRelu(name=/15, inputs=[/input], perturbed=True)
   BoundRelu(name=/17, inputs=[/input-3], perturbed=True)
build batch [1/1]
layer /15 using sparse-features alpha with shape [88]; unstable size 88; total size 256 ([1, 256])
layer /15 start_node /input-3 using sparse-spec alpha [2, 46, 1, 88] with unstable size 45 total_size 128 output_shape torch.Size([128])
layer /15 start_node /18 using full alpha [2, 9, 1, 88] with unstable size None total_size 9 output_shape 9
layer /17 using sparse-features alpha with shape [45]; unstable size 45; total size 128 ([1, 128])
layer /17 start_node /18 using full alpha [2, 9, 1, 45] with unstable size None total_size 9 output_shape 9
Optimizable variables initialized.
initial CROWN bounds (first 10 items): [10.003820419311523, 8.357562065124512, 2.6486387252807617, 3.6063642501831055, 13.76413345336914, 9.554079055786133, 17.512184143066406, 8.04354476928711, 8.205977439880371]
Verified with initial CROWN!
verified with init bound!
Result: safe-incomplete in 0.4194 seconds

 %%%%%%%%%%%%%%%%%%%%%%%%%%%%%%%%%%% idx: 42, vnnlib ID: 42 %%%%%%%%%%%%%%%%%%%%%%%%%%%%%%%%%%%
Finished vnnlib processing in 0.012131 seconds
Model: BoundedModule(
  (/0): BoundInput(name=/0, inputs=[], perturbed=True)
  (/7): BoundParams(name=/7, inputs=[], perturbed=False)
  (/8): BoundParams(name=/8, inputs=[], perturbed=False)
  (/9): BoundParams(name=/9, inputs=[], perturbed=False)
  (/10): BoundParams(name=/10, inputs=[], perturbed=False)
  (/11): BoundParams(name=/11, inputs=[], perturbed=False)
  (/12): BoundParams(name=/12, inputs=[], perturbed=False)
  (/13): BoundFlatten(name=/13, inputs=[/0], perturbed=True)
  (/input): BoundLinear(name=/input, inputs=[/13, /7, /8], perturbed=True)
  (/15): BoundRelu(name=/15, inputs=[/input], perturbed=True)
  (/input-3): BoundLinear(name=/input-3, inputs=[/15, /9, /10], perturbed=True)
  (/17): BoundRelu(name=/17, inputs=[/input-3], perturbed=True)
  (/18): BoundLinear(name=/18, inputs=[/17, /11, /12], perturbed=True)
)
Original output in the first batch: tensor([[-11.17325592,  -1.64273167,  -9.90203762,  -6.93174839,  14.37344456,
          -6.65538406, -12.51390648,   0.32379299,  -3.46217608,   2.04243374]],
       device='cuda:0')
Split layers:
Nonlinear functions:
   BoundRelu(name=/15, inputs=[/input], perturbed=True)
   BoundRelu(name=/17, inputs=[/input-3], perturbed=True)
build batch [1/1]
layer /15 using sparse-features alpha with shape [72]; unstable size 72; total size 256 ([1, 256])
layer /15 start_node /input-3 using sparse-spec alpha [2, 38, 1, 72] with unstable size 37 total_size 128 output_shape torch.Size([128])
layer /15 start_node /18 using full alpha [2, 9, 1, 72] with unstable size None total_size 9 output_shape 9
layer /17 using sparse-features alpha with shape [37]; unstable size 37; total size 128 ([1, 128])
layer /17 start_node /18 using full alpha [2, 9, 1, 37] with unstable size None total_size 9 output_shape 9
Optimizable variables initialized.
initial CROWN bounds (first 10 items): [19.65558433532715, 10.602171897888184, 17.725650787353516, 14.209077835083008, 14.819732666015625, 20.699108123779297, 8.114657402038574, 10.626396179199219, 6.471305847167969]
Verified with initial CROWN!
verified with init bound!
Result: safe-incomplete in 0.4766 seconds

 %%%%%%%%%%%%%%%%%%%%%%%%%%%%%%%%%%% idx: 43, vnnlib ID: 43 %%%%%%%%%%%%%%%%%%%%%%%%%%%%%%%%%%%
Finished vnnlib processing in 0.019019 seconds
Model: BoundedModule(
  (/0): BoundInput(name=/0, inputs=[], perturbed=True)
  (/7): BoundParams(name=/7, inputs=[], perturbed=False)
  (/8): BoundParams(name=/8, inputs=[], perturbed=False)
  (/9): BoundParams(name=/9, inputs=[], perturbed=False)
  (/10): BoundParams(name=/10, inputs=[], perturbed=False)
  (/11): BoundParams(name=/11, inputs=[], perturbed=False)
  (/12): BoundParams(name=/12, inputs=[], perturbed=False)
  (/13): BoundFlatten(name=/13, inputs=[/0], perturbed=True)
  (/input): BoundLinear(name=/input, inputs=[/13, /7, /8], perturbed=True)
  (/15): BoundRelu(name=/15, inputs=[/input], perturbed=True)
  (/input-3): BoundLinear(name=/input-3, inputs=[/15, /9, /10], perturbed=True)
  (/17): BoundRelu(name=/17, inputs=[/input-3], perturbed=True)
  (/18): BoundLinear(name=/18, inputs=[/17, /11, /12], perturbed=True)
)
Original output in the first batch: tensor([[ -5.35375738,   2.32885695,   5.11261463,  -0.89103580,   1.14391208,
          -1.31179500,  -2.69646835,  -0.22217606,  -3.40723324, -11.11330414]],
       device='cuda:0')
Split layers:
Nonlinear functions:
   BoundRelu(name=/15, inputs=[/input], perturbed=True)
   BoundRelu(name=/17, inputs=[/input-3], perturbed=True)
build batch [1/1]
layer /15 using sparse-features alpha with shape [72]; unstable size 72; total size 256 ([1, 256])
layer /15 start_node /input-3 using sparse-spec alpha [2, 45, 1, 72] with unstable size 44 total_size 128 output_shape torch.Size([128])
layer /15 start_node /18 using full alpha [2, 9, 1, 72] with unstable size None total_size 9 output_shape 9
layer /17 using sparse-features alpha with shape [44]; unstable size 44; total size 128 ([1, 128])
layer /17 start_node /18 using full alpha [2, 9, 1, 44] with unstable size None total_size 9 output_shape 9
Optimizable variables initialized.
initial CROWN bounds (first 10 items): [6.160886764526367, -0.9898209571838379, 2.1257381439208984, -0.8183822631835938, 0.43110084533691406, 2.8157503604888916, 1.573493242263794, 3.82949161529541, 10.385459899902344]
prune_after_crown optimization in use
  original spec size = torch.Size([1, 9])
  pruned spec size = torch.Size([1, 2])
Using alpha-CROWN to initialize bounds.
Early stop at 43th iter due to 10 iterations no improvement!
best_l after optimization: -1.3455510139465332
alpha/beta optimization time: 1.4136769771575928
initial alpha-crown bounds (first 10 items): [-0.8174848556518555, -0.5280661582946777]
Global lower bound: -0.8174848556518555
torch.Size([1, 2])
7 / 9 OR specs are verified.
Verified OR indices (first 10 items): [0, 2, 4, 5, 6, 7, 8]
Verified OR lbs (first 10 items): [[inf], [inf], [inf], [inf], [inf], [inf], [inf]]
Unverified OR indices (first 10 items): [1, 3]
Unverified OR lbs (first 10 items): [[-0.8174848556518555], [-0.5280661582946777]]
###### Verifying property Instance 43 ######
Batch size: 2
First 10 spec matrices
C: tensor([[[ 0., -1.,  1.,  0.,  0.,  0.,  0.,  0.,  0.,  0.]],

        [[ 0.,  0.,  1.,  0., -1.,  0.,  0.,  0.,  0.,  0.]]], device='cuda:0')
RHS: tensor([[0.],
        [0.]], device='cuda:0')
OR spec sizes: tensor([1, 1], device='cuda:0', dtype=torch.int32)
Remaining timeout: 28.04337978363037
Model prediction is: tensor([ -5.35375738,   2.32885695,   5.11261463,  -0.89103580,   1.14391208,
         -1.31179500,  -2.69646835,  -0.22217606,  -3.40723324, -11.11330414],
       device='cuda:0')
Activation BaB batch 1/1 
build_with_refined_bounds batch [1/1]
Optimizable variables initialized.
all alpha initialized
directly get lb and ub from refined bounds
c shape: torch.Size([2, 1, 10])
lA shapes: [torch.Size([2, 1, 256]), torch.Size([2, 1, 128])]
torch.Size([2, 1])
(alpha-)CROWN with fixed intermediate bounds: tensor([[-0.81748486],
        [-0.52806616]], device='cuda:0') tensor([[inf],
        [inf]], device='cuda:0')
Intermediate layers: /input,/input-3
Keeping alphas for these layers: ['/18']
Node /15 input 0: size torch.Size([256]) unstable 72
Node /17 input 0: size torch.Size([128]) unstable 43
-----------------
# of unstable neurons: 115
-----------------

BaB round 1
batch: 2
splitting decisions: 
split level 0: [/input, 116] [/input, 116] 
split level 1: [/input-3, 116] [/input, 29] 
split level 2: [/input-3, 11] [/input, 10] 
split level 3: [/input-3, 69] [/input-3, 116] 
split level 4: [/input-3, 6] [/input-3, 64] 
best_l after optimization: -0.8730686902999878
beta sum per layer: [0.0, 4.4705705642700195]
alpha/beta optimization time: 0.93959641456604
pruning_in_iteration open status: True
ratio of positive domain = 59 / 64 = 0.921875
pruning-in-iteration extra time: 0.06466269493103027
torch.Size([64, 1])
Time: prepare 0.0047    bound 0.9414    transfer 0.0027    finalize 0.0096    func 0.9584    
Accumulated time: func 0.9584    prepare 0.0159    bound 0.9414    transfer 0.0027    finalize 0.0096    
max lb tensor(9.99999975e-05) min lb tensor(-0.36735642)
Number of Verified Splits: 59 of 64
Current worst splitting domains lb-rhs (depth):
-0.36736 (5), -0.22927 (5), -0.17343 (5), -0.07588 (5), -0.03302 (5), 
Length of domains: 5
Current (lb-rhs): -0.36735641956329346
64 domains visited
Time: pickout 0.0017    decision 0.0747    set_bounds 0.0052    solve 0.9593    add 0.0088    
Accumulated time: pickout 0.0017    decision 0.0747    set_bounds 0.0052    solve 0.9593    add 0.0088    
Cumulative time: 1.093874454498291

BaB round 2
batch: 5
splitting decisions: 
split level 0: [/input, 29] [/input, 157] [/input, 29] [/input-3, 91] [/input, 29] 
split level 1: [/input-3, 91] [/input, 15] [/input-3, 91] [/input-3, 79] [/input-3, 91] 
split level 2: [/input, 157] [/input-3, 94] [/input-3, 79] [/input, 173] [/input, 157] 
split level 3: [/input-3, 98] [/input-3, 76] [/input-3, 98] [/input-3, 98] [/input-3, 98] 
best_l after optimization: -0.515185534954071
beta sum per layer: [6.059169292449951, 48.13170623779297]
alpha/beta optimization time: 1.0720925331115723
pruning_in_iteration open status: True
ratio of positive domain = 72 / 80 = 0.9
pruning-in-iteration extra time: 0.06943941116333008
torch.Size([80, 1])
Time: prepare 0.0046    bound 1.0740    transfer 0.0032    finalize 0.0087    func 1.0906    
Accumulated time: func 2.0490    prepare 0.0299    bound 2.0154    transfer 0.0059    finalize 0.0183    
max lb tensor(9.99999975e-05) min lb tensor(-0.15427685)
Number of Verified Splits: 72 of 80
Current worst splitting domains lb-rhs (depth):
-0.15428 (9), -0.12863 (9), -0.11490 (9), -0.09652 (9), -0.01276 (9), -0.01211 (9), -0.00303 (9), -0.00016 (9), 
Length of domains: 8
Current (lb-rhs): -0.15427684783935547
144 domains visited
Time: pickout 0.0109    decision 0.0766    set_bounds 0.0064    solve 1.0914    add 0.0021    
Accumulated time: pickout 0.0126    decision 0.1513    set_bounds 0.0116    solve 2.0508    add 0.0109    
Cumulative time: 2.2818732261657715

BaB round 3
batch: 8
splitting decisions: 
split level 0: [/input-3, 79] [/input-3, 79] [/input-3, 79] [/input-3, 79] [/input-3, 79] [/input-3, 79] [/input-3, 79] [/input-3, 79] 
split level 1: [/input, 173] [/input-3, 76] [/input-3, 76] [/input-3, 76] [/input-3, 76] [/input-3, 76] [/input, 173] [/input-3, 76] 
split level 2: [/input-3, 76] [/input-3, 94] [/input-3, 94] [/input, 26] [/input, 26] [/input, 26] [/input-3, 76] [/input, 26] 
best_l after optimization: -0.07891414314508438
beta sum per layer: [30.070341110229492, 25.50489044189453]
alpha/beta optimization time: 0.9069709777832031
pruning_in_iteration open status: True
ratio of positive domain = 60 / 64 = 0.9375
pruning-in-iteration extra time: 0.05682063102722168
torch.Size([64, 1])
Time: prepare 0.0040    bound 0.9085    transfer 0.0021    finalize 0.0081    func 0.9229    
Accumulated time: func 2.9719    prepare 0.0422    bound 2.9239    transfer 0.0080    finalize 0.0264    
max lb tensor(9.99999975e-05) min lb tensor(-0.04325521)
Number of Verified Splits: 60 of 64
Current worst splitting domains lb-rhs (depth):
-0.04326 (12), -0.02552 (12), -0.01385 (12), -0.00229 (12), 
Length of domains: 4
Current (lb-rhs): -0.04325520992279053
208 domains visited
Time: pickout 0.0104    decision 0.0660    set_bounds 0.0039    solve 0.9242    add 0.0031    
Accumulated time: pickout 0.0230    decision 0.2173    set_bounds 0.0155    solve 2.9750    add 0.0141    
Cumulative time: 3.290041208267212

BaB round 4
batch: 4
splitting decisions: 
split level 0: [/input-3, 62] [/input-3, 62] [/input-3, 62] [/input-3, 62] 
split level 1: [/input, 173] [/input, 173] [/input, 173] [/input, 173] 
split level 2: [/input-3, 119] [/input, 26] [/input-3, 119] [/input, 10] 
split level 3: [/input, 26] [/input-3, 119] [/input, 26] [/input-3, 94] 

all verified at 0th iter
best_l after optimization: 17.256410598754883
beta sum per layer: [11.88820743560791, 10.142631530761719]
alpha/beta optimization time: 0.02136397361755371
pruning_in_iteration open status: False
ratio of positive domain = 64 / 64 = 1.0
pruning-in-iteration extra time: 0.0011150836944580078
torch.Size([64, 1])
Time: prepare 0.0045    bound 0.0237    transfer 0.0023    finalize 0.0140    func 0.0448    
Accumulated time: func 3.0167    prepare 0.0585    bound 2.9476    transfer 0.0103    finalize 0.0404    
max lb tensor(0.52434647) min lb tensor(0.08932960)
Number of Verified Splits: 64 of 64
Length of domains: 0
No domains left, verification finished!
Current (lb-rhs): 1.0000000116860974e-07
272 domains visited
Time: pickout 0.0137    decision 0.0864    set_bounds 0.0059    solve 0.0457    add 0.0005    
Accumulated time: pickout 0.0367    decision 0.3036    set_bounds 0.0214    solve 3.0207    add 0.0145    
Cumulative time: 3.4426848888397217

Result: safe in 5.4100 seconds

 %%%%%%%%%%%%%%%%%%%%%%%%%%%%%%%%%%% idx: 44, vnnlib ID: 44 %%%%%%%%%%%%%%%%%%%%%%%%%%%%%%%%%%%
Finished vnnlib processing in 0.018898 seconds
Model: BoundedModule(
  (/0): BoundInput(name=/0, inputs=[], perturbed=True)
  (/7): BoundParams(name=/7, inputs=[], perturbed=False)
  (/8): BoundParams(name=/8, inputs=[], perturbed=False)
  (/9): BoundParams(name=/9, inputs=[], perturbed=False)
  (/10): BoundParams(name=/10, inputs=[], perturbed=False)
  (/11): BoundParams(name=/11, inputs=[], perturbed=False)
  (/12): BoundParams(name=/12, inputs=[], perturbed=False)
  (/13): BoundFlatten(name=/13, inputs=[/0], perturbed=True)
  (/input): BoundLinear(name=/input, inputs=[/13, /7, /8], perturbed=True)
  (/15): BoundRelu(name=/15, inputs=[/input], perturbed=True)
  (/input-3): BoundLinear(name=/input-3, inputs=[/15, /9, /10], perturbed=True)
  (/17): BoundRelu(name=/17, inputs=[/input-3], perturbed=True)
  (/18): BoundLinear(name=/18, inputs=[/17, /11, /12], perturbed=True)
)
Original output in the first batch: tensor([[-7.48749304, -0.75909817,  0.55973166,  9.19966793, -4.90311909,
         -0.68463993, -9.21102810, -1.58496642, -2.03089738, -6.58776474]],
       device='cuda:0')
Split layers:
Nonlinear functions:
   BoundRelu(name=/15, inputs=[/input], perturbed=True)
   BoundRelu(name=/17, inputs=[/input-3], perturbed=True)
build batch [1/1]
layer /15 using sparse-features alpha with shape [74]; unstable size 74; total size 256 ([1, 256])
layer /15 start_node /input-3 using sparse-spec alpha [2, 47, 1, 74] with unstable size 46 total_size 128 output_shape torch.Size([128])
layer /15 start_node /18 using full alpha [2, 9, 1, 74] with unstable size None total_size 9 output_shape 9
layer /17 using sparse-features alpha with shape [46]; unstable size 46; total size 128 ([1, 128])
layer /17 start_node /18 using full alpha [2, 9, 1, 46] with unstable size None total_size 9 output_shape 9
Optimizable variables initialized.
initial CROWN bounds (first 10 items): [11.980846405029297, 5.531449794769287, 3.6326091289520264, 8.541512489318848, 4.540740013122559, 11.925765991210938, 6.205191612243652, 7.532230854034424, 11.04927921295166]
Verified with initial CROWN!
verified with init bound!
Result: safe-incomplete in 0.5562 seconds

 %%%%%%%%%%%%%%%%%%%%%%%%%%%%%%%%%%% idx: 45, vnnlib ID: 45 %%%%%%%%%%%%%%%%%%%%%%%%%%%%%%%%%%%
Finished vnnlib processing in 0.009971 seconds
Model: BoundedModule(
  (/0): BoundInput(name=/0, inputs=[], perturbed=True)
  (/7): BoundParams(name=/7, inputs=[], perturbed=False)
  (/8): BoundParams(name=/8, inputs=[], perturbed=False)
  (/9): BoundParams(name=/9, inputs=[], perturbed=False)
  (/10): BoundParams(name=/10, inputs=[], perturbed=False)
  (/11): BoundParams(name=/11, inputs=[], perturbed=False)
  (/12): BoundParams(name=/12, inputs=[], perturbed=False)
  (/13): BoundFlatten(name=/13, inputs=[/0], perturbed=True)
  (/input): BoundLinear(name=/input, inputs=[/13, /7, /8], perturbed=True)
  (/15): BoundRelu(name=/15, inputs=[/input], perturbed=True)
  (/input-3): BoundLinear(name=/input-3, inputs=[/15, /9, /10], perturbed=True)
  (/17): BoundRelu(name=/17, inputs=[/input-3], perturbed=True)
  (/18): BoundLinear(name=/18, inputs=[/17, /11, /12], perturbed=True)
)
Original output in the first batch: tensor([[-3.26728678, -4.52879524, -6.97848368,  1.37895930, -4.50831270,
          8.94741344, -2.36661506, -9.16850662,  0.04848883,  0.25649711]],
       device='cuda:0')
Split layers:
Nonlinear functions:
   BoundRelu(name=/15, inputs=[/input], perturbed=True)
   BoundRelu(name=/17, inputs=[/input-3], perturbed=True)
build batch [1/1]
layer /15 using sparse-features alpha with shape [76]; unstable size 76; total size 256 ([1, 256])
layer /15 start_node /input-3 using sparse-spec alpha [2, 48, 1, 76] with unstable size 47 total_size 128 output_shape torch.Size([128])
layer /15 start_node /18 using full alpha [2, 9, 1, 76] with unstable size None total_size 9 output_shape 9
layer /17 using sparse-features alpha with shape [47]; unstable size 47; total size 128 ([1, 128])
layer /17 start_node /18 using full alpha [2, 9, 1, 47] with unstable size None total_size 9 output_shape 9
Optimizable variables initialized.
initial CROWN bounds (first 10 items): [5.45474910736084, 8.337559700012207, 8.784387588500977, 2.033812999725342, 6.501472473144531, 5.931822776794434, 10.128494262695312, 3.1341731548309326, 3.4525599479675293]
Verified with initial CROWN!
verified with init bound!
Result: safe-incomplete in 0.4153 seconds

 %%%%%%%%%%%%%%%%%%%%%%%%%%%%%%%%%%% idx: 46, vnnlib ID: 46 %%%%%%%%%%%%%%%%%%%%%%%%%%%%%%%%%%%
Finished vnnlib processing in 0.012062 seconds
Model: BoundedModule(
  (/0): BoundInput(name=/0, inputs=[], perturbed=True)
  (/7): BoundParams(name=/7, inputs=[], perturbed=False)
  (/8): BoundParams(name=/8, inputs=[], perturbed=False)
  (/9): BoundParams(name=/9, inputs=[], perturbed=False)
  (/10): BoundParams(name=/10, inputs=[], perturbed=False)
  (/11): BoundParams(name=/11, inputs=[], perturbed=False)
  (/12): BoundParams(name=/12, inputs=[], perturbed=False)
  (/13): BoundFlatten(name=/13, inputs=[/0], perturbed=True)
  (/input): BoundLinear(name=/input, inputs=[/13, /7, /8], perturbed=True)
  (/15): BoundRelu(name=/15, inputs=[/input], perturbed=True)
  (/input-3): BoundLinear(name=/input-3, inputs=[/15, /9, /10], perturbed=True)
  (/17): BoundRelu(name=/17, inputs=[/input-3], perturbed=True)
  (/18): BoundLinear(name=/18, inputs=[/17, /11, /12], perturbed=True)
)
Original output in the first batch: tensor([[-12.72337246,   6.59684467,  -2.33804083,   1.01074982,  -0.46425861,
          -3.89056063,  -8.10531139,  -1.39522374,   0.43948039,  -4.63316917]],
       device='cuda:0')
Split layers:
Nonlinear functions:
   BoundRelu(name=/15, inputs=[/input], perturbed=True)
   BoundRelu(name=/17, inputs=[/input-3], perturbed=True)
build batch [1/1]
layer /15 using sparse-features alpha with shape [70]; unstable size 70; total size 256 ([1, 256])
layer /15 start_node /input-3 using sparse-spec alpha [2, 35, 1, 70] with unstable size 34 total_size 128 output_shape torch.Size([128])
layer /15 start_node /18 using full alpha [2, 9, 1, 70] with unstable size None total_size 9 output_shape 9
layer /17 using sparse-features alpha with shape [34]; unstable size 34; total size 128 ([1, 128])
layer /17 start_node /18 using full alpha [2, 9, 1, 34] with unstable size None total_size 9 output_shape 9
Optimizable variables initialized.
initial CROWN bounds (first 10 items): [15.271692276000977, 5.0189080238342285, 0.35156750679016113, 2.7698636054992676, 5.271604537963867, 11.203130722045898, 3.72792911529541, 2.244584083557129, 5.605825901031494]
Verified with initial CROWN!
verified with init bound!
Result: safe-incomplete in -1.9912 seconds

 %%%%%%%%%%%%%%%%%%%%%%%%%%%%%%%%%%% idx: 47, vnnlib ID: 47 %%%%%%%%%%%%%%%%%%%%%%%%%%%%%%%%%%%
Finished vnnlib processing in 0.011296 seconds
Model: BoundedModule(
  (/0): BoundInput(name=/0, inputs=[], perturbed=True)
  (/7): BoundParams(name=/7, inputs=[], perturbed=False)
  (/8): BoundParams(name=/8, inputs=[], perturbed=False)
  (/9): BoundParams(name=/9, inputs=[], perturbed=False)
  (/10): BoundParams(name=/10, inputs=[], perturbed=False)
  (/11): BoundParams(name=/11, inputs=[], perturbed=False)
  (/12): BoundParams(name=/12, inputs=[], perturbed=False)
  (/13): BoundFlatten(name=/13, inputs=[/0], perturbed=True)
  (/input): BoundLinear(name=/input, inputs=[/13, /7, /8], perturbed=True)
  (/15): BoundRelu(name=/15, inputs=[/input], perturbed=True)
  (/input-3): BoundLinear(name=/input-3, inputs=[/15, /9, /10], perturbed=True)
  (/17): BoundRelu(name=/17, inputs=[/input-3], perturbed=True)
  (/18): BoundLinear(name=/18, inputs=[/17, /11, /12], perturbed=True)
)
Original output in the first batch: tensor([[ -4.55329180,   2.39887142,  10.31334019,  -1.44108891,  -1.71153724,
          -4.39485741,  -0.52996433,  -2.60467362,  -3.03594995, -11.96659470]],
       device='cuda:0')
Split layers:
Nonlinear functions:
   BoundRelu(name=/15, inputs=[/input], perturbed=True)
   BoundRelu(name=/17, inputs=[/input-3], perturbed=True)
build batch [1/1]
layer /15 using sparse-features alpha with shape [70]; unstable size 70; total size 256 ([1, 256])
layer /15 start_node /input-3 using sparse-spec alpha [2, 34, 1, 70] with unstable size 33 total_size 128 output_shape torch.Size([128])
layer /15 start_node /18 using full alpha [2, 9, 1, 70] with unstable size None total_size 9 output_shape 9
layer /17 using sparse-features alpha with shape [33]; unstable size 33; total size 128 ([1, 128])
layer /17 start_node /18 using full alpha [2, 9, 1, 33] with unstable size None total_size 9 output_shape 9
Optimizable variables initialized.
initial CROWN bounds (first 10 items): [10.851816177368164, 5.290078163146973, 8.246955871582031, 7.40158748626709, 9.625073432922363, 6.2443342208862305, 9.581524848937988, 9.489616394042969, 17.247304916381836]
Verified with initial CROWN!
verified with init bound!
Result: safe-incomplete in 0.3978 seconds

 %%%%%%%%%%%%%%%%%%%%%%%%%%%%%%%%%%% idx: 48, vnnlib ID: 48 %%%%%%%%%%%%%%%%%%%%%%%%%%%%%%%%%%%
Finished vnnlib processing in 0.014317 seconds
Model: BoundedModule(
  (/0): BoundInput(name=/0, inputs=[], perturbed=True)
  (/7): BoundParams(name=/7, inputs=[], perturbed=False)
  (/8): BoundParams(name=/8, inputs=[], perturbed=False)
  (/9): BoundParams(name=/9, inputs=[], perturbed=False)
  (/10): BoundParams(name=/10, inputs=[], perturbed=False)
  (/11): BoundParams(name=/11, inputs=[], perturbed=False)
  (/12): BoundParams(name=/12, inputs=[], perturbed=False)
  (/13): BoundFlatten(name=/13, inputs=[/0], perturbed=True)
  (/input): BoundLinear(name=/input, inputs=[/13, /7, /8], perturbed=True)
  (/15): BoundRelu(name=/15, inputs=[/input], perturbed=True)
  (/input-3): BoundLinear(name=/input-3, inputs=[/15, /9, /10], perturbed=True)
  (/17): BoundRelu(name=/17, inputs=[/input-3], perturbed=True)
  (/18): BoundLinear(name=/18, inputs=[/17, /11, /12], perturbed=True)
)
Original output in the first batch: tensor([[-14.02885151,  -5.55602646, -11.74138737,  -9.94105530,  18.11133194,
          -1.44507527, -12.26753139,  -4.59246302,  -1.96576917,   1.94205987]],
       device='cuda:0')
Split layers:
Nonlinear functions:
   BoundRelu(name=/15, inputs=[/input], perturbed=True)
   BoundRelu(name=/17, inputs=[/input-3], perturbed=True)
build batch [1/1]
layer /15 using sparse-features alpha with shape [46]; unstable size 46; total size 256 ([1, 256])
layer /15 start_node /input-3 using sparse-spec alpha [2, 25, 1, 46] with unstable size 24 total_size 128 output_shape torch.Size([128])
layer /15 start_node /18 using full alpha [2, 9, 1, 46] with unstable size None total_size 9 output_shape 9
layer /17 using sparse-features alpha with shape [24]; unstable size 24; total size 128 ([1, 128])
layer /17 start_node /18 using full alpha [2, 9, 1, 24] with unstable size None total_size 9 output_shape 9
Optimizable variables initialized.
initial CROWN bounds (first 10 items): [27.686386108398438, 20.408090591430664, 25.492740631103516, 22.67919158935547, 14.434228897094727, 25.74943733215332, 19.431358337402344, 14.833173751831055, 12.002120018005371]
Verified with initial CROWN!
verified with init bound!
Result: safe-incomplete in 0.4338 seconds

 %%%%%%%%%%%%%%%%%%%%%%%%%%%%%%%%%%% idx: 49, vnnlib ID: 49 %%%%%%%%%%%%%%%%%%%%%%%%%%%%%%%%%%%
Finished vnnlib processing in 0.012211 seconds
Model: BoundedModule(
  (/0): BoundInput(name=/0, inputs=[], perturbed=True)
  (/7): BoundParams(name=/7, inputs=[], perturbed=False)
  (/8): BoundParams(name=/8, inputs=[], perturbed=False)
  (/9): BoundParams(name=/9, inputs=[], perturbed=False)
  (/10): BoundParams(name=/10, inputs=[], perturbed=False)
  (/11): BoundParams(name=/11, inputs=[], perturbed=False)
  (/12): BoundParams(name=/12, inputs=[], perturbed=False)
  (/13): BoundFlatten(name=/13, inputs=[/0], perturbed=True)
  (/input): BoundLinear(name=/input, inputs=[/13, /7, /8], perturbed=True)
  (/15): BoundRelu(name=/15, inputs=[/input], perturbed=True)
  (/input-3): BoundLinear(name=/input-3, inputs=[/15, /9, /10], perturbed=True)
  (/17): BoundRelu(name=/17, inputs=[/input-3], perturbed=True)
  (/18): BoundLinear(name=/18, inputs=[/17, /11, /12], perturbed=True)
)
Original output in the first batch: tensor([[-3.69389129, -5.99654579, -4.48086023, -8.13721275, 11.40164852,
         -6.20033932, -6.79925156, -1.09834552, -5.43812609,  3.77767920]],
       device='cuda:0')
Split layers:
Nonlinear functions:
   BoundRelu(name=/15, inputs=[/input], perturbed=True)
   BoundRelu(name=/17, inputs=[/input-3], perturbed=True)
build batch [1/1]
layer /15 using sparse-features alpha with shape [63]; unstable size 63; total size 256 ([1, 256])
layer /15 start_node /input-3 using sparse-spec alpha [2, 46, 1, 63] with unstable size 45 total_size 128 output_shape torch.Size([128])
layer /15 start_node /18 using full alpha [2, 9, 1, 63] with unstable size None total_size 9 output_shape 9
layer /17 using sparse-features alpha with shape [45]; unstable size 45; total size 128 ([1, 128])
layer /17 start_node /18 using full alpha [2, 9, 1, 45] with unstable size None total_size 9 output_shape 9
Optimizable variables initialized.
initial CROWN bounds (first 10 items): [10.978006362915039, 13.439240455627441, 11.31215763092041, 14.605968475341797, 13.529949188232422, 13.554916381835938, 8.413735389709473, 12.03892707824707, 3.8294169902801514]
Verified with initial CROWN!
verified with init bound!
Result: safe-incomplete in 0.3901 seconds

 %%%%%%%%%%%%%%%%%%%%%%%%%%%%%%%%%%% idx: 50, vnnlib ID: 50 %%%%%%%%%%%%%%%%%%%%%%%%%%%%%%%%%%%
Finished vnnlib processing in 0.007467 seconds
Model: BoundedModule(
  (/0): BoundInput(name=/0, inputs=[], perturbed=True)
  (/7): BoundParams(name=/7, inputs=[], perturbed=False)
  (/8): BoundParams(name=/8, inputs=[], perturbed=False)
  (/9): BoundParams(name=/9, inputs=[], perturbed=False)
  (/10): BoundParams(name=/10, inputs=[], perturbed=False)
  (/11): BoundParams(name=/11, inputs=[], perturbed=False)
  (/12): BoundParams(name=/12, inputs=[], perturbed=False)
  (/13): BoundFlatten(name=/13, inputs=[/0], perturbed=True)
  (/input): BoundLinear(name=/input, inputs=[/13, /7, /8], perturbed=True)
  (/15): BoundRelu(name=/15, inputs=[/input], perturbed=True)
  (/input-3): BoundLinear(name=/input-3, inputs=[/15, /9, /10], perturbed=True)
  (/17): BoundRelu(name=/17, inputs=[/input-3], perturbed=True)
  (/18): BoundLinear(name=/18, inputs=[/17, /11, /12], perturbed=True)
)
Original output in the first batch: tensor([[ 1.30342650, -1.78356826, -1.73435581, -1.89641798, -2.36827493,
          1.19288146,  5.80274773, -6.16830635, -3.95161104, -5.47520638]],
       device='cuda:0')
Split layers:
Nonlinear functions:
   BoundRelu(name=/15, inputs=[/input], perturbed=True)
   BoundRelu(name=/17, inputs=[/input-3], perturbed=True)
build batch [1/1]
layer /15 using sparse-features alpha with shape [93]; unstable size 93; total size 256 ([1, 256])
layer /15 start_node /input-3 using sparse-spec alpha [2, 54, 1, 93] with unstable size 53 total_size 128 output_shape torch.Size([128])
layer /15 start_node /18 using full alpha [2, 9, 1, 93] with unstable size None total_size 9 output_shape 9
layer /17 using sparse-features alpha with shape [53]; unstable size 53; total size 128 ([1, 128])
layer /17 start_node /18 using full alpha [2, 9, 1, 53] with unstable size None total_size 9 output_shape 9
Optimizable variables initialized.
initial CROWN bounds (first 10 items): [-0.26299381256103516, 2.7169291973114014, 0.7902941703796387, 0.9392268657684326, 2.506101369857788, -0.3138411045074463, 5.120183944702148, 4.3664350509643555, 5.1509599685668945]
prune_after_crown optimization in use
  original spec size = torch.Size([1, 9])
  pruned spec size = torch.Size([1, 2])
Using alpha-CROWN to initialize bounds.
Early stop at 40th iter due to 10 iterations no improvement!
best_l after optimization: -0.3347437381744385
alpha/beta optimization time: 1.381535530090332
initial alpha-crown bounds (first 10 items): [-0.13616371154785156, -0.19858002662658691]
Global lower bound: -0.19858002662658691
torch.Size([1, 2])
7 / 9 OR specs are verified.
Verified OR indices (first 10 items): [1, 2, 3, 4, 6, 7, 8]
Verified OR lbs (first 10 items): [[inf], [inf], [inf], [inf], [inf], [inf], [inf]]
Unverified OR indices (first 10 items): [0, 5]
Unverified OR lbs (first 10 items): [[-0.13616371154785156], [-0.19858002662658691]]
###### Verifying property Instance 50 ######
Batch size: 2
First 10 spec matrices
C: tensor([[[-1.,  0.,  0.,  0.,  0.,  0.,  1.,  0.,  0.,  0.]],

        [[ 0.,  0.,  0.,  0.,  0., -1.,  1.,  0.,  0.,  0.]]], device='cuda:0')
RHS: tensor([[0.],
        [0.]], device='cuda:0')
OR spec sizes: tensor([1, 1], device='cuda:0', dtype=torch.int32)
Remaining timeout: 28.085044145584106
Model prediction is: tensor([ 1.30342650, -1.78356826, -1.73435581, -1.89641798, -2.36827493,
         1.19288146,  5.80274773, -6.16830635, -3.95161104, -5.47520638],
       device='cuda:0')
Activation BaB batch 1/1 
build_with_refined_bounds batch [1/1]
Optimizable variables initialized.
all alpha initialized
directly get lb and ub from refined bounds
c shape: torch.Size([2, 1, 10])
lA shapes: [torch.Size([2, 1, 256]), torch.Size([2, 1, 128])]
torch.Size([2, 1])
(alpha-)CROWN with fixed intermediate bounds: tensor([[-0.13616371],
        [-0.19858003]], device='cuda:0') tensor([[inf],
        [inf]], device='cuda:0')
Intermediate layers: /input,/input-3
Keeping alphas for these layers: ['/18']
Node /15 input 0: size torch.Size([256]) unstable 93
Node /17 input 0: size torch.Size([128]) unstable 50
-----------------
# of unstable neurons: 143
-----------------

BaB round 1
batch: 2
splitting decisions: 
split level 0: [/input, 183] [/input, 208] 
split level 1: [/input-3, 81] [/input, 135] 
split level 2: [/input, 46] [/input, 132] 
split level 3: [/input, 150] [/input-3, 36] 
split level 4: [/input-3, 9] [/input-3, 14] 

all verified at 0th iter
best_l after optimization: 44.643714904785156
beta sum per layer: [0.0, 0.0]
alpha/beta optimization time: 0.013198137283325195
pruning_in_iteration open status: False
ratio of positive domain = 64 / 64 = 1.0
pruning-in-iteration extra time: 0.0007641315460205078
torch.Size([64, 1])
Time: prepare 0.0034    bound 0.0149    transfer 0.0011    finalize 0.0068    func 0.0264    
Accumulated time: func 0.0264    prepare 0.0179    bound 0.0149    transfer 0.0011    finalize 0.0068    
max lb tensor(1.19146132) min lb tensor(0.23231649)
Number of Verified Splits: 64 of 64
Length of domains: 0
No domains left, verification finished!
Current (lb-rhs): 1.0000000116860974e-07
64 domains visited
Time: pickout 0.0016    decision 0.0731    set_bounds 0.0043    solve 0.0272    add 0.0004    
Accumulated time: pickout 0.0016    decision 0.0731    set_bounds 0.0043    solve 0.0272    add 0.0004    
Cumulative time: 0.14487528800964355

Result: safe in 2.0687 seconds

 %%%%%%%%%%%%%%%%%%%%%%%%%%%%%%%%%%% idx: 51, vnnlib ID: 51 %%%%%%%%%%%%%%%%%%%%%%%%%%%%%%%%%%%
Finished vnnlib processing in 0.010172 seconds
Model: BoundedModule(
  (/0): BoundInput(name=/0, inputs=[], perturbed=True)
  (/7): BoundParams(name=/7, inputs=[], perturbed=False)
  (/8): BoundParams(name=/8, inputs=[], perturbed=False)
  (/9): BoundParams(name=/9, inputs=[], perturbed=False)
  (/10): BoundParams(name=/10, inputs=[], perturbed=False)
  (/11): BoundParams(name=/11, inputs=[], perturbed=False)
  (/12): BoundParams(name=/12, inputs=[], perturbed=False)
  (/13): BoundFlatten(name=/13, inputs=[/0], perturbed=True)
  (/input): BoundLinear(name=/input, inputs=[/13, /7, /8], perturbed=True)
  (/15): BoundRelu(name=/15, inputs=[/input], perturbed=True)
  (/input-3): BoundLinear(name=/input-3, inputs=[/15, /9, /10], perturbed=True)
  (/17): BoundRelu(name=/17, inputs=[/input-3], perturbed=True)
  (/18): BoundLinear(name=/18, inputs=[/17, /11, /12], perturbed=True)
)
Original output in the first batch: tensor([[ -7.70859909,  -2.96300220,  -1.82515097,  12.09301472,  -4.58090067,
          -1.21688426, -12.00124264,  -2.16368937,   0.11823148,  -5.35423326]],
       device='cuda:0')
Split layers:
Nonlinear functions:
   BoundRelu(name=/15, inputs=[/input], perturbed=True)
   BoundRelu(name=/17, inputs=[/input-3], perturbed=True)
build batch [1/1]
layer /15 using sparse-features alpha with shape [50]; unstable size 50; total size 256 ([1, 256])
layer /15 start_node /input-3 using sparse-spec alpha [2, 29, 1, 50] with unstable size 28 total_size 128 output_shape torch.Size([128])
layer /15 start_node /18 using full alpha [2, 9, 1, 50] with unstable size None total_size 9 output_shape 9
layer /17 using sparse-features alpha with shape [28]; unstable size 28; total size 128 ([1, 128])
layer /17 start_node /18 using full alpha [2, 9, 1, 28] with unstable size None total_size 9 output_shape 9
Optimizable variables initialized.
initial CROWN bounds (first 10 items): [16.016891479492188, 12.165115356445312, 10.932831764221191, 12.358997344970703, 9.844491958618164, 19.710357666015625, 10.301216125488281, 9.239742279052734, 13.686915397644043]
Verified with initial CROWN!
verified with init bound!
Result: safe-incomplete in 0.3745 seconds

 %%%%%%%%%%%%%%%%%%%%%%%%%%%%%%%%%%% idx: 52, vnnlib ID: 52 %%%%%%%%%%%%%%%%%%%%%%%%%%%%%%%%%%%
Finished vnnlib processing in 0.011899 seconds
Model: BoundedModule(
  (/0): BoundInput(name=/0, inputs=[], perturbed=True)
  (/7): BoundParams(name=/7, inputs=[], perturbed=False)
  (/8): BoundParams(name=/8, inputs=[], perturbed=False)
  (/9): BoundParams(name=/9, inputs=[], perturbed=False)
  (/10): BoundParams(name=/10, inputs=[], perturbed=False)
  (/11): BoundParams(name=/11, inputs=[], perturbed=False)
  (/12): BoundParams(name=/12, inputs=[], perturbed=False)
  (/13): BoundFlatten(name=/13, inputs=[/0], perturbed=True)
  (/input): BoundLinear(name=/input, inputs=[/13, /7, /8], perturbed=True)
  (/15): BoundRelu(name=/15, inputs=[/input], perturbed=True)
  (/input-3): BoundLinear(name=/input-3, inputs=[/15, /9, /10], perturbed=True)
  (/17): BoundRelu(name=/17, inputs=[/input-3], perturbed=True)
  (/18): BoundLinear(name=/18, inputs=[/17, /11, /12], perturbed=True)
)
Original output in the first batch: tensor([[-5.21662474, -2.97914863, -7.08101797, -1.91786432, -3.12127042,
         11.93289948, -3.24828362, -6.71894026, -3.12281299, -0.68512070]],
       device='cuda:0')
Split layers:
Nonlinear functions:
   BoundRelu(name=/15, inputs=[/input], perturbed=True)
   BoundRelu(name=/17, inputs=[/input-3], perturbed=True)
build batch [1/1]
layer /15 using sparse-features alpha with shape [62]; unstable size 62; total size 256 ([1, 256])
layer /15 start_node /input-3 using sparse-spec alpha [2, 44, 1, 62] with unstable size 43 total_size 128 output_shape torch.Size([128])
layer /15 start_node /18 using full alpha [2, 9, 1, 62] with unstable size None total_size 9 output_shape 9
layer /17 using sparse-features alpha with shape [43]; unstable size 43; total size 128 ([1, 128])
layer /17 start_node /18 using full alpha [2, 9, 1, 43] with unstable size None total_size 9 output_shape 9
Optimizable variables initialized.
initial CROWN bounds (first 10 items): [11.42231559753418, 10.105887413024902, 13.050880432128906, 8.762392044067383, 7.808176040649414, 10.536678314208984, 11.308977127075195, 10.736527442932129, 7.189177989959717]
Verified with initial CROWN!
verified with init bound!
Result: safe-incomplete in 0.4244 seconds

 %%%%%%%%%%%%%%%%%%%%%%%%%%%%%%%%%%% idx: 53, vnnlib ID: 53 %%%%%%%%%%%%%%%%%%%%%%%%%%%%%%%%%%%
Finished vnnlib processing in 0.010116 seconds
Model: BoundedModule(
  (/0): BoundInput(name=/0, inputs=[], perturbed=True)
  (/7): BoundParams(name=/7, inputs=[], perturbed=False)
  (/8): BoundParams(name=/8, inputs=[], perturbed=False)
  (/9): BoundParams(name=/9, inputs=[], perturbed=False)
  (/10): BoundParams(name=/10, inputs=[], perturbed=False)
  (/11): BoundParams(name=/11, inputs=[], perturbed=False)
  (/12): BoundParams(name=/12, inputs=[], perturbed=False)
  (/13): BoundFlatten(name=/13, inputs=[/0], perturbed=True)
  (/input): BoundLinear(name=/input, inputs=[/13, /7, /8], perturbed=True)
  (/15): BoundRelu(name=/15, inputs=[/input], perturbed=True)
  (/input-3): BoundLinear(name=/input-3, inputs=[/15, /9, /10], perturbed=True)
  (/17): BoundRelu(name=/17, inputs=[/input-3], perturbed=True)
  (/18): BoundLinear(name=/18, inputs=[/17, /11, /12], perturbed=True)
)
Original output in the first batch: tensor([[-5.27678442, -3.60183525, -6.12676287,  2.60937619, -4.36491251,
          8.55135536, -3.91415572, -7.67610979,  0.20908333,  1.16271889]],
       device='cuda:0')
Split layers:
Nonlinear functions:
   BoundRelu(name=/15, inputs=[/input], perturbed=True)
   BoundRelu(name=/17, inputs=[/input-3], perturbed=True)
build batch [1/1]
layer /15 using sparse-features alpha with shape [80]; unstable size 80; total size 256 ([1, 256])
layer /15 start_node /input-3 using sparse-spec alpha [2, 48, 1, 80] with unstable size 47 total_size 128 output_shape torch.Size([128])
layer /15 start_node /18 using full alpha [2, 9, 1, 80] with unstable size None total_size 9 output_shape 9
layer /17 using sparse-features alpha with shape [47]; unstable size 47; total size 128 ([1, 128])
layer /17 start_node /18 using full alpha [2, 9, 1, 47] with unstable size None total_size 9 output_shape 9
Optimizable variables initialized.
initial CROWN bounds (first 10 items): [7.485355854034424, 7.258570194244385, 8.494282722473145, 0.6767265796661377, 7.109336853027344, 7.348611354827881, 9.193053245544434, 3.1581878662109375, 1.9673476219177246]
Verified with initial CROWN!
verified with init bound!
Result: safe-incomplete in 0.3607 seconds

 %%%%%%%%%%%%%%%%%%%%%%%%%%%%%%%%%%% idx: 54, vnnlib ID: 54 %%%%%%%%%%%%%%%%%%%%%%%%%%%%%%%%%%%
Finished vnnlib processing in 0.007399 seconds
Model: BoundedModule(
  (/0): BoundInput(name=/0, inputs=[], perturbed=True)
  (/7): BoundParams(name=/7, inputs=[], perturbed=False)
  (/8): BoundParams(name=/8, inputs=[], perturbed=False)
  (/9): BoundParams(name=/9, inputs=[], perturbed=False)
  (/10): BoundParams(name=/10, inputs=[], perturbed=False)
  (/11): BoundParams(name=/11, inputs=[], perturbed=False)
  (/12): BoundParams(name=/12, inputs=[], perturbed=False)
  (/13): BoundFlatten(name=/13, inputs=[/0], perturbed=True)
  (/input): BoundLinear(name=/input, inputs=[/13, /7, /8], perturbed=True)
  (/15): BoundRelu(name=/15, inputs=[/input], perturbed=True)
  (/input-3): BoundLinear(name=/input-3, inputs=[/15, /9, /10], perturbed=True)
  (/17): BoundRelu(name=/17, inputs=[/input-3], perturbed=True)
  (/18): BoundLinear(name=/18, inputs=[/17, /11, /12], perturbed=True)
)
Original output in the first batch: tensor([[-0.80928093, -4.34627390, -5.59907722, -7.81118441,  0.90725040,
          1.92548311,  9.39261341, -7.51316166, -0.93292975, -7.56262636]],
       device='cuda:0')
Split layers:
Nonlinear functions:
   BoundRelu(name=/15, inputs=[/input], perturbed=True)
   BoundRelu(name=/17, inputs=[/input-3], perturbed=True)
build batch [1/1]
layer /15 using sparse-features alpha with shape [47]; unstable size 47; total size 256 ([1, 256])
layer /15 start_node /input-3 using sparse-spec alpha [2, 27, 1, 47] with unstable size 26 total_size 128 output_shape torch.Size([128])
layer /15 start_node /18 using full alpha [2, 9, 1, 47] with unstable size None total_size 9 output_shape 9
layer /17 using sparse-features alpha with shape [26]; unstable size 26; total size 128 ([1, 128])
layer /17 start_node /18 using full alpha [2, 9, 1, 26] with unstable size None total_size 9 output_shape 9
Optimizable variables initialized.
initial CROWN bounds (first 10 items): [7.692834854125977, 11.203978538513184, 11.617718696594238, 13.700580596923828, 5.098299503326416, 4.678643703460693, 13.802749633789062, 7.571714401245117, 12.963340759277344]
Verified with initial CROWN!
verified with init bound!
Result: safe-incomplete in 0.4264 seconds

 %%%%%%%%%%%%%%%%%%%%%%%%%%%%%%%%%%% idx: 55, vnnlib ID: 55 %%%%%%%%%%%%%%%%%%%%%%%%%%%%%%%%%%%
Finished vnnlib processing in 0.009902 seconds
Model: BoundedModule(
  (/0): BoundInput(name=/0, inputs=[], perturbed=True)
  (/7): BoundParams(name=/7, inputs=[], perturbed=False)
  (/8): BoundParams(name=/8, inputs=[], perturbed=False)
  (/9): BoundParams(name=/9, inputs=[], perturbed=False)
  (/10): BoundParams(name=/10, inputs=[], perturbed=False)
  (/11): BoundParams(name=/11, inputs=[], perturbed=False)
  (/12): BoundParams(name=/12, inputs=[], perturbed=False)
  (/13): BoundFlatten(name=/13, inputs=[/0], perturbed=True)
  (/input): BoundLinear(name=/input, inputs=[/13, /7, /8], perturbed=True)
  (/15): BoundRelu(name=/15, inputs=[/input], perturbed=True)
  (/input-3): BoundLinear(name=/input-3, inputs=[/15, /9, /10], perturbed=True)
  (/17): BoundRelu(name=/17, inputs=[/input-3], perturbed=True)
  (/18): BoundLinear(name=/18, inputs=[/17, /11, /12], perturbed=True)
)
Original output in the first batch: tensor([[10.42608738, -7.68393612, -1.51629138, -5.30581999, -7.09028387,
         -1.66082573, -0.47955045, -4.47139835,  0.86856627, -3.49359727]],
       device='cuda:0')
Split layers:
Nonlinear functions:
   BoundRelu(name=/15, inputs=[/input], perturbed=True)
   BoundRelu(name=/17, inputs=[/input-3], perturbed=True)
build batch [1/1]
layer /15 using sparse-features alpha with shape [57]; unstable size 57; total size 256 ([1, 256])
layer /15 start_node /input-3 using sparse-spec alpha [2, 28, 1, 57] with unstable size 27 total_size 128 output_shape torch.Size([128])
layer /15 start_node /18 using full alpha [2, 9, 1, 57] with unstable size None total_size 9 output_shape 9
layer /17 using sparse-features alpha with shape [27]; unstable size 27; total size 128 ([1, 128])
layer /17 start_node /18 using full alpha [2, 9, 1, 27] with unstable size None total_size 9 output_shape 9
Optimizable variables initialized.
initial CROWN bounds (first 10 items): [15.20822811126709, 9.382607460021973, 12.417201042175293, 13.321468353271484, 8.538951873779297, 7.924319267272949, 11.45462703704834, 6.328306198120117, 10.669845581054688]
Verified with initial CROWN!
verified with init bound!
Result: safe-incomplete in 0.3944 seconds

 %%%%%%%%%%%%%%%%%%%%%%%%%%%%%%%%%%% idx: 56, vnnlib ID: 56 %%%%%%%%%%%%%%%%%%%%%%%%%%%%%%%%%%%
Finished vnnlib processing in 0.011754 seconds
Model: BoundedModule(
  (/0): BoundInput(name=/0, inputs=[], perturbed=True)
  (/7): BoundParams(name=/7, inputs=[], perturbed=False)
  (/8): BoundParams(name=/8, inputs=[], perturbed=False)
  (/9): BoundParams(name=/9, inputs=[], perturbed=False)
  (/10): BoundParams(name=/10, inputs=[], perturbed=False)
  (/11): BoundParams(name=/11, inputs=[], perturbed=False)
  (/12): BoundParams(name=/12, inputs=[], perturbed=False)
  (/13): BoundFlatten(name=/13, inputs=[/0], perturbed=True)
  (/input): BoundLinear(name=/input, inputs=[/13, /7, /8], perturbed=True)
  (/15): BoundRelu(name=/15, inputs=[/input], perturbed=True)
  (/input-3): BoundLinear(name=/input-3, inputs=[/15, /9, /10], perturbed=True)
  (/17): BoundRelu(name=/17, inputs=[/input-3], perturbed=True)
  (/18): BoundLinear(name=/18, inputs=[/17, /11, /12], perturbed=True)
)
Original output in the first batch: tensor([[ -7.56125402,  -8.03553009,  -6.72656202, -11.94615555,  16.53387833,
          -2.09086776,  -7.76152611,  -2.44434714,  -4.25847387,   2.53536725]],
       device='cuda:0')
Split layers:
Nonlinear functions:
   BoundRelu(name=/15, inputs=[/input], perturbed=True)
   BoundRelu(name=/17, inputs=[/input-3], perturbed=True)
build batch [1/1]
layer /15 using sparse-features alpha with shape [53]; unstable size 53; total size 256 ([1, 256])
layer /15 start_node /input-3 using sparse-spec alpha [2, 32, 1, 53] with unstable size 31 total_size 128 output_shape torch.Size([128])
layer /15 start_node /18 using full alpha [2, 9, 1, 53] with unstable size None total_size 9 output_shape 9
layer /17 using sparse-features alpha with shape [31]; unstable size 31; total size 128 ([1, 128])
layer /17 start_node /18 using full alpha [2, 9, 1, 31] with unstable size None total_size 9 output_shape 9
Optimizable variables initialized.
initial CROWN bounds (first 10 items): [20.29071617126465, 20.976430892944336, 19.006006240844727, 23.916133880615234, 14.349376678466797, 19.830371856689453, 15.317680358886719, 16.458431243896484, 10.631129264831543]
Verified with initial CROWN!
verified with init bound!
Result: safe-incomplete in 0.3863 seconds

 %%%%%%%%%%%%%%%%%%%%%%%%%%%%%%%%%%% idx: 57, vnnlib ID: 57 %%%%%%%%%%%%%%%%%%%%%%%%%%%%%%%%%%%
Finished vnnlib processing in 0.012043 seconds
Model: BoundedModule(
  (/0): BoundInput(name=/0, inputs=[], perturbed=True)
  (/7): BoundParams(name=/7, inputs=[], perturbed=False)
  (/8): BoundParams(name=/8, inputs=[], perturbed=False)
  (/9): BoundParams(name=/9, inputs=[], perturbed=False)
  (/10): BoundParams(name=/10, inputs=[], perturbed=False)
  (/11): BoundParams(name=/11, inputs=[], perturbed=False)
  (/12): BoundParams(name=/12, inputs=[], perturbed=False)
  (/13): BoundFlatten(name=/13, inputs=[/0], perturbed=True)
  (/input): BoundLinear(name=/input, inputs=[/13, /7, /8], perturbed=True)
  (/15): BoundRelu(name=/15, inputs=[/input], perturbed=True)
  (/input-3): BoundLinear(name=/input-3, inputs=[/15, /9, /10], perturbed=True)
  (/17): BoundRelu(name=/17, inputs=[/input-3], perturbed=True)
  (/18): BoundLinear(name=/18, inputs=[/17, /11, /12], perturbed=True)
)
Original output in the first batch: tensor([[-5.43090582,  7.83757496, -0.77130771, -2.29558396, -3.10284019,
         -5.94866276, -7.08325100,  1.51184833, -1.44809020, -4.38171673]],
       device='cuda:0')
Split layers:
Nonlinear functions:
   BoundRelu(name=/15, inputs=[/input], perturbed=True)
   BoundRelu(name=/17, inputs=[/input-3], perturbed=True)
build batch [1/1]
layer /15 using sparse-features alpha with shape [109]; unstable size 109; total size 256 ([1, 256])
layer /15 start_node /input-3 using sparse-spec alpha [2, 57, 1, 109] with unstable size 56 total_size 128 output_shape torch.Size([128])
layer /15 start_node /18 using full alpha [2, 9, 1, 109] with unstable size None total_size 9 output_shape 9
layer /17 using sparse-features alpha with shape [56]; unstable size 56; total size 128 ([1, 128])
layer /17 start_node /18 using full alpha [2, 9, 1, 56] with unstable size None total_size 9 output_shape 9
Optimizable variables initialized.
initial CROWN bounds (first 10 items): [7.701068878173828, 2.840575695037842, 3.517271041870117, 5.324563503265381, 6.921414852142334, 9.081781387329102, 0.895949125289917, 3.1382031440734863, 5.285127639770508]
Verified with initial CROWN!
verified with init bound!
Result: safe-incomplete in 0.4094 seconds

 %%%%%%%%%%%%%%%%%%%%%%%%%%%%%%%%%%% idx: 58, vnnlib ID: 58 %%%%%%%%%%%%%%%%%%%%%%%%%%%%%%%%%%%
Finished vnnlib processing in 0.009921 seconds
Model: BoundedModule(
  (/0): BoundInput(name=/0, inputs=[], perturbed=True)
  (/7): BoundParams(name=/7, inputs=[], perturbed=False)
  (/8): BoundParams(name=/8, inputs=[], perturbed=False)
  (/9): BoundParams(name=/9, inputs=[], perturbed=False)
  (/10): BoundParams(name=/10, inputs=[], perturbed=False)
  (/11): BoundParams(name=/11, inputs=[], perturbed=False)
  (/12): BoundParams(name=/12, inputs=[], perturbed=False)
  (/13): BoundFlatten(name=/13, inputs=[/0], perturbed=True)
  (/input): BoundLinear(name=/input, inputs=[/13, /7, /8], perturbed=True)
  (/15): BoundRelu(name=/15, inputs=[/input], perturbed=True)
  (/input-3): BoundLinear(name=/input-3, inputs=[/15, /9, /10], perturbed=True)
  (/17): BoundRelu(name=/17, inputs=[/input-3], perturbed=True)
  (/18): BoundLinear(name=/18, inputs=[/17, /11, /12], perturbed=True)
)
Original output in the first batch: tensor([[ -5.99102831,  -8.79226112,  -5.20678186,  -3.81951737,   4.43249321,
          -3.15752721, -15.84172726,  -1.91923690,  -4.88243866,  11.18394470]],
       device='cuda:0')
Split layers:
Nonlinear functions:
   BoundRelu(name=/15, inputs=[/input], perturbed=True)
   BoundRelu(name=/17, inputs=[/input-3], perturbed=True)
build batch [1/1]
layer /15 using sparse-features alpha with shape [66]; unstable size 66; total size 256 ([1, 256])
layer /15 start_node /input-3 using sparse-spec alpha [2, 28, 1, 66] with unstable size 27 total_size 128 output_shape torch.Size([128])
layer /15 start_node /18 using full alpha [2, 9, 1, 66] with unstable size None total_size 9 output_shape 9
layer /17 using sparse-features alpha with shape [27]; unstable size 27; total size 128 ([1, 128])
layer /17 start_node /18 using full alpha [2, 9, 1, 27] with unstable size None total_size 9 output_shape 9
Optimizable variables initialized.
initial CROWN bounds (first 10 items): [13.14349365234375, 15.831392288208008, 11.792688369750977, 10.895581245422363, 1.644944190979004, 9.839879989624023, 21.021203994750977, 8.169379234313965, 11.860819816589355]
Verified with initial CROWN!
verified with init bound!
Result: safe-incomplete in 0.3841 seconds

 %%%%%%%%%%%%%%%%%%%%%%%%%%%%%%%%%%% idx: 59, vnnlib ID: 59 %%%%%%%%%%%%%%%%%%%%%%%%%%%%%%%%%%%
Finished vnnlib processing in 0.011597 seconds
Model: BoundedModule(
  (/0): BoundInput(name=/0, inputs=[], perturbed=True)
  (/7): BoundParams(name=/7, inputs=[], perturbed=False)
  (/8): BoundParams(name=/8, inputs=[], perturbed=False)
  (/9): BoundParams(name=/9, inputs=[], perturbed=False)
  (/10): BoundParams(name=/10, inputs=[], perturbed=False)
  (/11): BoundParams(name=/11, inputs=[], perturbed=False)
  (/12): BoundParams(name=/12, inputs=[], perturbed=False)
  (/13): BoundFlatten(name=/13, inputs=[/0], perturbed=True)
  (/input): BoundLinear(name=/input, inputs=[/13, /7, /8], perturbed=True)
  (/15): BoundRelu(name=/15, inputs=[/input], perturbed=True)
  (/input-3): BoundLinear(name=/input-3, inputs=[/15, /9, /10], perturbed=True)
  (/17): BoundRelu(name=/17, inputs=[/input-3], perturbed=True)
  (/18): BoundLinear(name=/18, inputs=[/17, /11, /12], perturbed=True)
)
Original output in the first batch: tensor([[-1.26042116, -2.20098543, -3.45884871, -2.88808084, -4.41013861,
          7.08634138, -3.70836711,  0.36209100,  0.57561982, -3.04416585]],
       device='cuda:0')
Split layers:
Nonlinear functions:
   BoundRelu(name=/15, inputs=[/input], perturbed=True)
   BoundRelu(name=/17, inputs=[/input-3], perturbed=True)
build batch [1/1]
layer /15 using sparse-features alpha with shape [80]; unstable size 80; total size 256 ([1, 256])
layer /15 start_node /input-3 using sparse-spec alpha [2, 53, 1, 80] with unstable size 52 total_size 128 output_shape torch.Size([128])
layer /15 start_node /18 using full alpha [2, 9, 1, 80] with unstable size None total_size 9 output_shape 9
layer /17 using sparse-features alpha with shape [52]; unstable size 52; total size 128 ([1, 128])
layer /17 start_node /18 using full alpha [2, 9, 1, 52] with unstable size None total_size 9 output_shape 9
Optimizable variables initialized.
initial CROWN bounds (first 10 items): [3.456688404083252, 5.390683174133301, 5.510260581970215, 5.611270904541016, 6.11003303527832, 6.834935665130615, 1.2149217128753662, 2.5734171867370605, 5.473416328430176]
Verified with initial CROWN!
verified with init bound!
Result: safe-incomplete in 0.3815 seconds

 %%%%%%%%%%%%%%%%%%%%%%%%%%%%%%%%%%% idx: 60, vnnlib ID: 60 %%%%%%%%%%%%%%%%%%%%%%%%%%%%%%%%%%%
Finished vnnlib processing in 0.013162 seconds
Model: BoundedModule(
  (/0): BoundInput(name=/0, inputs=[], perturbed=True)
  (/7): BoundParams(name=/7, inputs=[], perturbed=False)
  (/8): BoundParams(name=/8, inputs=[], perturbed=False)
  (/9): BoundParams(name=/9, inputs=[], perturbed=False)
  (/10): BoundParams(name=/10, inputs=[], perturbed=False)
  (/11): BoundParams(name=/11, inputs=[], perturbed=False)
  (/12): BoundParams(name=/12, inputs=[], perturbed=False)
  (/13): BoundFlatten(name=/13, inputs=[/0], perturbed=True)
  (/input): BoundLinear(name=/input, inputs=[/13, /7, /8], perturbed=True)
  (/15): BoundRelu(name=/15, inputs=[/input], perturbed=True)
  (/input-3): BoundLinear(name=/input-3, inputs=[/15, /9, /10], perturbed=True)
  (/17): BoundRelu(name=/17, inputs=[/input-3], perturbed=True)
  (/18): BoundLinear(name=/18, inputs=[/17, /11, /12], perturbed=True)
)
Original output in the first batch: tensor([[ -3.72498488,  -4.31976128,  -0.25617015,   3.59785056,  -8.80440426,
          -3.76321793, -17.98498726,  13.78715420,  -7.54274035,   1.33773148]],
       device='cuda:0')
Split layers:
Nonlinear functions:
   BoundRelu(name=/15, inputs=[/input], perturbed=True)
   BoundRelu(name=/17, inputs=[/input-3], perturbed=True)
build batch [1/1]
layer /15 using sparse-features alpha with shape [44]; unstable size 44; total size 256 ([1, 256])
layer /15 start_node /input-3 using sparse-spec alpha [2, 33, 1, 44] with unstable size 32 total_size 128 output_shape torch.Size([128])
layer /15 start_node /18 using full alpha [2, 9, 1, 44] with unstable size None total_size 9 output_shape 9
layer /17 using sparse-features alpha with shape [32]; unstable size 32; total size 128 ([1, 128])
layer /17 start_node /18 using full alpha [2, 9, 1, 32] with unstable size None total_size 9 output_shape 9
Optimizable variables initialized.
initial CROWN bounds (first 10 items): [13.955164909362793, 14.824301719665527, 10.9603910446167, 6.070505619049072, 19.369482040405273, 12.962837219238281, 26.77638053894043, 17.2114200592041, 9.251047134399414]
Verified with initial CROWN!
verified with init bound!
Result: safe-incomplete in 0.3996 seconds

 %%%%%%%%%%%%%%%%%%%%%%%%%%%%%%%%%%% idx: 61, vnnlib ID: 61 %%%%%%%%%%%%%%%%%%%%%%%%%%%%%%%%%%%
Finished vnnlib processing in 0.012144 seconds
Model: BoundedModule(
  (/0): BoundInput(name=/0, inputs=[], perturbed=True)
  (/7): BoundParams(name=/7, inputs=[], perturbed=False)
  (/8): BoundParams(name=/8, inputs=[], perturbed=False)
  (/9): BoundParams(name=/9, inputs=[], perturbed=False)
  (/10): BoundParams(name=/10, inputs=[], perturbed=False)
  (/11): BoundParams(name=/11, inputs=[], perturbed=False)
  (/12): BoundParams(name=/12, inputs=[], perturbed=False)
  (/13): BoundFlatten(name=/13, inputs=[/0], perturbed=True)
  (/input): BoundLinear(name=/input, inputs=[/13, /7, /8], perturbed=True)
  (/15): BoundRelu(name=/15, inputs=[/input], perturbed=True)
  (/input-3): BoundLinear(name=/input-3, inputs=[/15, /9, /10], perturbed=True)
  (/17): BoundRelu(name=/17, inputs=[/input-3], perturbed=True)
  (/18): BoundLinear(name=/18, inputs=[/17, /11, /12], perturbed=True)
)
Original output in the first batch: tensor([[-2.26904392, -4.26060152,  4.43979120, -0.53799969, -6.92498636,
         -2.46666408, -5.31366396, -3.34637785,  5.70022631, -3.81191587]],
       device='cuda:0')
Split layers:
Nonlinear functions:
   BoundRelu(name=/15, inputs=[/input], perturbed=True)
   BoundRelu(name=/17, inputs=[/input-3], perturbed=True)
build batch [1/1]
layer /15 using sparse-features alpha with shape [65]; unstable size 65; total size 256 ([1, 256])
layer /15 start_node /input-3 using sparse-spec alpha [2, 33, 1, 65] with unstable size 32 total_size 128 output_shape torch.Size([128])
layer /15 start_node /18 using full alpha [2, 9, 1, 65] with unstable size None total_size 9 output_shape 9
layer /17 using sparse-features alpha with shape [32]; unstable size 32; total size 128 ([1, 128])
layer /17 start_node /18 using full alpha [2, 9, 1, 32] with unstable size None total_size 9 output_shape 9
Optimizable variables initialized.
initial CROWN bounds (first 10 items): [4.669715881347656, 6.451251983642578, -3.030893325805664, 2.7246100902557373, 9.043526649475098, 4.377338409423828, 7.447711944580078, 4.609837532043457, 5.611560821533203]
prune_after_crown optimization in use
  original spec size = torch.Size([1, 9])
  pruned spec size = torch.Size([1, 1])
Using alpha-CROWN to initialize bounds.
Early stop at 76th iter due to 10 iterations no improvement!
best_l after optimization: -2.85650897026062
alpha/beta optimization time: 2.416351795196533
initial alpha-crown bounds (first 10 items): [-2.85650897026062]
Global lower bound: -2.85650897026062
torch.Size([1, 1])
8 / 9 OR specs are verified.
Verified OR indices (first 10 items): [0, 1, 3, 4, 5, 6, 7, 8]
Verified OR lbs (first 10 items): [[inf], [inf], [inf], [inf], [inf], [inf], [inf], [inf]]
Unverified OR indices (first 10 items): [2]
Unverified OR lbs (first 10 items): [[-2.85650897026062]]
###### Verifying property Instance 61 ######
Batch size: 1
First 10 spec matrices
C: tensor([[[ 0.,  0., -1.,  0.,  0.,  0.,  0.,  0.,  1.,  0.]]], device='cuda:0')
RHS: tensor([[0.]], device='cuda:0')
OR spec sizes: tensor([1], device='cuda:0', dtype=torch.int32)
Remaining timeout: 27.05195689201355
Model prediction is: tensor([-2.26904392, -4.26060152,  4.43979120, -0.53799969, -6.92498636,
        -2.46666408, -5.31366396, -3.34637785,  5.70022631, -3.81191587],
       device='cuda:0')
Activation BaB batch 1/1 
build_with_refined_bounds batch [1/1]
Optimizable variables initialized.
all alpha initialized
directly get lb and ub from refined bounds
c shape: torch.Size([1, 1, 10])
lA shapes: [torch.Size([1, 1, 256]), torch.Size([1, 1, 128])]
torch.Size([1, 1])
(alpha-)CROWN with fixed intermediate bounds: tensor([[-2.85650897]], device='cuda:0') tensor([[inf]], device='cuda:0')
Intermediate layers: /input,/input-3
Keeping alphas for these layers: ['/18']
Node /15 input 0: size torch.Size([256]) unstable 65
Node /17 input 0: size torch.Size([128]) unstable 32
-----------------
# of unstable neurons: 97
-----------------

BaB round 1
batch: 1
splitting decisions: 
split level 0: [/input, 88] 
split level 1: [/input, 76] 
split level 2: [/input, 133] 
split level 3: [/input, 20] 
split level 4: [/input-3, 34] 
split level 5: [/input, 189] 
best_l after optimization: -96.49282836914062
beta sum per layer: [141.84088134765625, 21.793800354003906]
alpha/beta optimization time: 0.7747652530670166
pruning_in_iteration open status: False
ratio of positive domain = 0 / 64 = 0.0
pruning-in-iteration extra time: 0.0005104541778564453
torch.Size([64, 1])
Time: prepare 0.0030    bound 0.7763    transfer 0.0018    finalize 0.0091    func 0.7904    
Accumulated time: func 0.7904    prepare 0.0160    bound 0.7763    transfer 0.0018    finalize 0.0091    
max lb tensor(-0.77814305) min lb tensor(-2.15696430)
Number of Verified Splits: 0 of 64
Current worst splitting domains lb-rhs (depth):
-2.15696 (6), -2.15550 (6), -2.10600 (6), -2.09776 (6), -2.08431 (6), -2.07989 (6), -2.04359 (6), -2.02411 (6), -2.00526 (6), -1.98836 (6), -1.98402 (6), -1.98360 (6), -1.96258 (6), -1.95288 (6), -1.89932 (6), -1.87559 (6), -1.84932 (6), -1.84397 (6), -1.83762 (6), -1.82662 (6), 
Length of domains: 64
Current (lb-rhs): -2.1569643020629883
64 domains visited
Time: pickout 0.0008    decision 0.0662    set_bounds 0.0047    solve 0.7912    add 0.0086    
Accumulated time: pickout 0.0008    decision 0.0662    set_bounds 0.0047    solve 0.7912    add 0.0086    
Cumulative time: 0.9166398048400879

BaB round 2
batch: 64
splitting decisions: 
split level 0: [/input, 239] [/input, 239] [/input, 239] [/input-3, 24] [/input, 239] [/input, 239] [/input-3, 25] [/input, 239] [/input, 239] [/input, 239] 
best_l after optimization: -141.697265625
beta sum per layer: [599.8460693359375, 83.04198455810547]
alpha/beta optimization time: 0.730588436126709
pruning_in_iteration open status: False
ratio of positive domain = 5 / 128 = 0.0390625
pruning-in-iteration extra time: 0.0009708404541015625
torch.Size([128, 1])
Time: prepare 0.0060    bound 0.7324    transfer 0.0020    finalize 0.0095    func 0.7501    
Accumulated time: func 1.5404    prepare 0.0314    bound 1.5088    transfer 0.0037    finalize 0.0187    
max lb tensor(0.06890810) min lb tensor(-2.08082724)
Number of Verified Splits: 5 of 128
Current worst splitting domains lb-rhs (depth):
-2.08083 (7), -2.07969 (7), -2.02555 (7), -2.01645 (7), -2.01317 (7), -2.01003 (7), -1.96681 (7), -1.94628 (7), -1.94608 (7), -1.92903 (7), -1.92374 (7), -1.92332 (7), -1.92311 (7), -1.92072 (7), -1.88969 (7), -1.88480 (7), -1.87949 (7), -1.86928 (7), -1.85573 (7), -1.84777 (7), 
Length of domains: 123
Current (lb-rhs): -2.080827236175537
192 domains visited
Time: pickout 0.0189    decision 0.1174    set_bounds 0.0044    solve 0.7513    add 0.0025    
Accumulated time: pickout 0.0198    decision 0.1836    set_bounds 0.0092    solve 1.5424    add 0.0111    
Cumulative time: 1.8115265369415283

BaB round 3
batch: 123
splitting decisions: 
split level 0: [/input-3, 24] [/input-3, 24] [/input-3, 24] [/input, 239] [/input-3, 24] [/input-3, 24] [/input-3, 24] [/input-3, 24] [/input-3, 24] [/input-3, 24] 
best_l after optimization: -226.19798278808594
beta sum per layer: [1536.3779296875, 262.4642333984375]
alpha/beta optimization time: 1.1111433506011963
pruning_in_iteration open status: False
ratio of positive domain = 38 / 246 = 0.1544715447154471
pruning-in-iteration extra time: 0.0009801387786865234
torch.Size([246, 1])
Time: prepare 0.0078    bound 1.1130    transfer 0.0026    finalize 0.0116    func 1.1353    
Accumulated time: func 2.6757    prepare 0.0502    bound 2.6218    transfer 0.0063    finalize 0.0303    
max lb tensor(0.17644805) min lb tensor(-2.01068926)
Number of Verified Splits: 38 of 246
Current worst splitting domains lb-rhs (depth):
-2.01069 (8), -2.00924 (8), -1.95299 (8), -1.94505 (8), -1.94372 (8), -1.94051 (8), -1.89324 (8), -1.87419 (8), -1.87057 (8), -1.87045 (8), -1.86592 (8), -1.86238 (8), -1.86126 (8), -1.86018 (8), -1.85757 (8), -1.85018 (8), -1.84575 (8), -1.84545 (8), -1.83494 (8), -1.82917 (8), 
Length of domains: 208
Current (lb-rhs): -2.0106892585754395
438 domains visited
Time: pickout 0.0249    decision 0.1844    set_bounds 0.0081    solve 1.1364    add 0.0030    
Accumulated time: pickout 0.0447    decision 0.3681    set_bounds 0.0173    solve 2.6788    add 0.0141    
Cumulative time: 3.168850898742676

BaB round 4
batch: 208
splitting decisions: 
split level 0: [/input-3, 25] [/input-3, 25] [/input-3, 25] [/input-3, 25] [/input-3, 25] [/input-3, 25] [/input-3, 25] [/input-3, 25] [/input-3, 25] [/input-3, 25] 
best_l after optimization: -378.62445068359375
beta sum per layer: [2735.1904296875, 671.6387939453125]
alpha/beta optimization time: 0.5615434646606445
pruning_in_iteration open status: False
ratio of positive domain = 75 / 416 = 0.18028846153846156
pruning-in-iteration extra time: 0.00024175643920898438
torch.Size([416, 1])
Time: prepare 0.0135    bound 0.5629    transfer 0.0004    finalize 0.0034    func 0.5802    
Accumulated time: func 3.2560    prepare 0.0798    bound 3.1847    transfer 0.0067    finalize 0.0337    
max lb tensor(0.14871091) min lb tensor(-1.94105124)
Number of Verified Splits: 75 of 416
Current worst splitting domains lb-rhs (depth):
-1.94105 (9), -1.94057 (9), -1.92565 (9), -1.91982 (9), -1.88588 (9), -1.88145 (9), -1.87385 (9), -1.87301 (9), -1.86219 (9), -1.85890 (9), -1.84798 (9), -1.84652 (9), -1.82774 (9), -1.81318 (9), -1.80516 (9), -1.80456 (9), -1.80365 (9), -1.80304 (9), -1.79971 (9), -1.79781 (9), 
Length of domains: 341
Current (lb-rhs): -1.9410512447357178
854 domains visited
Time: pickout 0.0343    decision 0.3405    set_bounds 0.0123    solve 0.5811    add 0.0014    
Accumulated time: pickout 0.0790    decision 0.7085    set_bounds 0.0295    solve 3.2599    add 0.0155    
Cumulative time: 4.138911962509155

BaB round 5
batch: 341
splitting decisions: 
split level 0: [/input, 135] [/input, 135] [/input, 135] [/input, 135] [/input, 135] [/input, 135] [/input, 135] [/input, 135] [/input, 135] [/input, 225] 
best_l after optimization: -617.1703491210938
beta sum per layer: [4491.56640625, 1623.8385009765625]
alpha/beta optimization time: 0.49436473846435547
pruning_in_iteration open status: False
ratio of positive domain = 76 / 682 = 0.11143695014662758
pruning-in-iteration extra time: 0.00020956993103027344
torch.Size([682, 1])
Time: prepare 0.0161    bound 0.4955    transfer 0.0005    finalize 0.0074    func 0.5197    
Accumulated time: func 3.7756    prepare 0.0976    bound 3.6802    transfer 0.0072    finalize 0.0411    
max lb tensor(0.13544559) min lb tensor(-1.89313316)
Number of Verified Splits: 76 of 682
Current worst splitting domains lb-rhs (depth):
-1.89313 (10), -1.89297 (10), -1.87929 (10), -1.87507 (10), -1.84131 (10), -1.83219 (10), -1.82859 (10), -1.82683 (10), -1.81960 (10), -1.81371 (10), -1.80409 (10), -1.80089 (10), -1.78277 (10), -1.76045 (10), -1.75770 (10), -1.75746 (10), -1.74675 (10), -1.74097 (10), -1.73941 (10), -1.73895 (10), 
Length of domains: 606
Current (lb-rhs): -1.8931331634521484
1536 domains visited
Time: pickout 0.0425    decision 0.0735    set_bounds 0.0187    solve 0.5207    add 0.0022    
Accumulated time: pickout 0.1214    decision 0.7821    set_bounds 0.0482    solve 3.7806    add 0.0177    
Cumulative time: 4.797647476196289

BaB round 6
batch: 606
splitting decisions: 
split level 0: [/input, 225] [/input-3, 50] [/input-3, 50] [/input, 225] [/input-3, 50] [/input-3, 50] [/input-3, 50] [/input-3, 50] [/input-3, 50] [/input-3, 50] 
best_l after optimization: -937.7819213867188
beta sum per layer: [8410.03125, 3684.4599609375]
alpha/beta optimization time: 0.4689352512359619
pruning_in_iteration open status: False
ratio of positive domain = 165 / 1212 = 0.13613861386138615
pruning-in-iteration extra time: 0.00016927719116210938
torch.Size([1212, 1])
Time: prepare 0.0325    bound 0.4702    transfer 0.0006    finalize 0.0085    func 0.5119    
Accumulated time: func 4.2875    prepare 0.1341    bound 4.1503    transfer 0.0078    finalize 0.0495    
max lb tensor(0.23018366) min lb tensor(-1.84750342)
Number of Verified Splits: 165 of 1212
Current worst splitting domains lb-rhs (depth):
-1.84750 (11), -1.84578 (11), -1.83387 (11), -1.82972 (11), -1.79726 (11), -1.78706 (11), -1.78303 (11), -1.78180 (11), -1.77652 (11), -1.77026 (11), -1.75794 (11), -1.75450 (11), -1.73927 (11), -1.71715 (11), -1.71709 (11), -1.71332 (11), -1.71167 (11), -1.70321 (11), -1.70056 (11), -1.69881 (11), 
Length of domains: 1047
Current (lb-rhs): -1.847503423690796
2748 domains visited
Time: pickout 0.0809    decision 0.1250    set_bounds 0.0328    solve 0.5127    add 0.0048    
Accumulated time: pickout 0.2023    decision 0.9071    set_bounds 0.0810    solve 4.2933    add 0.0225    
Cumulative time: 5.555119752883911

BaB round 7
batch: 1024
splitting decisions: 
split level 0: [/input-3, 112] [/input-3, 50] [/input-3, 112] [/input-3, 9] [/input-3, 50] [/input-3, 9] [/input-3, 112] [/input-3, 50] [/input-3, 112] [/input-3, 50] 
best_l after optimization: -1425.0050048828125
beta sum per layer: [13768.7978515625, 7360.5732421875]
alpha/beta optimization time: 0.6821475028991699
pruning_in_iteration open status: False
ratio of positive domain = 298 / 2048 = 0.1455078125
pruning-in-iteration extra time: 0.0001728534698486328
torch.Size([2048, 1])
Time: prepare 0.0470    bound 0.6833    transfer 0.0013    finalize 0.0171    func 0.7489    
Accumulated time: func 5.0364    prepare 0.1837    bound 4.8336    transfer 0.0091    finalize 0.0666    
max lb tensor(0.17650577) min lb tensor(-1.80158031)
Number of Verified Splits: 298 of 2048
Current worst splitting domains lb-rhs (depth):
-1.80158 (12), -1.79954 (12), -1.78775 (12), -1.78706 (11), -1.78486 (12), -1.75140 (12), -1.73692 (12), -1.73649 (12), -1.73175 (12), -1.72345 (12), -1.71295 (12), -1.71178 (12), -1.69536 (12), -1.67714 (12), -1.67290 (12), -1.67133 (12), -1.67130 (12), -1.67089 (12), -1.66892 (12), -1.66106 (12), 
Length of domains: 1773
Current (lb-rhs): -1.8015803098678589
4796 domains visited
Time: pickout 0.1137    decision 0.7088    set_bounds 0.0478    solve 0.7504    add 0.0049    
Accumulated time: pickout 0.3160    decision 1.6159    set_bounds 0.1289    solve 5.0437    add 0.0274    
current_vram/total_varm: 0.2GB/8.6GB, batch_size increase to 2048
Cumulative time: 7.1836957931518555

BaB round 8
batch: 1773
splitting decisions: 
split level 0: [/input-3, 50] [/input-3, 112] [/input-3, 112] [/input-3, 112] [/input-3, 112] [/input-3, 9] [/input-3, 112] [/input-3, 112] [/input-3, 112] [/input-3, 9] 
best_l after optimization: -2096.63623046875
beta sum per layer: [23046.8125, 14048.1416015625]
alpha/beta optimization time: 0.4767000675201416
pruning_in_iteration open status: False
ratio of positive domain = 594 / 3546 = 0.1675126903553299
pruning-in-iteration extra time: 0.00021505355834960938
torch.Size([3546, 1])
Time: prepare 0.0804    bound 0.4780    transfer 0.0139    finalize 0.0212    func 0.5943    
Accumulated time: func 5.6307    prepare 0.2701    bound 5.3116    transfer 0.0230    finalize 0.0878    
max lb tensor(0.24402434) min lb tensor(-1.75215459)
Number of Verified Splits: 594 of 3546
Current worst splitting domains lb-rhs (depth):
-1.75215 (13), -1.74938 (13), -1.74391 (12), -1.73836 (13), -1.73577 (13), -1.70474 (13), -1.69063 (13), -1.68484 (13), -1.68360 (13), -1.67749 (13), -1.66083 (13), -1.65995 (13), -1.64237 (13), -1.64019 (13), -1.63841 (13), -1.63489 (13), -1.63486 (13), -1.63335 (13), -1.63313 (13), -1.62988 (13), 
Length of domains: 2952
Current (lb-rhs): -1.7521545886993408
8342 domains visited
Time: pickout 0.2253    decision 0.3046    set_bounds 0.0908    solve 0.5960    add 0.0069    
Accumulated time: pickout 0.5413    decision 1.9204    set_bounds 0.2197    solve 5.6397    add 0.0343    
Cumulative time: 8.411035299301147

BaB round 9
batch: 2048
splitting decisions: 
split level 0: [/input-3, 12] [/input-3, 12] [/input-3, 9] [/input-3, 12] [/input-3, 36] [/input-3, 9] [/input-3, 12] [/input-3, 9] [/input-3, 9] [/input-3, 12] 
best_l after optimization: -1800.8475341796875
beta sum per layer: [25568.3515625, 17299.150390625]
alpha/beta optimization time: 0.5501134395599365
pruning_in_iteration open status: True
ratio of positive domain = 1180 / 4096 = 0.2880859375
pruning-in-iteration extra time: 0.016421794891357422
torch.Size([4096, 1])
Time: prepare 0.1103    bound 0.5516    transfer 0.0059    finalize 0.0219    func 0.6900    
Accumulated time: func 6.3207    prepare 0.3862    bound 5.8632    transfer 0.0289    finalize 0.1097    
max lb tensor(0.00505459) min lb tensor(-1.69201350)
Number of Verified Splits: 1180 of 4096
Current worst splitting domains lb-rhs (depth):
-1.75215 (13), -1.74938 (13), -1.73836 (13), -1.73577 (13), -1.70474 (13), -1.69201 (13), -1.69063 (13), -1.68484 (13), -1.68360 (13), -1.67749 (13), -1.66083 (13), -1.65995 (13), -1.64237 (13), -1.64013 (13), -1.61629 (13), -1.61591 (13), -1.60752 (13), -1.60358 (13), -1.60184 (13), -1.60155 (13), 
Length of domains: 3820
Current (lb-rhs): -1.7521545886993408
12438 domains visited
Time: pickout 0.2361    decision 0.4429    set_bounds 0.1330    solve 0.6918    add 0.0132    
Accumulated time: pickout 0.7775    decision 2.3633    set_bounds 0.3527    solve 6.3315    add 0.0475    
current_vram/total_varm: 0.5GB/8.6GB, batch_size increase to 4096
Cumulative time: 9.935586214065552

BaB round 10
batch: 3820
splitting decisions: 
split level 0: [/input-3, 112] [/input-3, 9] [/input-3, 9] [/input-3, 9] [/input-3, 9] [/input-3, 9] [/input-3, 50] [/input-3, 12] [/input-3, 50] [/input-3, 9] 
best_l after optimization: -3050.365234375
beta sum per layer: [45219.9140625, 32645.943359375]
alpha/beta optimization time: 0.6245596408843994
pruning_in_iteration open status: True
ratio of positive domain = 2273 / 7640 = 0.29751308900523565
pruning-in-iteration extra time: 0.018560171127319336
torch.Size([7640, 1])
Time: prepare 0.1655    bound 0.6258    transfer 0.0059    finalize 0.0456    func 0.8431    
Accumulated time: func 7.1638    prepare 0.5614    bound 6.4890    transfer 0.0348    finalize 0.1553    
max lb tensor(0.00590816) min lb tensor(-1.71012390)
Number of Verified Splits: 2273 of 7640
Current worst splitting domains lb-rhs (depth):
-1.71012 (14), -1.70596 (14), -1.69421 (14), -1.69274 (14), -1.66206 (14), -1.65276 (14), -1.64688 (14), -1.64326 (14), -1.64176 (14), -1.63531 (14), -1.61953 (14), -1.61861 (14), -1.60142 (14), -1.60141 (14), -1.57389 (14), -1.57374 (14), -1.56614 (15), -1.56610 (14), -1.56477 (14), -1.56368 (15), 
Length of domains: 5367
Current (lb-rhs): -1.710123896598816
20078 domains visited
Time: pickout 0.4129    decision 0.6014    set_bounds 0.2914    solve 0.8452    add 0.0169    
Accumulated time: pickout 1.1904    decision 2.9647    set_bounds 0.6441    solve 7.1766    add 0.0644    
Cumulative time: 12.113966226577759

BaB round 11
batch: 4096
splitting decisions: 
split level 0: [/input-3, 73] [/input-3, 73] [/input-3, 12] [/input-3, 36] [/input-3, 73] [/input-3, 12] [/input-3, 36] [/input-3, 73] [/input-3, 73] [/input-3, 73] 
best_l after optimization: -2750.33349609375
beta sum per layer: [45576.30078125, 36485.16796875]
alpha/beta optimization time: 0.6898691654205322
pruning_in_iteration open status: True
ratio of positive domain = 2659 / 8192 = 0.3245849609375
pruning-in-iteration extra time: 0.021695852279663086
torch.Size([8192, 1])
Time: prepare 0.1808    bound 0.6912    transfer 0.0114    finalize 0.0454    func 0.9298    
Accumulated time: func 8.0936    prepare 0.7525    bound 7.1802    transfer 0.0462    finalize 0.2007    
max lb tensor(0.00606734) min lb tensor(-1.66906047)
Number of Verified Splits: 2659 of 8192
Current worst splitting domains lb-rhs (depth):
-1.66906 (15), -1.66441 (15), -1.66206 (14), -1.65276 (14), -1.65257 (15), -1.65061 (15), -1.64688 (14), -1.64326 (14), -1.64176 (14), -1.63531 (14), -1.61953 (14), -1.61861 (14), -1.60141 (14), -1.57389 (14), -1.57374 (14), -1.56240 (15), -1.55975 (14), -1.54072 (15), -1.54047 (15), -1.53944 (16), 
Length of domains: 6804
Current (lb-rhs): -1.669060468673706
28270 domains visited
Time: pickout 0.4506    decision 0.5993    set_bounds 0.3268    solve 0.9324    add 0.0083    
Accumulated time: pickout 1.6410    decision 3.5640    set_bounds 0.9708    solve 8.1090    add 0.0727    
current_vram/total_varm: 1.1GB/8.6GB, batch_size increase to 8192
Cumulative time: 14.448423147201538

BaB round 12
batch: 6804
splitting decisions: 
split level 0: [/input-3, 9] [/input-3, 12] [/input-3, 12] [/input-3, 12] [/input-3, 12] [/input-3, 12] [/input-3, 12] [/input-3, 36] [/input-3, 12] [/input-3, 12] 
best_l after optimization: -4389.6455078125
beta sum per layer: [72264.296875, 62819.26171875]
alpha/beta optimization time: 1.0943312644958496
pruning_in_iteration open status: True
ratio of positive domain = 4353 / 13608 = 0.3198853615520282
pruning-in-iteration extra time: 0.021538257598876953
torch.Size([13608, 1])
Time: prepare 0.2953    bound 1.0958    transfer 0.0051    finalize 0.0767    func 1.4738    
Accumulated time: func 9.5673    prepare 1.0632    bound 8.2759    transfer 0.0513    finalize 0.2774    
max lb tensor(0.00415331) min lb tensor(-1.64027035)
Number of Verified Splits: 4353 of 13608
Current worst splitting domains lb-rhs (depth):
-1.64027 (16), -1.63472 (16), -1.62159 (16), -1.62041 (16), -1.61975 (15), -1.61576 (15), -1.60463 (15), -1.60286 (15), -1.59944 (15), -1.59127 (15), -1.58141 (15), -1.58117 (15), -1.56249 (15), -1.53832 (16), -1.53542 (15), -1.53297 (15), -1.52037 (15), -1.51598 (16), -1.50816 (17), -1.50672 (17), 
Length of domains: 9255
Current (lb-rhs): -1.6402703523635864
41878 domains visited
Time: pickout 0.7931    decision 1.1510    set_bounds 0.3317    solve 1.4774    add 0.0149    
Accumulated time: pickout 2.4341    decision 4.7150    set_bounds 1.3026    solve 9.5865    add 0.0876    
Cumulative time: 18.23871660232544

BaB round 13
batch: 8192
splitting decisions: 
split level 0: [/input-3, 77] [/input-3, 36] [/input-3, 77] [/input-3, 77] [/input-3, 5] [/input-3, 73] [/input-3, 73] [/input, 148] [/input-3, 73] [/input-3, 73] 
best_l after optimization: -4977.23583984375
beta sum per layer: [85515.421875, 79893.7734375]
alpha/beta optimization time: -1.1004629135131836
pruning_in_iteration open status: True
ratio of positive domain = 5301 / 16384 = 0.32354736328125
pruning-in-iteration extra time: 0.028346776962280273
torch.Size([16384, 1])
Time: prepare 0.3989    bound -1.0991    transfer 0.0215    finalize 0.0978    func -0.5792    
Accumulated time: func 8.9882    prepare 1.4801    bound 7.1769    transfer 0.0728    finalize 0.3752    
max lb tensor(0.00962263) min lb tensor(-1.61462843)
Number of Verified Splits: 5301 of 16384
Current worst splitting domains lb-rhs (depth):
-1.61463 (17), -1.60833 (17), -1.59164 (16), -1.59013 (16), -1.58574 (17), -1.58422 (17), -1.57941 (16), -1.57213 (16), -1.56916 (16), -1.56106 (17), -1.55991 (16), -1.55764 (17), -1.55611 (16), -1.55518 (16), -1.53539 (16), -1.51368 (17), -1.50826 (16), -1.50460 (16), -1.49198 (16), -1.48939 (15), 
Length of domains: 12146
Current (lb-rhs): -1.6146284341812134
58262 domains visited
Time: pickout 1.0251    decision 1.6096    set_bounds 0.4550    solve -0.5742    add 0.0124    
Accumulated time: pickout 3.4591    decision 6.3246    set_bounds 1.7576    solve 9.0123    add 0.0999    
current_vram/total_varm: 2.3GB/8.6GB, batch_size increase to 16384
Cumulative time: 20.79872226715088

BaB round 14
batch: 12146
splitting decisions: 
split level 0: [/input-3, 12] [/input-3, 77] [/input-3, 36] [/input-3, 36] [/input-3, 36] [/input-3, 73] [/input-3, 77] [/input-3, 36] [/input-3, 36] [/input-3, 36] 
best_l after optimization: -6753.75634765625
beta sum per layer: [119916.734375, 126275.9609375]
alpha/beta optimization time: 2.1528327465057373
pruning_in_iteration open status: True
ratio of positive domain = 8416 / 24292 = 0.34645150666886215
pruning-in-iteration extra time: 0.02966761589050293
torch.Size([24292, 1])
Time: prepare 0.6366    bound 2.1541    transfer 0.0247    finalize 0.2026    func 3.0208    
Accumulated time: func 12.0089    prepare 2.1566    bound 9.3310    transfer 0.0976    finalize 0.5778    
max lb tensor(0.00511964) min lb tensor(-1.57922041)
Number of Verified Splits: 8416 of 24292
Current worst splitting domains lb-rhs (depth):
-1.57922 (18), -1.57328 (18), -1.56861 (17), -1.56333 (17), -1.55865 (18), -1.55748 (18), -1.55554 (18), -1.55539 (17), -1.54773 (18), -1.54468 (17), -1.53596 (18), -1.53302 (17), -1.53237 (18), -1.52492 (17), -1.51778 (17), -1.51735 (17), -1.50978 (17), -1.50799 (17), -1.50151 (17), -1.50049 (17), 
Length of domains: 15876
Current (lb-rhs): -1.5792204141616821
82554 domains visited
Time: pickout 1.8019    decision 2.4731    set_bounds 0.8582    solve 3.0278    add 0.0196    
Accumulated time: pickout 5.2610    decision 8.7977    set_bounds 2.6157    solve 12.0400    add 0.1195    
Time out!!!!!!!!
Result: unknown in 32.0441 seconds

 %%%%%%%%%%%%%%%%%%%%%%%%%%%%%%%%%%% idx: 62, vnnlib ID: 62 %%%%%%%%%%%%%%%%%%%%%%%%%%%%%%%%%%%
Finished vnnlib processing in 0.005169 seconds
Model: BoundedModule(
  (/0): BoundInput(name=/0, inputs=[], perturbed=True)
  (/7): BoundParams(name=/7, inputs=[], perturbed=False)
  (/8): BoundParams(name=/8, inputs=[], perturbed=False)
  (/9): BoundParams(name=/9, inputs=[], perturbed=False)
  (/10): BoundParams(name=/10, inputs=[], perturbed=False)
  (/11): BoundParams(name=/11, inputs=[], perturbed=False)
  (/12): BoundParams(name=/12, inputs=[], perturbed=False)
  (/13): BoundFlatten(name=/13, inputs=[/0], perturbed=True)
  (/input): BoundLinear(name=/input, inputs=[/13, /7, /8], perturbed=True)
  (/15): BoundRelu(name=/15, inputs=[/input], perturbed=True)
  (/input-3): BoundLinear(name=/input-3, inputs=[/15, /9, /10], perturbed=True)
  (/17): BoundRelu(name=/17, inputs=[/input-3], perturbed=True)
  (/18): BoundLinear(name=/18, inputs=[/17, /11, /12], perturbed=True)
)
Original output in the first batch: tensor([[-4.47011995, -5.21400928, -2.42626023, -3.26610112, -1.74370718,
          1.99962878, -5.13480282, -2.73665452,  1.42794311,  4.67803669]],
       device='cuda:0')
Split layers:
Nonlinear functions:
   BoundRelu(name=/15, inputs=[/input], perturbed=True)
   BoundRelu(name=/17, inputs=[/input-3], perturbed=True)
build batch [1/1]
layer /15 using sparse-features alpha with shape [93]; unstable size 93; total size 256 ([1, 256])
layer /15 start_node /input-3 using sparse-spec alpha [2, 51, 1, 93] with unstable size 50 total_size 128 output_shape torch.Size([128])
layer /15 start_node /18 using full alpha [2, 9, 1, 93] with unstable size None total_size 9 output_shape 9
layer /17 using sparse-features alpha with shape [50]; unstable size 50; total size 128 ([1, 128])
layer /17 start_node /18 using full alpha [2, 9, 1, 50] with unstable size None total_size 9 output_shape 9
Optimizable variables initialized.
initial CROWN bounds (first 10 items): [3.3866257667541504, 2.724806308746338, -0.07255983352661133, 1.2727699279785156, -0.519627571105957, -5.014018535614014, 1.7142977714538574, 0.28849315643310547, -2.7371604442596436]
prune_after_crown optimization in use
  original spec size = torch.Size([1, 9])
  pruned spec size = torch.Size([1, 4])
Using alpha-CROWN to initialize bounds.
Early stop at 77th iter due to 10 iterations no improvement!
best_l after optimization: -6.979180335998535
alpha/beta optimization time: 1.4107797145843506
initial alpha-crown bounds (first 10 items): [0.14927911758422852, -0.28267335891723633, -4.490559101104736, -2.35522723197937]
Global lower bound: -4.490559101104736
torch.Size([1, 4])
6 / 9 OR specs are verified.
Verified OR indices (first 10 items): [0, 1, 2, 3, 6, 7]
Verified OR lbs (first 10 items): [[inf], [inf], [0.14927911758422852], [inf], [inf], [inf]]
Unverified OR indices (first 10 items): [4, 5, 8]
Unverified OR lbs (first 10 items): [[-0.28267335891723633], [-4.490559101104736], [-2.35522723197937]]
###### Verifying property Instance 62 ######
Batch size: 3
First 10 spec matrices
C: tensor([[[ 0.,  0.,  0.,  0., -1.,  0.,  0.,  0.,  0.,  1.]],

        [[ 0.,  0.,  0.,  0.,  0., -1.,  0.,  0.,  0.,  1.]],

        [[ 0.,  0.,  0.,  0.,  0.,  0.,  0.,  0., -1.,  1.]]], device='cuda:0')
RHS: tensor([[0.],
        [0.],
        [0.]], device='cuda:0')
OR spec sizes: tensor([1, 1, 1], device='cuda:0', dtype=torch.int32)
Remaining timeout: 28.354384660720825
Model prediction is: tensor([-4.47011995, -5.21400928, -2.42626023, -3.26610112, -1.74370718,
         1.99962878, -5.13480282, -2.73665452,  1.42794311,  4.67803669],
       device='cuda:0')
Activation BaB batch 1/1 
build_with_refined_bounds batch [1/1]
Optimizable variables initialized.
all alpha initialized
directly get lb and ub from refined bounds
c shape: torch.Size([3, 1, 10])
lA shapes: [torch.Size([3, 1, 256]), torch.Size([3, 1, 128])]
torch.Size([3, 1])
(alpha-)CROWN with fixed intermediate bounds: tensor([[-0.28267336],
        [-4.49055910],
        [-2.35522723]], device='cuda:0') tensor([[inf],
        [inf],
        [inf]], device='cuda:0')
Intermediate layers: /input,/input-3
Keeping alphas for these layers: ['/18']
Node /15 input 0: size torch.Size([256]) unstable 93
Node /17 input 0: size torch.Size([128]) unstable 50
-----------------
# of unstable neurons: 143
-----------------

BaB round 1
batch: 3
splitting decisions: 
split level 0: [/input, 238] [/input-3, 99] [/input, 7] 
split level 1: [/input, 116] [/input, 189] [/input-3, 110] 
split level 2: [/input-3, 34] [/input, 222] [/input, 239] 
split level 3: [/input, 76] [/input, 239] [/input-3, 54] 
split level 4: [/input-3, 118] [/input, 76] [/input, 207] 
best_l after optimization: -141.03570556640625
beta sum per layer: [123.49671936035156, 32.699745178222656]
alpha/beta optimization time: 0.5990276336669922
pruning_in_iteration open status: True
ratio of positive domain = 32 / 96 = 0.33333333333333337
pruning-in-iteration extra time: 0.03258180618286133
torch.Size([96, 1])
Time: prepare 0.0030    bound 0.6002    transfer 0.0005    finalize 0.0018    func 0.6057    
Accumulated time: func 0.6057    prepare 0.0059    bound 0.6002    transfer 0.0005    finalize 0.0018    
max lb tensor(9.99999975e-05) min lb tensor(-3.81645799)
Number of Verified Splits: 32 of 96
Current worst splitting domains lb-rhs (depth):
-3.81646 (5), -3.80233 (5), -3.78532 (5), -3.74804 (5), -3.73980 (5), -3.67693 (5), -3.59744 (5), -3.58757 (5), -3.56345 (5), -3.49519 (5), -3.48528 (5), -3.46775 (5), -3.45858 (5), -3.45782 (5), -3.45198 (5), -3.45077 (5), -3.42889 (5), -3.36879 (5), -3.31571 (5), -3.26736 (5), 
Length of domains: 64
Current (lb-rhs): -3.816457986831665
96 domains visited
Time: pickout 0.0014    decision 0.0303    set_bounds 0.0075    solve 0.6063    add 0.0088    
Accumulated time: pickout 0.0014    decision 0.0303    set_bounds 0.0075    solve 0.6063    add 0.0088    
Cumulative time: 0.6753666400909424

BaB round 2
batch: 64
splitting decisions: 
split level 0: [/input, 173] [/input-3, 48] [/input, 225] [/input-3, 48] [/input, 173] [/input-3, 48] [/input, 225] [/input-3, 48] [/input, 173] [/input-3, 48] 
best_l after optimization: -246.77249145507812
beta sum per layer: [455.96807861328125, 119.57315063476562]
alpha/beta optimization time: 0.5121433734893799
pruning_in_iteration open status: False
ratio of positive domain = 8 / 128 = 0.0625
pruning-in-iteration extra time: 0.00015425682067871094
torch.Size([128, 1])
Time: prepare 0.0043    bound 0.5133    transfer 0.0004    finalize 0.0022    func 0.5202    
Accumulated time: func 1.1259    prepare 0.0136    bound 1.1135    transfer 0.0009    finalize 0.0040    
max lb tensor(0.12865782) min lb tensor(-3.71896291)
Number of Verified Splits: 8 of 128
Current worst splitting domains lb-rhs (depth):
-3.71896 (6), -3.69380 (6), -3.68882 (6), -3.65379 (6), -3.64621 (6), -3.58973 (6), -3.56933 (6), -3.53470 (6), -3.49362 (6), -3.49236 (6), -3.49125 (6), -3.49064 (6), -3.47831 (6), -3.42446 (6), -3.39109 (6), -3.37694 (6), -3.36530 (6), -3.35909 (6), -3.35289 (6), -3.33843 (6), 
Length of domains: 120
Current (lb-rhs): -3.7189629077911377
224 domains visited
Time: pickout 0.0110    decision 0.0425    set_bounds 0.0046    solve 0.5210    add 0.0020    
Accumulated time: pickout 0.0124    decision 0.0728    set_bounds 0.0121    solve 1.1274    add 0.0107    
Cumulative time: 1.2568387985229492

BaB round 3
batch: 120
splitting decisions: 
split level 0: [/input, 225] [/input, 225] [/input, 173] [/input, 225] [/input, 222] [/input, 173] [/input, 225] [/input-3, 63] [/input, 173] [/input-3, 63] 
best_l after optimization: -446.47967529296875
beta sum per layer: [1044.5936279296875, 292.8231506347656]
alpha/beta optimization time: 0.48459744453430176
pruning_in_iteration open status: False
ratio of positive domain = 15 / 240 = 0.0625
pruning-in-iteration extra time: 0.00030803680419921875
torch.Size([240, 1])
Time: prepare 0.0071    bound 0.4859    transfer 0.0005    finalize 0.0046    func 0.4982    
Accumulated time: func 1.6241    prepare 0.0245    bound 1.5994    transfer 0.0014    finalize 0.0086    
max lb tensor(0.17680979) min lb tensor(-3.59864450)
Number of Verified Splits: 15 of 240
Current worst splitting domains lb-rhs (depth):
-3.59864 (7), -3.59533 (7), -3.57209 (7), -3.55953 (7), -3.55185 (7), -3.54860 (7), -3.53567 (7), -3.53385 (7), -3.47534 (7), -3.46903 (7), -3.46622 (7), -3.45375 (7), -3.44063 (7), -3.40673 (7), -3.40543 (7), -3.37591 (7), -3.37263 (7), -3.37228 (7), -3.37190 (7), -3.36545 (7), 
Length of domains: 225
Current (lb-rhs): -3.598644495010376
464 domains visited
Time: pickout 0.0201    decision 0.0543    set_bounds 0.0079    solve 0.4992    add 0.0014    
Accumulated time: pickout 0.0325    decision 0.1272    set_bounds 0.0200    solve 1.6265    add 0.0122    
Cumulative time: 1.8402016162872314

BaB round 4
batch: 225
splitting decisions: 
split level 0: [/input, 116] [/input-3, 17] [/input, 120] [/input-3, 110] [/input, 120] [/input, 116] [/input-3, 17] [/input, 120] [/input-3, 17] [/input-3, 110] 
best_l after optimization: -796.327392578125
beta sum per layer: [2162.548828125, 728.89306640625]
alpha/beta optimization time: 0.48632025718688965
pruning_in_iteration open status: False
ratio of positive domain = 39 / 450 = 0.08666666666666667
pruning-in-iteration extra time: 0.0002522468566894531
torch.Size([450, 1])
Time: prepare 0.0132    bound 0.4879    transfer 0.0005    finalize 0.0040    func 0.5058    
Accumulated time: func 2.1300    prepare 0.0397    bound 2.0873    transfer 0.0019    finalize 0.0126    
max lb tensor(0.17374647) min lb tensor(-3.48614788)
Number of Verified Splits: 39 of 450
Current worst splitting domains lb-rhs (depth):
-3.48615 (8), -3.48461 (8), -3.46056 (8), -3.45509 (8), -3.44193 (8), -3.43950 (8), -3.42647 (8), -3.42526 (8), -3.42503 (8), -3.38915 (8), -3.38216 (8), -3.37288 (8), -3.36881 (8), -3.36710 (8), -3.36300 (8), -3.35814 (8), -3.35662 (8), -3.35036 (8), -3.34830 (8), -3.33156 (8), 
Length of domains: 411
Current (lb-rhs): -3.486147880554199
914 domains visited
Time: pickout 0.0339    decision 0.0622    set_bounds 0.0129    solve 0.5067    add 0.0021    
Accumulated time: pickout 0.0665    decision 0.1894    set_bounds 0.0329    solve 2.1332    add 0.0143    
Cumulative time: 2.458650827407837

BaB round 5
batch: 411
splitting decisions: 
split level 0: [/input-3, 110] [/input-3, 63] [/input, 207] [/input, 116] [/input, 207] [/input-3, 110] [/input-3, 67] [/input, 207] [/input, 116] [/input, 0] 
best_l after optimization: -1367.008544921875
beta sum per layer: [4227.56982421875, 1871.16845703125]
alpha/beta optimization time: 0.5497851371765137
pruning_in_iteration open status: False
ratio of positive domain = 46 / 822 = 0.05596107055961075
pruning-in-iteration extra time: 0.0001556873321533203
torch.Size([822, 1])
Time: prepare 0.0220    bound 0.5511    transfer 0.0007    finalize 0.0079    func 0.5820    
Accumulated time: func 2.7119    prepare 0.0661    bound 2.6384    transfer 0.0027    finalize 0.0206    
max lb tensor(0.22358084) min lb tensor(-3.38500428)
Number of Verified Splits: 46 of 822
Current worst splitting domains lb-rhs (depth):
-3.38500 (9), -3.38212 (9), -3.35954 (9), -3.34505 (9), -3.33940 (9), -3.33906 (9), -3.32732 (9), -3.32248 (9), -3.32079 (9), -3.29355 (9), -3.28947 (9), -3.27149 (9), -3.26760 (9), -3.26586 (9), -3.26267 (9), -3.25982 (9), -3.25946 (9), -3.25485 (9), -3.25324 (9), -3.24739 (9), 
Length of domains: 776
Current (lb-rhs): -3.3850042819976807
1736 domains visited
Time: pickout 0.0559    decision 0.1099    set_bounds 0.0231    solve 0.5832    add 0.0019    
Accumulated time: pickout 0.1224    decision 0.2993    set_bounds 0.0560    solve 2.7164    add 0.0162    
Cumulative time: 3.2335493564605713

BaB round 6
batch: 776
splitting decisions: 
split level 0: [/input, 7] [/input, 222] [/input, 143] [/input, 7] [/input-3, 118] [/input, 7] [/input-3, 99] [/input-3, 118] [/input, 7] [/input, 189] 
best_l after optimization: -2310.470458984375
beta sum per layer: [8699.296875, 4396.0283203125]
alpha/beta optimization time: 0.5440104007720947
pruning_in_iteration open status: False
ratio of positive domain = 189 / 1552 = 0.12177835051546393
pruning-in-iteration extra time: 0.00023937225341796875
torch.Size([1552, 1])
Time: prepare 0.0423    bound 0.5456    transfer 0.0008    finalize 0.0119    func 0.6009    
Accumulated time: func 3.3128    prepare 0.1112    bound 3.1840    transfer 0.0035    finalize 0.0325    
max lb tensor(0.53336573) min lb tensor(-3.28884578)
Number of Verified Splits: 189 of 1552
Current worst splitting domains lb-rhs (depth):
-3.28885 (10), -3.28499 (10), -3.26855 (10), -3.25049 (10), -3.24595 (10), -3.24037 (10), -3.23746 (10), -3.22854 (10), -3.22650 (10), -3.19659 (10), -3.18820 (10), -3.17380 (10), -3.17179 (10), -3.16775 (10), -3.16412 (10), -3.16286 (10), -3.16233 (10), -3.15970 (10), -3.15702 (10), -3.14639 (10), 
Length of domains: 1363
Current (lb-rhs): -3.2888457775115967
3288 domains visited
Time: pickout 0.1070    decision 0.1513    set_bounds 0.0433    solve 0.6037    add 0.0071    
Accumulated time: pickout 0.2294    decision 0.4506    set_bounds 0.0993    solve 3.3201    add 0.0233    
Cumulative time: 4.147842884063721

BaB round 7
batch: 1024
splitting decisions: 
split level 0: [/input-3, 118] [/input-3, 110] [/input-3, 118] [/input-3, 31] [/input-3, 110] [/input-3, 118] [/input, 39] [/input-3, 48] [/input, 116] [/input, 143] 
best_l after optimization: -2817.423095703125
beta sum per layer: [13026.5068359375, 7070.67333984375]
alpha/beta optimization time: 0.5311782360076904
pruning_in_iteration open status: False
ratio of positive domain = 223 / 2048 = 0.10888671875
pruning-in-iteration extra time: 0.0004372596740722656
torch.Size([2048, 1])
Time: prepare 0.0520    bound 0.5327    transfer 0.0014    finalize 0.0150    func 0.6014    
Accumulated time: func 3.9142    prepare 0.1660    bound 3.7167    transfer 0.0049    finalize 0.0475    
max lb tensor(0.39972901) min lb tensor(-3.19071436)
Number of Verified Splits: 223 of 2048
Current worst splitting domains lb-rhs (depth):
-3.19071 (11), -3.18557 (11), -3.16434 (11), -3.15170 (11), -3.14267 (11), -3.13940 (11), -3.13855 (11), -3.12554 (11), -3.12440 (11), -3.09538 (10), -3.09270 (11), -3.09250 (11), -3.09024 (11), -3.08974 (11), -3.08364 (10), -3.07131 (11), -3.06816 (11), -3.06652 (11), -3.06571 (11), -3.06054 (11), 
Length of domains: 2164
Current (lb-rhs): -3.1907143592834473
5336 domains visited
Time: pickout 0.1232    decision 0.2018    set_bounds 0.0611    solve 0.6027    add 0.0121    
Accumulated time: pickout 0.3525    decision 0.6524    set_bounds 0.1604    solve 3.9228    add 0.0354    
current_vram/total_varm: 0.2GB/8.6GB, batch_size increase to 2048
Cumulative time: 5.151263952255249

BaB round 8
batch: 2048
splitting decisions: 
split level 0: [/input, 120] [/input, 120] [/input-3, 118] [/input-3, 17] [/input, 143] [/input-3, 17] [/input-3, 118] [/input-3, 118] [/input-3, 118] [/input-3, 99] 
best_l after optimization: -4757.6376953125
beta sum per layer: [29305.37890625, 16398.984375]
alpha/beta optimization time: 0.5920355319976807
pruning_in_iteration open status: False
ratio of positive domain = 664 / 4096 = 0.162109375
pruning-in-iteration extra time: 0.00014853477478027344
torch.Size([4096, 1])
Time: prepare 0.1180    bound 0.5934    transfer 0.0014    finalize 0.0319    func 0.7450    
Accumulated time: func 4.6592    prepare 0.2926    bound 4.3101    transfer 0.0063    finalize 0.0794    
max lb tensor(0.43243027) min lb tensor(-3.09325457)
Number of Verified Splits: 664 of 4096
Current worst splitting domains lb-rhs (depth):
-3.09325 (12), -3.08855 (12), -3.07661 (12), -3.06033 (12), -3.04926 (12), -3.04814 (12), -3.03903 (12), -3.03313 (12), -3.03024 (12), -3.00476 (12), -2.99484 (12), -2.99424 (12), -2.99047 (11), -2.98680 (12), -2.97920 (12), -2.97912 (11), -2.97842 (12), -2.97697 (12), -2.97641 (12), -2.97002 (12), 
Length of domains: 3548
Current (lb-rhs): -3.093254566192627
9432 domains visited
Time: pickout 0.2650    decision 0.3797    set_bounds 0.1160    solve 0.8612    add 0.0068    
Accumulated time: pickout 0.6175    decision 1.0321    set_bounds 0.2764    solve 4.7840    add 0.0422    
current_vram/total_varm: 0.4GB/8.6GB, batch_size increase to 4096
Cumulative time: 6.786025762557983

BaB round 9
batch: 3548
splitting decisions: 
split level 0: [/input-3, 118] [/input, 82] [/input-3, 118] [/input, 143] [/input-3, 118] [/input, 0] [/input, 116] [/input-3, 118] [/input, 7] [/input-3, 118] 
best_l after optimization: -7120.06982421875
beta sum per layer: [55995.953125, 30848.56640625]
alpha/beta optimization time: 0.7076866626739502
pruning_in_iteration open status: False
ratio of positive domain = 1321 / 7096 = 0.18616121758737314
pruning-in-iteration extra time: 0.00020074844360351562
torch.Size([7096, 1])
Time: prepare 0.1849    bound 0.7093    transfer 0.0061    finalize 0.0444    func 0.9454    
Accumulated time: func 5.6046    prepare 0.4879    bound 5.0194    transfer 0.0124    finalize 0.1238    
max lb tensor(0.59928751) min lb tensor(-3.01308775)
Number of Verified Splits: 1321 of 7096
Current worst splitting domains lb-rhs (depth):
-3.01309 (13), -3.00626 (13), -2.99815 (13), -2.98098 (13), -2.96811 (13), -2.96797 (13), -2.95279 (13), -2.94954 (13), -2.92367 (13), -2.92128 (13), -2.91598 (13), -2.91490 (13), -2.91105 (13), -2.90049 (13), -2.89816 (13), -2.89656 (13), -2.89249 (13), -2.89211 (12), -2.88856 (13), -2.88672 (13), 
Length of domains: 5775
Current (lb-rhs): -3.013087749481201
16528 domains visited
Time: pickout 0.4430    decision 0.6129    set_bounds 0.2013    solve 0.9484    add 0.0177    
Accumulated time: pickout 1.0605    decision 1.6450    set_bounds 0.4777    solve 5.7324    add 0.0599    
Cumulative time: 9.018026351928711

BaB round 10
batch: 4096
splitting decisions: 
split level 0: [/input, 0] [/input, 207] [/input-3, 17] [/input-3, 17] [/input, 207] [/input, 231] [/input, 207] [/input, 207] [/input, 143] [/input-3, 34] 
best_l after optimization: -6953.705078125
beta sum per layer: [70043.5859375, 36736.8046875]
alpha/beta optimization time: 0.989060640335083
pruning_in_iteration open status: True
ratio of positive domain = 1906 / 8192 = 0.232666015625
pruning-in-iteration extra time: 0.017310380935668945
torch.Size([8192, 1])
Time: prepare 0.2201    bound 0.9906    transfer 0.0040    finalize 0.0520    func 1.2675    
Accumulated time: func 6.8722    prepare 0.7186    bound 6.0100    transfer 0.0164    finalize 0.1757    
max lb tensor(0.00760126) min lb tensor(-2.93362641)
Number of Verified Splits: 1906 of 8192
Current worst splitting domains lb-rhs (depth):
-2.94954 (13), -2.93363 (14), -2.92649 (14), -2.92134 (14), -2.91598 (13), -2.90679 (14), -2.89329 (14), -2.89249 (13), -2.88809 (14), -2.87022 (14), -2.85333 (14), -2.84949 (14), -2.84496 (14), -2.83965 (14), -2.83654 (11), -2.82634 (14), -2.82456 (14), -2.82397 (14), -2.81868 (14), -2.81794 (11), 
Length of domains: 7965
Current (lb-rhs): -2.9495391845703125
24720 domains visited
Time: pickout 0.6777    decision 0.7201    set_bounds 0.2202    solve 1.2707    add 0.0094    
Accumulated time: pickout 1.7382    decision 2.3651    set_bounds 0.6979    solve 7.0031    add 0.0693    
current_vram/total_varm: 1.1GB/8.6GB, batch_size increase to 8192
Cumulative time: 11.932796478271484

BaB round 11
batch: 7965
splitting decisions: 
split level 0: [/input, 207] [/input-3, 118] [/input, 207] [/input, 7] [/input, 207] [/input-3, 31] [/input, 7] [/input, 207] [/input-3, 118] [/input, 207] 
best_l after optimization: -11950.5732421875
beta sum per layer: [139704.046875, 76471.4140625]
alpha/beta optimization time: 1.4798953533172607
pruning_in_iteration open status: True
ratio of positive domain = 4046 / 15930 = 0.2539861895794099
pruning-in-iteration extra time: 0.013708353042602539
torch.Size([15930, 1])
Time: prepare 0.4206    bound 1.4814    transfer 0.0138    finalize 0.0810    func 1.9984    
Accumulated time: func 8.8705    prepare 1.1569    bound 7.4913    transfer 0.0302    finalize 0.2568    
max lb tensor(0.00781476) min lb tensor(-2.87005424)
Number of Verified Splits: 4046 of 15930
Current worst splitting domains lb-rhs (depth):
-2.87005 (15), -2.86492 (14), -2.86434 (15), -2.85259 (15), -2.83566 (15), -2.82446 (15), -2.82419 (14), -2.82042 (15), -2.81677 (14), -2.80908 (15), -2.78604 (15), -2.78367 (15), -2.77832 (15), -2.76947 (15), -2.75507 (15), -2.75365 (15), -2.75161 (12), -2.74982 (15), -2.74603 (15), -2.74579 (15), 
Length of domains: 11884
Current (lb-rhs): -2.870054244995117
40650 domains visited
Time: pickout 1.1593    decision 1.4250    set_bounds 0.5765    solve 2.0025    add 0.0246    
Accumulated time: pickout 2.8975    decision 3.7902    set_bounds 1.2744    solve 9.0057    add 0.0939    
Cumulative time: 17.149909734725952

BaB round 12
batch: 8192
splitting decisions: 
split level 0: [/input-3, 117] [/input-3, 117] [/input, 143] [/input-3, 117] [/input, 82] [/input-3, 117] [/input-3, 69] [/input, 116] [/input-3, 69] [/input, 213] 
best_l after optimization: -10317.50390625
beta sum per layer: [146140.625, 75239.1171875]
alpha/beta optimization time: -0.9036829471588135
pruning_in_iteration open status: True
ratio of positive domain = 4841 / 16384 = 0.29547119140625
pruning-in-iteration extra time: 0.02083611488342285
torch.Size([16384, 1])
Time: prepare 0.3840    bound -0.9025    transfer 0.0061    finalize 0.0847    func -0.4266    
Accumulated time: func 8.4439    prepare 1.5583    bound 6.5889    transfer 0.0362    finalize 0.3414    
max lb tensor(0.01047421) min lb tensor(-2.83044410)
Number of Verified Splits: 4841 of 16384
Current worst splitting domains lb-rhs (depth):
-2.86434 (15), -2.83044 (16), -2.81446 (16), -2.80511 (15), -2.79801 (16), -2.78719 (16), -2.78604 (15), -2.78367 (15), -2.77985 (16), -2.76947 (15), -2.76877 (16), -2.75507 (15), -2.74852 (15), -2.74603 (15), -2.73812 (16), -2.73321 (12), -2.72940 (15), -2.72919 (15), -2.72912 (15), -2.72780 (15), 
Length of domains: 15235
Current (lb-rhs): -2.864337205886841
57034 domains visited
Time: pickout 1.1159    decision 1.4862    set_bounds 0.5820    solve -0.4218    add 0.0132    
Accumulated time: pickout 4.0134    decision 5.2764    set_bounds 1.8565    solve 8.5838    add 0.1071    
current_vram/total_varm: 2.3GB/8.6GB, batch_size increase to 16384
Cumulative time: 19.95225715637207

BaB round 13
batch: 15235
splitting decisions: 
split level 0: [/input, 238] [/input, 0] [/input, 238] [/input, 82] [/input, 238] [/input, 225] [/input, 143] [/input, 238] [/input-3, 110] [/input, 238] 
best_l after optimization: -18437.578125
beta sum per layer: [276363.1875, 151415.984375]
alpha/beta optimization time: 2.7822422981262207
pruning_in_iteration open status: True
ratio of positive domain = 9349 / 30470 = 0.3068263866097801
pruning-in-iteration extra time: 0.02760028839111328
torch.Size([30470, 1])
Time: prepare 0.7401    bound 2.7835    transfer 0.0244    finalize 0.1848    func 3.7354    
Accumulated time: func 12.1793    prepare 2.3470    bound 9.3724    transfer 0.0606    finalize 0.5263    
max lb tensor(0.00508833) min lb tensor(-2.82402039)
Number of Verified Splits: 9349 of 30470
Current worst splitting domains lb-rhs (depth):
-2.82402 (16), -2.76448 (16), -2.74742 (16), -2.74380 (16), -2.73669 (17), -2.73376 (17), -2.73105 (16), -2.72145 (17), -2.71654 (17), -2.71583 (16), -2.70960 (16), -2.70881 (16), -2.70797 (17), -2.69717 (17), -2.69547 (17), -2.69210 (16), -2.68975 (16), -2.68791 (16), -2.68538 (17), -2.68462 (17), 
Length of domains: 21121
Current (lb-rhs): -2.8240203857421875
87504 domains visited
Time: pickout 1.9944    decision 3.2875    set_bounds 0.9595    solve 3.7429    add 0.0388    
Accumulated time: pickout 6.0078    decision 8.5638    set_bounds 2.8159    solve 12.3267    add 0.1459    
Time out!!!!!!!!
Result: unknown in 31.7569 seconds

 %%%%%%%%%%%%%%%%%%%%%%%%%%%%%%%%%%% idx: 63, vnnlib ID: 63 %%%%%%%%%%%%%%%%%%%%%%%%%%%%%%%%%%%
Finished vnnlib processing in 0.003368 seconds
Model: BoundedModule(
  (/0): BoundInput(name=/0, inputs=[], perturbed=True)
  (/7): BoundParams(name=/7, inputs=[], perturbed=False)
  (/8): BoundParams(name=/8, inputs=[], perturbed=False)
  (/9): BoundParams(name=/9, inputs=[], perturbed=False)
  (/10): BoundParams(name=/10, inputs=[], perturbed=False)
  (/11): BoundParams(name=/11, inputs=[], perturbed=False)
  (/12): BoundParams(name=/12, inputs=[], perturbed=False)
  (/13): BoundFlatten(name=/13, inputs=[/0], perturbed=True)
  (/input): BoundLinear(name=/input, inputs=[/13, /7, /8], perturbed=True)
  (/15): BoundRelu(name=/15, inputs=[/input], perturbed=True)
  (/input-3): BoundLinear(name=/input-3, inputs=[/15, /9, /10], perturbed=True)
  (/17): BoundRelu(name=/17, inputs=[/input-3], perturbed=True)
  (/18): BoundLinear(name=/18, inputs=[/17, /11, /12], perturbed=True)
)
Original output in the first batch: tensor([[ -6.96728134,  -4.59912395,   1.38457429,  10.01372051,  -8.20544434,
          -4.34899426, -14.94867039,  -4.49942493,   1.67272508,  -1.26079893]],
       device='cuda:0')
Split layers:
Nonlinear functions:
   BoundRelu(name=/15, inputs=[/input], perturbed=True)
   BoundRelu(name=/17, inputs=[/input-3], perturbed=True)
build batch [1/1]
layer /15 using sparse-features alpha with shape [79]; unstable size 79; total size 256 ([1, 256])
layer /15 start_node /input-3 using sparse-spec alpha [2, 27, 1, 79] with unstable size 26 total_size 128 output_shape torch.Size([128])
layer /15 start_node /18 using full alpha [2, 9, 1, 79] with unstable size None total_size 9 output_shape 9
layer /17 using sparse-features alpha with shape [26]; unstable size 26; total size 128 ([1, 128])
layer /17 start_node /18 using full alpha [2, 9, 1, 26] with unstable size None total_size 9 output_shape 9
Optimizable variables initialized.
initial CROWN bounds (first 10 items): [12.173097610473633, 10.221940040588379, 3.327746868133545, 12.608514785766602, 9.611159324645996, 18.937908172607422, 10.009370803833008, 4.547575950622559, 6.747031211853027]
Verified with initial CROWN!
verified with init bound!
Result: safe-incomplete in 0.1336 seconds

 %%%%%%%%%%%%%%%%%%%%%%%%%%%%%%%%%%% idx: 64, vnnlib ID: 64 %%%%%%%%%%%%%%%%%%%%%%%%%%%%%%%%%%%
Finished vnnlib processing in 0.004588 seconds
Model: BoundedModule(
  (/0): BoundInput(name=/0, inputs=[], perturbed=True)
  (/7): BoundParams(name=/7, inputs=[], perturbed=False)
  (/8): BoundParams(name=/8, inputs=[], perturbed=False)
  (/9): BoundParams(name=/9, inputs=[], perturbed=False)
  (/10): BoundParams(name=/10, inputs=[], perturbed=False)
  (/11): BoundParams(name=/11, inputs=[], perturbed=False)
  (/12): BoundParams(name=/12, inputs=[], perturbed=False)
  (/13): BoundFlatten(name=/13, inputs=[/0], perturbed=True)
  (/input): BoundLinear(name=/input, inputs=[/13, /7, /8], perturbed=True)
  (/15): BoundRelu(name=/15, inputs=[/input], perturbed=True)
  (/input-3): BoundLinear(name=/input-3, inputs=[/15, /9, /10], perturbed=True)
  (/17): BoundRelu(name=/17, inputs=[/input-3], perturbed=True)
  (/18): BoundLinear(name=/18, inputs=[/17, /11, /12], perturbed=True)
)
Original output in the first batch: tensor([[ -9.01837063,  -5.27318668,  -0.71336359,   4.40458822,  -1.09035707,
         -10.25578690, -20.61698723,  14.13231945,  -4.72489262,  -2.63886762]],
       device='cuda:0')
Split layers:
Nonlinear functions:
   BoundRelu(name=/15, inputs=[/input], perturbed=True)
   BoundRelu(name=/17, inputs=[/input-3], perturbed=True)
build batch [1/1]
layer /15 using sparse-features alpha with shape [61]; unstable size 61; total size 256 ([1, 256])
layer /15 start_node /input-3 using sparse-spec alpha [2, 27, 1, 61] with unstable size 26 total_size 128 output_shape torch.Size([128])
layer /15 start_node /18 using full alpha [2, 9, 1, 61] with unstable size None total_size 9 output_shape 9
layer /17 using sparse-features alpha with shape [26]; unstable size 26; total size 128 ([1, 128])
layer /17 start_node /18 using full alpha [2, 9, 1, 26] with unstable size None total_size 9 output_shape 9
Optimizable variables initialized.
initial CROWN bounds (first 10 items): [18.769941329956055, 16.261816024780273, 10.659181594848633, 5.617332458496094, 10.365641593933105, 18.703433990478516, 28.38067054748535, 13.832625389099121, 12.011489868164062]
Verified with initial CROWN!
verified with init bound!
Result: safe-incomplete in 0.1108 seconds

 %%%%%%%%%%%%%%%%%%%%%%%%%%%%%%%%%%% idx: 65, vnnlib ID: 65 %%%%%%%%%%%%%%%%%%%%%%%%%%%%%%%%%%%
Finished vnnlib processing in 0.003417 seconds
Model: BoundedModule(
  (/0): BoundInput(name=/0, inputs=[], perturbed=True)
  (/7): BoundParams(name=/7, inputs=[], perturbed=False)
  (/8): BoundParams(name=/8, inputs=[], perturbed=False)
  (/9): BoundParams(name=/9, inputs=[], perturbed=False)
  (/10): BoundParams(name=/10, inputs=[], perturbed=False)
  (/11): BoundParams(name=/11, inputs=[], perturbed=False)
  (/12): BoundParams(name=/12, inputs=[], perturbed=False)
  (/13): BoundFlatten(name=/13, inputs=[/0], perturbed=True)
  (/input): BoundLinear(name=/input, inputs=[/13, /7, /8], perturbed=True)
  (/15): BoundRelu(name=/15, inputs=[/input], perturbed=True)
  (/input-3): BoundLinear(name=/input-3, inputs=[/15, /9, /10], perturbed=True)
  (/17): BoundRelu(name=/17, inputs=[/input-3], perturbed=True)
  (/18): BoundLinear(name=/18, inputs=[/17, /11, /12], perturbed=True)
)
Original output in the first batch: tensor([[-7.41612959e+00, -1.80265248e+00, -4.92473507e+00, -8.66276562e-01,
          5.93636084e+00, -2.94926576e-03, -7.66990614e+00, -3.56991482e+00,
         -2.92760253e+00,  1.28030586e+00]], device='cuda:0')
Split layers:
Nonlinear functions:
   BoundRelu(name=/15, inputs=[/input], perturbed=True)
   BoundRelu(name=/17, inputs=[/input-3], perturbed=True)
build batch [1/1]
layer /15 using sparse-features alpha with shape [117]; unstable size 117; total size 256 ([1, 256])
layer /15 start_node /input-3 using sparse-spec alpha [2, 49, 1, 117] with unstable size 48 total_size 128 output_shape torch.Size([128])
layer /15 start_node /18 using full alpha [2, 9, 1, 117] with unstable size None total_size 9 output_shape 9
layer /17 using sparse-features alpha with shape [48]; unstable size 48; total size 128 ([1, 128])
layer /17 start_node /18 using full alpha [2, 9, 1, 48] with unstable size None total_size 9 output_shape 9
Optimizable variables initialized.
initial CROWN bounds (first 10 items): [6.412754535675049, 3.0241847038269043, 4.240390300750732, -1.3564071655273438, -1.9607901573181152, 6.891615867614746, 3.1685471534729004, 1.9252729415893555, -2.461423873901367]
prune_after_crown optimization in use
  original spec size = torch.Size([1, 9])
  pruned spec size = torch.Size([1, 3])
Using alpha-CROWN to initialize bounds.
Early stop at 98th iter due to 10 iterations no improvement!
best_l after optimization: -5.182172775268555
alpha/beta optimization time: 1.6962449550628662
initial alpha-crown bounds (first 10 items): [-1.1984388828277588, -1.7342028617858887, -2.249530792236328]
Global lower bound: -2.249530792236328
torch.Size([1, 3])
6 / 9 OR specs are verified.
Verified OR indices (first 10 items): [0, 1, 2, 5, 6, 7]
Verified OR lbs (first 10 items): [[inf], [inf], [inf], [inf], [inf], [inf]]
Unverified OR indices (first 10 items): [3, 4, 8]
Unverified OR lbs (first 10 items): [[-1.1984388828277588], [-1.7342028617858887], [-2.249530792236328]]
###### Verifying property Instance 65 ######
Batch size: 3
First 10 spec matrices
C: tensor([[[ 0.,  0.,  0., -1.,  1.,  0.,  0.,  0.,  0.,  0.]],

        [[ 0.,  0.,  0.,  0.,  1., -1.,  0.,  0.,  0.,  0.]],

        [[ 0.,  0.,  0.,  0.,  1.,  0.,  0.,  0.,  0., -1.]]], device='cuda:0')
RHS: tensor([[0.],
        [0.],
        [0.]], device='cuda:0')
OR spec sizes: tensor([1, 1, 1], device='cuda:0', dtype=torch.int32)
Remaining timeout: 28.068880319595337
Model prediction is: tensor([-7.41612959e+00, -1.80265248e+00, -4.92473507e+00, -8.66276562e-01,
         5.93636084e+00, -2.94926576e-03, -7.66990614e+00, -3.56991482e+00,
        -2.92760253e+00,  1.28030586e+00], device='cuda:0')
Activation BaB batch 1/1 
build_with_refined_bounds batch [1/1]
Optimizable variables initialized.
all alpha initialized
directly get lb and ub from refined bounds
c shape: torch.Size([3, 1, 10])
lA shapes: [torch.Size([3, 1, 256]), torch.Size([3, 1, 128])]
torch.Size([3, 1])
(alpha-)CROWN with fixed intermediate bounds: tensor([[-1.19843888],
        [-1.73420286],
        [-2.24953079]], device='cuda:0') tensor([[inf],
        [inf],
        [inf]], device='cuda:0')
Intermediate layers: /input,/input-3
Keeping alphas for these layers: ['/18']
Node /15 input 0: size torch.Size([256]) unstable 117
Node /17 input 0: size torch.Size([128]) unstable 47
-----------------
# of unstable neurons: 164
-----------------

BaB round 1
batch: 3
splitting decisions: 
split level 0: [/input, 160] [/input, 141] [/input, 151] 
split level 1: [/input, 57] [/input, 173] [/input, 141] 
split level 2: [/input, 240] [/input, 63] [/input, 71] 
split level 3: [/input, 141] [/input-3, 25] [/input, 217] 
split level 4: [/input, 71] [/input-3, 81] [/input-3, 81] 
best_l after optimization: -48.360992431640625
beta sum per layer: [113.5241470336914, 54.00126647949219]
alpha/beta optimization time: 0.6310672760009766
pruning_in_iteration open status: True
ratio of positive domain = 23 / 96 = 0.23958333333333337
pruning-in-iteration extra time: 0.014749526977539062
torch.Size([96, 1])
Time: prepare 0.0030    bound 0.6323    transfer 0.0004    finalize 0.0021    func 0.6379    
Accumulated time: func 0.6379    prepare 0.0051    bound 0.6323    transfer 0.0004    finalize 0.0021    
max lb tensor(9.99999975e-05) min lb tensor(-1.65853786)
Number of Verified Splits: 23 of 96
Current worst splitting domains lb-rhs (depth):
-1.65854 (5), -1.59040 (5), -1.57260 (5), -1.50790 (5), -1.43491 (5), -1.33959 (5), -1.33513 (5), -1.31917 (5), -1.23902 (5), -1.22623 (5), -1.13403 (5), -1.13124 (5), -1.05074 (5), -1.00722 (5), -1.00462 (5), -0.95854 (5), -0.95265 (5), -0.93780 (5), -0.92681 (5), -0.91925 (5), 
Length of domains: 73
Current (lb-rhs): -1.6585378646850586
96 domains visited
Time: pickout 0.0012    decision 0.0268    set_bounds 0.0059    solve 0.6391    add 0.0030    
Accumulated time: pickout 0.0012    decision 0.0268    set_bounds 0.0059    solve 0.6391    add 0.0030    
Cumulative time: 0.6958768367767334

BaB round 2
batch: 73
splitting decisions: 
split level 0: [/input, 63] [/input-3, 7] [/input, 57] [/input, 63] [/input-3, 7] [/input, 57] [/input, 63] [/input-3, 7] [/input, 57] [/input, 63] 
best_l after optimization: -69.09960174560547
beta sum per layer: [263.4015808105469, 153.21934509277344]
alpha/beta optimization time: 0.6537365913391113
pruning_in_iteration open status: True
ratio of positive domain = 31 / 146 = 0.21232876712328763
pruning-in-iteration extra time: 0.024131059646606445
torch.Size([146, 1])
Time: prepare 0.0050    bound 0.6550    transfer 0.0005    finalize 0.0029    func 0.6634    
Accumulated time: func 1.3014    prepare 0.0136    bound 1.2874    transfer 0.0009    finalize 0.0050    
max lb tensor(9.99999975e-05) min lb tensor(-1.54351568)
Number of Verified Splits: 31 of 146
Current worst splitting domains lb-rhs (depth):
-1.54352 (6), -1.52505 (6), -1.48412 (6), -1.45396 (6), -1.44628 (6), -1.44375 (6), -1.39961 (6), -1.36634 (6), -1.29505 (6), -1.27564 (6), -1.19269 (6), -1.18956 (6), -1.17917 (6), -1.17321 (6), -1.15408 (6), -1.10226 (6), -1.09438 (6), -1.08851 (6), -1.00737 (6), -0.99821 (6), 
Length of domains: 115
Current (lb-rhs): -1.543515682220459
242 domains visited
Time: pickout 0.0129    decision 0.0390    set_bounds 0.0055    solve 0.6644    add 0.0018    
Accumulated time: pickout 0.0141    decision 0.0659    set_bounds 0.0115    solve 1.3034    add 0.0048    
Cumulative time: 1.420339584350586

BaB round 3
batch: 115
splitting decisions: 
split level 0: [/input, 57] [/input-3, 25] [/input-3, 25] [/input, 57] [/input-3, 25] [/input, 57] [/input-3, 25] [/input-3, 25] [/input, 57] [/input-3, 25] 
best_l after optimization: -89.52180480957031
beta sum per layer: [571.92138671875, 312.19549560546875]
alpha/beta optimization time: 0.531003475189209
pruning_in_iteration open status: False
ratio of positive domain = 32 / 230 = 0.13913043478260867
pruning-in-iteration extra time: 0.0001404285430908203
torch.Size([230, 1])
Time: prepare 0.0077    bound 0.5327    transfer 0.0005    finalize 0.0027    func 0.5437    
Accumulated time: func 1.8451    prepare 0.0250    bound 1.8201    transfer 0.0014    finalize 0.0078    
max lb tensor(0.13146567) min lb tensor(-1.45564461)
Number of Verified Splits: 32 of 230
Current worst splitting domains lb-rhs (depth):
-1.45564 (7), -1.44010 (7), -1.39255 (7), -1.35528 (7), -1.35373 (7), -1.34733 (7), -1.29881 (7), -1.26731 (7), -1.20847 (7), -1.19225 (7), -1.16336 (7), -1.14159 (7), -1.13092 (7), -1.12375 (7), -1.11445 (7), -1.10441 (7), -1.09386 (7), -1.09147 (7), -1.08737 (7), -1.08025 (7), 
Length of domains: 198
Current (lb-rhs): -1.4556446075439453
472 domains visited
Time: pickout 0.0165    decision 0.0434    set_bounds 0.0070    solve 0.5444    add 0.0015    
Accumulated time: pickout 0.0306    decision 0.1093    set_bounds 0.0184    solve 1.8479    add 0.0063    
Cumulative time: 2.0337226390838623

BaB round 4
batch: 198
splitting decisions: 
split level 0: [/input, 77] [/input-3, 7] [/input, 77] [/input-3, 7] [/input, 77] [/input-3, 7] [/input, 169] [/input, 77] [/input-3, 7] [/input, 77] 
best_l after optimization: -118.42391967773438
beta sum per layer: [1322.49560546875, 564.478271484375]
alpha/beta optimization time: 0.8589968681335449
pruning_in_iteration open status: True
ratio of positive domain = 123 / 396 = 0.31060606060606055
pruning-in-iteration extra time: 0.042319297790527344
torch.Size([396, 1])
Time: prepare 0.0101    bound 0.8608    transfer 0.0024    finalize 0.0081    func 0.8816    
Accumulated time: func 2.7267    prepare 0.0365    bound 2.6809    transfer 0.0038    finalize 0.0158    
max lb tensor(9.99999975e-05) min lb tensor(-1.36411452)
Number of Verified Splits: 123 of 396
Current worst splitting domains lb-rhs (depth):
-1.36411 (8), -1.34864 (8), -1.29618 (8), -1.26050 (8), -1.25621 (8), -1.25167 (8), -1.19897 (8), -1.19636 (8), -1.18132 (8), -1.17519 (8), -1.16589 (8), -1.14256 (8), -1.14096 (8), -1.12943 (8), -1.12320 (8), -1.11578 (8), -1.10110 (8), -1.09914 (8), -1.02307 (8), -1.02240 (8), 
Length of domains: 273
Current (lb-rhs): -1.36411452293396
868 domains visited
Time: pickout 0.0268    decision 0.0526    set_bounds 0.0100    solve 0.8826    add 0.0018    
Accumulated time: pickout 0.0574    decision 0.1619    set_bounds 0.0285    solve 2.7305    add 0.0081    
Cumulative time: 3.0082626342773438

BaB round 5
batch: 273
splitting decisions: 
split level 0: [/input, 189] [/input, 189] [/input, 189] [/input, 189] [/input, 189] [/input, 189] [/input-3, 71] [/input-3, 71] [/input, 189] [/input-3, 71] 
best_l after optimization: -135.18939208984375
beta sum per layer: [2339.29345703125, 583.4083251953125]
alpha/beta optimization time: 1.0901846885681152
pruning_in_iteration open status: True
ratio of positive domain = 215 / 546 = 0.3937728937728938
pruning-in-iteration extra time: 0.060178279876708984
torch.Size([546, 1])
Time: prepare 0.0141    bound 1.0914    transfer 0.0006    finalize 0.0048    func 1.1111    
Accumulated time: func 3.8378    prepare 0.0563    bound 3.7723    transfer 0.0044    finalize 0.0207    
max lb tensor(9.99999975e-05) min lb tensor(-1.28921914)
Number of Verified Splits: 215 of 546
Current worst splitting domains lb-rhs (depth):
-1.28922 (9), -1.24802 (9), -1.23705 (9), -1.22038 (9), -1.18449 (9), -1.17321 (9), -1.15364 (9), -1.14432 (9), -1.12194 (9), -1.10642 (9), -1.08783 (9), -1.08383 (9), -1.06483 (9), -1.06363 (9), -1.06284 (9), -1.04692 (9), -1.04265 (9), -1.04235 (9), -1.03294 (9), -1.02762 (9), 
Length of domains: 331
Current (lb-rhs): -1.2892191410064697
1414 domains visited
Time: pickout 0.0351    decision 0.2999    set_bounds 0.0137    solve 1.1119    add 0.0015    
Accumulated time: pickout 0.0924    decision 0.4618    set_bounds 0.0422    solve 3.8423    add 0.0096    
Cumulative time: 4.471555948257446

BaB round 6
batch: 331
splitting decisions: 
split level 0: [/input, 189] [/input, 242] [/input, 57] [/input, 57] [/input, 242] [/input, 57] [/input, 57] [/input, 242] [/input, 57] [/input, 57] 
best_l after optimization: -178.61219787597656
beta sum per layer: [2804.40478515625, 578.6758422851562]
alpha/beta optimization time: 0.7920534610748291
pruning_in_iteration open status: True
ratio of positive domain = 208 / 662 = 0.3141993957703928
pruning-in-iteration extra time: 0.0324704647064209
torch.Size([662, 1])
Time: prepare 0.0204    bound 0.7936    transfer 0.0008    finalize 0.0055    func 0.8206    
Accumulated time: func 4.6583    prepare 0.0786    bound 4.5659    transfer 0.0053    finalize 0.0261    
max lb tensor(9.99999975e-05) min lb tensor(-1.18617606)
Number of Verified Splits: 208 of 662
Current worst splitting domains lb-rhs (depth):
-1.18618 (10), -1.17918 (10), -1.16709 (10), -1.15653 (10), -1.11963 (10), -1.10784 (10), -1.07896 (10), -1.07585 (10), -1.06972 (10), -1.06566 (10), -1.06117 (10), -1.05934 (10), -1.02564 (10), -1.00604 (10), -1.00441 (10), -0.99813 (10), -0.98812 (10), -0.97918 (10), -0.97798 (10), -0.97768 (10), 
Length of domains: 454
Current (lb-rhs): -1.186176061630249
2076 domains visited
Time: pickout 0.0465    decision 0.0861    set_bounds 0.0187    solve 0.8216    add 0.0023    
Accumulated time: pickout 0.1389    decision 0.5479    set_bounds 0.0609    solve 4.6640    add 0.0120    
Cumulative time: 5.448274850845337

BaB round 7
batch: 454
splitting decisions: 
split level 0: [/input-3, 7] [/input, 173] [/input-3, 7] [/input, 173] [/input-3, 7] [/input, 173] [/input-3, 7] [/input-3, 74] [/input, 77] [/input-3, 7] 
best_l after optimization: -193.17733764648438
beta sum per layer: [4107.53759765625, 822.5327758789062]
alpha/beta optimization time: 0.81585693359375
pruning_in_iteration open status: True
ratio of positive domain = 410 / 908 = 0.4515418502202643
pruning-in-iteration extra time: 0.030190229415893555
torch.Size([908, 1])
Time: prepare 0.0228    bound 0.8175    transfer 0.0028    finalize 0.0148    func 0.8582    
Accumulated time: func 5.5165    prepare 0.1035    bound 5.3833    transfer 0.0081    finalize 0.0410    
max lb tensor(9.99999975e-05) min lb tensor(-1.11510730)
Number of Verified Splits: 410 of 908
Current worst splitting domains lb-rhs (depth):
-1.11511 (11), -1.10878 (11), -1.09619 (11), -1.08612 (11), -1.04848 (11), -1.03612 (11), -1.00339 (11), -1.00039 (11), -0.99638 (11), -0.98867 (11), -0.98403 (11), -0.98398 (11), -0.94905 (11), -0.93379 (11), -0.92950 (11), -0.92783 (11), -0.91686 (11), -0.90677 (11), -0.90350 (11), -0.90337 (11), 
Length of domains: 498
Current (lb-rhs): -1.1151072978973389
2984 domains visited
Time: pickout 0.0604    decision 0.0938    set_bounds 0.0260    solve 0.8592    add 0.0024    
Accumulated time: pickout 0.1993    decision 0.6417    set_bounds 0.0869    solve 5.5232    add 0.0144    
Cumulative time: 6.491749286651611

BaB round 8
batch: 498
splitting decisions: 
split level 0: [/input-3, 74] [/input-3, 7] [/input, 173] [/input-3, 7] [/input-3, 74] [/input, 173] [/input-3, 7] [/input, 209] [/input-3, 74] [/input, 173] 
best_l after optimization: -202.51181030273438
beta sum per layer: [4681.58984375, 1009.4727783203125]
alpha/beta optimization time: 1.0108306407928467
pruning_in_iteration open status: True
ratio of positive domain = 351 / 996 = 0.3524096385542169
pruning-in-iteration extra time: 0.03216719627380371
torch.Size([996, 1])
Time: prepare 0.0241    bound 1.0119    transfer 0.0006    finalize 0.0066    func 1.0434    
Accumulated time: func 6.5599    prepare 0.1345    bound 6.3952    transfer 0.0087    finalize 0.0476    
max lb tensor(9.99999975e-05) min lb tensor(-1.04596162)
Number of Verified Splits: 351 of 996
Current worst splitting domains lb-rhs (depth):
-1.04596 (12), -1.04018 (12), -1.02661 (12), -1.01587 (12), -0.97724 (12), -0.96567 (12), -0.93775 (12), -0.93355 (12), -0.92626 (12), -0.91965 (12), -0.91522 (12), -0.91165 (12), -0.87824 (12), -0.85996 (12), -0.85768 (12), -0.85195 (12), -0.84073 (12), -0.83346 (12), -0.83158 (12), -0.82757 (12), 
Length of domains: 645
Current (lb-rhs): -1.045961618423462
3980 domains visited
Time: pickout 0.0616    decision 0.5320    set_bounds 0.0235    solve 1.0445    add 0.0022    
Accumulated time: pickout 0.2608    decision 1.1737    set_bounds 0.1105    solve 6.5677    add 0.0166    
Cumulative time: 8.157610893249512

BaB round 9
batch: 645
splitting decisions: 
split level 0: [/input, 173] [/input-3, 74] [/input-3, 74] [/input-3, 74] [/input, 173] [/input, 173] [/input-3, 74] [/input, 173] [/input-3, 74] [/input, 173] 
best_l after optimization: -194.54241943359375
beta sum per layer: [5429.591796875, 1427.6175537109375]
alpha/beta optimization time: 1.0250585079193115
pruning_in_iteration open status: True
ratio of positive domain = 569 / 1290 = 0.4410852713178295
pruning-in-iteration extra time: 0.033194780349731445
torch.Size([1290, 1])
Time: prepare 0.0309    bound 1.0262    transfer 0.0009    finalize 0.0099    func 1.0693    
Accumulated time: func 7.6292    prepare 0.1675    bound 7.4215    transfer 0.0096    finalize 0.0575    
max lb tensor(0.00573444) min lb tensor(-0.97997141)
Number of Verified Splits: 569 of 1290
Current worst splitting domains lb-rhs (depth):
-0.97997 (13), -0.97388 (13), -0.96024 (13), -0.95049 (13), -0.90796 (13), -0.89553 (13), -0.87185 (13), -0.87091 (13), -0.85678 (13), -0.85394 (13), -0.85354 (13), -0.84171 (13), -0.81072 (13), -0.79106 (13), -0.79067 (13), -0.78383 (13), -0.77390 (13), -0.76449 (13), -0.76444 (13), -0.75891 (13), 
Length of domains: 721
Current (lb-rhs): -0.9799714088439941
5270 domains visited
Time: pickout 0.0794    decision 0.1216    set_bounds 0.0336    solve 1.0707    add 0.0024    
Accumulated time: pickout 0.3402    decision 1.2953    set_bounds 0.1441    solve 7.6384    add 0.0191    
Cumulative time: 9.467863082885742

BaB round 10
batch: 721
splitting decisions: 
split level 0: [/input, 171] [/input, 171] [/input, 171] [/input, 171] [/input, 171] [/input, 171] [/input, 171] [/input, 171] [/input, 171] [/input, 171] 
best_l after optimization: -228.869873046875
beta sum per layer: [6170.5107421875, 1648.4202880859375]
alpha/beta optimization time: 1.1770832538604736
pruning_in_iteration open status: True
ratio of positive domain = 566 / 1442 = 0.39251040221914013
pruning-in-iteration extra time: 0.05043506622314453
torch.Size([1442, 1])
Time: prepare 0.1555    bound 1.1843    transfer 0.0101    finalize 0.0371    func 1.3878    
Accumulated time: func 9.0171    prepare 0.3273    bound 8.6058    transfer 0.0197    finalize 0.0946    
max lb tensor(9.99999975e-05) min lb tensor(-0.90986753)
Number of Verified Splits: 566 of 1442
Current worst splitting domains lb-rhs (depth):
-0.90987 (14), -0.90326 (14), -0.89367 (14), -0.88846 (14), -0.88739 (14), -0.87935 (14), -0.87779 (14), -0.86799 (14), -0.83956 (14), -0.82424 (14), -0.81777 (14), -0.81109 (14), -0.80326 (14), -0.80254 (14), -0.78689 (14), -0.78431 (14), -0.78396 (14), -0.77282 (14), -0.77075 (14), -0.76699 (14), 
Length of domains: 876
Current (lb-rhs): -0.909867525100708
6712 domains visited
Time: pickout 0.0864    decision 0.3481    set_bounds 0.0963    solve 1.3976    add 0.0134    
Accumulated time: pickout 0.4267    decision 1.6434    set_bounds 0.2404    solve 9.0359    add 0.0325    
Cumulative time: 11.417500495910645

BaB round 11
batch: 876
splitting decisions: 
split level 0: [/input-3, 89] [/input-3, 89] [/input-3, 89] [/input-3, 89] [/input-3, 89] [/input-3, 89] [/input-3, 89] [/input-3, 89] [/input-3, 89] [/input-3, 89] 
best_l after optimization: -196.3167724609375
beta sum per layer: [7917.13671875, 1769.192138671875]
alpha/beta optimization time: 0.9307148456573486
pruning_in_iteration open status: True
ratio of positive domain = 903 / 1752 = 0.5154109589041096
pruning-in-iteration extra time: 0.03386998176574707
torch.Size([1752, 1])
Time: prepare 0.0535    bound 0.9321    transfer 0.0028    finalize 0.0301    func 1.0189    
Accumulated time: func 10.0359    prepare 0.3830    bound 9.5379    transfer 0.0225    finalize 0.1247    
max lb tensor(0.00222969) min lb tensor(-0.84737086)
Number of Verified Splits: 903 of 1752
Current worst splitting domains lb-rhs (depth):
-0.84737 (15), -0.84060 (15), -0.83141 (15), -0.82645 (15), -0.82530 (15), -0.81746 (15), -0.81496 (15), -0.80570 (15), -0.77527 (15), -0.76097 (15), -0.75483 (15), -0.74822 (15), -0.74176 (15), -0.74083 (15), -0.72510 (15), -0.72143 (15), -0.71819 (15), -0.71173 (15), -0.70630 (15), -0.70500 (15), 
Length of domains: 849
Current (lb-rhs): -0.8473708629608154
8464 domains visited
Time: pickout 0.1505    decision 0.1918    set_bounds 0.0546    solve 1.0220    add 0.0060    
Accumulated time: pickout 0.5772    decision 1.8352    set_bounds 0.2950    solve 10.0580    add 0.0384    
Cumulative time: 12.847045183181763

BaB round 12
batch: 849
splitting decisions: 
split level 0: [/input, 242] [/input, 242] [/input, 242] [/input, 242] [/input, 242] [/input, 242] [/input, 242] [/input, 242] [/input, 242] [/input, 242] 
best_l after optimization: -206.5808563232422
beta sum per layer: [7002.48388671875, 2074.716796875]
alpha/beta optimization time: 0.8595492839813232
pruning_in_iteration open status: True
ratio of positive domain = 800 / 1698 = 0.4711425206124853
pruning-in-iteration extra time: 0.03658318519592285
torch.Size([1698, 1])
Time: prepare 0.0514    bound 0.8610    transfer 0.0011    finalize 0.0124    func 0.9281    
Accumulated time: func 10.9641    prepare 0.4372    bound 10.3988    transfer 0.0236    finalize 0.1371    
max lb tensor(0.00157082) min lb tensor(-0.78815246)
Number of Verified Splits: 800 of 1698
Current worst splitting domains lb-rhs (depth):
-0.78815 (16), -0.78173 (16), -0.77233 (16), -0.76719 (16), -0.76564 (16), -0.75740 (16), -0.75688 (16), -0.74677 (16), -0.71625 (16), -0.70026 (16), -0.69383 (16), -0.68757 (16), -0.68393 (16), -0.68381 (16), -0.66755 (16), -0.66450 (16), -0.65983 (16), -0.65358 (16), -0.64725 (16), -0.64623 (16), 
Length of domains: 898
Current (lb-rhs): -0.7881524562835693
10162 domains visited
Time: pickout 0.1261    decision 0.1850    set_bounds 0.0582    solve 0.9296    add 0.0036    
Accumulated time: pickout 0.7033    decision 2.0203    set_bounds 0.3531    solve 10.9876    add 0.0420    
Cumulative time: 14.153976202011108

BaB round 13
batch: 898
splitting decisions: 
split level 0: [/input, 189] [/input, 189] [/input, 189] [/input, 189] [/input, 189] [/input, 189] [/input, 189] [/input, 189] [/input, 189] [/input, 242] 
best_l after optimization: -172.40870666503906
beta sum per layer: [7953.94921875, 2133.075927734375]
alpha/beta optimization time: 0.8132638931274414
pruning_in_iteration open status: True
ratio of positive domain = 961 / 1796 = 0.5350779510022272
pruning-in-iteration extra time: 0.0321352481842041
torch.Size([1796, 1])
Time: prepare 0.0443    bound 0.8143    transfer 0.0010    finalize 0.0123    func 0.8734    
Accumulated time: func 11.8375    prepare 0.4840    bound 11.2131    transfer 0.0247    finalize 0.1494    
max lb tensor(0.00139916) min lb tensor(-0.73618841)
Number of Verified Splits: 961 of 1796
Current worst splitting domains lb-rhs (depth):
-0.73619 (17), -0.73004 (17), -0.72074 (17), -0.71626 (17), -0.71423 (17), -0.70671 (17), -0.70496 (17), -0.69596 (17), -0.66648 (17), -0.65040 (17), -0.64489 (17), -0.63838 (17), -0.63089 (17), -0.63056 (17), -0.61491 (17), -0.61227 (17), -0.61083 (17), -0.60189 (17), -0.59788 (17), -0.59589 (17), 
Length of domains: 835
Current (lb-rhs): -0.7361884117126465
11958 domains visited
Time: pickout 0.1108    decision 0.1683    set_bounds 0.7637    solve 0.8748    add 0.0020    
Accumulated time: pickout 0.8141    decision 2.1886    set_bounds 1.1169    solve 11.8624    add 0.0441    
Cumulative time: 16.077422380447388

BaB round 14
batch: 835
splitting decisions: 
split level 0: [/input, 48] [/input, 48] [/input, 48] [/input, 48] [/input, 62] [/input, 48] [/input, 48] [/input, 242] [/input, 48] [/input, 242] 
best_l after optimization: -165.99038696289062
beta sum per layer: [7581.5595703125, 1874.3720703125]
alpha/beta optimization time: 0.71490478515625
pruning_in_iteration open status: True
ratio of positive domain = 787 / 1670 = 0.47125748502994014
pruning-in-iteration extra time: 0.03130149841308594
torch.Size([1670, 1])
Time: prepare 0.0401    bound 0.7160    transfer 0.0009    finalize 0.0114    func 0.7687    
Accumulated time: func 12.6062    prepare 0.5262    bound 11.9292    transfer 0.0256    finalize 0.1608    
max lb tensor(0.00104713) min lb tensor(-0.68010032)
Number of Verified Splits: 787 of 1670
Current worst splitting domains lb-rhs (depth):
-0.68010 (18), -0.67437 (18), -0.66472 (18), -0.66044 (18), -0.65828 (18), -0.65209 (18), -0.64884 (18), -0.64101 (18), -0.61249 (18), -0.59490 (18), -0.58965 (18), -0.58311 (18), -0.57954 (18), -0.57954 (18), -0.57081 (18), -0.56787 (18), -0.56455 (18), -0.56191 (18), -0.55596 (18), -0.55113 (18), 
Length of domains: 883
Current (lb-rhs): -0.6801003217697144
13628 domains visited
Time: pickout 0.1027    decision 0.1450    set_bounds 0.0425    solve 0.7716    add 0.0027    
Accumulated time: pickout 0.9168    decision 2.3336    set_bounds 1.1594    solve 12.6340    add 0.0468    
Cumulative time: 17.146305084228516

BaB round 15
batch: 883
splitting decisions: 
split level 0: [/input, 48] [/input, 48] [/input, 48] [/input, 48] [/input, 48] [/input, 48] [/input, 48] [/input, 48] [/input, 85] [/input, 242] 
best_l after optimization: -136.4861297607422
beta sum per layer: [7962.36767578125, 1743.2867431640625]
alpha/beta optimization time: 0.6295688152313232
pruning_in_iteration open status: True
ratio of positive domain = 916 / 1766 = 0.5186862967157417
pruning-in-iteration extra time: 0.029227018356323242
torch.Size([1766, 1])
Time: prepare 0.0418    bound 0.6306    transfer 0.0011    finalize 0.0120    func 0.6858    
Accumulated time: func 13.2920    prepare 0.5700    bound 12.5597    transfer 0.0267    finalize 0.1729    
max lb tensor(9.99999975e-05) min lb tensor(-0.62898552)
Number of Verified Splits: 916 of 1766
Current worst splitting domains lb-rhs (depth):
-0.62899 (19), -0.62358 (19), -0.61387 (19), -0.61055 (19), -0.60778 (19), -0.60126 (19), -0.59778 (19), -0.59011 (19), -0.56189 (19), -0.54388 (19), -0.53984 (19), -0.53295 (19), -0.52648 (19), -0.52636 (19), -0.51669 (19), -0.51249 (19), -0.51053 (19), -0.50873 (19), -0.50535 (19), -0.49638 (19), 
Length of domains: 850
Current (lb-rhs): -0.6289855241775513
15394 domains visited
Time: pickout 0.1079    decision 0.1404    set_bounds 0.0451    solve 0.6881    add 0.0026    
Accumulated time: pickout 1.0247    decision 2.4740    set_bounds 1.2045    solve 13.3221    add 0.0494    
Cumulative time: 18.134308099746704

BaB round 16
batch: 850
splitting decisions: 
split level 0: [/input, 48] [/input, 48] [/input, 48] [/input, 48] [/input, 242] [/input, 242] [/input, 242] [/input, 12] [/input, 12] [/input, 48] 
best_l after optimization: -119.31715393066406
beta sum per layer: [7544.451171875, 1499.1378173828125]
alpha/beta optimization time: 0.6570508480072021
pruning_in_iteration open status: True
ratio of positive domain = 906 / 1700 = 0.5329411764705883
pruning-in-iteration extra time: 0.028489112854003906
torch.Size([1700, 1])
Time: prepare 0.0390    bound 0.6585    transfer 0.0015    finalize -2.3845    func -1.6853    
Accumulated time: func 11.6067    prepare 0.6111    bound 13.2183    transfer 0.0282    finalize -2.2116    
max lb tensor(0.00021875) min lb tensor(-0.58389759)
Number of Verified Splits: 906 of 1700
Current worst splitting domains lb-rhs (depth):
-0.58390 (20), -0.57802 (20), -0.56965 (20), -0.56568 (20), -0.56345 (20), -0.55694 (20), -0.55317 (20), -0.54553 (20), -0.50069 (20), -0.49987 (20), -0.47883 (20), -0.47205 (20), -0.47146 (20), -0.46877 (20), -0.46761 (20), -0.46749 (20), -0.46429 (20), -0.46374 (20), -0.46077 (20), -0.45930 (20), 
Length of domains: 794
Current (lb-rhs): -0.583897590637207
17094 domains visited
Time: pickout 0.0994    decision 0.1472    set_bounds 0.0443    solve -1.6838    add 0.0019    
Accumulated time: pickout 1.1240    decision 2.6213    set_bounds 1.2487    solve 11.6383    add 0.0513    
Cumulative time: 16.747764348983765

BaB round 17
batch: 794
splitting decisions: 
split level 0: [/input, 173] [/input, 173] [/input, 240] [/input, 240] [/input, 240] [/input, 240] [/input, 240] [/input, 171] [/input, 171] [/input, 48] 
best_l after optimization: -104.53412628173828
beta sum per layer: [7032.896484375, 1226.7869873046875]
alpha/beta optimization time: 0.9989032745361328
pruning_in_iteration open status: True
ratio of positive domain = 820 / 1588 = 0.5163727959697733
pruning-in-iteration extra time: 0.04574775695800781
torch.Size([1588, 1])
Time: prepare 0.0435    bound 1.0004    transfer 0.0011    finalize 0.0152    func 1.0607    
Accumulated time: func 12.6674    prepare 0.6580    bound 14.2187    transfer 0.0293    finalize -2.1964    
max lb tensor(0.00116873) min lb tensor(-0.53933775)
Number of Verified Splits: 820 of 1588
Current worst splitting domains lb-rhs (depth):
-0.53934 (21), -0.52621 (21), -0.52090 (21), -0.51690 (21), -0.51429 (21), -0.50954 (21), -0.50481 (21), -0.50155 (21), -0.48668 (21), -0.47790 (21), -0.45361 (21), -0.43921 (21), -0.43302 (21), -0.42661 (21), -0.42465 (21), -0.42407 (21), -0.42387 (21), -0.42370 (21), -0.40594 (21), -0.40578 (21), 
Length of domains: 768
Current (lb-rhs): -0.5393377542495728
18682 domains visited
Time: pickout 0.1170    decision 0.1992    set_bounds 0.0498    solve 1.0622    add 0.0029    
Accumulated time: pickout 1.2411    decision 2.8205    set_bounds 1.2986    solve 12.7005    add 0.0542    
Cumulative time: 18.182578086853027

BaB round 18
batch: 768
splitting decisions: 
split level 0: [/input, 77] [/input, 12] [/input, 77] [/input, 77] [/input, 240] [/input, 12] [/input, 12] [/input, 240] [/input, 83] [/input, 83] 
best_l after optimization: -98.50149536132812
beta sum per layer: [6827.46630859375, 916.5911254882812]
alpha/beta optimization time: 1.0667381286621094
pruning_in_iteration open status: True
ratio of positive domain = 780 / 1536 = 0.5078125
pruning-in-iteration extra time: 0.05031991004943848
torch.Size([1536, 1])
Time: prepare 0.0499    bound 1.0681    transfer 0.0018    finalize 0.0174    func 1.1376    
Accumulated time: func 13.8050    prepare 0.7116    bound 15.2868    transfer 0.0311    finalize -2.1790    
max lb tensor(9.99999975e-05) min lb tensor(-0.47890782)
Number of Verified Splits: 780 of 1536
Current worst splitting domains lb-rhs (depth):
-0.47891 (22), -0.47190 (22), -0.46619 (22), -0.46171 (22), -0.46104 (22), -0.45431 (22), -0.44990 (22), -0.44290 (22), -0.44064 (22), -0.44029 (22), -0.43540 (22), -0.43144 (22), -0.42191 (22), -0.41936 (22), -0.41397 (22), -0.40958 (22), -0.39751 (22), -0.39642 (22), -0.39066 (22), -0.38435 (22), 
Length of domains: 756
Current (lb-rhs): -0.47890782356262207
20218 domains visited
Time: pickout 0.1247    decision 0.2048    set_bounds 0.0527    solve 1.1396    add 0.0029    
Accumulated time: pickout 1.3658    decision 3.0253    set_bounds 1.3513    solve 13.8402    add 0.0571    
Cumulative time: 19.712556838989258

BaB round 19
batch: 756
splitting decisions: 
split level 0: [/input, 77] [/input, 77] [/input, 240] [/input, 83] [/input, 83] [/input, 83] [/input, 83] [/input, 83] [/input, 83] [/input, 83] 
best_l after optimization: -88.49044799804688
beta sum per layer: [6545.02685546875, 668.41552734375]
alpha/beta optimization time: 1.1400859355926514
pruning_in_iteration open status: True
ratio of positive domain = 747 / 1512 = 0.49404761904761907
pruning-in-iteration extra time: 0.057662010192871094
torch.Size([1512, 1])
Time: prepare 0.0465    bound 1.1422    transfer 0.0044    finalize 0.0243    func 1.2177    
Accumulated time: func 15.0227    prepare 0.7610    bound 16.4290    transfer 0.0355    finalize -2.1547    
max lb tensor(9.99999975e-05) min lb tensor(-0.42367792)
Number of Verified Splits: 747 of 1512
Current worst splitting domains lb-rhs (depth):
-0.42368 (23), -0.41529 (23), -0.40753 (23), -0.40654 (23), -0.40364 (23), -0.40167 (23), -0.40165 (23), -0.39979 (23), -0.39624 (23), -0.39584 (23), -0.39309 (23), -0.38874 (23), -0.38568 (23), -0.38530 (23), -0.38383 (23), -0.38238 (23), -0.37917 (23), -0.37710 (23), -0.37407 (23), -0.37398 (23), 
Length of domains: 765
Current (lb-rhs): -0.423677921295166
21730 domains visited
Time: pickout 0.1261    decision 0.1800    set_bounds 0.0542    solve 1.2196    add 0.0043    
Accumulated time: pickout 1.4919    decision 3.2053    set_bounds 1.4054    solve 15.0598    add 0.0614    
Cumulative time: 21.3010733127594

BaB round 20
batch: 765
splitting decisions: 
split level 0: [/input, 48] [/input, 48] [/input, 48] [/input, 48] [/input, 48] [/input, 48] [/input, 48] [/input, 48] [/input, 48] [/input, 48] 
best_l after optimization: -66.25672912597656
beta sum per layer: [6263.6259765625, 580.2562866210938]
alpha/beta optimization time: 0.934706449508667
pruning_in_iteration open status: True
ratio of positive domain = 898 / 1530 = 0.5869281045751634
pruning-in-iteration extra time: 0.0418856143951416
torch.Size([1530, 1])
Time: prepare 0.0447    bound 0.9360    transfer 0.0012    finalize 0.1089    func 1.0910    
Accumulated time: func 16.1136    prepare 0.8191    bound 17.3650    transfer 0.0366    finalize -2.0458    
max lb tensor(9.99999975e-05) min lb tensor(-0.37861538)
Number of Verified Splits: 898 of 1530
Current worst splitting domains lb-rhs (depth):
-0.37862 (24), -0.37090 (24), -0.36274 (24), -0.36236 (24), -0.35789 (24), -0.35713 (24), -0.35676 (24), -0.35399 (24), -0.35221 (24), -0.35102 (24), -0.34886 (24), -0.34379 (24), -0.34100 (24), -0.34094 (24), -0.33915 (24), -0.33907 (24), -0.33417 (24), -0.33349 (24), -0.33062 (24), -0.32897 (24), 
Length of domains: 632
Current (lb-rhs): -0.3786153793334961
23260 domains visited
Time: pickout 0.1364    decision 1.0954    set_bounds 0.0471    solve 1.0922    add 0.0020    
Accumulated time: pickout 1.6283    decision 4.3007    set_bounds 1.4525    solve 16.1520    add 0.0634    
Cumulative time: 23.678459644317627

BaB round 21
batch: 632
splitting decisions: 
split level 0: [/input-3, 29] [/input-3, 29] [/input-3, 29] [/input-3, 29] [/input-3, 29] [/input-3, 29] [/input-3, 29] [/input-3, 29] [/input-3, 29] [/input-3, 29] 
best_l after optimization: -45.35717010498047
beta sum per layer: [4622.5224609375, 401.3763427734375]
alpha/beta optimization time: 0.6250221729278564
pruning_in_iteration open status: True
ratio of positive domain = 806 / 1264 = 0.6376582278481013
pruning-in-iteration extra time: 0.03246665000915527
torch.Size([1264, 1])
Time: prepare 0.0313    bound 0.6261    transfer 0.0009    finalize 0.0128    func 0.6713    
Accumulated time: func 16.7849    prepare 0.8526    bound 17.9911    transfer 0.0376    finalize -2.0330    
max lb tensor(9.99999975e-05) min lb tensor(-0.34065151)
Number of Verified Splits: 806 of 1264
Current worst splitting domains lb-rhs (depth):
-0.34065 (25), -0.33307 (25), -0.32459 (25), -0.32380 (25), -0.32010 (25), -0.31911 (25), -0.31907 (25), -0.31559 (25), -0.31355 (25), -0.31333 (25), -0.31038 (25), -0.30599 (25), -0.30318 (25), -0.30232 (25), -0.30083 (25), -0.30064 (25), -0.29595 (25), -0.29555 (25), -0.29250 (25), -0.29078 (25), 
Length of domains: 458
Current (lb-rhs): -0.3406515121459961
24524 domains visited
Time: pickout 0.0774    decision 0.1157    set_bounds 0.0331    solve 0.6725    add 0.0030    
Accumulated time: pickout 1.7056    decision 4.4164    set_bounds 1.4855    solve 16.8245    add 0.0665    
Cumulative time: 24.583357334136963

BaB round 22
batch: 458
splitting decisions: 
split level 0: [/input, 240] [/input, 240] [/input, 240] [/input, 240] [/input, 240] [/input, 240] [/input, 240] [/input, 240] [/input-3, 29] [/input, 240] 
best_l after optimization: -35.09858703613281
beta sum per layer: [3163.25390625, 332.8861999511719]
alpha/beta optimization time: 0.9677813053131104
pruning_in_iteration open status: True
ratio of positive domain = 530 / 916 = 0.5786026200873362
pruning-in-iteration extra time: 0.04252290725708008
torch.Size([916, 1])
Time: prepare 0.0262    bound 0.9689    transfer 0.0008    finalize 0.0126    func 1.0087    
Accumulated time: func 17.7937    prepare 0.8807    bound 18.9600    transfer 0.0384    finalize -2.0204    
max lb tensor(0.00019968) min lb tensor(-0.30733585)
Number of Verified Splits: 530 of 916
Current worst splitting domains lb-rhs (depth):
-0.30734 (26), -0.30100 (26), -0.29299 (26), -0.28909 (26), -0.28798 (26), -0.28772 (26), -0.28437 (26), -0.28235 (26), -0.27787 (26), -0.26860 (26), -0.26660 (26), -0.26361 (26), -0.26074 (26), -0.26072 (26), -0.25861 (26), -0.25395 (26), -0.25389 (26), -0.24950 (26), -0.24779 (26), -0.24481 (26), 
Length of domains: 386
Current (lb-rhs): -0.30733585357666016
25440 domains visited
Time: pickout 0.0593    decision 0.0964    set_bounds 0.0256    solve 1.0098    add 0.0030    
Accumulated time: pickout 1.7650    decision 4.5127    set_bounds 1.5111    solve 17.8343    add 0.0695    
Cumulative time: 25.77988886833191

BaB round 23
batch: 386
splitting decisions: 
split level 0: [/input, 22] [/input, 22] [/input, 22] [/input, 22] [/input, 22] [/input, 22] [/input, 22] [/input, 170] [/input, 22] [/input, 22] 
best_l after optimization: -28.087478637695312
beta sum per layer: [2490.26904296875, 193.4821319580078]
alpha/beta optimization time: 0.7235212326049805
pruning_in_iteration open status: True
ratio of positive domain = 462 / 772 = 0.5984455958549223
pruning-in-iteration extra time: 0.03593277931213379
torch.Size([772, 1])
Time: prepare 0.0223    bound 0.7247    transfer 0.0007    finalize 0.0053    func 0.7532    
Accumulated time: func 18.5469    prepare 0.9047    bound 19.6847    transfer 0.0390    finalize -2.0151    
max lb tensor(9.99999975e-05) min lb tensor(-0.26325989)
Number of Verified Splits: 462 of 772
Current worst splitting domains lb-rhs (depth):
-0.26326 (27), -0.25718 (27), -0.24795 (27), -0.24444 (27), -0.24251 (27), -0.24243 (27), -0.24193 (27), -0.23805 (27), -0.23599 (27), -0.23448 (27), -0.23129 (27), -0.22932 (27), -0.22829 (27), -0.22242 (27), -0.22202 (27), -0.22121 (27), -0.21793 (27), -0.21676 (27), -0.21566 (27), -0.21389 (27), 
Length of domains: 310
Current (lb-rhs): -0.2632598876953125
26212 domains visited
Time: pickout 0.0483    decision 0.0821    set_bounds 0.0210    solve 0.7551    add 0.0025    
Accumulated time: pickout 1.8133    decision 4.5948    set_bounds 1.5321    solve 18.5894    add 0.0720    
Cumulative time: 26.69100260734558

BaB round 24
batch: 310
splitting decisions: 
split level 0: [/input-3, 47] [/input-3, 47] [/input, 22] [/input-3, 47] [/input, 209] [/input, 209] [/input, 22] [/input, 22] [/input, 209] [/input, 209] 
best_l after optimization: -26.865211486816406
beta sum per layer: [1764.459716796875, 115.42572021484375]
alpha/beta optimization time: 0.7535462379455566
pruning_in_iteration open status: True
ratio of positive domain = 250 / 620 = 0.4032258064516129
pruning-in-iteration extra time: 0.03681826591491699
torch.Size([620, 1])
Time: prepare 0.0254    bound 0.7560    transfer 0.0027    finalize 0.0123    func 0.7974    
Accumulated time: func 19.3443    prepare 0.9324    bound 20.4407    transfer 0.0417    finalize -2.0028    
max lb tensor(9.99999975e-05) min lb tensor(-0.21053648)
Number of Verified Splits: 250 of 620
Current worst splitting domains lb-rhs (depth):
-0.21054 (28), -0.20203 (28), -0.19952 (28), -0.19934 (28), -0.19339 (28), -0.19200 (28), -0.18848 (28), -0.18763 (28), -0.18741 (28), -0.18690 (28), -0.18521 (28), -0.18451 (28), -0.18396 (28), -0.18331 (28), -0.18080 (28), -0.18067 (28), -0.17931 (28), -0.17914 (28), -0.17875 (28), -0.17691 (28), 
Length of domains: 370
Current (lb-rhs): -0.21053647994995117
26832 domains visited
Time: pickout 0.0457    decision 0.0837    set_bounds 0.0234    solve 0.7986    add 0.0038    
Accumulated time: pickout 1.8590    decision 4.6786    set_bounds 1.5555    solve 19.3880    add 0.0758    
Cumulative time: 27.64806056022644

BaB round 25
batch: 370
splitting decisions: 
split level 0: [/input-3, 47] [/input-3, 47] [/input-3, 47] [/input-3, 65] [/input-3, 65] [/input-3, 65] [/input-3, 65] [/input-3, 65] [/input-3, 65] [/input-3, 65] 
best_l after optimization: -17.88677215576172
beta sum per layer: [1733.1182861328125, 117.46012878417969]
alpha/beta optimization time: 0.820152759552002
pruning_in_iteration open status: True
ratio of positive domain = 434 / 740 = 0.5864864864864865
pruning-in-iteration extra time: 0.04741930961608887
torch.Size([740, 1])
Time: prepare 0.0215    bound 0.8212    transfer 0.0007    finalize 0.0046    func 0.8481    
Accumulated time: func 20.1924    prepare 0.9624    bound 21.2618    transfer 0.0424    finalize -1.9982    
max lb tensor(9.99999975e-05) min lb tensor(-0.18405104)
Number of Verified Splits: 434 of 740
Current worst splitting domains lb-rhs (depth):
-0.18405 (29), -0.17508 (29), -0.17228 (29), -0.17220 (29), -0.16758 (29), -0.16661 (29), -0.16197 (29), -0.16164 (29), -0.16096 (29), -0.16013 (29), -0.15895 (29), -0.15815 (29), -0.15739 (29), -0.15661 (29), -0.15577 (29), -0.15435 (29), -0.15405 (29), -0.15239 (29), -0.15234 (29), -0.15134 (29), 
Length of domains: 306
Current (lb-rhs): -0.1840510368347168
27572 domains visited
Time: pickout 0.0599    decision 0.4167    set_bounds 0.0187    solve 0.8489    add 0.0027    
Accumulated time: pickout 1.9189    decision 5.0953    set_bounds 1.5742    solve 20.2370    add 0.0785    
Time out!!!!!!!!
Result: unknown in 30.9340 seconds

 %%%%%%%%%%%%%%%%%%%%%%%%%%%%%%%%%%% idx: 66, vnnlib ID: 66 %%%%%%%%%%%%%%%%%%%%%%%%%%%%%%%%%%%
Finished vnnlib processing in 0.005018 seconds
Model: BoundedModule(
  (/0): BoundInput(name=/0, inputs=[], perturbed=True)
  (/7): BoundParams(name=/7, inputs=[], perturbed=False)
  (/8): BoundParams(name=/8, inputs=[], perturbed=False)
  (/9): BoundParams(name=/9, inputs=[], perturbed=False)
  (/10): BoundParams(name=/10, inputs=[], perturbed=False)
  (/11): BoundParams(name=/11, inputs=[], perturbed=False)
  (/12): BoundParams(name=/12, inputs=[], perturbed=False)
  (/13): BoundFlatten(name=/13, inputs=[/0], perturbed=True)
  (/input): BoundLinear(name=/input, inputs=[/13, /7, /8], perturbed=True)
  (/15): BoundRelu(name=/15, inputs=[/input], perturbed=True)
  (/input-3): BoundLinear(name=/input-3, inputs=[/15, /9, /10], perturbed=True)
  (/17): BoundRelu(name=/17, inputs=[/input-3], perturbed=True)
  (/18): BoundLinear(name=/18, inputs=[/17, /11, /12], perturbed=True)
)
Original output in the first batch: tensor([[ 1.97032559, -2.08022189, -2.99269271, -4.61446619,  0.17889732,
         -2.23053145,  5.43920231, -1.47805119, -1.25968039, -6.01291704]],
       device='cuda:0')
Split layers:
Nonlinear functions:
   BoundRelu(name=/15, inputs=[/input], perturbed=True)
   BoundRelu(name=/17, inputs=[/input-3], perturbed=True)
build batch [1/1]
layer /15 using sparse-features alpha with shape [86]; unstable size 86; total size 256 ([1, 256])
layer /15 start_node /input-3 using sparse-spec alpha [2, 58, 1, 86] with unstable size 57 total_size 128 output_shape torch.Size([128])
layer /15 start_node /18 using full alpha [2, 9, 1, 86] with unstable size None total_size 9 output_shape 9
layer /17 using sparse-features alpha with shape [57]; unstable size 57; total size 128 ([1, 128])
layer /17 start_node /18 using full alpha [2, 9, 1, 57] with unstable size None total_size 9 output_shape 9
Optimizable variables initialized.
initial CROWN bounds (first 10 items): [-0.5273456573486328, 2.9555447101593018, 3.2542340755462646, 4.474867820739746, 0.6740772724151611, 3.055175304412842, 1.357560157775879, 2.453152894973755, 5.915177345275879]
prune_after_crown optimization in use
  original spec size = torch.Size([1, 9])
  pruned spec size = torch.Size([1, 1])
Using alpha-CROWN to initialize bounds.
Early stop at 70th iter due to 10 iterations no improvement!
best_l after optimization: -0.4022362232208252
alpha/beta optimization time: 1.1440768241882324
initial alpha-crown bounds (first 10 items): [-0.4022362232208252]
Global lower bound: -0.4022362232208252
torch.Size([1, 1])
8 / 9 OR specs are verified.
Verified OR indices (first 10 items): [1, 2, 3, 4, 5, 6, 7, 8]
Verified OR lbs (first 10 items): [[inf], [inf], [inf], [inf], [inf], [inf], [inf], [inf]]
Unverified OR indices (first 10 items): [0]
Unverified OR lbs (first 10 items): [[-0.4022362232208252]]
###### Verifying property Instance 66 ######
Batch size: 1
First 10 spec matrices
C: tensor([[[-1.,  0.,  0.,  0.,  0.,  0.,  1.,  0.,  0.,  0.]]], device='cuda:0')
RHS: tensor([[0.]], device='cuda:0')
OR spec sizes: tensor([1], device='cuda:0', dtype=torch.int32)
Remaining timeout: 28.60867142677307
Model prediction is: tensor([ 1.97032559, -2.08022189, -2.99269271, -4.61446619,  0.17889732,
        -2.23053145,  5.43920231, -1.47805119, -1.25968039, -6.01291704],
       device='cuda:0')
Activation BaB batch 1/1 
build_with_refined_bounds batch [1/1]
Optimizable variables initialized.
all alpha initialized
directly get lb and ub from refined bounds
c shape: torch.Size([1, 1, 10])
lA shapes: [torch.Size([1, 1, 256]), torch.Size([1, 1, 128])]
torch.Size([1, 1])
(alpha-)CROWN with fixed intermediate bounds: tensor([[-0.40223622]], device='cuda:0') tensor([[inf]], device='cuda:0')
Intermediate layers: /input,/input-3
Keeping alphas for these layers: ['/18']
Node /15 input 0: size torch.Size([256]) unstable 86
Node /17 input 0: size torch.Size([128]) unstable 57
-----------------
# of unstable neurons: 143
-----------------

BaB round 1
batch: 1
splitting decisions: 
split level 0: [/input-3, 98] 
split level 1: [/input-3, 42] 
split level 2: [/input-3, 81] 
split level 3: [/input-3, 9] 
split level 4: [/input-3, 24] 
split level 5: [/input-3, 74] 
best_l after optimization: -0.14302749931812286
beta sum per layer: [0.0, 0.03495115041732788]
alpha/beta optimization time: 0.6738932132720947
pruning_in_iteration open status: True
ratio of positive domain = 62 / 64 = 0.96875
pruning-in-iteration extra time: 0.034597158432006836
torch.Size([64, 1])
Time: prepare 0.0015    bound 0.6757    transfer 0.0025    finalize 0.0108    func 0.6907    
Accumulated time: func 0.6907    prepare 0.0048    bound 0.6757    transfer 0.0025    finalize 0.0108    
max lb tensor(9.99999975e-05) min lb tensor(-0.08202589)
Number of Verified Splits: 62 of 64
Current worst splitting domains lb-rhs (depth):
-0.08203 (6), -0.06720 (6), 
Length of domains: 2
Current (lb-rhs): -0.08202588558197021
64 domains visited
Time: pickout 0.0009    decision 0.0345    set_bounds 0.0049    solve 0.6921    add 0.0069    
Accumulated time: pickout 0.0009    decision 0.0345    set_bounds 0.0049    solve 0.6921    add 0.0069    
Cumulative time: 0.7595348358154297

BaB round 2
batch: 2
splitting decisions: 
split level 0: [/input-3, 63] [/input-3, 63] 
split level 1: [/input-3, 2] [/input-3, 84] 
split level 2: [/input-3, 84] [/input-3, 2] 
split level 3: [/input, 61] [/input-3, 14] 
split level 4: [/input-3, 0] [/input-3, 0] 

all verified at 0th iter
best_l after optimization: 18.086116790771484
beta sum per layer: [0.0, 1.1184368133544922]
alpha/beta optimization time: 0.010984659194946289
pruning_in_iteration open status: False
ratio of positive domain = 64 / 64 = 1.0
pruning-in-iteration extra time: 0.001150369644165039
torch.Size([64, 1])
Time: prepare 0.0034    bound 0.0131    transfer 0.0007    finalize 0.0054    func 0.0227    
Accumulated time: func 0.7134    prepare 0.0170    bound 0.6888    transfer 0.0033    finalize 0.0161    
max lb tensor(0.43167830) min lb tensor(0.13921237)
Number of Verified Splits: 64 of 64
Length of domains: 0
No domains left, verification finished!
Current (lb-rhs): 1.0000000116860974e-07
128 domains visited
Time: pickout 0.0096    decision 0.0604    set_bounds 0.0049    solve 0.0235    add 0.0004    
Accumulated time: pickout 0.0104    decision 0.0949    set_bounds 0.0098    solve 0.7156    add 0.0073    
Cumulative time: 0.858717679977417

Result: safe in 2.2534 seconds

 %%%%%%%%%%%%%%%%%%%%%%%%%%%%%%%%%%% idx: 67, vnnlib ID: 67 %%%%%%%%%%%%%%%%%%%%%%%%%%%%%%%%%%%
Finished vnnlib processing in 0.007452 seconds
Model: BoundedModule(
  (/0): BoundInput(name=/0, inputs=[], perturbed=True)
  (/7): BoundParams(name=/7, inputs=[], perturbed=False)
  (/8): BoundParams(name=/8, inputs=[], perturbed=False)
  (/9): BoundParams(name=/9, inputs=[], perturbed=False)
  (/10): BoundParams(name=/10, inputs=[], perturbed=False)
  (/11): BoundParams(name=/11, inputs=[], perturbed=False)
  (/12): BoundParams(name=/12, inputs=[], perturbed=False)
  (/13): BoundFlatten(name=/13, inputs=[/0], perturbed=True)
  (/input): BoundLinear(name=/input, inputs=[/13, /7, /8], perturbed=True)
  (/15): BoundRelu(name=/15, inputs=[/input], perturbed=True)
  (/input-3): BoundLinear(name=/input-3, inputs=[/15, /9, /10], perturbed=True)
  (/17): BoundRelu(name=/17, inputs=[/input-3], perturbed=True)
  (/18): BoundLinear(name=/18, inputs=[/17, /11, /12], perturbed=True)
)
Original output in the first batch: tensor([[-5.63445997, -4.35324478, -0.73985076, -7.21024942, 11.70242786,
         -4.48509693, -7.39365673, -2.69500422, -5.09472227,  1.51754749]],
       device='cuda:0')
Split layers:
Nonlinear functions:
   BoundRelu(name=/15, inputs=[/input], perturbed=True)
   BoundRelu(name=/17, inputs=[/input-3], perturbed=True)
build batch [1/1]
layer /15 using sparse-features alpha with shape [63]; unstable size 63; total size 256 ([1, 256])
layer /15 start_node /input-3 using sparse-spec alpha [2, 39, 1, 63] with unstable size 38 total_size 128 output_shape torch.Size([128])
layer /15 start_node /18 using full alpha [2, 9, 1, 63] with unstable size None total_size 9 output_shape 9
layer /17 using sparse-features alpha with shape [38]; unstable size 38; total size 128 ([1, 128])
layer /17 start_node /18 using full alpha [2, 9, 1, 38] with unstable size None total_size 9 output_shape 9
Optimizable variables initialized.
initial CROWN bounds (first 10 items): [12.899519920349121, 11.86829948425293, 7.422438621520996, 13.814611434936523, 10.951765060424805, 14.27210521697998, 10.410811424255371, 11.599346160888672, 5.708462715148926]
Verified with initial CROWN!
verified with init bound!
Result: safe-incomplete in 0.3452 seconds

 %%%%%%%%%%%%%%%%%%%%%%%%%%%%%%%%%%% idx: 68, vnnlib ID: 68 %%%%%%%%%%%%%%%%%%%%%%%%%%%%%%%%%%%
Finished vnnlib processing in 0.009031 seconds
Model: BoundedModule(
  (/0): BoundInput(name=/0, inputs=[], perturbed=True)
  (/7): BoundParams(name=/7, inputs=[], perturbed=False)
  (/8): BoundParams(name=/8, inputs=[], perturbed=False)
  (/9): BoundParams(name=/9, inputs=[], perturbed=False)
  (/10): BoundParams(name=/10, inputs=[], perturbed=False)
  (/11): BoundParams(name=/11, inputs=[], perturbed=False)
  (/12): BoundParams(name=/12, inputs=[], perturbed=False)
  (/13): BoundFlatten(name=/13, inputs=[/0], perturbed=True)
  (/input): BoundLinear(name=/input, inputs=[/13, /7, /8], perturbed=True)
  (/15): BoundRelu(name=/15, inputs=[/input], perturbed=True)
  (/input-3): BoundLinear(name=/input-3, inputs=[/15, /9, /10], perturbed=True)
  (/17): BoundRelu(name=/17, inputs=[/input-3], perturbed=True)
  (/18): BoundLinear(name=/18, inputs=[/17, /11, /12], perturbed=True)
)
Original output in the first batch: tensor([[ -8.05346584,  -8.12020016,  -3.19724417,  15.08028221,  -9.87508297,
           0.05043523, -19.84631920,  -5.96615553,   0.77817243,  -0.48078874]],
       device='cuda:0')
Split layers:
Nonlinear functions:
   BoundRelu(name=/15, inputs=[/input], perturbed=True)
   BoundRelu(name=/17, inputs=[/input-3], perturbed=True)
build batch [1/1]
layer /15 using sparse-features alpha with shape [57]; unstable size 57; total size 256 ([1, 256])
layer /15 start_node /input-3 using sparse-spec alpha [2, 27, 1, 57] with unstable size 26 total_size 128 output_shape torch.Size([128])
layer /15 start_node /18 using full alpha [2, 9, 1, 57] with unstable size None total_size 9 output_shape 9
layer /17 using sparse-features alpha with shape [26]; unstable size 26; total size 128 ([1, 128])
layer /17 start_node /18 using full alpha [2, 9, 1, 26] with unstable size None total_size 9 output_shape 9
Optimizable variables initialized.
initial CROWN bounds (first 10 items): [18.437583923339844, 19.609981536865234, 14.512519836425781, 19.629398345947266, 10.290298461914062, 29.48902702331543, 16.33196449279785, 10.661230087280273, 10.771745681762695]
Verified with initial CROWN!
verified with init bound!
Result: safe-incomplete in 0.3332 seconds

 %%%%%%%%%%%%%%%%%%%%%%%%%%%%%%%%%%% idx: 69, vnnlib ID: 69 %%%%%%%%%%%%%%%%%%%%%%%%%%%%%%%%%%%
Finished vnnlib processing in 0.008776 seconds
Model: BoundedModule(
  (/0): BoundInput(name=/0, inputs=[], perturbed=True)
  (/7): BoundParams(name=/7, inputs=[], perturbed=False)
  (/8): BoundParams(name=/8, inputs=[], perturbed=False)
  (/9): BoundParams(name=/9, inputs=[], perturbed=False)
  (/10): BoundParams(name=/10, inputs=[], perturbed=False)
  (/11): BoundParams(name=/11, inputs=[], perturbed=False)
  (/12): BoundParams(name=/12, inputs=[], perturbed=False)
  (/13): BoundFlatten(name=/13, inputs=[/0], perturbed=True)
  (/input): BoundLinear(name=/input, inputs=[/13, /7, /8], perturbed=True)
  (/15): BoundRelu(name=/15, inputs=[/input], perturbed=True)
  (/input-3): BoundLinear(name=/input-3, inputs=[/15, /9, /10], perturbed=True)
  (/17): BoundRelu(name=/17, inputs=[/input-3], perturbed=True)
  (/18): BoundLinear(name=/18, inputs=[/17, /11, /12], perturbed=True)
)
Original output in the first batch: tensor([[11.33552361, -7.99121237, -4.48047400, -6.47437191, -5.23921537,
         -2.22340393, -0.79278123, -1.37590146, -4.36747551, -1.00996900]],
       device='cuda:0')
Split layers:
Nonlinear functions:
   BoundRelu(name=/15, inputs=[/input], perturbed=True)
   BoundRelu(name=/17, inputs=[/input-3], perturbed=True)
build batch [1/1]
layer /15 using sparse-features alpha with shape [50]; unstable size 50; total size 256 ([1, 256])
layer /15 start_node /input-3 using sparse-spec alpha [2, 22, 1, 50] with unstable size 21 total_size 128 output_shape torch.Size([128])
layer /15 start_node /18 using full alpha [2, 9, 1, 50] with unstable size None total_size 9 output_shape 9
layer /17 using sparse-features alpha with shape [21]; unstable size 21; total size 128 ([1, 128])
layer /17 start_node /18 using full alpha [2, 9, 1, 21] with unstable size None total_size 9 output_shape 9
Optimizable variables initialized.
initial CROWN bounds (first 10 items): [16.861644744873047, 13.574187278747559, 15.271976470947266, 13.710155487060547, 10.729022979736328, 10.105840682983398, 9.752182006835938, 13.318601608276367, 10.335345268249512]
Verified with initial CROWN!
verified with init bound!
Result: safe-incomplete in 0.3343 seconds

 %%%%%%%%%%%%%%%%%%%%%%%%%%%%%%%%%%% idx: 70, vnnlib ID: 70 %%%%%%%%%%%%%%%%%%%%%%%%%%%%%%%%%%%
Finished vnnlib processing in 0.008302 seconds
Model: BoundedModule(
  (/0): BoundInput(name=/0, inputs=[], perturbed=True)
  (/7): BoundParams(name=/7, inputs=[], perturbed=False)
  (/8): BoundParams(name=/8, inputs=[], perturbed=False)
  (/9): BoundParams(name=/9, inputs=[], perturbed=False)
  (/10): BoundParams(name=/10, inputs=[], perturbed=False)
  (/11): BoundParams(name=/11, inputs=[], perturbed=False)
  (/12): BoundParams(name=/12, inputs=[], perturbed=False)
  (/13): BoundFlatten(name=/13, inputs=[/0], perturbed=True)
  (/input): BoundLinear(name=/input, inputs=[/13, /7, /8], perturbed=True)
  (/15): BoundRelu(name=/15, inputs=[/input], perturbed=True)
  (/input-3): BoundLinear(name=/input-3, inputs=[/15, /9, /10], perturbed=True)
  (/17): BoundRelu(name=/17, inputs=[/input-3], perturbed=True)
  (/18): BoundLinear(name=/18, inputs=[/17, /11, /12], perturbed=True)
)
Original output in the first batch: tensor([[ -0.90898615,  -4.20605326,   2.46541715,   0.42200121,  -6.31686926,
          -5.43291950, -16.24112701,  12.71652794,  -5.99683905,  -0.45787910]],
       device='cuda:0')
Split layers:
Nonlinear functions:
   BoundRelu(name=/15, inputs=[/input], perturbed=True)
   BoundRelu(name=/17, inputs=[/input-3], perturbed=True)
build batch [1/1]
layer /15 using sparse-features alpha with shape [62]; unstable size 62; total size 256 ([1, 256])
layer /15 start_node /input-3 using sparse-spec alpha [2, 33, 1, 62] with unstable size 32 total_size 128 output_shape torch.Size([128])
layer /15 start_node /18 using full alpha [2, 9, 1, 62] with unstable size None total_size 9 output_shape 9
layer /17 using sparse-features alpha with shape [32]; unstable size 32; total size 128 ([1, 128])
layer /17 start_node /18 using full alpha [2, 9, 1, 32] with unstable size None total_size 9 output_shape 9
Optimizable variables initialized.
initial CROWN bounds (first 10 items): [8.401078224182129, 13.40228271484375, 5.909870624542236, 7.750141143798828, 15.02246379852295, 12.743169784545898, 22.19173240661621, 13.392060279846191, 8.947961807250977]
Verified with initial CROWN!
verified with init bound!
Result: safe-incomplete in 0.3470 seconds

 %%%%%%%%%%%%%%%%%%%%%%%%%%%%%%%%%%% idx: 71, vnnlib ID: 71 %%%%%%%%%%%%%%%%%%%%%%%%%%%%%%%%%%%
Finished vnnlib processing in 0.010206 seconds
Model: BoundedModule(
  (/0): BoundInput(name=/0, inputs=[], perturbed=True)
  (/7): BoundParams(name=/7, inputs=[], perturbed=False)
  (/8): BoundParams(name=/8, inputs=[], perturbed=False)
  (/9): BoundParams(name=/9, inputs=[], perturbed=False)
  (/10): BoundParams(name=/10, inputs=[], perturbed=False)
  (/11): BoundParams(name=/11, inputs=[], perturbed=False)
  (/12): BoundParams(name=/12, inputs=[], perturbed=False)
  (/13): BoundFlatten(name=/13, inputs=[/0], perturbed=True)
  (/input): BoundLinear(name=/input, inputs=[/13, /7, /8], perturbed=True)
  (/15): BoundRelu(name=/15, inputs=[/input], perturbed=True)
  (/input-3): BoundLinear(name=/input-3, inputs=[/15, /9, /10], perturbed=True)
  (/17): BoundRelu(name=/17, inputs=[/input-3], perturbed=True)
  (/18): BoundLinear(name=/18, inputs=[/17, /11, /12], perturbed=True)
)
Original output in the first batch: tensor([[ 17.66843796,  -9.79461384,  -3.40157390, -11.83257294,  -6.37638378,
          -7.10946846,  -2.20693994,  -3.39088750,  -6.14306068,   1.09225762]],
       device='cuda:0')
Split layers:
Nonlinear functions:
   BoundRelu(name=/15, inputs=[/input], perturbed=True)
   BoundRelu(name=/17, inputs=[/input-3], perturbed=True)
build batch [1/1]
layer /15 using sparse-features alpha with shape [46]; unstable size 46; total size 256 ([1, 256])
layer /15 start_node /input-3 using sparse-spec alpha [2, 25, 1, 46] with unstable size 24 total_size 128 output_shape torch.Size([128])
layer /15 start_node /18 using full alpha [2, 9, 1, 46] with unstable size None total_size 9 output_shape 9
layer /17 using sparse-features alpha with shape [24]; unstable size 24; total size 128 ([1, 128])
layer /17 start_node /18 using full alpha [2, 9, 1, 24] with unstable size None total_size 9 output_shape 9
Optimizable variables initialized.
initial CROWN bounds (first 10 items): [24.95530891418457, 18.75434112548828, 27.082447052001953, 20.763643264770508, 21.985618591308594, 17.655044555664062, 17.91799545288086, 21.430124282836914, 14.32406997680664]
Verified with initial CROWN!
verified with init bound!
Result: safe-incomplete in 0.4841 seconds

 %%%%%%%%%%%%%%%%%%%%%%%%%%%%%%%%%%% idx: 72, vnnlib ID: 72 %%%%%%%%%%%%%%%%%%%%%%%%%%%%%%%%%%%
Finished vnnlib processing in 0.010148 seconds
Model: BoundedModule(
  (/0): BoundInput(name=/0, inputs=[], perturbed=True)
  (/7): BoundParams(name=/7, inputs=[], perturbed=False)
  (/8): BoundParams(name=/8, inputs=[], perturbed=False)
  (/9): BoundParams(name=/9, inputs=[], perturbed=False)
  (/10): BoundParams(name=/10, inputs=[], perturbed=False)
  (/11): BoundParams(name=/11, inputs=[], perturbed=False)
  (/12): BoundParams(name=/12, inputs=[], perturbed=False)
  (/13): BoundFlatten(name=/13, inputs=[/0], perturbed=True)
  (/input): BoundLinear(name=/input, inputs=[/13, /7, /8], perturbed=True)
  (/15): BoundRelu(name=/15, inputs=[/input], perturbed=True)
  (/input-3): BoundLinear(name=/input-3, inputs=[/15, /9, /10], perturbed=True)
  (/17): BoundRelu(name=/17, inputs=[/input-3], perturbed=True)
  (/18): BoundLinear(name=/18, inputs=[/17, /11, /12], perturbed=True)
)
Original output in the first batch: tensor([[ 3.64270163, -1.85735404, 10.47421360,  0.63050491, -8.28248119,
         -4.21851110, -8.12912178, -1.43942773, -2.00904155, -5.25168705]],
       device='cuda:0')
Split layers:
Nonlinear functions:
   BoundRelu(name=/15, inputs=[/input], perturbed=True)
   BoundRelu(name=/17, inputs=[/input-3], perturbed=True)
build batch [1/1]
layer /15 using sparse-features alpha with shape [59]; unstable size 59; total size 256 ([1, 256])
layer /15 start_node /input-3 using sparse-spec alpha [2, 33, 1, 59] with unstable size 32 total_size 128 output_shape torch.Size([128])
layer /15 start_node /18 using full alpha [2, 9, 1, 59] with unstable size None total_size 9 output_shape 9
layer /17 using sparse-features alpha with shape [32]; unstable size 32; total size 128 ([1, 128])
layer /17 start_node /18 using full alpha [2, 9, 1, 32] with unstable size None total_size 9 output_shape 9
Optimizable variables initialized.
initial CROWN bounds (first 10 items): [3.1248555183410645, 10.28840160369873, 7.355959415435791, 14.723377227783203, 11.228460311889648, 14.93493938446045, 8.972966194152832, 9.38212776184082, 11.28174877166748]
Verified with initial CROWN!
verified with init bound!
Result: safe-incomplete in 0.4317 seconds

 %%%%%%%%%%%%%%%%%%%%%%%%%%%%%%%%%%% idx: 73, vnnlib ID: 73 %%%%%%%%%%%%%%%%%%%%%%%%%%%%%%%%%%%
Finished vnnlib processing in 0.008787 seconds
Model: BoundedModule(
  (/0): BoundInput(name=/0, inputs=[], perturbed=True)
  (/7): BoundParams(name=/7, inputs=[], perturbed=False)
  (/8): BoundParams(name=/8, inputs=[], perturbed=False)
  (/9): BoundParams(name=/9, inputs=[], perturbed=False)
  (/10): BoundParams(name=/10, inputs=[], perturbed=False)
  (/11): BoundParams(name=/11, inputs=[], perturbed=False)
  (/12): BoundParams(name=/12, inputs=[], perturbed=False)
  (/13): BoundFlatten(name=/13, inputs=[/0], perturbed=True)
  (/input): BoundLinear(name=/input, inputs=[/13, /7, /8], perturbed=True)
  (/15): BoundRelu(name=/15, inputs=[/input], perturbed=True)
  (/input-3): BoundLinear(name=/input-3, inputs=[/15, /9, /10], perturbed=True)
  (/17): BoundRelu(name=/17, inputs=[/input-3], perturbed=True)
  (/18): BoundLinear(name=/18, inputs=[/17, /11, /12], perturbed=True)
)
Original output in the first batch: tensor([[ -2.84632444,  -2.97400475,  -2.65886641,  -0.72952163,  -2.95321918,
          -9.36318398, -15.14622211,   2.36945510,   2.10986447,   5.79733515]],
       device='cuda:0')
Split layers:
Nonlinear functions:
   BoundRelu(name=/15, inputs=[/input], perturbed=True)
   BoundRelu(name=/17, inputs=[/input-3], perturbed=True)
build batch [1/1]
layer /15 using sparse-features alpha with shape [85]; unstable size 85; total size 256 ([1, 256])
layer /15 start_node /input-3 using sparse-spec alpha [2, 38, 1, 85] with unstable size 37 total_size 128 output_shape torch.Size([128])
layer /15 start_node /18 using full alpha [2, 9, 1, 85] with unstable size None total_size 9 output_shape 9
layer /17 using sparse-features alpha with shape [37]; unstable size 37; total size 128 ([1, 128])
layer /17 start_node /18 using full alpha [2, 9, 1, 37] with unstable size None total_size 9 output_shape 9
Optimizable variables initialized.
initial CROWN bounds (first 10 items): [3.5560784339904785, 3.522420883178711, 1.4728810787200928, 0.8188748359680176, 4.7006378173828125, 9.370373725891113, 14.591657638549805, -2.573164224624634, -1.3865470886230469]
prune_after_crown optimization in use
  original spec size = torch.Size([1, 9])
  pruned spec size = torch.Size([1, 2])
Using alpha-CROWN to initialize bounds.
best_l after optimization: -3.263169765472412
alpha/beta optimization time: 3.133687734603882
initial alpha-crown bounds (first 10 items): [-2.0714025497436523, -1.1917672157287598]
Global lower bound: -2.0714025497436523
torch.Size([1, 2])
7 / 9 OR specs are verified.
Verified OR indices (first 10 items): [0, 1, 2, 3, 4, 5, 6]
Verified OR lbs (first 10 items): [[inf], [inf], [inf], [inf], [inf], [inf], [inf]]
Unverified OR indices (first 10 items): [7, 8]
Unverified OR lbs (first 10 items): [[-2.0714025497436523], [-1.1917672157287598]]
###### Verifying property Instance 73 ######
Batch size: 2
First 10 spec matrices
C: tensor([[[ 0.,  0.,  0.,  0.,  0.,  0.,  0., -1.,  0.,  1.]],

        [[ 0.,  0.,  0.,  0.,  0.,  0.,  0.,  0., -1.,  1.]]], device='cuda:0')
RHS: tensor([[0.],
        [0.]], device='cuda:0')
OR spec sizes: tensor([1, 1], device='cuda:0', dtype=torch.int32)
Remaining timeout: 26.363017559051514
Model prediction is: tensor([ -2.84632444,  -2.97400475,  -2.65886641,  -0.72952163,  -2.95321918,
         -9.36318398, -15.14622211,   2.36945510,   2.10986447,   5.79733515],
       device='cuda:0')
Activation BaB batch 1/1 
build_with_refined_bounds batch [1/1]
Optimizable variables initialized.
all alpha initialized
directly get lb and ub from refined bounds
c shape: torch.Size([2, 1, 10])
lA shapes: [torch.Size([2, 1, 256]), torch.Size([2, 1, 128])]
torch.Size([2, 1])
(alpha-)CROWN with fixed intermediate bounds: tensor([[-2.07140255],
        [-1.19176722]], device='cuda:0') tensor([[inf],
        [inf]], device='cuda:0')
Intermediate layers: /input,/input-3
Keeping alphas for these layers: ['/18']
Node /15 input 0: size torch.Size([256]) unstable 85
Node /17 input 0: size torch.Size([128]) unstable 37
-----------------
# of unstable neurons: 122
-----------------

BaB round 1
batch: 2
splitting decisions: 
split level 0: [/input, 231] [/input-3, 110] 
split level 1: [/input, 222] [/input, 207] 
split level 2: [/input, 58] [/input, 58] 
split level 3: [/input, 161] [/input, 143] 
split level 4: [/input, 54] [/input-3, 104] 
best_l after optimization: -14.509201049804688
beta sum per layer: [52.194801330566406, 9.160032272338867]
alpha/beta optimization time: 1.0017054080963135
pruning_in_iteration open status: True
ratio of positive domain = 38 / 64 = 0.59375
pruning-in-iteration extra time: 0.04219651222229004
torch.Size([64, 1])
Time: prepare 0.0034    bound 1.0033    transfer 0.0026    finalize 0.0082    func 1.0175    
Accumulated time: func 1.0175    prepare 0.0139    bound 1.0033    transfer 0.0026    finalize 0.0082    
max lb tensor(0.00534487) min lb tensor(-1.32667196)
Number of Verified Splits: 38 of 64
Current worst splitting domains lb-rhs (depth):
-1.32667 (5), -1.30390 (5), -1.26730 (5), -1.23651 (5), -0.84938 (5), -0.83730 (5), -0.77768 (5), -0.74106 (5), -0.72175 (5), -0.70944 (5), -0.62151 (5), -0.57190 (5), -0.56453 (5), -0.53360 (5), -0.48324 (5), -0.46369 (5), -0.32097 (5), -0.29936 (5), -0.25093 (5), -0.19794 (5), 
Length of domains: 26
Current (lb-rhs): -1.3266719579696655
64 domains visited
Time: pickout 0.0013    decision 0.0698    set_bounds 0.0048    solve 1.0183    add 0.0072    
Accumulated time: pickout 0.0013    decision 0.0698    set_bounds 0.0048    solve 1.0183    add 0.0072    
Cumulative time: 1.1457810401916504

BaB round 2
batch: 26
splitting decisions: 
split level 0: [/input-3, 99] [/input-3, 99] [/input-3, 99] [/input-3, 17] [/input-3, 99] [/input-3, 17] [/input-3, 99] [/input-3, 17] [/input-3, 99] [/input-3, 17] 
best_l after optimization: -12.430402755737305
beta sum per layer: [92.05287170410156, 20.10512924194336]
alpha/beta optimization time: 1.008864402770996
pruning_in_iteration open status: True
ratio of positive domain = 25 / 52 = 0.4807692307692307
pruning-in-iteration extra time: 0.05529212951660156
torch.Size([52, 1])
Time: prepare 0.0040    bound 1.0104    transfer 0.0018    finalize 0.0058    func 1.0221    
Accumulated time: func 2.0396    prepare 0.0249    bound 2.0137    transfer 0.0044    finalize 0.0140    
max lb tensor(9.99999975e-05) min lb tensor(-1.25584531)
Number of Verified Splits: 25 of 52
Current worst splitting domains lb-rhs (depth):
-1.25585 (6), -1.23111 (6), -1.20250 (6), -1.16928 (6), -0.69296 (6), -0.64091 (6), -0.63953 (6), -0.63779 (6), -0.53838 (6), -0.53672 (6), -0.52794 (6), -0.51232 (6), -0.48863 (6), -0.46328 (6), -0.37337 (6), -0.31805 (6), -0.23620 (6), -0.17527 (6), -0.15255 (6), -0.13457 (6), 
Length of domains: 27
Current (lb-rhs): -1.255845308303833
116 domains visited
Time: pickout 0.0137    decision 0.0641    set_bounds 0.0030    solve 1.0230    add 0.0021    
Accumulated time: pickout 0.0150    decision 0.1338    set_bounds 0.0078    solve 2.0413    add 0.0093    
Cumulative time: 2.2520945072174072

BaB round 3
batch: 27
splitting decisions: 
split level 0: [/input, 240] [/input, 222] [/input, 240] [/input, 222] [/input, 240] [/input, 240] [/input, 39] [/input, 222] [/input, 39] [/input, 39] 
best_l after optimization: -15.969247817993164
beta sum per layer: [110.02986145019531, 26.636165618896484]
alpha/beta optimization time: 0.9508473873138428
pruning_in_iteration open status: True
ratio of positive domain = 23 / 54 = 0.42592592592592593
pruning-in-iteration extra time: 0.05315065383911133
torch.Size([54, 1])
Time: prepare 0.0042    bound 0.9522    transfer 0.0013    finalize 0.0062    func 0.9640    
Accumulated time: func 3.0036    prepare 0.0352    bound 2.9659    transfer 0.0057    finalize 0.0202    
max lb tensor(9.99999975e-05) min lb tensor(-1.18240690)
Number of Verified Splits: 23 of 54
Current worst splitting domains lb-rhs (depth):
-1.18241 (7), -1.14807 (7), -1.12889 (7), -1.08548 (7), -0.97357 (7), -0.92028 (7), -0.91449 (7), -0.88470 (7), -0.62561 (7), -0.57148 (7), -0.55941 (7), -0.54000 (7), -0.48061 (7), -0.47960 (7), -0.46850 (7), -0.44304 (7), -0.44082 (7), -0.39417 (7), -0.38956 (7), -0.36682 (7), 
Length of domains: 31
Current (lb-rhs): -1.1824069023132324
170 domains visited
Time: pickout 0.0131    decision 0.0642    set_bounds 0.0028    solve 0.9648    add 0.0019    
Accumulated time: pickout 0.0281    decision 0.1980    set_bounds 0.0107    solve 3.0061    add 0.0112    
Cumulative time: 3.299243211746216

BaB round 4
batch: 31
splitting decisions: 
split level 0: [/input-3, 60] [/input, 240] [/input, 240] [/input, 240] [/input, 240] [/input, 39] [/input, 155] [/input, 39] [/input, 56] [/input, 39] 
best_l after optimization: -18.180931091308594
beta sum per layer: [134.5542449951172, 36.59014129638672]
alpha/beta optimization time: 0.8279807567596436
pruning_in_iteration open status: True
ratio of positive domain = 19 / 62 = 0.30645161290322576
pruning-in-iteration extra time: 0.034842491149902344
torch.Size([62, 1])
Time: prepare 0.0031    bound 0.8295    transfer 0.0020    finalize 0.0062    func 0.8409    
Accumulated time: func 3.8445    prepare 0.0459    bound 3.7954    transfer 0.0077    finalize 0.0264    
max lb tensor(9.99999975e-05) min lb tensor(-1.13266158)
Number of Verified Splits: 19 of 62
Current worst splitting domains lb-rhs (depth):
-1.13266 (8), -1.09897 (8), -1.08172 (8), -1.03796 (8), -0.90061 (8), -0.86019 (8), -0.82007 (8), -0.79865 (8), -0.54028 (8), -0.53344 (8), -0.49444 (8), -0.48470 (8), -0.47938 (8), -0.44104 (8), -0.39320 (8), -0.38600 (8), -0.38445 (8), -0.37226 (8), -0.36329 (8), -0.36127 (8), 
Length of domains: 43
Current (lb-rhs): -1.1326615810394287
232 domains visited
Time: pickout 0.0107    decision 0.0790    set_bounds 0.0039    solve 0.8417    add 0.0020    
Accumulated time: pickout 0.0388    decision 0.2770    set_bounds 0.0146    solve 3.8479    add 0.0132    
Cumulative time: 4.236900806427002

BaB round 5
batch: 43
splitting decisions: 
split level 0: [/input-3, 60] [/input-3, 60] [/input-3, 60] [/input-3, 60] [/input-3, 60] [/input, 56] [/input-3, 60] [/input, 28] [/input-3, 60] [/input, 56] 
best_l after optimization: -14.914739608764648
beta sum per layer: [196.59255981445312, 43.781131744384766]
alpha/beta optimization time: 0.7818441390991211
pruning_in_iteration open status: True
ratio of positive domain = 46 / 86 = 0.5348837209302326
pruning-in-iteration extra time: 0.0430147647857666
torch.Size([86, 1])
Time: prepare 0.0037    bound 0.7839    transfer 0.0026    finalize 0.0084    func 0.7987    
Accumulated time: func 4.6432    prepare 0.0567    bound 4.5793    transfer 0.0103    finalize 0.0347    
max lb tensor(9.99999975e-05) min lb tensor(-1.08790565)
Number of Verified Splits: 46 of 86
Current worst splitting domains lb-rhs (depth):
-1.08791 (9), -1.05368 (9), -1.03578 (9), -0.99128 (9), -0.84486 (9), -0.80177 (9), -0.76085 (9), -0.74426 (9), -0.49247 (9), -0.48768 (9), -0.44519 (9), -0.42815 (9), -0.42181 (9), -0.40286 (9), -0.34782 (9), -0.34005 (9), -0.33969 (9), -0.32732 (9), -0.30249 (9), -0.30107 (9), 
Length of domains: 40
Current (lb-rhs): -1.0879056453704834
318 domains visited
Time: pickout 0.0143    decision 0.0810    set_bounds 0.0034    solve 0.7996    add 0.0024    
Accumulated time: pickout 0.0531    decision 0.3580    set_bounds 0.0180    solve 4.6475    add 0.0155    
Cumulative time: 5.138051748275757

BaB round 6
batch: 40
splitting decisions: 
split level 0: [/input, 143] [/input, 143] [/input, 143] [/input, 143] [/input, 143] [/input, 161] [/input, 143] [/input, 155] [/input, 143] [/input, 161] 
best_l after optimization: -18.923664093017578
beta sum per layer: [204.0654296875, 41.20383834838867]
alpha/beta optimization time: 0.9472877979278564
pruning_in_iteration open status: True
ratio of positive domain = 25 / 80 = 0.3125
pruning-in-iteration extra time: 0.05298113822937012
torch.Size([80, 1])
Time: prepare 0.0045    bound 0.9495    transfer 0.0029    finalize 0.0061    func 0.9631    
Accumulated time: func 5.6063    prepare 0.0655    bound 5.5288    transfer 0.0132    finalize 0.0409    
max lb tensor(9.99999975e-05) min lb tensor(-1.01993489)
Number of Verified Splits: 25 of 80
Current worst splitting domains lb-rhs (depth):
-1.01993 (10), -0.99310 (10), -0.97362 (10), -0.93340 (10), -0.77822 (10), -0.77228 (10), -0.75114 (10), -0.74120 (10), -0.68923 (10), -0.67644 (10), -0.67231 (10), -0.58494 (10), -0.53778 (10), -0.50578 (10), -0.49060 (10), -0.48973 (10), -0.45220 (10), -0.44635 (10), -0.36526 (10), -0.35450 (10), 
Length of domains: 55
Current (lb-rhs): -1.019934892654419
398 domains visited
Time: pickout 0.0126    decision 0.0664    set_bounds 0.0033    solve 0.9639    add 0.0025    
Accumulated time: pickout 0.0657    decision 0.4245    set_bounds 0.0214    solve 5.6114    add 0.0181    
Cumulative time: 6.187320947647095

BaB round 7
batch: 55
splitting decisions: 
split level 0: [/input, 206] [/input, 164] [/input, 206] [/input, 164] [/input-3, 110] [/input-3, 99] [/input-3, 110] [/input, 50] [/input-3, 110] [/input-3, 99] 
best_l after optimization: -19.042360305786133
beta sum per layer: [291.1827697753906, 71.387451171875]
alpha/beta optimization time: 0.865696907043457
pruning_in_iteration open status: True
ratio of positive domain = 49 / 110 = 0.44545454545454544
pruning-in-iteration extra time: 0.0461728572845459
torch.Size([110, 1])
Time: prepare 0.0064    bound 0.8678    transfer 0.0019    finalize 0.0093    func 0.8854    
Accumulated time: func 6.4918    prepare 0.0761    bound 6.3965    transfer 0.0150    finalize 0.0502    
max lb tensor(9.99999975e-05) min lb tensor(-0.95387697)
Number of Verified Splits: 49 of 110
Current worst splitting domains lb-rhs (depth):
-0.95388 (11), -0.92722 (11), -0.90208 (11), -0.86398 (11), -0.76282 (11), -0.71024 (11), -0.67386 (11), -0.66855 (11), -0.65874 (11), -0.62030 (11), -0.60415 (11), -0.56629 (11), -0.50321 (11), -0.45145 (11), -0.44920 (11), -0.41564 (11), -0.41435 (11), -0.40881 (11), -0.40435 (11), -0.39623 (11), 
Length of domains: 61
Current (lb-rhs): -0.9538769721984863
508 domains visited
Time: pickout 0.0145    decision 0.0874    set_bounds 0.0037    solve 0.8863    add 0.0020    
Accumulated time: pickout 0.0802    decision 0.5119    set_bounds 0.0250    solve 6.4977    add 0.0200    
Cumulative time: 7.181806802749634

BaB round 8
batch: 61
splitting decisions: 
split level 0: [/input-3, 110] [/input-3, 110] [/input-3, 110] [/input-3, 110] [/input, 164] [/input, 28] [/input, 164] [/input, 81] [/input, 206] [/input, 28] 
best_l after optimization: -15.683107376098633
beta sum per layer: [306.9866638183594, 95.82332611083984]
alpha/beta optimization time: 0.9550271034240723
pruning_in_iteration open status: True
ratio of positive domain = 66 / 122 = 0.540983606557377
pruning-in-iteration extra time: 0.05642271041870117
torch.Size([122, 1])
Time: prepare 0.0064    bound 0.9573    transfer 0.0029    finalize 0.0079    func 0.9746    
Accumulated time: func 7.4664    prepare 0.0873    bound 7.3539    transfer 0.0179    finalize 0.0581    
max lb tensor(9.99999975e-05) min lb tensor(-0.91313291)
Number of Verified Splits: 66 of 122
Current worst splitting domains lb-rhs (depth):
-0.91313 (12), -0.88394 (12), -0.86208 (12), -0.82244 (12), -0.69485 (12), -0.66069 (12), -0.62493 (12), -0.61825 (12), -0.61388 (12), -0.57449 (12), -0.54956 (12), -0.52386 (12), -0.44788 (12), -0.39694 (12), -0.37910 (12), -0.37173 (12), -0.36235 (12), -0.34228 (12), -0.31593 (12), -0.28478 (12), 
Length of domains: 56
Current (lb-rhs): -0.913132905960083
630 domains visited
Time: pickout 0.0166    decision 0.0912    set_bounds 0.0071    solve 0.9760    add 0.0030    
Accumulated time: pickout 0.0968    decision 0.6031    set_bounds 0.0322    solve 7.4737    add 0.0231    
Cumulative time: 8.27685284614563

BaB round 9
batch: 56
splitting decisions: 
split level 0: [/input, 33] [/input, 240] [/input, 33] [/input, 164] [/input, 240] [/input, 33] [/input, 164] [/input, 240] [/input, 33] [/input, 164] 
best_l after optimization: -13.989863395690918
beta sum per layer: [250.05972290039062, 90.39599609375]
alpha/beta optimization time: 0.9596211910247803
pruning_in_iteration open status: True
ratio of positive domain = 56 / 112 = 0.5
pruning-in-iteration extra time: 0.05689692497253418
torch.Size([112, 1])
Time: prepare 0.0075    bound 0.9614    transfer 0.0017    finalize 0.0060    func 0.9767    
Accumulated time: func 8.4432    prepare 0.1037    bound 8.3153    transfer 0.0196    finalize 0.0641    
max lb tensor(9.99999975e-05) min lb tensor(-0.87510997)
Number of Verified Splits: 56 of 112
Current worst splitting domains lb-rhs (depth):
-0.87511 (13), -0.84388 (13), -0.82634 (13), -0.78025 (13), -0.65366 (13), -0.61012 (13), -0.58799 (13), -0.57577 (13), -0.56815 (13), -0.53306 (13), -0.50623 (13), -0.47653 (13), -0.39934 (13), -0.35142 (13), -0.32384 (13), -0.31461 (13), -0.31172 (13), -0.29348 (13), -0.29086 (13), -0.28815 (13), 
Length of domains: 56
Current (lb-rhs): -0.8751099705696106
742 domains visited
Time: pickout 0.0230    decision 0.1546    set_bounds 0.0073    solve 0.9776    add 0.0024    
Accumulated time: pickout 0.1198    decision 0.7577    set_bounds 0.0395    solve 8.4513    add 0.0255    
Cumulative time: 9.44231367111206

BaB round 10
batch: 56
splitting decisions: 
split level 0: [/input, 28] [/input, 81] [/input, 28] [/input, 33] [/input, 28] [/input, 33] [/input, 81] [/input, 81] [/input, 81] [/input, 81] 
best_l after optimization: -15.10793685913086
beta sum per layer: [241.09500122070312, 101.97950744628906]
alpha/beta optimization time: 0.6585478782653809
pruning_in_iteration open status: True
ratio of positive domain = 52 / 112 = 0.4642857142857143
pruning-in-iteration extra time: 0.04118514060974121
torch.Size([112, 1])
Time: prepare 0.0051    bound 0.6597    transfer 0.0006    finalize 0.0018    func 0.6672    
Accumulated time: func 9.1104    prepare 0.1132    bound 8.9750    transfer 0.0201    finalize 0.0659    
max lb tensor(9.99999975e-05) min lb tensor(-0.80950713)
Number of Verified Splits: 52 of 112
Current worst splitting domains lb-rhs (depth):
-0.80951 (14), -0.77882 (14), -0.75766 (14), -0.71348 (14), -0.58892 (14), -0.54541 (14), -0.54489 (14), -0.52428 (14), -0.52347 (14), -0.50899 (14), -0.50058 (14), -0.48622 (14), -0.47236 (14), -0.46816 (14), -0.43880 (14), -0.40992 (14), -0.33503 (14), -0.28741 (14), -0.27819 (14), -0.27682 (14), 
Length of domains: 60
Current (lb-rhs): -0.8095071315765381
854 domains visited
Time: pickout 0.0138    decision 0.0851    set_bounds 0.0040    solve 0.6678    add 0.0017    
Accumulated time: pickout 0.1336    decision 0.8428    set_bounds 0.0435    solve 9.1191    add 0.0271    
Cumulative time: 10.215151309967041

BaB round 11
batch: 60
splitting decisions: 
split level 0: [/input, 198] [/input, 28] [/input-3, 45] [/input-3, 45] [/input, 28] [/input, 28] [/input, 28] [/input, 28] [/input, 28] [/input, 28] 
best_l after optimization: -15.75934886932373
beta sum per layer: [246.7967529296875, 116.10758209228516]
alpha/beta optimization time: 0.5387303829193115
pruning_in_iteration open status: True
ratio of positive domain = 47 / 120 = 0.3916666666666667
pruning-in-iteration extra time: 0.026738882064819336
torch.Size([120, 1])
Time: prepare 0.0039    bound 0.5398    transfer 0.0005    finalize 0.0020    func 0.5463    
Accumulated time: func 9.6567    prepare 0.1188    bound 9.5148    transfer 0.0206    finalize 0.0679    
max lb tensor(9.99999975e-05) min lb tensor(-0.76438165)
Number of Verified Splits: 47 of 120
Current worst splitting domains lb-rhs (depth):
-0.76438 (15), -0.73413 (15), -0.71332 (15), -0.66926 (15), -0.54228 (15), -0.50705 (15), -0.48712 (15), -0.48151 (15), -0.48076 (15), -0.46483 (15), -0.46347 (15), -0.45608 (15), -0.43887 (15), -0.43027 (15), -0.42569 (15), -0.41684 (15), -0.40273 (15), -0.39731 (15), -0.36758 (15), -0.36256 (15), 
Length of domains: 73
Current (lb-rhs): -0.7643816471099854
974 domains visited
Time: pickout 0.0089    decision 0.0285    set_bounds 0.0038    solve 0.5469    add 0.0018    
Accumulated time: pickout 0.1425    decision 0.8713    set_bounds 0.0473    solve 9.6660    add 0.0289    
Cumulative time: 10.805448532104492

BaB round 12
batch: 73
splitting decisions: 
split level 0: [/input, 50] [/input, 50] [/input, 138] [/input, 198] [/input, 198] [/input, 186] [/input, 198] [/input, 138] [/input, 186] [/input, 138] 
best_l after optimization: -12.11274242401123
beta sum per layer: [319.69964599609375, 112.92849731445312]
alpha/beta optimization time: 0.5448687076568604
pruning_in_iteration open status: True
ratio of positive domain = 87 / 146 = 0.595890410958904
pruning-in-iteration extra time: 0.02923107147216797
torch.Size([146, 1])
Time: prepare 0.0044    bound 0.5459    transfer 0.0012    finalize 0.0037    func 0.5552    
Accumulated time: func 10.2119    prepare 0.1247    bound 10.0607    transfer 0.0218    finalize 0.0716    
max lb tensor(9.99999975e-05) min lb tensor(-0.72765154)
Number of Verified Splits: 87 of 146
Current worst splitting domains lb-rhs (depth):
-0.72765 (16), -0.69940 (16), -0.68126 (16), -0.63699 (16), -0.50232 (16), -0.46777 (16), -0.44071 (16), -0.43032 (16), -0.42725 (16), -0.42447 (16), -0.37978 (16), -0.36385 (16), -0.36285 (16), -0.35299 (16), -0.35005 (16), -0.33688 (16), -0.31974 (16), -0.29610 (16), -0.27497 (16), -0.27280 (16), 
Length of domains: 59
Current (lb-rhs): -0.7276515364646912
1120 domains visited
Time: pickout 0.0126    decision 0.0310    set_bounds 0.0050    solve 0.5560    add 0.0020    
Accumulated time: pickout 0.1551    decision 0.9023    set_bounds 0.0524    solve 10.2220    add 0.0309    
Cumulative time: 11.412684440612793

BaB round 13
batch: 59
splitting decisions: 
split level 0: [/input, 138] [/input, 198] [/input, 186] [/input, 186] [/input, 138] [/input, 198] [/input, 138] [/input, 198] [/input, 138] [/input, 206] 
best_l after optimization: -13.451923370361328
beta sum per layer: [252.98402404785156, 114.69270324707031]
alpha/beta optimization time: -1.7454290390014648
pruning_in_iteration open status: True
ratio of positive domain = 62 / 118 = 0.5254237288135593
pruning-in-iteration extra time: 0.03711104393005371
torch.Size([118, 1])
Time: prepare 0.0039    bound -1.7435    transfer 0.0025    finalize 0.0075    func -1.7295    
Accumulated time: func 8.4824    prepare 0.1304    bound 8.3172    transfer 0.0243    finalize 0.0791    
max lb tensor(9.99999975e-05) min lb tensor(-0.67110229)
Number of Verified Splits: 62 of 118
Current worst splitting domains lb-rhs (depth):
-0.67110 (17), -0.66838 (17), -0.66399 (17), -0.62508 (17), -0.61956 (17), -0.58096 (17), -0.57934 (17), -0.45336 (17), -0.43199 (17), -0.41140 (17), -0.39331 (17), -0.39325 (17), -0.37518 (17), -0.36740 (17), -0.34640 (17), -0.33095 (17), -0.32464 (17), -0.29341 (17), -0.28526 (17), -0.27437 (17), 
Length of domains: 56
Current (lb-rhs): -0.6711022853851318
1238 domains visited
Time: pickout 0.0114    decision 0.0348    set_bounds 0.0041    solve -1.7286    add 0.0024    
Accumulated time: pickout 0.1665    decision 0.9371    set_bounds 0.0565    solve 8.4935    add 0.0332    
Cumulative time: 9.737265348434448

BaB round 14
batch: 56
splitting decisions: 
split level 0: [/input, 198] [/input, 33] [/input, 186] [/input, 50] [/input, 186] [/input-3, 4] [/input, 50] [/input, 39] [/input, 216] [/input, 216] 
best_l after optimization: -13.656277656555176
beta sum per layer: [276.19476318359375, 71.32025146484375]
alpha/beta optimization time: 0.8794796466827393
pruning_in_iteration open status: True
ratio of positive domain = 54 / 112 = 0.4821428571428571
pruning-in-iteration extra time: 0.046770572662353516
torch.Size([112, 1])
Time: prepare 0.0050    bound 0.8811    transfer 0.0014    finalize 0.0055    func 0.8931    
Accumulated time: func 9.3755    prepare 0.1398    bound 9.1983    transfer 0.0256    finalize 0.0846    
max lb tensor(9.99999975e-05) min lb tensor(-0.63852501)
Number of Verified Splits: 54 of 112
Current worst splitting domains lb-rhs (depth):
-0.63853 (18), -0.63057 (18), -0.60841 (18), -0.60800 (18), -0.59072 (18), -0.58381 (18), -0.54549 (18), -0.54427 (18), -0.42320 (18), -0.37852 (18), -0.36919 (18), -0.36129 (18), -0.36023 (18), -0.34476 (18), -0.33718 (18), -0.33145 (18), -0.32642 (18), -0.32143 (18), -0.29323 (18), -0.29180 (18), 
Length of domains: 58
Current (lb-rhs): -0.6385250091552734
1350 domains visited
Time: pickout 0.0141    decision 0.0915    set_bounds 0.0052    solve 0.8938    add 0.0032    
Accumulated time: pickout 0.1806    decision 1.0286    set_bounds 0.0617    solve 9.3873    add 0.0365    
Cumulative time: 10.74568223953247

BaB round 15
batch: 58
splitting decisions: 
split level 0: [/input, 50] [/input, 138] [/input, 33] [/input, 33] [/input-3, 4] [/input, 138] [/input, 138] [/input, 138] [/input, 198] [/input, 138] 
best_l after optimization: -13.472410202026367
beta sum per layer: [297.26690673828125, 55.13308334350586]
alpha/beta optimization time: 0.6265621185302734
pruning_in_iteration open status: True
ratio of positive domain = 53 / 116 = 0.4568965517241379
pruning-in-iteration extra time: 0.036150217056274414
torch.Size([116, 1])
Time: prepare 0.0058    bound 0.6277    transfer 0.0005    finalize 0.0027    func 0.6369    
Accumulated time: func 10.0124    prepare 0.1500    bound 9.8260    transfer 0.0262    finalize 0.0874    
max lb tensor(9.99999975e-05) min lb tensor(-0.60703033)
Number of Verified Splits: 53 of 116
Current worst splitting domains lb-rhs (depth):
-0.60703 (19), -0.59967 (19), -0.57596 (19), -0.57571 (19), -0.56131 (19), -0.55277 (19), -0.51545 (19), -0.51494 (19), -0.38949 (19), -0.34440 (19), -0.33455 (19), -0.32773 (19), -0.32764 (19), -0.31242 (19), -0.30508 (19), -0.29929 (19), -0.29302 (19), -0.28549 (19), -0.28475 (19), -0.27682 (19), 
Length of domains: 63
Current (lb-rhs): -0.6070303320884705
1466 domains visited
Time: pickout 0.0131    decision 0.0880    set_bounds 0.0044    solve 0.6375    add 0.0028    
Accumulated time: pickout 0.1936    decision 1.1166    set_bounds 0.0660    solve 10.0248    add 0.0393    
Cumulative time: 11.491977214813232

BaB round 16
batch: 63
splitting decisions: 
split level 0: [/input, 33] [/input, 50] [/input, 50] [/input, 138] [/input, 186] [/input, 186] [/input, 198] [/input, 50] [/input, 186] [/input-3, 47] 
best_l after optimization: -10.79468059539795
beta sum per layer: [329.289306640625, 64.61817169189453]
alpha/beta optimization time: 0.5333693027496338
pruning_in_iteration open status: True
ratio of positive domain = 63 / 126 = 0.5
pruning-in-iteration extra time: 0.028483152389526367
torch.Size([126, 1])
Time: prepare 0.0040    bound 0.5345    transfer 0.0010    finalize 0.0031    func 0.5428    
Accumulated time: func 10.5552    prepare 0.1554    bound 10.3606    transfer 0.0272    finalize 0.0904    
max lb tensor(0.00148171) min lb tensor(-0.57708347)
Number of Verified Splits: 63 of 126
Current worst splitting domains lb-rhs (depth):
-0.57708 (20), -0.57000 (20), -0.54449 (20), -0.54432 (20), -0.53047 (20), -0.52172 (20), -0.48645 (20), -0.48640 (20), -0.35850 (20), -0.31138 (20), -0.30089 (20), -0.29542 (20), -0.29408 (20), -0.28050 (20), -0.26957 (20), -0.26303 (20), -0.25951 (20), -0.23239 (20), -0.22692 (20), -0.22309 (20), 
Length of domains: 63
Current (lb-rhs): -0.5770834684371948
1592 domains visited
Time: pickout 0.0109    decision 0.0302    set_bounds 0.0039    solve 0.5435    add 0.0017    
Accumulated time: pickout 0.2045    decision 1.1467    set_bounds 0.0700    solve 10.5684    add 0.0410    
Cumulative time: 12.082650184631348

BaB round 17
batch: 63
splitting decisions: 
split level 0: [/input, 63] [/input-3, 47] [/input-3, 47] [/input, 198] [/input, 198] [/input, 186] [/input, 186] [/input, 186] [/input, 198] [/input, 198] 
best_l after optimization: -9.39531135559082
beta sum per layer: [343.3075866699219, 44.345947265625]
alpha/beta optimization time: 0.5383548736572266
pruning_in_iteration open status: True
ratio of positive domain = 78 / 126 = 0.6190476190476191
pruning-in-iteration extra time: 0.02721571922302246
torch.Size([126, 1])
Time: prepare 0.0042    bound 0.5395    transfer 0.0012    finalize 0.0019    func 0.5468    
Accumulated time: func 11.1020    prepare 0.1613    bound 10.9000    transfer 0.0284    finalize 0.0924    
max lb tensor(9.99999975e-05) min lb tensor(-0.54794264)
Number of Verified Splits: 78 of 126
Current worst splitting domains lb-rhs (depth):
-0.54794 (21), -0.54112 (21), -0.51459 (21), -0.51440 (21), -0.50291 (21), -0.49391 (21), -0.45833 (21), -0.45781 (21), -0.32751 (21), -0.28383 (21), -0.27156 (21), -0.26385 (21), -0.26233 (21), -0.25097 (21), -0.24037 (21), -0.23849 (21), -0.23419 (21), -0.22816 (21), -0.21691 (21), -0.19391 (21), 
Length of domains: 48
Current (lb-rhs): -0.5479426383972168
1718 domains visited
Time: pickout 0.0106    decision 0.0295    set_bounds 0.0044    solve 0.5474    add 0.0014    
Accumulated time: pickout 0.2151    decision 1.1762    set_bounds 0.0744    solve 11.1157    add 0.0424    
Cumulative time: 12.676403045654297

BaB round 18
batch: 48
splitting decisions: 
split level 0: [/input, 234] [/input, 216] [/input, 71] [/input, 71] [/input, 71] [/input, 71] [/input, 175] [/input, 175] [/input, 175] [/input, 175] 
best_l after optimization: -12.425129890441895
beta sum per layer: [298.0546875, 16.865947723388672]
alpha/beta optimization time: 0.5734107494354248
pruning_in_iteration open status: True
ratio of positive domain = 36 / 96 = 0.375
pruning-in-iteration extra time: 0.033139944076538086
torch.Size([96, 1])
Time: prepare 0.0041    bound 0.5765    transfer 0.0023    finalize 0.0068    func 0.5898    
Accumulated time: func 11.6918    prepare 0.1668    bound 11.4765    transfer 0.0307    finalize 0.0991    
max lb tensor(9.99999975e-05) min lb tensor(-0.51132607)
Number of Verified Splits: 36 of 96
Current worst splitting domains lb-rhs (depth):
-0.51133 (22), -0.50487 (22), -0.47850 (22), -0.47816 (22), -0.46720 (22), -0.45930 (22), -0.45918 (22), -0.44863 (22), -0.42586 (22), -0.42384 (22), -0.42304 (22), -0.42261 (22), -0.40298 (22), -0.39379 (22), -0.36678 (22), -0.36041 (22), -0.29190 (22), -0.24769 (22), -0.23512 (22), -0.22873 (22), 
Length of domains: 60
Current (lb-rhs): -0.5113260746002197
1814 domains visited
Time: pickout 0.0151    decision 0.0269    set_bounds 0.0030    solve 0.5906    add 0.0024    
Accumulated time: pickout 0.2302    decision 1.2031    set_bounds 0.0774    solve 11.7063    add 0.0449    
Cumulative time: 13.315063238143921

BaB round 19
batch: 60
splitting decisions: 
split level 0: [/input-3, 104] [/input-3, 104] [/input-3, 104] [/input-3, 104] [/input-3, 104] [/input-3, 104] [/input-3, 104] [/input-3, 104] [/input-3, 104] [/input-3, 104] 
best_l after optimization: -18.14983367919922
beta sum per layer: [392.31744384765625, 39.36197280883789]
alpha/beta optimization time: 0.7042210102081299
pruning_in_iteration open status: False
ratio of positive domain = 21 / 120 = 0.17500000000000004
pruning-in-iteration extra time: 0.00034308433532714844
torch.Size([120, 1])
Time: prepare 0.0062    bound 0.7055    transfer 0.0009    finalize 0.0049    func 0.7175    
Accumulated time: func 12.4093    prepare 0.1813    bound 12.1820    transfer 0.0317    finalize 0.1040    
max lb tensor(0.17814553) min lb tensor(-0.47855493)
Number of Verified Splits: 21 of 120
Current worst splitting domains lb-rhs (depth):
-0.47855 (23), -0.47305 (23), -0.44728 (23), -0.44671 (23), -0.44656 (23), -0.43682 (23), -0.43024 (23), -0.42438 (23), -0.42374 (23), -0.41421 (23), -0.40398 (23), -0.39856 (23), -0.39455 (23), -0.39448 (23), -0.39018 (23), -0.38979 (23), -0.38869 (23), -0.37967 (23), -0.36833 (23), -0.36340 (23), 
Length of domains: 99
Current (lb-rhs): -0.47855493426322937
1934 domains visited
Time: pickout 0.0196    decision 0.0975    set_bounds 0.0051    solve 0.7183    add 0.0042    
Accumulated time: pickout 0.2498    decision 1.3006    set_bounds 0.0825    solve 12.4246    add 0.0490    
Cumulative time: 14.160221338272095

BaB round 20
batch: 99
splitting decisions: 
split level 0: [/input, 198] [/input, 50] [/input, 50] [/input, 138] [/input, 198] [/input, 198] [/input, 50] [/input, 50] [/input, 198] [/input, 50] 
best_l after optimization: -16.290035247802734
beta sum per layer: [649.79345703125, 48.842811584472656]
alpha/beta optimization time: 0.8679864406585693
pruning_in_iteration open status: True
ratio of positive domain = 99 / 198 = 0.5
pruning-in-iteration extra time: 0.05154991149902344
torch.Size([198, 1])
Time: prepare 0.0071    bound 0.8693    transfer 0.0024    finalize 0.0085    func 0.8874    
Accumulated time: func 13.2968    prepare 0.1971    bound 13.0513    transfer 0.0340    finalize 0.1126    
max lb tensor(0.00236529) min lb tensor(-0.45048669)
Number of Verified Splits: 99 of 198
Current worst splitting domains lb-rhs (depth):
-0.45049 (24), -0.44461 (24), -0.42144 (24), -0.41835 (24), -0.41777 (24), -0.40962 (24), -0.40222 (24), -0.39910 (24), -0.39560 (24), -0.38345 (24), -0.37705 (24), -0.37200 (24), -0.36711 (24), -0.36637 (24), -0.36404 (24), -0.35930 (24), -0.35701 (24), -0.35234 (24), -0.33860 (24), -0.33602 (24), 
Length of domains: 99
Current (lb-rhs): -0.4504866898059845
2132 domains visited
Time: pickout 0.0168    decision 0.1349    set_bounds 0.0063    solve 0.8882    add 0.0023    
Accumulated time: pickout 0.2666    decision 1.4355    set_bounds 0.0888    solve 13.3128    add 0.0513    
Cumulative time: 15.209179639816284

BaB round 21
batch: 99
splitting decisions: 
split level 0: [/input, 50] [/input, 186] [/input, 186] [/input, 198] [/input, 50] [/input, 71] [/input, 198] [/input, 198] [/input, 50] [/input, 198] 
best_l after optimization: -14.227548599243164
beta sum per layer: [617.0308837890625, 38.684608459472656]
alpha/beta optimization time: 0.7274007797241211
pruning_in_iteration open status: True
ratio of positive domain = 111 / 198 = 0.5606060606060606
pruning-in-iteration extra time: 0.03930091857910156
torch.Size([198, 1])
Time: prepare 0.0066    bound 0.7285    transfer 0.0009    finalize 0.0033    func 0.7393    
Accumulated time: func 14.0361    prepare 0.2092    bound 13.7798    transfer 0.0349    finalize 0.1158    
max lb tensor(9.99999975e-05) min lb tensor(-0.42254800)
Number of Verified Splits: 111 of 198
Current worst splitting domains lb-rhs (depth):
-0.42255 (25), -0.41633 (25), -0.39495 (25), -0.39082 (25), -0.39045 (25), -0.38284 (25), -0.37411 (25), -0.37344 (25), -0.36541 (25), -0.35421 (25), -0.35152 (25), -0.34288 (25), -0.34046 (25), -0.33992 (25), -0.33578 (25), -0.32990 (25), -0.32639 (25), -0.32575 (25), -0.31135 (25), -0.31088 (25), 
Length of domains: 87
Current (lb-rhs): -0.42254799604415894
2330 domains visited
Time: pickout 0.0166    decision 0.1113    set_bounds 0.0095    solve 0.7404    add 0.0021    
Accumulated time: pickout 0.2832    decision 1.5468    set_bounds 0.0983    solve 14.0532    add 0.0534    
Cumulative time: 16.089659452438354

BaB round 22
batch: 87
splitting decisions: 
split level 0: [/input, 71] [/input, 71] [/input, 71] [/input, 71] [/input, 71] [/input, 186] [/input, 71] [/input-3, 38] [/input, 71] [/input-3, 38] 
best_l after optimization: -16.929019927978516
beta sum per layer: [516.873779296875, 33.457305908203125]
alpha/beta optimization time: 0.5546338558197021
pruning_in_iteration open status: True
ratio of positive domain = 64 / 174 = 0.367816091954023
pruning-in-iteration extra time: 0.027347803115844727
torch.Size([174, 1])
Time: prepare 0.0050    bound 0.5560    transfer 0.0014    finalize 0.0042    func 0.5671    
Accumulated time: func 14.6032    prepare 0.2155    bound 14.3358    transfer 0.0363    finalize 0.1201    
max lb tensor(9.99999975e-05) min lb tensor(-0.39502892)
Number of Verified Splits: 64 of 174
Current worst splitting domains lb-rhs (depth):
-0.39503 (26), -0.38886 (26), -0.36557 (26), -0.36324 (26), -0.36281 (26), -0.35616 (26), -0.34778 (26), -0.34451 (26), -0.33524 (26), -0.32289 (26), -0.32205 (26), -0.31575 (26), -0.31514 (26), -0.31357 (26), -0.30621 (26), -0.29878 (26), -0.29509 (26), -0.29482 (26), -0.28413 (26), -0.28132 (26), 
Length of domains: 110
Current (lb-rhs): -0.3950289189815521
2504 domains visited
Time: pickout 0.0143    decision 0.0317    set_bounds 0.0054    solve 0.5689    add 0.0030    
Accumulated time: pickout 0.2975    decision 1.5785    set_bounds 0.1037    solve 14.6221    add 0.0564    
Cumulative time: 16.71374273300171

BaB round 23
batch: 110
splitting decisions: 
split level 0: [/input-3, 38] [/input-3, 38] [/input-3, 38] [/input-3, 38] [/input-3, 32] [/input, 71] [/input-3, 38] [/input-3, 38] [/input-3, 38] [/input-3, 38] 
best_l after optimization: -14.910802841186523
beta sum per layer: [572.7939453125, 80.40690612792969]
alpha/beta optimization time: 0.6361494064331055
pruning_in_iteration open status: True
ratio of positive domain = 105 / 220 = 0.4772727272727273
pruning-in-iteration extra time: 0.029982805252075195
torch.Size([220, 1])
Time: prepare 0.0067    bound 0.6373    transfer 0.0016    finalize 0.0047    func 0.6505    
Accumulated time: func 15.2537    prepare 0.2238    bound 14.9731    transfer 0.0380    finalize 0.1248    
max lb tensor(9.99999975e-05) min lb tensor(-0.37062767)
Number of Verified Splits: 105 of 220
Current worst splitting domains lb-rhs (depth):
-0.37063 (27), -0.36417 (27), -0.34131 (27), -0.33791 (27), -0.33738 (27), -0.33186 (27), -0.32290 (27), -0.31963 (27), -0.30992 (27), -0.29741 (27), -0.29737 (27), -0.29020 (27), -0.29008 (27), -0.28873 (27), -0.28124 (27), -0.27243 (27), -0.26978 (27), -0.26951 (27), -0.26029 (27), -0.25612 (27), 
Length of domains: 115
Current (lb-rhs): -0.37062767148017883
2724 domains visited
Time: pickout 0.0199    decision 0.0469    set_bounds 0.0074    solve 0.6512    add 0.0025    
Accumulated time: pickout 0.3174    decision 1.6254    set_bounds 0.1111    solve 15.2733    add 0.0589    
Cumulative time: 17.442366361618042

BaB round 24
batch: 115
splitting decisions: 
split level 0: [/input, 216] [/input, 216] [/input, 216] [/input, 216] [/input, 216] [/input, 216] [/input, 216] [/input, 216] [/input, 216] [/input, 216] 
best_l after optimization: -15.192068099975586
beta sum per layer: [559.2667236328125, 92.9306869506836]
alpha/beta optimization time: 0.9781780242919922
pruning_in_iteration open status: True
ratio of positive domain = 112 / 230 = 0.4869565217391304
pruning-in-iteration extra time: 0.047562599182128906
torch.Size([230, 1])
Time: prepare 0.0062    bound 0.9797    transfer 0.0020    finalize 0.0117    func 0.9997    
Accumulated time: func 16.2534    prepare 0.2314    bound 15.9528    transfer 0.0400    finalize 0.1365    
max lb tensor(9.99999975e-05) min lb tensor(-0.34779850)
Number of Verified Splits: 112 of 230
Current worst splitting domains lb-rhs (depth):
-0.34780 (28), -0.34125 (28), -0.31866 (28), -0.31486 (28), -0.31431 (28), -0.30938 (28), -0.30054 (28), -0.29680 (28), -0.28681 (28), -0.27763 (28), -0.27434 (28), -0.26742 (28), -0.26716 (28), -0.26562 (28), -0.25819 (28), -0.24942 (28), -0.24721 (28), -0.24649 (28), -0.23782 (28), -0.23396 (28), 
Length of domains: 118
Current (lb-rhs): -0.34779849648475647
2954 domains visited
Time: pickout 0.0170    decision 0.0335    set_bounds 0.0070    solve 1.0015    add 0.0021    
Accumulated time: pickout 0.3345    decision 1.6589    set_bounds 0.1181    solve 16.2748    add 0.0609    
Cumulative time: 18.50413465499878

BaB round 25
batch: 118
splitting decisions: 
split level 0: [/input-3, 32] [/input-3, 32] [/input-3, 32] [/input-3, 32] [/input-3, 32] [/input-3, 32] [/input-3, 32] [/input-3, 32] [/input, 216] [/input, 63] 
best_l after optimization: -12.452296257019043
beta sum per layer: [645.7537841796875, 37.520172119140625]
alpha/beta optimization time: 0.6990621089935303
pruning_in_iteration open status: True
ratio of positive domain = 132 / 236 = 0.5593220338983051
pruning-in-iteration extra time: 0.03511524200439453
torch.Size([236, 1])
Time: prepare 0.0076    bound 0.7002    transfer 0.0007    finalize 0.0032    func 0.7117    
Accumulated time: func 16.9651    prepare 0.2472    bound 16.6530    transfer 0.0407    finalize 0.1397    
max lb tensor(9.99999975e-05) min lb tensor(-0.32572916)
Number of Verified Splits: 132 of 236
Current worst splitting domains lb-rhs (depth):
-0.32573 (29), -0.31936 (29), -0.30023 (29), -0.29268 (29), -0.29208 (29), -0.28815 (29), -0.28227 (29), -0.27937 (29), -0.26422 (29), -0.25458 (29), -0.25206 (29), -0.25123 (29), -0.24592 (29), -0.24548 (29), -0.24444 (29), -0.22901 (29), -0.22659 (29), -0.22378 (29), -0.22348 (29), -0.21120 (29), 
Length of domains: 104
Current (lb-rhs): -0.3257291615009308
3190 domains visited
Time: pickout 0.0388    decision 0.1473    set_bounds 0.0067    solve 0.7125    add 0.0026    
Accumulated time: pickout 0.3732    decision 1.8062    set_bounds 0.1249    solve 16.9873    add 0.0635    
Cumulative time: 19.412888526916504

BaB round 26
batch: 104
splitting decisions: 
split level 0: [/input, 63] [/input, 63] [/input, 63] [/input, 63] [/input, 81] [/input, 81] [/input, 81] [/input, 81] [/input, 81] [/input, 63] 
best_l after optimization: -11.320444107055664
beta sum per layer: [575.030517578125, 32.980892181396484]
alpha/beta optimization time: 0.735407829284668
pruning_in_iteration open status: True
ratio of positive domain = 106 / 208 = 0.5096153846153846
pruning-in-iteration extra time: 0.04154181480407715
torch.Size([208, 1])
Time: prepare 0.0060    bound 0.7366    transfer 0.0006    finalize 0.0071    func 0.7504    
Accumulated time: func 17.7156    prepare 0.2552    bound 17.3896    transfer 0.0413    finalize 0.1468    
max lb tensor(9.99999975e-05) min lb tensor(-0.30744883)
Number of Verified Splits: 106 of 208
Current worst splitting domains lb-rhs (depth):
-0.30745 (30), -0.30130 (30), -0.28455 (30), -0.27492 (30), -0.27437 (30), -0.27060 (30), -0.26452 (30), -0.26214 (30), -0.24581 (30), -0.23837 (30), -0.23331 (30), -0.23328 (30), -0.22870 (30), -0.22829 (30), -0.22742 (30), -0.21465 (30), -0.20741 (30), -0.20733 (30), -0.20420 (30), -0.19346 (30), 
Length of domains: 102
Current (lb-rhs): -0.3074488341808319
3398 domains visited
Time: pickout 0.0158    decision 0.0413    set_bounds 0.0066    solve 0.7517    add 0.0031    
Accumulated time: pickout 0.3891    decision 1.8475    set_bounds 0.1315    solve 17.7390    add 0.0666    
Cumulative time: 20.232216358184814

BaB round 27
batch: 102
splitting decisions: 
split level 0: [/input, 216] [/input-3, 25] [/input-3, 25] [/input-3, 25] [/input-3, 25] [/input-3, 25] [/input-3, 25] [/input-3, 25] [/input-3, 25] [/input-3, 25] 
best_l after optimization: -9.59613037109375
beta sum per layer: [552.7930297851562, 37.09088134765625]
alpha/beta optimization time: 0.842841625213623
pruning_in_iteration open status: True
ratio of positive domain = 114 / 204 = 0.5588235294117647
pruning-in-iteration extra time: 0.04811429977416992
torch.Size([204, 1])
Time: prepare 0.0075    bound 0.8443    transfer 0.0026    finalize 0.0096    func 0.8642    
Accumulated time: func 18.5798    prepare 0.2644    bound 18.2339    transfer 0.0439    finalize 0.1564    
max lb tensor(9.99999975e-05) min lb tensor(-0.29003105)
Number of Verified Splits: 114 of 204
Current worst splitting domains lb-rhs (depth):
-0.29003 (31), -0.28393 (31), -0.27432 (31), -0.25731 (31), -0.25683 (31), -0.25460 (31), -0.25330 (31), -0.24490 (31), -0.22847 (31), -0.22805 (31), -0.22357 (31), -0.21769 (31), -0.21511 (31), -0.21166 (31), -0.21125 (31), -0.20473 (31), -0.19630 (31), -0.18989 (31), -0.18664 (31), -0.18074 (31), 
Length of domains: 90
Current (lb-rhs): -0.2900310456752777
3602 domains visited
Time: pickout 0.0182    decision 0.0401    set_bounds 0.0072    solve 0.8651    add 0.0037    
Accumulated time: pickout 0.4073    decision 1.8876    set_bounds 0.1387    solve 18.6041    add 0.0703    
Cumulative time: 21.167194843292236

BaB round 28
batch: 90
splitting decisions: 
split level 0: [/input, 81] [/input, 63] [/input, 81] [/input, 208] [/input, 63] [/input, 115] [/input, 115] [/input, 115] [/input, 115] [/input-3, 107] 
best_l after optimization: -9.249733924865723
beta sum per layer: [503.5631103515625, 26.297008514404297]
alpha/beta optimization time: 0.8916079998016357
pruning_in_iteration open status: True
ratio of positive domain = 87 / 180 = 0.4833333333333333
pruning-in-iteration extra time: 0.04783940315246582
torch.Size([180, 1])
Time: prepare 0.0069    bound 0.8928    transfer 0.0014    finalize 0.0032    func 0.9047    
Accumulated time: func 19.4844    prepare 0.2797    bound 19.1266    transfer 0.0453    finalize 0.1596    
max lb tensor(9.99999975e-05) min lb tensor(-0.27316633)
Number of Verified Splits: 87 of 180
Current worst splitting domains lb-rhs (depth):
-0.27317 (32), -0.26704 (32), -0.26084 (32), -0.24143 (32), -0.24097 (32), -0.24046 (32), -0.23730 (32), -0.22882 (32), -0.21573 (32), -0.21298 (32), -0.21039 (32), -0.20449 (32), -0.20024 (32), -0.19513 (32), -0.19493 (32), -0.19178 (32), -0.18165 (32), -0.17512 (32), -0.17209 (32), -0.16777 (32), 
Length of domains: 93
Current (lb-rhs): -0.27316632866859436
3782 domains visited
Time: pickout 0.0187    decision 0.1260    set_bounds 0.0069    solve 0.9063    add 0.0020    
Accumulated time: pickout 0.4259    decision 2.0136    set_bounds 0.1456    solve 19.5104    add 0.0723    
Cumulative time: 22.227656602859497

BaB round 29
batch: 93
splitting decisions: 
split level 0: [/input, 63] [/input, 81] [/input, 81] [/input, 208] [/input, 63] [/input, 81] [/input, 81] [/input, 81] [/input, 208] [/input, 208] 
best_l after optimization: -7.84993314743042
beta sum per layer: [511.5220031738281, 32.694358825683594]
alpha/beta optimization time: 0.627605676651001
pruning_in_iteration open status: True
ratio of positive domain = 105 / 186 = 0.564516129032258
pruning-in-iteration extra time: 0.031355857849121094
torch.Size([186, 1])
Time: prepare 0.0065    bound 0.6287    transfer 0.0006    finalize 0.0040    func 0.6399    
Accumulated time: func 20.1243    prepare 0.2881    bound 19.7553    transfer 0.0459    finalize 0.1636    
max lb tensor(9.99999975e-05) min lb tensor(-0.26271155)
Number of Verified Splits: 105 of 186
Current worst splitting domains lb-rhs (depth):
-0.26271 (33), -0.25659 (33), -0.24944 (33), -0.23080 (33), -0.23024 (33), -0.23021 (33), -0.22594 (33), -0.21753 (33), -0.20219 (33), -0.19939 (33), -0.19904 (33), -0.19352 (33), -0.18718 (33), -0.18414 (33), -0.18381 (33), -0.18056 (33), -0.16996 (33), -0.16205 (33), -0.15932 (33), -0.15763 (33), 
Length of domains: 81
Current (lb-rhs): -0.2627115547657013
3968 domains visited
Time: pickout 0.0195    decision 0.0339    set_bounds 0.0068    solve 0.6406    add 0.0016    
Accumulated time: pickout 0.4454    decision 2.0475    set_bounds 0.1523    solve 20.1510    add 0.0738    
Cumulative time: 22.93080973625183

BaB round 30
batch: 81
splitting decisions: 
split level 0: [/input, 81] [/input, 81] [/input-3, 107] [/input-3, 107] [/input-3, 107] [/input, 81] [/input-3, 107] [/input-3, 107] [/input, 63] [/input-3, 107] 
best_l after optimization: -7.696205139160156
beta sum per layer: [452.6621398925781, 27.352697372436523]
alpha/beta optimization time: 0.6687510013580322
pruning_in_iteration open status: True
ratio of positive domain = 80 / 162 = 0.49382716049382713
pruning-in-iteration extra time: 0.03422188758850098
torch.Size([162, 1])
Time: prepare 0.0054    bound 0.6699    transfer 0.0007    finalize 0.0037    func 0.6800    
Accumulated time: func 20.8043    prepare 0.2956    bound 20.4252    transfer 0.0467    finalize 0.1673    
max lb tensor(9.99999975e-05) min lb tensor(-0.24988112)
Number of Verified Splits: 80 of 162
Current worst splitting domains lb-rhs (depth):
-0.24988 (34), -0.24370 (34), -0.23848 (34), -0.22077 (34), -0.21864 (34), -0.21790 (34), -0.21164 (34), -0.20352 (34), -0.19117 (34), -0.18870 (34), -0.18746 (34), -0.18531 (34), -0.17740 (34), -0.17107 (34), -0.17085 (34), -0.17063 (34), -0.16162 (34), -0.15229 (34), -0.14976 (34), -0.14961 (34), 
Length of domains: 82
Current (lb-rhs): -0.24988111853599548
4130 domains visited
Time: pickout 0.0167    decision 0.0382    set_bounds 0.0057    solve 0.6807    add 0.0018    
Accumulated time: pickout 0.4622    decision 2.0857    set_bounds 0.1581    solve 20.8317    add 0.0756    
Cumulative time: 23.674578428268433

BaB round 31
batch: 82
splitting decisions: 
split level 0: [/input, 110] [/input, 81] [/input-3, 22] [/input-3, 22] [/input-3, 22] [/input, 110] [/input, 110] [/input, 110] [/input, 208] [/input, 208] 
best_l after optimization: -6.642034530639648
beta sum per layer: [402.2859802246094, 24.691864013671875]
alpha/beta optimization time: 0.980689287185669
pruning_in_iteration open status: True
ratio of positive domain = 89 / 164 = 0.5426829268292683
pruning-in-iteration extra time: 0.05547499656677246
torch.Size([164, 1])
Time: prepare 0.0081    bound 0.9826    transfer 0.0019    finalize 0.0092    func 1.0020    
Accumulated time: func 21.8063    prepare 0.3059    bound 21.4078    transfer 0.0485    finalize 0.1765    
max lb tensor(9.99999975e-05) min lb tensor(-0.23930822)
Number of Verified Splits: 89 of 164
Current worst splitting domains lb-rhs (depth):
-0.23931 (35), -0.23337 (35), -0.22934 (35), -0.21178 (35), -0.20868 (35), -0.20772 (35), -0.20116 (35), -0.19333 (35), -0.18177 (35), -0.17890 (35), -0.17737 (35), -0.17639 (35), -0.16795 (35), -0.16136 (35), -0.16111 (35), -0.16098 (35), -0.15288 (35), -0.14306 (35), -0.14066 (35), -0.14002 (35), 
Length of domains: 75
Current (lb-rhs): -0.2393082231283188
4294 domains visited
Time: pickout 0.0180    decision 0.1266    set_bounds 0.0068    solve 1.0029    add 0.0031    
Accumulated time: pickout 0.4801    decision 2.2123    set_bounds 0.1649    solve 21.8346    add 0.0788    
Cumulative time: 24.833565950393677

BaB round 32
batch: 75
splitting decisions: 
split level 0: [/input, 110] [/input, 110] [/input, 81] [/input, 80] [/input, 80] [/input, 80] [/input-3, 107] [/input-3, 22] [/input, 80] [/input-3, 22] 
best_l after optimization: -5.991946220397949
beta sum per layer: [340.2604675292969, 23.890525817871094]
alpha/beta optimization time: 0.7041409015655518
pruning_in_iteration open status: True
ratio of positive domain = 78 / 150 = 0.52
pruning-in-iteration extra time: 0.03941154479980469
torch.Size([150, 1])
Time: prepare 0.0059    bound 0.7053    transfer 0.0005    finalize 0.0049    func 0.7167    
Accumulated time: func 22.5230    prepare 0.3179    bound 22.1131    transfer 0.0491    finalize 0.1813    
max lb tensor(9.99999975e-05) min lb tensor(-0.23057118)
Number of Verified Splits: 78 of 150
Current worst splitting domains lb-rhs (depth):
-0.23057 (36), -0.22492 (36), -0.22117 (36), -0.20363 (36), -0.20068 (36), -0.19948 (36), -0.19291 (36), -0.18510 (36), -0.17278 (36), -0.16984 (36), -0.16793 (36), -0.16768 (36), -0.15923 (36), -0.15302 (36), -0.15288 (36), -0.15256 (36), -0.14385 (36), -0.13439 (36), -0.13248 (36), -0.13050 (36), 
Length of domains: 72
Current (lb-rhs): -0.2305711805820465
4444 domains visited
Time: pickout 0.0203    decision 0.1218    set_bounds 0.0054    solve 0.7177    add 0.0015    
Accumulated time: pickout 0.5005    decision 2.3341    set_bounds 0.1703    solve 22.5523    add 0.0803    
Cumulative time: 25.70098066329956

BaB round 33
batch: 72
splitting decisions: 
split level 0: [/input-3, 22] [/input-3, 107] [/input-3, 22] [/input, 80] [/input, 80] [/input-3, 22] [/input, 80] [/input, 80] [/input-3, 22] [/input-3, 22] 
best_l after optimization: -5.411711692810059
beta sum per layer: [318.98956298828125, 22.7235107421875]
alpha/beta optimization time: 0.636268138885498
pruning_in_iteration open status: True
ratio of positive domain = 77 / 144 = 0.5347222222222222
pruning-in-iteration extra time: 0.03265690803527832
torch.Size([144, 1])
Time: prepare 0.0054    bound 0.6376    transfer 0.0006    finalize 0.0034    func 0.6471    
Accumulated time: func 23.1701    prepare 0.3249    bound 22.7507    transfer 0.0496    finalize 0.1848    
max lb tensor(9.99999975e-05) min lb tensor(-0.22213902)
Number of Verified Splits: 77 of 144
Current worst splitting domains lb-rhs (depth):
-0.22214 (37), -0.21666 (37), -0.21330 (37), -0.19808 (37), -0.19267 (37), -0.19148 (37), -0.18476 (37), -0.17734 (37), -0.16678 (37), -0.16071 (37), -0.15917 (37), -0.15899 (37), -0.15027 (37), -0.14558 (37), -0.14472 (37), -0.14302 (37), -0.13655 (37), -0.12615 (37), -0.12389 (37), -0.12148 (37), 
Length of domains: 67
Current (lb-rhs): -0.22213901579380035
4588 domains visited
Time: pickout 0.0138    decision 0.0355    set_bounds 0.0056    solve 0.6478    add 0.0017    
Accumulated time: pickout 0.5143    decision 2.3696    set_bounds 0.1758    solve 23.2002    add 0.0820    
Time out!!!!!!!!
Result: unknown in 30.0543 seconds

 %%%%%%%%%%%%%%%%%%%%%%%%%%%%%%%%%%% idx: 74, vnnlib ID: 74 %%%%%%%%%%%%%%%%%%%%%%%%%%%%%%%%%%%
Finished vnnlib processing in 0.003739 seconds
Model: BoundedModule(
  (/0): BoundInput(name=/0, inputs=[], perturbed=True)
  (/7): BoundParams(name=/7, inputs=[], perturbed=False)
  (/8): BoundParams(name=/8, inputs=[], perturbed=False)
  (/9): BoundParams(name=/9, inputs=[], perturbed=False)
  (/10): BoundParams(name=/10, inputs=[], perturbed=False)
  (/11): BoundParams(name=/11, inputs=[], perturbed=False)
  (/12): BoundParams(name=/12, inputs=[], perturbed=False)
  (/13): BoundFlatten(name=/13, inputs=[/0], perturbed=True)
  (/input): BoundLinear(name=/input, inputs=[/13, /7, /8], perturbed=True)
  (/15): BoundRelu(name=/15, inputs=[/input], perturbed=True)
  (/input-3): BoundLinear(name=/input-3, inputs=[/15, /9, /10], perturbed=True)
  (/17): BoundRelu(name=/17, inputs=[/input-3], perturbed=True)
  (/18): BoundLinear(name=/18, inputs=[/17, /11, /12], perturbed=True)
)
Original output in the first batch: tensor([[-8.92054462,  8.09856033, -4.66122723, -2.41006708, -1.60924077,
         -4.07582378, -6.84359694, -0.49343580, -0.34908912, -3.70933580]],
       device='cuda:0')
Split layers:
Nonlinear functions:
   BoundRelu(name=/15, inputs=[/input], perturbed=True)
   BoundRelu(name=/17, inputs=[/input-3], perturbed=True)
build batch [1/1]
layer /15 using sparse-features alpha with shape [96]; unstable size 96; total size 256 ([1, 256])
layer /15 start_node /input-3 using sparse-spec alpha [2, 44, 1, 96] with unstable size 43 total_size 128 output_shape torch.Size([128])
layer /15 start_node /18 using full alpha [2, 9, 1, 96] with unstable size None total_size 9 output_shape 9
layer /17 using sparse-features alpha with shape [43]; unstable size 43; total size 128 ([1, 128])
layer /17 start_node /18 using full alpha [2, 9, 1, 43] with unstable size None total_size 9 output_shape 9
Optimizable variables initialized.
initial CROWN bounds (first 10 items): [11.999314308166504, 7.7362260818481445, 4.807025909423828, 5.34127140045166, 5.93403959274292, 9.767305374145508, 3.8499948978424072, 3.6003360748291016, 6.010814666748047]
Verified with initial CROWN!
verified with init bound!
Result: safe-incomplete in 0.1179 seconds

 %%%%%%%%%%%%%%%%%%%%%%%%%%%%%%%%%%% idx: 75, vnnlib ID: 75 %%%%%%%%%%%%%%%%%%%%%%%%%%%%%%%%%%%
Finished vnnlib processing in 0.003670 seconds
Model: BoundedModule(
  (/0): BoundInput(name=/0, inputs=[], perturbed=True)
  (/7): BoundParams(name=/7, inputs=[], perturbed=False)
  (/8): BoundParams(name=/8, inputs=[], perturbed=False)
  (/9): BoundParams(name=/9, inputs=[], perturbed=False)
  (/10): BoundParams(name=/10, inputs=[], perturbed=False)
  (/11): BoundParams(name=/11, inputs=[], perturbed=False)
  (/12): BoundParams(name=/12, inputs=[], perturbed=False)
  (/13): BoundFlatten(name=/13, inputs=[/0], perturbed=True)
  (/input): BoundLinear(name=/input, inputs=[/13, /7, /8], perturbed=True)
  (/15): BoundRelu(name=/15, inputs=[/input], perturbed=True)
  (/input-3): BoundLinear(name=/input-3, inputs=[/15, /9, /10], perturbed=True)
  (/17): BoundRelu(name=/17, inputs=[/input-3], perturbed=True)
  (/18): BoundLinear(name=/18, inputs=[/17, /11, /12], perturbed=True)
)
Original output in the first batch: tensor([[ -8.04134560,  -0.50065994,  -0.05560916,   3.06958652,  -3.43683839,
          -6.32258224, -18.08946800,  11.10626984,  -2.64037824,  -2.65743613]],
       device='cuda:0')
Split layers:
Nonlinear functions:
   BoundRelu(name=/15, inputs=[/input], perturbed=True)
   BoundRelu(name=/17, inputs=[/input-3], perturbed=True)
build batch [1/1]
layer /15 using sparse-features alpha with shape [69]; unstable size 69; total size 256 ([1, 256])
layer /15 start_node /input-3 using sparse-spec alpha [2, 32, 1, 69] with unstable size 31 total_size 128 output_shape torch.Size([128])
layer /15 start_node /18 using full alpha [2, 9, 1, 69] with unstable size None total_size 9 output_shape 9
layer /17 using sparse-features alpha with shape [31]; unstable size 31; total size 128 ([1, 128])
layer /17 start_node /18 using full alpha [2, 9, 1, 31] with unstable size None total_size 9 output_shape 9
Optimizable variables initialized.
initial CROWN bounds (first 10 items): [14.90680980682373, 8.227421760559082, 6.973734378814697, 3.837106227874756, 10.249164581298828, 12.213797569274902, 23.21612548828125, 8.724881172180176, 9.294434547424316]
Verified with initial CROWN!
verified with init bound!
Result: safe-incomplete in 0.1246 seconds

 %%%%%%%%%%%%%%%%%%%%%%%%%%%%%%%%%%% idx: 76, vnnlib ID: 76 %%%%%%%%%%%%%%%%%%%%%%%%%%%%%%%%%%%
Finished vnnlib processing in 0.003332 seconds
Model: BoundedModule(
  (/0): BoundInput(name=/0, inputs=[], perturbed=True)
  (/7): BoundParams(name=/7, inputs=[], perturbed=False)
  (/8): BoundParams(name=/8, inputs=[], perturbed=False)
  (/9): BoundParams(name=/9, inputs=[], perturbed=False)
  (/10): BoundParams(name=/10, inputs=[], perturbed=False)
  (/11): BoundParams(name=/11, inputs=[], perturbed=False)
  (/12): BoundParams(name=/12, inputs=[], perturbed=False)
  (/13): BoundFlatten(name=/13, inputs=[/0], perturbed=True)
  (/input): BoundLinear(name=/input, inputs=[/13, /7, /8], perturbed=True)
  (/15): BoundRelu(name=/15, inputs=[/input], perturbed=True)
  (/input-3): BoundLinear(name=/input-3, inputs=[/15, /9, /10], perturbed=True)
  (/17): BoundRelu(name=/17, inputs=[/input-3], perturbed=True)
  (/18): BoundLinear(name=/18, inputs=[/17, /11, /12], perturbed=True)
)
Original output in the first batch: tensor([[ -7.97380924,  -3.12879133,  -3.85269809,  11.43951225,  -5.16961479,
           0.35177654, -13.02583408,  -8.12302971,   1.15428710,  -0.67045659]],
       device='cuda:0')
Split layers:
Nonlinear functions:
   BoundRelu(name=/15, inputs=[/input], perturbed=True)
   BoundRelu(name=/17, inputs=[/input-3], perturbed=True)
build batch [1/1]
layer /15 using sparse-features alpha with shape [75]; unstable size 75; total size 256 ([1, 256])
layer /15 start_node /input-3 using sparse-spec alpha [2, 41, 1, 75] with unstable size 40 total_size 128 output_shape torch.Size([128])
layer /15 start_node /18 using full alpha [2, 9, 1, 75] with unstable size None total_size 9 output_shape 9
layer /17 using sparse-features alpha with shape [40]; unstable size 40; total size 128 ([1, 128])
layer /17 start_node /18 using full alpha [2, 9, 1, 40] with unstable size None total_size 9 output_shape 9
Optimizable variables initialized.
initial CROWN bounds (first 10 items): [13.788904190063477, 9.423669815063477, 10.384708404541016, 10.828837394714355, 5.016584396362305, 17.568801879882812, 14.178476333618164, 5.82615852355957, 7.008335113525391]
Verified with initial CROWN!
verified with init bound!
Result: safe-incomplete in 0.1198 seconds

 %%%%%%%%%%%%%%%%%%%%%%%%%%%%%%%%%%% idx: 77, vnnlib ID: 77 %%%%%%%%%%%%%%%%%%%%%%%%%%%%%%%%%%%
Finished vnnlib processing in 0.003258 seconds
Model: BoundedModule(
  (/0): BoundInput(name=/0, inputs=[], perturbed=True)
  (/7): BoundParams(name=/7, inputs=[], perturbed=False)
  (/8): BoundParams(name=/8, inputs=[], perturbed=False)
  (/9): BoundParams(name=/9, inputs=[], perturbed=False)
  (/10): BoundParams(name=/10, inputs=[], perturbed=False)
  (/11): BoundParams(name=/11, inputs=[], perturbed=False)
  (/12): BoundParams(name=/12, inputs=[], perturbed=False)
  (/13): BoundFlatten(name=/13, inputs=[/0], perturbed=True)
  (/input): BoundLinear(name=/input, inputs=[/13, /7, /8], perturbed=True)
  (/15): BoundRelu(name=/15, inputs=[/input], perturbed=True)
  (/input-3): BoundLinear(name=/input-3, inputs=[/15, /9, /10], perturbed=True)
  (/17): BoundRelu(name=/17, inputs=[/input-3], perturbed=True)
  (/18): BoundLinear(name=/18, inputs=[/17, /11, /12], perturbed=True)
)
Original output in the first batch: tensor([[-2.84353781,  1.58031070,  6.69312716, -0.40056524, -8.19963741,
         -2.65929818, -4.67845345,  1.37969732,  0.58360761, -5.56763935]],
       device='cuda:0')
Split layers:
Nonlinear functions:
   BoundRelu(name=/15, inputs=[/input], perturbed=True)
   BoundRelu(name=/17, inputs=[/input-3], perturbed=True)
build batch [1/1]
layer /15 using sparse-features alpha with shape [70]; unstable size 70; total size 256 ([1, 256])
layer /15 start_node /input-3 using sparse-spec alpha [2, 40, 1, 70] with unstable size 39 total_size 128 output_shape torch.Size([128])
layer /15 start_node /18 using full alpha [2, 9, 1, 70] with unstable size None total_size 9 output_shape 9
layer /17 using sparse-features alpha with shape [39]; unstable size 39; total size 128 ([1, 128])
layer /17 start_node /18 using full alpha [2, 9, 1, 39] with unstable size None total_size 9 output_shape 9
Optimizable variables initialized.
initial CROWN bounds (first 10 items): [6.426032066345215, 2.729679584503174, 4.415537357330322, 10.625225067138672, 5.136120796203613, 7.286961555480957, 2.215456008911133, 2.895223617553711, 8.278913497924805]
Verified with initial CROWN!
verified with init bound!
Result: safe-incomplete in 0.1179 seconds

 %%%%%%%%%%%%%%%%%%%%%%%%%%%%%%%%%%% idx: 78, vnnlib ID: 78 %%%%%%%%%%%%%%%%%%%%%%%%%%%%%%%%%%%
Finished vnnlib processing in 0.005448 seconds
Model: BoundedModule(
  (/0): BoundInput(name=/0, inputs=[], perturbed=True)
  (/7): BoundParams(name=/7, inputs=[], perturbed=False)
  (/8): BoundParams(name=/8, inputs=[], perturbed=False)
  (/9): BoundParams(name=/9, inputs=[], perturbed=False)
  (/10): BoundParams(name=/10, inputs=[], perturbed=False)
  (/11): BoundParams(name=/11, inputs=[], perturbed=False)
  (/12): BoundParams(name=/12, inputs=[], perturbed=False)
  (/13): BoundFlatten(name=/13, inputs=[/0], perturbed=True)
  (/input): BoundLinear(name=/input, inputs=[/13, /7, /8], perturbed=True)
  (/15): BoundRelu(name=/15, inputs=[/input], perturbed=True)
  (/input-3): BoundLinear(name=/input-3, inputs=[/15, /9, /10], perturbed=True)
  (/17): BoundRelu(name=/17, inputs=[/input-3], perturbed=True)
  (/18): BoundLinear(name=/18, inputs=[/17, /11, /12], perturbed=True)
)
Original output in the first batch: tensor([[ -6.13920546,  -2.94719934,  -6.13818407,  -1.23918283,   1.90350223,
          -5.16411638, -12.40936184,  -1.57693660,   1.40821564,   5.88062191]],
       device='cuda:0')
Split layers:
Nonlinear functions:
   BoundRelu(name=/15, inputs=[/input], perturbed=True)
   BoundRelu(name=/17, inputs=[/input-3], perturbed=True)
build batch [1/1]
layer /15 using sparse-features alpha with shape [97]; unstable size 97; total size 256 ([1, 256])
layer /15 start_node /input-3 using sparse-spec alpha [2, 44, 1, 97] with unstable size 43 total_size 128 output_shape torch.Size([128])
layer /15 start_node /18 using full alpha [2, 9, 1, 97] with unstable size None total_size 9 output_shape 9
layer /17 using sparse-features alpha with shape [43]; unstable size 43; total size 128 ([1, 128])
layer /17 start_node /18 using full alpha [2, 9, 1, 43] with unstable size None total_size 9 output_shape 9
Optimizable variables initialized.
initial CROWN bounds (first 10 items): [5.530000686645508, 2.1291589736938477, 4.037374019622803, 0.06740832328796387, -2.684199333190918, 3.226313591003418, 9.472929954528809, 0.48859119415283203, -2.1288890838623047]
prune_after_crown optimization in use
  original spec size = torch.Size([1, 9])
  pruned spec size = torch.Size([1, 2])
Using alpha-CROWN to initialize bounds.
Early stop at 95th iter due to 10 iterations no improvement!
best_l after optimization: -4.195990562438965
alpha/beta optimization time: 2.956861734390259
initial alpha-crown bounds (first 10 items): [-2.232741594314575, -1.9632492065429688]
Global lower bound: -2.232741594314575
torch.Size([1, 2])
7 / 9 OR specs are verified.
Verified OR indices (first 10 items): [0, 1, 2, 3, 5, 6, 7]
Verified OR lbs (first 10 items): [[inf], [inf], [inf], [inf], [inf], [inf], [inf]]
Unverified OR indices (first 10 items): [4, 8]
Unverified OR lbs (first 10 items): [[-2.232741594314575], [-1.9632492065429688]]
###### Verifying property Instance 78 ######
Batch size: 2
First 10 spec matrices
C: tensor([[[ 0.,  0.,  0.,  0., -1.,  0.,  0.,  0.,  0.,  1.]],

        [[ 0.,  0.,  0.,  0.,  0.,  0.,  0.,  0., -1.,  1.]]], device='cuda:0')
RHS: tensor([[0.],
        [0.]], device='cuda:0')
OR spec sizes: tensor([1, 1], device='cuda:0', dtype=torch.int32)
Remaining timeout: 26.791767358779907
Model prediction is: tensor([ -6.13920546,  -2.94719934,  -6.13818407,  -1.23918283,   1.90350223,
         -5.16411638, -12.40936184,  -1.57693660,   1.40821564,   5.88062191],
       device='cuda:0')
Activation BaB batch 1/1 
build_with_refined_bounds batch [1/1]
Optimizable variables initialized.
all alpha initialized
directly get lb and ub from refined bounds
c shape: torch.Size([2, 1, 10])
lA shapes: [torch.Size([2, 1, 256]), torch.Size([2, 1, 128])]
torch.Size([2, 1])
(alpha-)CROWN with fixed intermediate bounds: tensor([[-2.23274159],
        [-1.96324921]], device='cuda:0') tensor([[inf],
        [inf]], device='cuda:0')
Intermediate layers: /input,/input-3
Keeping alphas for these layers: ['/18']
Node /15 input 0: size torch.Size([256]) unstable 97
Node /17 input 0: size torch.Size([128]) unstable 43
-----------------
# of unstable neurons: 140
-----------------

BaB round 1
batch: 2
splitting decisions: 
split level 0: [/input, 238] [/input, 58] 
split level 1: [/input, 116] [/input-3, 104] 
split level 2: [/input-3, 34] [/input, 143] 
split level 3: [/input-3, 118] [/input, 239] 
split level 4: [/input-3, 110] [/input-3, 110] 
best_l after optimization: -17.939311981201172
beta sum per layer: [33.366641998291016, 17.018653869628906]
alpha/beta optimization time: 0.8948712348937988
pruning_in_iteration open status: True
ratio of positive domain = 42 / 64 = 0.65625
pruning-in-iteration extra time: 0.0473475456237793
torch.Size([64, 1])
Time: prepare 0.0028    bound 0.8962    transfer 0.0028    finalize 0.0085    func 0.9104    
Accumulated time: func 0.9104    prepare 0.0116    bound 0.8962    transfer 0.0028    finalize 0.0085    
max lb tensor(9.99999975e-05) min lb tensor(-1.57400870)
Number of Verified Splits: 42 of 64
Current worst splitting domains lb-rhs (depth):
-1.57401 (5), -1.49616 (5), -1.48255 (5), -1.47785 (5), -1.35069 (5), -1.28993 (5), -1.12061 (5), -1.11890 (5), -1.06494 (5), -1.03499 (5), -0.89040 (5), -0.84745 (5), -0.73587 (5), -0.72615 (5), -0.57321 (5), -0.54658 (5), -0.36831 (5), -0.08324 (5), -0.05728 (5), -0.04519 (5), 
Length of domains: 22
Current (lb-rhs): -1.5740087032318115
64 domains visited
Time: pickout 0.0015    decision 0.0660    set_bounds 0.0059    solve 0.9116    add 0.0093    
Accumulated time: pickout 0.0015    decision 0.0660    set_bounds 0.0059    solve 0.9116    add 0.0093    
Cumulative time: 1.0287408828735352

BaB round 2
batch: 22
splitting decisions: 
split level 0: [/input, 183] [/input, 160] [/input, 183] [/input, 160] [/input, 183] [/input, 160] [/input, 58] [/input, 160] [/input, 58] [/input, 160] 
split level 1: [/input-3, 4] [/input-3, 48] [/input, 58] [/input-3, 48] [/input, 58] [/input-3, 48] [/input-3, 4] [/input-3, 48] [/input-3, 4] [/input-3, 48] 
best_l after optimization: -42.510108947753906
beta sum per layer: [132.35694885253906, 79.7327651977539]
alpha/beta optimization time: 0.8777420520782471
pruning_in_iteration open status: True
ratio of positive domain = 25 / 88 = 0.28409090909090906
pruning-in-iteration extra time: 0.05606842041015625
torch.Size([88, 1])
Time: prepare 0.0048    bound 0.8800    transfer 0.0019    finalize 0.0060    func 0.8929    
Accumulated time: func 1.8033    prepare 0.0225    bound 1.7762    transfer 0.0047    finalize 0.0145    
max lb tensor(9.99999975e-05) min lb tensor(-1.43149590)
Number of Verified Splits: 25 of 88
Current worst splitting domains lb-rhs (depth):
-1.43150 (7), -1.28072 (7), -1.24692 (7), -1.24515 (7), -1.24383 (7), -1.23509 (7), -1.22659 (7), -1.21289 (7), -1.21041 (7), -1.19875 (7), -1.19000 (7), -1.18521 (7), -1.09280 (7), -1.08679 (7), -1.02268 (7), -0.91607 (7), -0.91295 (7), -0.84642 (7), -0.81529 (7), -0.80034 (7), 
Length of domains: 63
Current (lb-rhs): -1.4314959049224854
152 domains visited
Time: pickout 0.0111    decision 0.0785    set_bounds 0.0051    solve 0.8938    add 0.0024    
Accumulated time: pickout 0.0126    decision 0.1444    set_bounds 0.0110    solve 1.8054    add 0.0117    
Cumulative time: 2.020063877105713

BaB round 3
batch: 63
splitting decisions: 
split level 0: [/input-3, 99] [/input-3, 4] [/input, 7] [/input-3, 4] [/input-3, 99] [/input, 148] [/input, 7] [/input, 148] [/input, 58] [/input-3, 4] 
best_l after optimization: -62.68608856201172
beta sum per layer: [260.70794677734375, 125.8918228149414]
alpha/beta optimization time: 0.7397799491882324
pruning_in_iteration open status: False
ratio of positive domain = 22 / 126 = 0.17460317460317465
pruning-in-iteration extra time: 0.00036144256591796875
torch.Size([126, 1])
Time: prepare 0.0057    bound 0.7411    transfer 0.0015    finalize 0.0059    func 0.7542    
Accumulated time: func 2.5575    prepare 0.0340    bound 2.5173    transfer 0.0062    finalize 0.0204    
max lb tensor(0.14543033) min lb tensor(-1.30767059)
Number of Verified Splits: 22 of 126
Current worst splitting domains lb-rhs (depth):
-1.30767 (8), -1.26750 (8), -1.17149 (8), -1.15861 (8), -1.15309 (8), -1.15113 (8), -1.14350 (8), -1.13899 (8), -1.13012 (8), -1.12453 (8), -1.11919 (8), -1.11239 (8), -1.11026 (8), -1.09615 (8), -1.09539 (8), -1.09002 (8), -1.07156 (8), -1.06108 (8), -1.05889 (8), -1.05816 (8), 
Length of domains: 104
Current (lb-rhs): -1.3076705932617188
278 domains visited
Time: pickout 0.0146    decision 0.0959    set_bounds 0.0049    solve 0.7550    add 0.0022    
Accumulated time: pickout 0.0272    decision 0.2404    set_bounds 0.0159    solve 2.5605    add 0.0139    
Cumulative time: 2.893073797225952

BaB round 4
batch: 104
splitting decisions: 
split level 0: [/input, 7] [/input, 237] [/input-3, 99] [/input, 237] [/input, 7] [/input, 237] [/input-3, 99] [/input, 237] [/input, 237] [/input-3, 99] 
best_l after optimization: -98.38558959960938
beta sum per layer: [487.91461181640625, 191.04922485351562]
alpha/beta optimization time: 0.5863826274871826
pruning_in_iteration open status: False
ratio of positive domain = 19 / 208 = 0.09134615384615385
pruning-in-iteration extra time: 0.00034356117248535156
torch.Size([208, 1])
Time: prepare 0.0103    bound 0.5877    transfer 0.0006    finalize 0.0036    func 0.6023    
Accumulated time: func 3.1598    prepare 0.0503    bound 3.1050    transfer 0.0068    finalize 0.0240    
max lb tensor(0.45088792) min lb tensor(-1.18926477)
Number of Verified Splits: 19 of 208
Current worst splitting domains lb-rhs (depth):
-1.18926 (9), -1.14976 (9), -1.12528 (9), -1.09646 (9), -1.07989 (9), -1.07804 (9), -1.07592 (9), -1.07175 (9), -1.06669 (9), -1.06369 (9), -1.05059 (9), -1.04301 (9), -1.03841 (9), -1.03298 (9), -1.03136 (9), -1.01482 (9), -1.01403 (9), -1.00572 (9), -0.99081 (9), -0.97706 (9), 
Length of domains: 189
Current (lb-rhs): -1.1892647743225098
486 domains visited
Time: pickout 0.0207    decision 0.1672    set_bounds 0.0101    solve 0.6030    add 0.0023    
Accumulated time: pickout 0.0479    decision 0.4076    set_bounds 0.0260    solve 3.1635    add 0.0162    
Cumulative time: 3.6969540119171143

BaB round 5
batch: 189
splitting decisions: 
split level 0: [/input, 50] [/input, 50] [/input, 50] [/input, 50] [/input-3, 4] [/input, 50] [/input-3, 4] [/input, 50] [/input, 50] [/input-3, 99] 
best_l after optimization: -144.43527221679688
beta sum per layer: [1044.1015625, 412.0062255859375]
alpha/beta optimization time: 0.5309288501739502
pruning_in_iteration open status: False
ratio of positive domain = 68 / 378 = 0.17989417989417988
pruning-in-iteration extra time: 0.00021505355834960938
torch.Size([378, 1])
Time: prepare 0.0108    bound 0.5325    transfer 0.0006    finalize 0.0047    func 0.5487    
Accumulated time: func 3.7084    prepare 0.0634    bound 3.6375    transfer 0.0074    finalize 0.0286    
max lb tensor(0.16453505) min lb tensor(-1.10392380)
Number of Verified Splits: 68 of 378
Current worst splitting domains lb-rhs (depth):
-1.10392 (10), -1.06442 (10), -1.04429 (10), -1.02651 (10), -1.00562 (10), -0.99810 (10), -0.99085 (10), -0.98973 (10), -0.98787 (10), -0.98259 (10), -0.97623 (10), -0.97376 (10), -0.97277 (10), -0.96138 (10), -0.96123 (10), -0.96065 (10), -0.95391 (10), -0.95240 (10), -0.94801 (10), -0.94419 (10), 
Length of domains: 310
Current (lb-rhs): -1.1039237976074219
864 domains visited
Time: pickout 0.0311    decision 0.0660    set_bounds 0.0115    solve 0.5495    add 0.0024    
Accumulated time: pickout 0.0790    decision 0.4736    set_bounds 0.0374    solve 3.7130    add 0.0187    
Cumulative time: 4.358143091201782

BaB round 6
batch: 310
splitting decisions: 
split level 0: [/input-3, 63] [/input-3, 99] [/input-3, 63] [/input-3, 99] [/input, 50] [/input-3, 63] [/input, 50] [/input-3, 99] [/input, 58] [/input, 50] 
best_l after optimization: -189.06668090820312
beta sum per layer: [2052.7314453125, 553.7291259765625]
alpha/beta optimization time: 0.6166234016418457
pruning_in_iteration open status: True
ratio of positive domain = 149 / 620 = 0.24032258064516132
pruning-in-iteration extra time: 0.0214080810546875
torch.Size([620, 1])
Time: prepare 0.0166    bound 0.6180    transfer 0.0006    finalize 0.0062    func 0.6416    
Accumulated time: func 4.3500    prepare 0.0819    bound 4.2555    transfer 0.0080    finalize 0.0349    
max lb tensor(9.99999975e-05) min lb tensor(-1.02514148)
Number of Verified Splits: 149 of 620
Current worst splitting domains lb-rhs (depth):
-1.02514 (11), -0.98724 (11), -0.96672 (11), -0.96523 (11), -0.94660 (11), -0.92886 (11), -0.92034 (11), -0.91302 (11), -0.90790 (11), -0.90708 (11), -0.90033 (11), -0.90031 (11), -0.89916 (11), -0.89487 (11), -0.88517 (11), -0.88371 (11), -0.87932 (11), -0.87654 (11), -0.87520 (11), -0.86877 (11), 
Length of domains: 471
Current (lb-rhs): -1.0251414775848389
1484 domains visited
Time: pickout 0.0410    decision 0.0718    set_bounds 0.0177    solve 0.6425    add 0.0028    
Accumulated time: pickout 0.1199    decision 0.5454    set_bounds 0.0551    solve 4.3555    add 0.0215    
Cumulative time: 5.134976625442505

BaB round 7
batch: 471
splitting decisions: 
split level 0: [/input-3, 35] [/input, 235] [/input-3, 35] [/input-3, 63] [/input, 235] [/input-3, 63] [/input-3, 35] [/input, 110] [/input-3, 35] [/input, 7] 
best_l after optimization: -196.74667358398438
beta sum per layer: [3675.119140625, 705.2586669921875]
alpha/beta optimization time: 1.0627384185791016
pruning_in_iteration open status: True
ratio of positive domain = 369 / 942 = 0.39171974522292996
pruning-in-iteration extra time: 0.04085850715637207
torch.Size([942, 1])
Time: prepare 0.0233    bound 1.0642    transfer 0.0010    finalize 0.0074    func 1.0961    
Accumulated time: func 5.4461    prepare 0.1078    bound 5.3196    transfer 0.0090    finalize 0.0423    
max lb tensor(9.99999975e-05) min lb tensor(-0.96070075)
Number of Verified Splits: 369 of 942
Current worst splitting domains lb-rhs (depth):
-0.96070 (12), -0.92526 (12), -0.89974 (12), -0.89227 (12), -0.87135 (12), -0.85900 (12), -0.85637 (12), -0.85279 (12), -0.84596 (12), -0.84145 (12), -0.84123 (12), -0.83820 (12), -0.83720 (12), -0.82609 (12), -0.82342 (12), -0.82285 (12), -0.82249 (12), -0.81407 (12), -0.81258 (12), -0.81162 (12), 
Length of domains: 573
Current (lb-rhs): -0.9607007503509521
2426 domains visited
Time: pickout 0.0664    decision 0.1095    set_bounds 0.0260    solve 1.0971    add 0.0029    
Accumulated time: pickout 0.1864    decision 0.6549    set_bounds 0.0811    solve 5.4527    add 0.0244    
Cumulative time: 6.438884735107422

BaB round 8
batch: 573
splitting decisions: 
split level 0: [/input-3, 23] [/input-3, 99] [/input-3, 23] [/input-3, 99] [/input, 235] [/input-3, 99] [/input-3, 99] [/input-3, 35] [/input-3, 23] [/input, 163] 
best_l after optimization: -214.7682342529297
beta sum per layer: [4375.919921875, 944.031494140625]
alpha/beta optimization time: 0.691542387008667
pruning_in_iteration open status: True
ratio of positive domain = 455 / 1146 = 0.3970331588132635
pruning-in-iteration extra time: 0.03396463394165039
torch.Size([1146, 1])
Time: prepare 0.0289    bound 0.6927    transfer 0.0010    finalize 0.0116    func 0.7344    
Accumulated time: func 6.1806    prepare 0.1386    bound 6.0124    transfer 0.0099    finalize 0.0539    
max lb tensor(0.00159979) min lb tensor(-0.90419853)
Number of Verified Splits: 455 of 1146
Current worst splitting domains lb-rhs (depth):
-0.90420 (13), -0.86526 (13), -0.84487 (13), -0.83628 (13), -0.81381 (13), -0.80336 (13), -0.79772 (13), -0.79701 (13), -0.78872 (13), -0.78516 (13), -0.78350 (13), -0.77643 (13), -0.77393 (13), -0.77302 (13), -0.76777 (13), -0.76747 (13), -0.75499 (13), -0.75495 (13), -0.75244 (13), -0.75047 (13), 
Length of domains: 691
Current (lb-rhs): -0.9041985273361206
3572 domains visited
Time: pickout 0.0731    decision 0.1124    set_bounds 0.0349    solve 0.7370    add 0.0024    
Accumulated time: pickout 0.2595    decision 0.7673    set_bounds 0.1160    solve 6.1896    add 0.0268    
Cumulative time: 7.4010374546051025

BaB round 9
batch: 691
splitting decisions: 
split level 0: [/input, 163] [/input, 163] [/input-3, 63] [/input-3, 63] [/input, 7] [/input, 163] [/input-3, 63] [/input, 163] [/input-3, 63] [/input, 163] 
best_l after optimization: -204.15098571777344
beta sum per layer: [4775.109375, 1255.470947265625]
alpha/beta optimization time: 0.7272131443023682
pruning_in_iteration open status: True
ratio of positive domain = 675 / 1382 = 0.48842257597684513
pruning-in-iteration extra time: 0.03317570686340332
torch.Size([1382, 1])
Time: prepare 0.0361    bound 0.7284    transfer 0.0015    finalize 0.0109    func 0.7771    
Accumulated time: func 6.9577    prepare 0.1765    bound 6.7408    transfer 0.0115    finalize 0.0648    
max lb tensor(0.00190520) min lb tensor(-0.84150505)
Number of Verified Splits: 675 of 1382
Current worst splitting domains lb-rhs (depth):
-0.84151 (14), -0.81315 (14), -0.78432 (14), -0.77423 (14), -0.75094 (14), -0.74883 (14), -0.74623 (14), -0.73567 (14), -0.73215 (14), -0.71992 (14), -0.71950 (14), -0.71652 (14), -0.70766 (14), -0.70757 (14), -0.70657 (14), -0.70339 (14), -0.70289 (14), -0.69699 (14), -0.69650 (14), -0.68759 (14), 
Length of domains: 707
Current (lb-rhs): -0.8415050506591797
4954 domains visited
Time: pickout 0.0872    decision 0.1280    set_bounds 0.0381    solve 0.7781    add 0.0019    
Accumulated time: pickout 0.3466    decision 0.8954    set_bounds 0.1540    solve 6.9678    add 0.0288    
Cumulative time: 8.437513589859009

BaB round 10
batch: 707
splitting decisions: 
split level 0: [/input, 7] [/input, 7] [/input, 177] [/input, 177] [/input-3, 99] [/input-3, 99] [/input, 239] [/input, 7] [/input, 239] [/input, 7] 
best_l after optimization: -198.06021118164062
beta sum per layer: [4737.58984375, 1335.138671875]
alpha/beta optimization time: 0.8966670036315918
pruning_in_iteration open status: True
ratio of positive domain = 634 / 1414 = 0.4483734087694484
pruning-in-iteration extra time: 0.03629755973815918
torch.Size([1414, 1])
Time: prepare 0.0398    bound 0.8980    transfer 0.0011    finalize 0.0103    func 0.9508    
Accumulated time: func 7.9085    prepare 0.2223    bound 7.6387    transfer 0.0126    finalize 0.0751    
max lb tensor(0.00298703) min lb tensor(-0.79116869)
Number of Verified Splits: 634 of 1414
Current worst splitting domains lb-rhs (depth):
-0.79117 (15), -0.74883 (15), -0.73351 (15), -0.72863 (15), -0.70077 (15), -0.68899 (15), -0.68586 (15), -0.68287 (15), -0.66741 (15), -0.65856 (15), -0.65578 (15), -0.65364 (15), -0.65344 (15), -0.65170 (15), -0.65101 (15), -0.65098 (15), -0.64523 (15), -0.64219 (15), -0.64063 (15), -0.63982 (15), 
Length of domains: 780
Current (lb-rhs): -0.7911686897277832
6368 domains visited
Time: pickout 0.0920    decision 0.7390    set_bounds 0.0408    solve 0.9522    add 0.0026    
Accumulated time: pickout 0.4387    decision 1.6344    set_bounds 0.1948    solve 7.9199    add 0.0314    
Cumulative time: 10.2674880027771

BaB round 11
batch: 780
splitting decisions: 
split level 0: [/input, 163] [/input, 163] [/input-3, 63] [/input-3, 63] [/input-3, 23] [/input, 177] [/input-3, 23] [/input, 177] [/input, 163] [/input, 163] 
best_l after optimization: -196.9218292236328
beta sum per layer: [4899.7021484375, 1300.595458984375]
alpha/beta optimization time: 0.6527512073516846
pruning_in_iteration open status: True
ratio of positive domain = 741 / 1560 = 0.475
pruning-in-iteration extra time: 0.030652523040771484
torch.Size([1560, 1])
Time: prepare 0.0398    bound 0.6539    transfer 0.0018    finalize 0.0142    func 0.7101    
Accumulated time: func 8.6186    prepare 0.2647    bound 8.2926    transfer 0.0144    finalize 0.0893    
max lb tensor(0.00028300) min lb tensor(-0.74433935)
Number of Verified Splits: 741 of 1560
Current worst splitting domains lb-rhs (depth):
-0.74434 (16), -0.70034 (16), -0.68712 (16), -0.66582 (16), -0.63953 (16), -0.63717 (16), -0.63307 (16), -0.62693 (16), -0.61237 (16), -0.61082 (16), -0.60846 (16), -0.60658 (16), -0.60485 (16), -0.59902 (16), -0.59872 (16), -0.59614 (16), -0.59526 (16), -0.59294 (16), -0.59223 (16), -0.58949 (16), 
Length of domains: 819
Current (lb-rhs): -0.7443393468856812
7928 domains visited
Time: pickout 0.1034    decision 0.1660    set_bounds 0.0409    solve 0.7119    add 0.0021    
Accumulated time: pickout 0.5420    decision 1.8003    set_bounds 0.2358    solve 8.6319    add 0.0335    
Cumulative time: 11.295475721359253

BaB round 12
batch: 819
splitting decisions: 
split level 0: [/input-3, 35] [/input-3, 35] [/input-3, 35] [/input-3, 35] [/input-3, 5] [/input-3, 5] [/input-3, 35] [/input-3, 35] [/input-3, 5] [/input, 239] 
best_l after optimization: -174.2330780029297
beta sum per layer: [5460.5830078125, 934.06787109375]
alpha/beta optimization time: -1.7360332012176514
pruning_in_iteration open status: True
ratio of positive domain = 808 / 1638 = 0.4932844932844933
pruning-in-iteration extra time: 0.032143592834472656
torch.Size([1638, 1])
Time: prepare 0.0414    bound -1.7349    transfer 0.0012    finalize 0.0138    func -1.6782    
Accumulated time: func 6.9404    prepare 0.3081    bound 6.5577    transfer 0.0156    finalize 0.1031    
max lb tensor(0.00148964) min lb tensor(-0.68256283)
Number of Verified Splits: 808 of 1638
Current worst splitting domains lb-rhs (depth):
-0.68256 (17), -0.63758 (17), -0.63592 (17), -0.62905 (17), -0.61892 (17), -0.61430 (17), -0.59023 (17), -0.58937 (17), -0.57834 (17), -0.57086 (17), -0.56992 (17), -0.56717 (17), -0.55547 (17), -0.55232 (17), -0.55055 (17), -0.54625 (17), -0.54592 (17), -0.54498 (17), -0.54275 (17), -0.53703 (17), 
Length of domains: 830
Current (lb-rhs): -0.6825628280639648
9566 domains visited
Time: pickout 0.1057    decision 0.1452    set_bounds 0.0474    solve -1.6767    add 0.0020    
Accumulated time: pickout 0.6477    decision 1.9455    set_bounds 0.2832    solve 6.9552    add 0.0355    
Cumulative time: 9.922863721847534

BaB round 13
batch: 830
splitting decisions: 
split level 0: [/input, 139] [/input-3, 117] [/input, 139] [/input, 139] [/input, 110] [/input, 110] [/input, 139] [/input-3, 117] [/input-3, 117] [/input-3, 117] 
best_l after optimization: -193.29702758789062
beta sum per layer: [5363.77294921875, 984.2824096679688]
alpha/beta optimization time: 0.7866711616516113
pruning_in_iteration open status: True
ratio of positive domain = 738 / 1660 = 0.444578313253012
pruning-in-iteration extra time: 0.03728461265563965
torch.Size([1660, 1])
Time: prepare 0.0436    bound 0.7878    transfer 0.0012    finalize 0.0115    func 0.8445    
Accumulated time: func 7.7849    prepare 0.3547    bound 7.3456    transfer 0.0169    finalize 0.1146    
max lb tensor(9.99999975e-05) min lb tensor(-0.63400507)
Number of Verified Splits: 738 of 1660
Current worst splitting domains lb-rhs (depth):
-0.63401 (18), -0.58677 (18), -0.58175 (18), -0.57732 (18), -0.55619 (18), -0.55553 (18), -0.55284 (18), -0.54625 (18), -0.54461 (18), -0.52684 (18), -0.51726 (18), -0.51409 (18), -0.51327 (18), -0.50751 (18), -0.50587 (18), -0.49708 (18), -0.49289 (18), -0.49221 (18), -0.49019 (18), -0.48564 (18), 
Length of domains: 922
Current (lb-rhs): -0.634005069732666
11226 domains visited
Time: pickout 0.1058    decision 0.1641    set_bounds 0.0443    solve 0.8471    add 0.0024    
Accumulated time: pickout 0.7535    decision 2.1095    set_bounds 0.3275    solve 7.8022    add 0.0379    
Cumulative time: 11.089906692504883

BaB round 14
batch: 922
splitting decisions: 
split level 0: [/input-3, 60] [/input, 139] [/input-3, 48] [/input-3, 117] [/input-3, 117] [/input, 139] [/input-3, 117] [/input, 139] [/input, 139] [/input, 139] 
best_l after optimization: -234.49319458007812
beta sum per layer: [5269.7177734375, 1076.99658203125]
alpha/beta optimization time: 1.1446304321289062
pruning_in_iteration open status: True
ratio of positive domain = 782 / 1844 = 0.4240780911062907
pruning-in-iteration extra time: 0.0407567024230957
torch.Size([1844, 1])
Time: prepare 0.0507    bound 1.1462    transfer 0.0029    finalize 0.0132    func 1.2147    
Accumulated time: func 8.9996    prepare 0.4168    bound 8.4918    transfer 0.0197    finalize 0.1278    
max lb tensor(0.00183344) min lb tensor(-0.56656671)
Number of Verified Splits: 782 of 1844
Current worst splitting domains lb-rhs (depth):
-0.56657 (19), -0.56578 (19), -0.54772 (19), -0.53844 (19), -0.51356 (19), -0.51124 (19), -0.51102 (19), -0.50894 (19), -0.50570 (19), -0.49327 (19), -0.48352 (19), -0.47782 (19), -0.47670 (19), -0.46946 (19), -0.46728 (19), -0.46554 (19), -0.46355 (19), -0.46315 (19), -0.44919 (19), -0.44315 (19), 
Length of domains: 1062
Current (lb-rhs): -0.5665667057037354
13070 domains visited
Time: pickout 0.1207    decision 1.1272    set_bounds 0.0496    solve 1.2161    add 0.0097    
Accumulated time: pickout 0.8742    decision 3.2368    set_bounds 0.3771    solve 9.0183    add 0.0476    
Cumulative time: 13.617136001586914

BaB round 15
batch: 1024
splitting decisions: 
split level 0: [/input, 155] [/input, 155] [/input, 194] [/input-3, 48] [/input-3, 68] [/input, 198] [/input, 155] [/input, 155] [/input, 155] [/input, 155] 
best_l after optimization: -241.01271057128906
beta sum per layer: [4717.0, 1321.78173828125]
alpha/beta optimization time: 0.9341387748718262
pruning_in_iteration open status: True
ratio of positive domain = 793 / 2048 = 0.38720703125
pruning-in-iteration extra time: 0.032805681228637695
torch.Size([2048, 1])
Time: prepare 0.0526    bound 0.9357    transfer 0.0103    finalize 0.0203    func 1.0195    
Accumulated time: func 10.0191    prepare 0.4715    bound 9.4275    transfer 0.0300    finalize 0.1481    
max lb tensor(0.00140119) min lb tensor(-0.52322197)
Number of Verified Splits: 793 of 2048
Current worst splitting domains lb-rhs (depth):
-0.56657 (19), -0.54772 (19), -0.52322 (20), -0.51124 (19), -0.50013 (20), -0.47670 (19), -0.47574 (20), -0.46701 (20), -0.46587 (20), -0.46354 (20), -0.44352 (20), -0.44315 (19), -0.43754 (20), -0.43491 (20), -0.43480 (20), -0.42688 (20), -0.42415 (19), -0.42357 (20), -0.42183 (20), -0.41770 (20), 
Length of domains: 1293
Current (lb-rhs): -0.5665667057037354
15118 domains visited
Time: pickout 0.1354    decision 0.1917    set_bounds 0.0626    solve 1.0215    add 0.0032    
Accumulated time: pickout 1.0096    decision 3.4285    set_bounds 0.4397    solve 10.0398    add 0.0509    
current_vram/total_varm: 0.3GB/8.6GB, batch_size increase to 2048
Cumulative time: 15.03647756576538

BaB round 16
batch: 1293
splitting decisions: 
split level 0: [/input-3, 60] [/input, 139] [/input-3, 60] [/input-3, 60] [/input, 139] [/input-3, 117] [/input, 139] [/input, 139] [/input, 139] [/input-3, 117] 
best_l after optimization: -201.482177734375
beta sum per layer: [5355.876953125, 1894.708984375]
alpha/beta optimization time: 0.9537832736968994
pruning_in_iteration open status: True
ratio of positive domain = 1267 / 2586 = 0.4899458623356535
pruning-in-iteration extra time: 0.035756587982177734
torch.Size([2586, 1])
Time: prepare 0.0765    bound 0.9551    transfer 0.0121    finalize 0.0286    func 1.0733    
Accumulated time: func 11.0924    prepare 0.5512    bound 10.3827    transfer 0.0421    finalize 0.1767    
max lb tensor(9.99999975e-05) min lb tensor(-0.52428448)
Number of Verified Splits: 1267 of 2586
Current worst splitting domains lb-rhs (depth):
-0.52428 (20), -0.48219 (20), -0.48035 (20), -0.47750 (21), -0.46656 (20), -0.44870 (21), -0.42465 (21), -0.41937 (21), -0.41590 (21), -0.41314 (21), -0.41299 (20), -0.40752 (20), -0.39820 (21), -0.39773 (20), -0.39724 (21), -0.39205 (21), -0.38645 (21), -0.38268 (20), -0.37923 (21), -0.37634 (21), 
Length of domains: 1319
Current (lb-rhs): -0.5242844820022583
17704 domains visited
Time: pickout 0.1606    decision 0.2669    set_bounds 0.0837    solve 1.0764    add 0.0055    
Accumulated time: pickout 1.1702    decision 3.6954    set_bounds 0.5234    solve 11.1162    add 0.0563    
Cumulative time: 16.635836362838745

BaB round 17
batch: 1319
splitting decisions: 
split level 0: [/input-3, 60] [/input-3, 60] [/input-3, 60] [/input-3, 60] [/input-3, 60] [/input-3, 60] [/input-3, 60] [/input-3, 60] [/input-3, 60] [/input-3, 60] 
best_l after optimization: -161.376708984375
beta sum per layer: [5478.21533203125, 2096.6640625]
alpha/beta optimization time: 0.9323890209197998
pruning_in_iteration open status: True
ratio of positive domain = 1282 / 2638 = 0.48597422289613346
pruning-in-iteration extra time: 0.03784346580505371
torch.Size([2638, 1])
Time: prepare 0.0689    bound 0.9337    transfer 0.0016    finalize 0.0233    func 1.0299    
Accumulated time: func 12.1223    prepare 0.6238    bound 11.3164    transfer 0.0437    finalize 0.2000    
max lb tensor(9.99999975e-05) min lb tensor(-0.47903132)
Number of Verified Splits: 1282 of 2638
Current worst splitting domains lb-rhs (depth):
-0.47903 (21), -0.43827 (21), -0.43631 (21), -0.43069 (22), -0.42060 (21), -0.39177 (22), -0.39098 (22), -0.37302 (22), -0.37049 (22), -0.36894 (21), -0.36725 (22), -0.36713 (22), -0.36578 (22), -0.36324 (21), -0.35963 (22), -0.35770 (22), -0.34697 (22), -0.34636 (21), -0.34093 (22), -0.33964 (21), 
Length of domains: 1356
Current (lb-rhs): -0.4790313243865967
20342 domains visited
Time: pickout 0.2044    decision 0.3059    set_bounds 0.0757    solve 1.0319    add 0.0038    
Accumulated time: pickout 1.3746    decision 4.0013    set_bounds 0.5991    solve 12.1481    add 0.0602    
Cumulative time: 18.26375961303711

BaB round 18
batch: 1356
splitting decisions: 
split level 0: [/input, 194] [/input-3, 48] [/input, 235] [/input, 235] [/input, 235] [/input, 235] [/input, 235] [/input, 235] [/input, 235] [/input, 235] 
best_l after optimization: -114.48042297363281
beta sum per layer: [5198.0546875, 2039.124755859375]
alpha/beta optimization time: 0.8161373138427734
pruning_in_iteration open status: True
ratio of positive domain = 1469 / 2712 = 0.5416666666666667
pruning-in-iteration extra time: 0.03535270690917969
torch.Size([2712, 1])
Time: prepare 0.0859    bound 0.8179    transfer 0.0016    finalize 0.0218    func 0.9275    
Accumulated time: func 13.0497    prepare 0.7136    bound 12.1343    transfer 0.0453    finalize 0.2218    
max lb tensor(9.99999975e-05) min lb tensor(-0.43170726)
Number of Verified Splits: 1469 of 2712
Current worst splitting domains lb-rhs (depth):
-0.43171 (22), -0.39031 (22), -0.38849 (22), -0.38259 (23), -0.37391 (22), -0.34637 (23), -0.34451 (23), -0.34352 (23), -0.33174 (23), -0.32764 (23), -0.32492 (23), -0.32063 (22), -0.32026 (23), -0.31842 (23), -0.31510 (22), -0.31366 (23), -0.31140 (23), -0.30888 (23), -0.30808 (23), -0.30701 (23), 
Length of domains: 1243
Current (lb-rhs): -0.4317072629928589
23054 domains visited
Time: pickout 0.1971    decision 0.3813    set_bounds 0.0933    solve 0.9298    add 0.0032    
Accumulated time: pickout 1.5717    decision 4.3826    set_bounds 0.6924    solve 13.0779    add 0.0634    
Cumulative time: 19.876973390579224

BaB round 19
batch: 1243
splitting decisions: 
split level 0: [/input-3, 48] [/input-3, 68] [/input-3, 68] [/input-3, 68] [/input-3, 48] [/input-3, 48] [/input-3, 48] [/input-3, 48] [/input-3, 68] [/input, 239] 
best_l after optimization: -76.60011291503906
beta sum per layer: [4362.21435546875, 1745.7998046875]
alpha/beta optimization time: 0.8041636943817139
pruning_in_iteration open status: True
ratio of positive domain = 1532 / 2486 = 0.6162510056315367
pruning-in-iteration extra time: 0.03655052185058594
torch.Size([2486, 1])
Time: prepare 0.0675    bound 0.8056    transfer 0.0018    finalize 0.0205    func 0.8980    
Accumulated time: func 13.9478    prepare 0.7857    bound 12.9399    transfer 0.0470    finalize 0.2423    
max lb tensor(9.99999975e-05) min lb tensor(-0.38396573)
Number of Verified Splits: 1532 of 2486
Current worst splitting domains lb-rhs (depth):
-0.38397 (23), -0.34448 (23), -0.34291 (23), -0.34218 (24), -0.34088 (23), -0.32615 (23), -0.30818 (24), -0.30707 (24), -0.30069 (24), -0.29402 (24), -0.28831 (23), -0.28825 (23), -0.28617 (23), -0.28486 (24), -0.28262 (24), -0.28166 (24), -0.27458 (24), -0.27373 (23), -0.27262 (24), -0.27164 (24), 
Length of domains: 954
Current (lb-rhs): -0.38396573066711426
25540 domains visited
Time: pickout 0.1773    decision 0.2496    set_bounds 0.0691    solve 0.9005    add 0.0024    
Accumulated time: pickout 1.7490    decision 4.6322    set_bounds 0.7615    solve 13.9783    add 0.0658    
Cumulative time: 21.282649755477905

BaB round 20
batch: 954
splitting decisions: 
split level 0: [/input, 145] [/input, 145] [/input, 145] [/input, 145] [/input, 145] [/input, 145] [/input, 145] [/input, 138] [/input, 145] [/input, 145] 
best_l after optimization: -45.39509582519531
beta sum per layer: [2748.0654296875, 1165.0692138671875]
alpha/beta optimization time: 0.8295347690582275
pruning_in_iteration open status: True
ratio of positive domain = 1251 / 1908 = 0.6556603773584906
pruning-in-iteration extra time: 0.03725099563598633
torch.Size([1908, 1])
Time: prepare 0.0500    bound 0.8315    transfer 0.0026    finalize 0.0159    func 0.9002    
Accumulated time: func 14.8480    prepare 0.8394    bound 13.7714    transfer 0.0496    finalize 0.2582    
max lb tensor(9.99999975e-05) min lb tensor(-0.34381509)
Number of Verified Splits: 1251 of 1908
Current worst splitting domains lb-rhs (depth):
-0.34382 (24), -0.31273 (25), -0.30427 (24), -0.30240 (24), -0.28419 (24), -0.28210 (25), -0.28147 (25), -0.27520 (25), -0.26316 (25), -0.25633 (25), -0.25448 (25), -0.25220 (25), -0.25042 (25), -0.24733 (25), -0.24063 (25), -0.23554 (25), -0.23327 (24), -0.23030 (25), -0.22789 (24), -0.22732 (24), 
Length of domains: 657
Current (lb-rhs): -0.3438150882720947
27448 domains visited
Time: pickout 0.1257    decision 0.1978    set_bounds 0.0550    solve 0.9017    add 0.0042    
Accumulated time: pickout 1.8747    decision 4.8300    set_bounds 0.8165    solve 14.8800    add 0.0700    
Cumulative time: 22.57572627067566

BaB round 21
batch: 657
splitting decisions: 
split level 0: [/input, 143] [/input, 143] [/input, 143] [/input, 143] [/input, 143] [/input, 143] [/input, 143] [/input, 145] [/input, 143] [/input, 194] 
best_l after optimization: -28.028682708740234
beta sum per layer: [1522.640380859375, 794.7794189453125]
alpha/beta optimization time: 1.134429931640625
pruning_in_iteration open status: True
ratio of positive domain = 829 / 1314 = 0.6308980213089802
pruning-in-iteration extra time: 0.054317474365234375
torch.Size([1314, 1])
Time: prepare 0.0344    bound 1.1360    transfer 0.0009    finalize 0.0114    func 1.1833    
Accumulated time: func 16.0313    prepare 0.8775    bound 14.9074    transfer 0.0505    finalize 0.2696    
max lb tensor(9.99999975e-05) min lb tensor(-0.31476676)
Number of Verified Splits: 829 of 1314
Current worst splitting domains lb-rhs (depth):
-0.31477 (25), -0.27470 (26), -0.27150 (25), -0.26957 (25), -0.25523 (25), -0.25386 (26), -0.25316 (26), -0.24088 (26), -0.23742 (26), -0.23206 (26), -0.22892 (26), -0.22639 (26), -0.22433 (26), -0.21651 (26), -0.21389 (26), -0.21236 (26), -0.20749 (26), -0.20743 (26), -0.20140 (26), -0.20071 (25), 
Length of domains: 485
Current (lb-rhs): -0.3147667646408081
28762 domains visited
Time: pickout 0.0986    decision 0.1575    set_bounds 0.0438    solve 1.1869    add 0.0031    
Accumulated time: pickout 1.9732    decision 4.9874    set_bounds 0.8604    solve 16.0669    add 0.0731    
Cumulative time: 24.071367263793945

BaB round 22
batch: 485
splitting decisions: 
split level 0: [/input, 33] [/input, 56] [/input, 33] [/input, 33] [/input, 56] [/input, 56] [/input, 56] [/input, 56] [/input, 56] [/input, 56] 
best_l after optimization: -16.64809799194336
beta sum per layer: [1033.40185546875, 553.2145385742188]
alpha/beta optimization time: 0.825810432434082
pruning_in_iteration open status: True
ratio of positive domain = 656 / 970 = 0.6762886597938145
pruning-in-iteration extra time: 0.03202390670776367
torch.Size([970, 1])
Time: prepare 0.0425    bound 0.8271    transfer 0.0010    finalize 0.0077    func 0.8785    
Accumulated time: func 16.9098    prepare 0.9236    bound 15.7345    transfer 0.0515    finalize 0.2773    
max lb tensor(9.99999975e-05) min lb tensor(-0.27760005)
Number of Verified Splits: 656 of 970
Current worst splitting domains lb-rhs (depth):
-0.27760 (26), -0.24318 (27), -0.23639 (26), -0.23424 (26), -0.22271 (27), -0.22186 (27), -0.22128 (27), -0.21856 (27), -0.21722 (26), -0.20728 (27), -0.20547 (26), -0.20363 (27), -0.19451 (27), -0.19431 (27), -0.19215 (27), -0.18940 (27), -0.18375 (27), -0.18189 (27), -0.18088 (27), -0.17820 (27), 
Length of domains: 314
Current (lb-rhs): -0.2776000499725342
29732 domains visited
Time: pickout 0.0786    decision 0.1444    set_bounds 0.0502    solve 0.8795    add 0.0015    
Accumulated time: pickout 2.0518    decision 5.1319    set_bounds 0.9105    solve 16.9465    add 0.0746    
Cumulative time: 25.22862720489502

BaB round 23
batch: 314
splitting decisions: 
split level 0: [/input, 56] [/input, 55] [/input, 33] [/input, 33] [/input, 194] [/input, 138] [/input, 194] [/input, 194] [/input, 56] [/input, 138] 
best_l after optimization: -10.71049976348877
beta sum per layer: [721.765625, 351.3789978027344]
alpha/beta optimization time: 0.7073314189910889
pruning_in_iteration open status: True
ratio of positive domain = 442 / 628 = 0.7038216560509554
pruning-in-iteration extra time: 0.03140902519226074
torch.Size([628, 1])
Time: prepare 0.0191    bound 0.7092    transfer 0.0021    finalize 0.0110    func 0.7414    
Accumulated time: func 17.6513    prepare 0.9449    bound 16.4437    transfer 0.0535    finalize 0.2883    
max lb tensor(9.99999975e-05) min lb tensor(-0.24563146)
Number of Verified Splits: 442 of 628
Current worst splitting domains lb-rhs (depth):
-0.24563 (27), -0.21335 (28), -0.20508 (28), -0.20350 (28), -0.20271 (27), -0.20084 (27), -0.19331 (28), -0.18960 (28), -0.18503 (27), -0.17927 (28), -0.17562 (28), -0.17116 (28), -0.16899 (28), -0.16666 (27), -0.16553 (28), -0.16113 (28), -0.15694 (28), -0.15182 (28), -0.15180 (28), -0.15054 (28), 
Length of domains: 186
Current (lb-rhs): -0.24563145637512207
30360 domains visited
Time: pickout 0.0427    decision 0.0724    set_bounds 0.0173    solve 0.7432    add 0.0023    
Accumulated time: pickout 2.0945    decision 5.2043    set_bounds 0.9278    solve 17.6897    add 0.0769    
Cumulative time: 26.108150243759155

BaB round 24
batch: 186
splitting decisions: 
split level 0: [/input, 55] [/input, 55] [/input-3, 77] [/input-3, 77] [/input-3, 77] [/input-3, 77] [/input-3, 77] [/input-3, 77] [/input-3, 77] [/input-3, 77] 
best_l after optimization: -7.137018203735352
beta sum per layer: [523.8917236328125, 153.34686279296875]
alpha/beta optimization time: 0.6477410793304443
pruning_in_iteration open status: True
ratio of positive domain = 252 / 372 = 0.6774193548387097
pruning-in-iteration extra time: 0.03749370574951172
torch.Size([372, 1])
Time: prepare 0.0125    bound 0.6495    transfer 0.0009    finalize 0.0050    func 0.6682    
Accumulated time: func 18.3194    prepare 0.9627    bound 17.0932    transfer 0.0545    finalize 0.2933    
max lb tensor(9.99999975e-05) min lb tensor(-0.21551228)
Number of Verified Splits: 252 of 372
Current worst splitting domains lb-rhs (depth):
-0.21551 (28), -0.18651 (29), -0.18520 (29), -0.18178 (29), -0.17727 (28), -0.17657 (29), -0.17528 (28), -0.17293 (29), -0.16174 (29), -0.15820 (29), -0.15466 (28), -0.15261 (29), -0.15031 (29), -0.14771 (29), -0.14379 (29), -0.13978 (29), -0.13922 (28), -0.13467 (29), -0.12844 (29), -0.12493 (29), 
Length of domains: 120
Current (lb-rhs): -0.21551227569580078
30732 domains visited
Time: pickout 0.0343    decision 0.2163    set_bounds 0.0109    solve 0.6690    add 0.0018    
Accumulated time: pickout 2.1288    decision 5.4206    set_bounds 0.9387    solve 18.3587    add 0.0787    
Time out!!!!!!!!
Result: unknown in 30.2592 seconds

 %%%%%%%%%%%%%%%%%%%%%%%%%%%%%%%%%%% idx: 79, vnnlib ID: 79 %%%%%%%%%%%%%%%%%%%%%%%%%%%%%%%%%%%
Finished vnnlib processing in 0.003302 seconds
Model: BoundedModule(
  (/0): BoundInput(name=/0, inputs=[], perturbed=True)
  (/7): BoundParams(name=/7, inputs=[], perturbed=False)
  (/8): BoundParams(name=/8, inputs=[], perturbed=False)
  (/9): BoundParams(name=/9, inputs=[], perturbed=False)
  (/10): BoundParams(name=/10, inputs=[], perturbed=False)
  (/11): BoundParams(name=/11, inputs=[], perturbed=False)
  (/12): BoundParams(name=/12, inputs=[], perturbed=False)
  (/13): BoundFlatten(name=/13, inputs=[/0], perturbed=True)
  (/input): BoundLinear(name=/input, inputs=[/13, /7, /8], perturbed=True)
  (/15): BoundRelu(name=/15, inputs=[/input], perturbed=True)
  (/input-3): BoundLinear(name=/input-3, inputs=[/15, /9, /10], perturbed=True)
  (/17): BoundRelu(name=/17, inputs=[/input-3], perturbed=True)
  (/18): BoundLinear(name=/18, inputs=[/17, /11, /12], perturbed=True)
)
Original output in the first batch: tensor([[ -4.75340748,  -3.62604618,   1.52733850,   1.21014273,  -6.64585495,
          -7.59498692, -21.33079147,  10.90746880,   0.14089027,  -1.20119345]],
       device='cuda:0')
Split layers:
Nonlinear functions:
   BoundRelu(name=/15, inputs=[/input], perturbed=True)
   BoundRelu(name=/17, inputs=[/input-3], perturbed=True)
build batch [1/1]
layer /15 using sparse-features alpha with shape [53]; unstable size 53; total size 256 ([1, 256])
layer /15 start_node /input-3 using sparse-spec alpha [2, 24, 1, 53] with unstable size 23 total_size 128 output_shape torch.Size([128])
layer /15 start_node /18 using full alpha [2, 9, 1, 53] with unstable size None total_size 9 output_shape 9
layer /17 using sparse-features alpha with shape [23]; unstable size 23; total size 128 ([1, 128])
layer /17 start_node /18 using full alpha [2, 9, 1, 23] with unstable size None total_size 9 output_shape 9
Optimizable variables initialized.
initial CROWN bounds (first 10 items): [11.452367782592773, 11.558399200439453, 5.10565710067749, 6.2903971672058105, 14.193313598632812, 13.80505657196045, 26.45291519165039, 6.057900428771973, 8.607189178466797]
Verified with initial CROWN!
verified with init bound!
Result: safe-incomplete in 0.1092 seconds

 %%%%%%%%%%%%%%%%%%%%%%%%%%%%%%%%%%% idx: 80, vnnlib ID: 80 %%%%%%%%%%%%%%%%%%%%%%%%%%%%%%%%%%%
Finished vnnlib processing in 0.002645 seconds
Model: BoundedModule(
  (/0): BoundInput(name=/0, inputs=[], perturbed=True)
  (/7): BoundParams(name=/7, inputs=[], perturbed=False)
  (/8): BoundParams(name=/8, inputs=[], perturbed=False)
  (/9): BoundParams(name=/9, inputs=[], perturbed=False)
  (/10): BoundParams(name=/10, inputs=[], perturbed=False)
  (/11): BoundParams(name=/11, inputs=[], perturbed=False)
  (/12): BoundParams(name=/12, inputs=[], perturbed=False)
  (/13): BoundFlatten(name=/13, inputs=[/0], perturbed=True)
  (/input): BoundLinear(name=/input, inputs=[/13, /7, /8], perturbed=True)
  (/15): BoundRelu(name=/15, inputs=[/input], perturbed=True)
  (/input-3): BoundLinear(name=/input-3, inputs=[/15, /9, /10], perturbed=True)
  (/17): BoundRelu(name=/17, inputs=[/input-3], perturbed=True)
  (/18): BoundLinear(name=/18, inputs=[/17, /11, /12], perturbed=True)
)
Original output in the first batch: tensor([[ -1.39256644,  -3.07094979,  -4.68531466,  -4.28303385,  -0.76768941,
          -1.41510248, -11.53651524,   8.35695457,  -5.85941267,   2.66713977]],
       device='cuda:0')
Split layers:
Nonlinear functions:
   BoundRelu(name=/15, inputs=[/input], perturbed=True)
   BoundRelu(name=/17, inputs=[/input-3], perturbed=True)
build batch [1/1]
layer /15 using sparse-features alpha with shape [80]; unstable size 80; total size 256 ([1, 256])
layer /15 start_node /input-3 using sparse-spec alpha [2, 40, 1, 80] with unstable size 39 total_size 128 output_shape torch.Size([128])
layer /15 start_node /18 using full alpha [2, 9, 1, 80] with unstable size None total_size 9 output_shape 9
layer /17 using sparse-features alpha with shape [39]; unstable size 39; total size 128 ([1, 128])
layer /17 start_node /18 using full alpha [2, 9, 1, 39] with unstable size None total_size 9 output_shape 9
Optimizable variables initialized.
initial CROWN bounds (first 10 items): [5.394162178039551, 7.129678726196289, 8.423272132873535, 7.930899620056152, 3.3225388526916504, 3.4672372341156006, 13.452286720275879, 8.607248306274414, 0.5304572582244873]
Verified with initial CROWN!
verified with init bound!
Result: safe-incomplete in 0.1105 seconds

 %%%%%%%%%%%%%%%%%%%%%%%%%%%%%%%%%%% idx: 81, vnnlib ID: 81 %%%%%%%%%%%%%%%%%%%%%%%%%%%%%%%%%%%
Finished vnnlib processing in 0.003173 seconds
Model: BoundedModule(
  (/0): BoundInput(name=/0, inputs=[], perturbed=True)
  (/7): BoundParams(name=/7, inputs=[], perturbed=False)
  (/8): BoundParams(name=/8, inputs=[], perturbed=False)
  (/9): BoundParams(name=/9, inputs=[], perturbed=False)
  (/10): BoundParams(name=/10, inputs=[], perturbed=False)
  (/11): BoundParams(name=/11, inputs=[], perturbed=False)
  (/12): BoundParams(name=/12, inputs=[], perturbed=False)
  (/13): BoundFlatten(name=/13, inputs=[/0], perturbed=True)
  (/input): BoundLinear(name=/input, inputs=[/13, /7, /8], perturbed=True)
  (/15): BoundRelu(name=/15, inputs=[/input], perturbed=True)
  (/input-3): BoundLinear(name=/input-3, inputs=[/15, /9, /10], perturbed=True)
  (/17): BoundRelu(name=/17, inputs=[/input-3], perturbed=True)
  (/18): BoundLinear(name=/18, inputs=[/17, /11, /12], perturbed=True)
)
Original output in the first batch: tensor([[ 0.60199678, -2.19489813, -1.06817734, -7.15759611, -2.90779138,
         -0.78798974,  5.36109734, -4.61225271, -2.20505452, -0.11808200]],
       device='cuda:0')
Split layers:
Nonlinear functions:
   BoundRelu(name=/15, inputs=[/input], perturbed=True)
   BoundRelu(name=/17, inputs=[/input-3], perturbed=True)
build batch [1/1]
layer /15 using sparse-features alpha with shape [74]; unstable size 74; total size 256 ([1, 256])
layer /15 start_node /input-3 using sparse-spec alpha [2, 44, 1, 74] with unstable size 43 total_size 128 output_shape torch.Size([128])
layer /15 start_node /18 using full alpha [2, 9, 1, 74] with unstable size None total_size 9 output_shape 9
layer /17 using sparse-features alpha with shape [43]; unstable size 43; total size 128 ([1, 128])
layer /17 start_node /18 using full alpha [2, 9, 1, 43] with unstable size None total_size 9 output_shape 9
Optimizable variables initialized.
initial CROWN bounds (first 10 items): [0.3698984384536743, 2.3784892559051514, 0.41228699684143066, 6.3906097412109375, 2.836027145385742, 0.8270306587219238, 3.2733042240142822, 2.768367052078247, -0.7659101486206055]
prune_after_crown optimization in use
  original spec size = torch.Size([1, 9])
  pruned spec size = torch.Size([1, 1])
Using alpha-CROWN to initialize bounds.
best_l after optimization: -0.3793518543243408
alpha/beta optimization time: 1.4544930458068848
initial alpha-crown bounds (first 10 items): [-0.3793518543243408]
Global lower bound: -0.3793518543243408
torch.Size([1, 1])
8 / 9 OR specs are verified.
Verified OR indices (first 10 items): [0, 1, 2, 3, 4, 5, 6, 7]
Verified OR lbs (first 10 items): [[inf], [inf], [inf], [inf], [inf], [inf], [inf], [inf]]
Unverified OR indices (first 10 items): [8]
Unverified OR lbs (first 10 items): [[-0.3793518543243408]]
###### Verifying property Instance 81 ######
Batch size: 1
First 10 spec matrices
C: tensor([[[ 0.,  0.,  0.,  0.,  0.,  0.,  1.,  0.,  0., -1.]]], device='cuda:0')
RHS: tensor([[0.]], device='cuda:0')
OR spec sizes: tensor([1], device='cuda:0', dtype=torch.int32)
Remaining timeout: 28.315993070602417
Model prediction is: tensor([ 0.60199678, -2.19489813, -1.06817734, -7.15759611, -2.90779138,
        -0.78798974,  5.36109734, -4.61225271, -2.20505452, -0.11808200],
       device='cuda:0')
Activation BaB batch 1/1 
build_with_refined_bounds batch [1/1]
Optimizable variables initialized.
all alpha initialized
directly get lb and ub from refined bounds
c shape: torch.Size([1, 1, 10])
lA shapes: [torch.Size([1, 1, 256]), torch.Size([1, 1, 128])]
torch.Size([1, 1])
(alpha-)CROWN with fixed intermediate bounds: tensor([[-0.37935185]], device='cuda:0') tensor([[inf]], device='cuda:0')
Intermediate layers: /input,/input-3
Keeping alphas for these layers: ['/18']
Node /15 input 0: size torch.Size([256]) unstable 74
Node /17 input 0: size torch.Size([128]) unstable 43
-----------------
# of unstable neurons: 117
-----------------

BaB round 1
batch: 1
splitting decisions: 
split level 0: [/input, 125] 
split level 1: [/input, 132] 
split level 2: [/input-3, 119] 
split level 3: [/input-3, 79] 
split level 4: [/input-3, 36] 
split level 5: [/input-3, 14] 

all verified at 0th iter
best_l after optimization: 39.837406158447266
beta sum per layer: [0.0, 0.0]
alpha/beta optimization time: 0.00978851318359375
pruning_in_iteration open status: False
ratio of positive domain = 64 / 64 = 1.0
pruning-in-iteration extra time: 0.00038361549377441406
torch.Size([64, 1])
Time: prepare 0.0027    bound 0.0110    transfer 0.0013    finalize 0.0065    func 0.0217    
Accumulated time: func 0.0217    prepare 0.0142    bound 0.0110    transfer 0.0013    finalize 0.0065    
max lb tensor(1.05460393) min lb tensor(0.16106606)
Number of Verified Splits: 64 of 64
Length of domains: 0
No domains left, verification finished!
Current (lb-rhs): 1.0000000116860974e-07
64 domains visited
Time: pickout 0.0012    decision 0.0645    set_bounds 0.0059    solve 0.0232    add 0.0004    
Accumulated time: pickout 0.0012    decision 0.0645    set_bounds 0.0059    solve 0.0232    add 0.0004    
Cumulative time: 0.1272718906402588

Result: safe in 1.8171 seconds

 %%%%%%%%%%%%%%%%%%%%%%%%%%%%%%%%%%% idx: 82, vnnlib ID: 82 %%%%%%%%%%%%%%%%%%%%%%%%%%%%%%%%%%%
Finished vnnlib processing in 0.008489 seconds
Model: BoundedModule(
  (/0): BoundInput(name=/0, inputs=[], perturbed=True)
  (/7): BoundParams(name=/7, inputs=[], perturbed=False)
  (/8): BoundParams(name=/8, inputs=[], perturbed=False)
  (/9): BoundParams(name=/9, inputs=[], perturbed=False)
  (/10): BoundParams(name=/10, inputs=[], perturbed=False)
  (/11): BoundParams(name=/11, inputs=[], perturbed=False)
  (/12): BoundParams(name=/12, inputs=[], perturbed=False)
  (/13): BoundFlatten(name=/13, inputs=[/0], perturbed=True)
  (/input): BoundLinear(name=/input, inputs=[/13, /7, /8], perturbed=True)
  (/15): BoundRelu(name=/15, inputs=[/input], perturbed=True)
  (/input-3): BoundLinear(name=/input-3, inputs=[/15, /9, /10], perturbed=True)
  (/17): BoundRelu(name=/17, inputs=[/input-3], perturbed=True)
  (/18): BoundLinear(name=/18, inputs=[/17, /11, /12], perturbed=True)
)
Original output in the first batch: tensor([[-3.20955515, -0.45353636, 13.29957581,  0.23680535, -4.59351826,
         -8.87521267, -8.92163563, -0.11306100, -0.18337712, -8.53866386]],
       device='cuda:0')
Split layers:
Nonlinear functions:
   BoundRelu(name=/15, inputs=[/input], perturbed=True)
   BoundRelu(name=/17, inputs=[/input-3], perturbed=True)
build batch [1/1]
layer /15 using sparse-features alpha with shape [53]; unstable size 53; total size 256 ([1, 256])
layer /15 start_node /input-3 using sparse-spec alpha [2, 26, 1, 53] with unstable size 25 total_size 128 output_shape torch.Size([128])
layer /15 start_node /18 using full alpha [2, 9, 1, 53] with unstable size None total_size 9 output_shape 9
layer /17 using sparse-features alpha with shape [25]; unstable size 25; total size 128 ([1, 128])
layer /17 start_node /18 using full alpha [2, 9, 1, 25] with unstable size None total_size 9 output_shape 9
Optimizable variables initialized.
initial CROWN bounds (first 10 items): [13.504902839660645, 11.710976600646973, 10.65869426727295, 13.913142204284668, 18.596920013427734, 18.730148315429688, 10.456825256347656, 10.463400840759277, 17.715465545654297]
Verified with initial CROWN!
verified with init bound!
Result: safe-incomplete in 0.3821 seconds

 %%%%%%%%%%%%%%%%%%%%%%%%%%%%%%%%%%% idx: 83, vnnlib ID: 83 %%%%%%%%%%%%%%%%%%%%%%%%%%%%%%%%%%%
Finished vnnlib processing in 0.009117 seconds
Model: BoundedModule(
  (/0): BoundInput(name=/0, inputs=[], perturbed=True)
  (/7): BoundParams(name=/7, inputs=[], perturbed=False)
  (/8): BoundParams(name=/8, inputs=[], perturbed=False)
  (/9): BoundParams(name=/9, inputs=[], perturbed=False)
  (/10): BoundParams(name=/10, inputs=[], perturbed=False)
  (/11): BoundParams(name=/11, inputs=[], perturbed=False)
  (/12): BoundParams(name=/12, inputs=[], perturbed=False)
  (/13): BoundFlatten(name=/13, inputs=[/0], perturbed=True)
  (/input): BoundLinear(name=/input, inputs=[/13, /7, /8], perturbed=True)
  (/15): BoundRelu(name=/15, inputs=[/input], perturbed=True)
  (/input-3): BoundLinear(name=/input-3, inputs=[/15, /9, /10], perturbed=True)
  (/17): BoundRelu(name=/17, inputs=[/input-3], perturbed=True)
  (/18): BoundLinear(name=/18, inputs=[/17, /11, /12], perturbed=True)
)
Original output in the first batch: tensor([[ -1.40589726,  -3.36110067,  -2.58059096,  -2.80342126,  -3.18315172,
          -2.73263025, -13.23323345,  10.77332020,  -5.11441278,   1.80569828]],
       device='cuda:0')
Split layers:
Nonlinear functions:
   BoundRelu(name=/15, inputs=[/input], perturbed=True)
   BoundRelu(name=/17, inputs=[/input-3], perturbed=True)
build batch [1/1]
layer /15 using sparse-features alpha with shape [58]; unstable size 58; total size 256 ([1, 256])
layer /15 start_node /input-3 using sparse-spec alpha [2, 37, 1, 58] with unstable size 36 total_size 128 output_shape torch.Size([128])
layer /15 start_node /18 using full alpha [2, 9, 1, 58] with unstable size None total_size 9 output_shape 9
layer /17 using sparse-features alpha with shape [36]; unstable size 36; total size 128 ([1, 128])
layer /17 start_node /18 using full alpha [2, 9, 1, 36] with unstable size None total_size 9 output_shape 9
Optimizable variables initialized.
initial CROWN bounds (first 10 items): [7.6534271240234375, 10.041377067565918, 9.04275131225586, 8.895323753356934, 8.736705780029297, 7.615967750549316, 17.334121704101562, 10.467780113220215, 4.651334762573242]
Verified with initial CROWN!
verified with init bound!
Result: safe-incomplete in 0.3354 seconds

 %%%%%%%%%%%%%%%%%%%%%%%%%%%%%%%%%%% idx: 84, vnnlib ID: 84 %%%%%%%%%%%%%%%%%%%%%%%%%%%%%%%%%%%
Finished vnnlib processing in 0.008423 seconds
Model: BoundedModule(
  (/0): BoundInput(name=/0, inputs=[], perturbed=True)
  (/7): BoundParams(name=/7, inputs=[], perturbed=False)
  (/8): BoundParams(name=/8, inputs=[], perturbed=False)
  (/9): BoundParams(name=/9, inputs=[], perturbed=False)
  (/10): BoundParams(name=/10, inputs=[], perturbed=False)
  (/11): BoundParams(name=/11, inputs=[], perturbed=False)
  (/12): BoundParams(name=/12, inputs=[], perturbed=False)
  (/13): BoundFlatten(name=/13, inputs=[/0], perturbed=True)
  (/input): BoundLinear(name=/input, inputs=[/13, /7, /8], perturbed=True)
  (/15): BoundRelu(name=/15, inputs=[/input], perturbed=True)
  (/input-3): BoundLinear(name=/input-3, inputs=[/15, /9, /10], perturbed=True)
  (/17): BoundRelu(name=/17, inputs=[/input-3], perturbed=True)
  (/18): BoundLinear(name=/18, inputs=[/17, /11, /12], perturbed=True)
)
Original output in the first batch: tensor([[-5.69501257, -3.72130895, -3.05451369, -2.32870436, -1.33145070,
          1.09465110, -0.56899285, -6.28319168,  7.19095135, -5.09690046]],
       device='cuda:0')
Split layers:
Nonlinear functions:
   BoundRelu(name=/15, inputs=[/input], perturbed=True)
   BoundRelu(name=/17, inputs=[/input-3], perturbed=True)
build batch [1/1]
layer /15 using sparse-features alpha with shape [72]; unstable size 72; total size 256 ([1, 256])
layer /15 start_node /input-3 using sparse-spec alpha [2, 33, 1, 72] with unstable size 32 total_size 128 output_shape torch.Size([128])
layer /15 start_node /18 using full alpha [2, 9, 1, 72] with unstable size None total_size 9 output_shape 9
layer /17 using sparse-features alpha with shape [32]; unstable size 32; total size 128 ([1, 128])
layer /17 start_node /18 using full alpha [2, 9, 1, 32] with unstable size None total_size 9 output_shape 9
Optimizable variables initialized.
initial CROWN bounds (first 10 items): [9.811293601989746, 7.885499954223633, 6.5148701667785645, 6.191190242767334, 4.4166083335876465, 1.5688714981079102, 4.374183177947998, 9.296404838562012, 8.52392864227295]
Verified with initial CROWN!
verified with init bound!
Result: safe-incomplete in 0.3174 seconds

 %%%%%%%%%%%%%%%%%%%%%%%%%%%%%%%%%%% idx: 85, vnnlib ID: 85 %%%%%%%%%%%%%%%%%%%%%%%%%%%%%%%%%%%
Finished vnnlib processing in 0.008224 seconds
Model: BoundedModule(
  (/0): BoundInput(name=/0, inputs=[], perturbed=True)
  (/7): BoundParams(name=/7, inputs=[], perturbed=False)
  (/8): BoundParams(name=/8, inputs=[], perturbed=False)
  (/9): BoundParams(name=/9, inputs=[], perturbed=False)
  (/10): BoundParams(name=/10, inputs=[], perturbed=False)
  (/11): BoundParams(name=/11, inputs=[], perturbed=False)
  (/12): BoundParams(name=/12, inputs=[], perturbed=False)
  (/13): BoundFlatten(name=/13, inputs=[/0], perturbed=True)
  (/input): BoundLinear(name=/input, inputs=[/13, /7, /8], perturbed=True)
  (/15): BoundRelu(name=/15, inputs=[/input], perturbed=True)
  (/input-3): BoundLinear(name=/input-3, inputs=[/15, /9, /10], perturbed=True)
  (/17): BoundRelu(name=/17, inputs=[/input-3], perturbed=True)
  (/18): BoundLinear(name=/18, inputs=[/17, /11, /12], perturbed=True)
)
Original output in the first batch: tensor([[-12.78998470,  -5.80758095,  -9.17274475,  -8.48033524,  17.41563797,
          -1.49576938, -10.67071819,  -4.92643356,  -3.26440597,   1.22844446]],
       device='cuda:0')
Split layers:
Nonlinear functions:
   BoundRelu(name=/15, inputs=[/input], perturbed=True)
   BoundRelu(name=/17, inputs=[/input-3], perturbed=True)
build batch [1/1]
layer /15 using sparse-features alpha with shape [42]; unstable size 42; total size 256 ([1, 256])
layer /15 start_node /input-3 using sparse-spec alpha [2, 24, 1, 42] with unstable size 23 total_size 128 output_shape torch.Size([128])
layer /15 start_node /18 using full alpha [2, 9, 1, 42] with unstable size None total_size 9 output_shape 9
layer /17 using sparse-features alpha with shape [23]; unstable size 23; total size 128 ([1, 128])
layer /17 start_node /18 using full alpha [2, 9, 1, 23] with unstable size None total_size 9 output_shape 9
Optimizable variables initialized.
initial CROWN bounds (first 10 items): [26.547286987304688, 20.459346771240234, 23.10021209716797, 21.500198364257812, 14.56552791595459, 23.977916717529297, 19.349891662597656, 16.492822647094727, 12.689000129699707]
Verified with initial CROWN!
verified with init bound!
Result: safe-incomplete in 0.3306 seconds

 %%%%%%%%%%%%%%%%%%%%%%%%%%%%%%%%%%% idx: 86, vnnlib ID: 86 %%%%%%%%%%%%%%%%%%%%%%%%%%%%%%%%%%%
Finished vnnlib processing in 0.007820 seconds
Model: BoundedModule(
  (/0): BoundInput(name=/0, inputs=[], perturbed=True)
  (/7): BoundParams(name=/7, inputs=[], perturbed=False)
  (/8): BoundParams(name=/8, inputs=[], perturbed=False)
  (/9): BoundParams(name=/9, inputs=[], perturbed=False)
  (/10): BoundParams(name=/10, inputs=[], perturbed=False)
  (/11): BoundParams(name=/11, inputs=[], perturbed=False)
  (/12): BoundParams(name=/12, inputs=[], perturbed=False)
  (/13): BoundFlatten(name=/13, inputs=[/0], perturbed=True)
  (/input): BoundLinear(name=/input, inputs=[/13, /7, /8], perturbed=True)
  (/15): BoundRelu(name=/15, inputs=[/input], perturbed=True)
  (/input-3): BoundLinear(name=/input-3, inputs=[/15, /9, /10], perturbed=True)
  (/17): BoundRelu(name=/17, inputs=[/input-3], perturbed=True)
  (/18): BoundLinear(name=/18, inputs=[/17, /11, /12], perturbed=True)
)
Original output in the first batch: tensor([[ -3.50205660,  -2.21142197,   2.07468510,   0.67200857,  -8.10237408,
          -6.72087860, -16.77965355,  10.61212063,  -0.59182340,  -2.57198954]],
       device='cuda:0')
Split layers:
Nonlinear functions:
   BoundRelu(name=/15, inputs=[/input], perturbed=True)
   BoundRelu(name=/17, inputs=[/input-3], perturbed=True)
build batch [1/1]
layer /15 using sparse-features alpha with shape [56]; unstable size 56; total size 256 ([1, 256])
layer /15 start_node /input-3 using sparse-spec alpha [2, 28, 1, 56] with unstable size 27 total_size 128 output_shape torch.Size([128])
layer /15 start_node /18 using full alpha [2, 9, 1, 56] with unstable size None total_size 9 output_shape 9
layer /17 using sparse-features alpha with shape [27]; unstable size 27; total size 128 ([1, 128])
layer /17 start_node /18 using full alpha [2, 9, 1, 27] with unstable size None total_size 9 output_shape 9
Optimizable variables initialized.
initial CROWN bounds (first 10 items): [9.323015213012695, 9.583514213562012, 4.1942315101623535, 6.323519229888916, 14.94515323638916, 12.360271453857422, 20.840059280395508, 6.3451642990112305, 9.123750686645508]
Verified with initial CROWN!
verified with init bound!
Result: safe-incomplete in 0.3276 seconds

 %%%%%%%%%%%%%%%%%%%%%%%%%%%%%%%%%%% idx: 87, vnnlib ID: 87 %%%%%%%%%%%%%%%%%%%%%%%%%%%%%%%%%%%
Finished vnnlib processing in 0.007519 seconds
Model: BoundedModule(
  (/0): BoundInput(name=/0, inputs=[], perturbed=True)
  (/7): BoundParams(name=/7, inputs=[], perturbed=False)
  (/8): BoundParams(name=/8, inputs=[], perturbed=False)
  (/9): BoundParams(name=/9, inputs=[], perturbed=False)
  (/10): BoundParams(name=/10, inputs=[], perturbed=False)
  (/11): BoundParams(name=/11, inputs=[], perturbed=False)
  (/12): BoundParams(name=/12, inputs=[], perturbed=False)
  (/13): BoundFlatten(name=/13, inputs=[/0], perturbed=True)
  (/input): BoundLinear(name=/input, inputs=[/13, /7, /8], perturbed=True)
  (/15): BoundRelu(name=/15, inputs=[/input], perturbed=True)
  (/input-3): BoundLinear(name=/input-3, inputs=[/15, /9, /10], perturbed=True)
  (/17): BoundRelu(name=/17, inputs=[/input-3], perturbed=True)
  (/18): BoundLinear(name=/18, inputs=[/17, /11, /12], perturbed=True)
)
Original output in the first batch: tensor([[ -6.73355198,  -2.17781568,  -1.99822962,   9.94541359,  -5.09470940,
          -0.37450057, -11.21110916,   0.16358061,  -4.12330627,  -1.42412436]],
       device='cuda:0')
Split layers:
Nonlinear functions:
   BoundRelu(name=/15, inputs=[/input], perturbed=True)
   BoundRelu(name=/17, inputs=[/input-3], perturbed=True)
build batch [1/1]
layer /15 using sparse-features alpha with shape [68]; unstable size 68; total size 256 ([1, 256])
layer /15 start_node /input-3 using sparse-spec alpha [2, 43, 1, 68] with unstable size 42 total_size 128 output_shape torch.Size([128])
layer /15 start_node /18 using full alpha [2, 9, 1, 68] with unstable size None total_size 9 output_shape 9
layer /17 using sparse-features alpha with shape [42]; unstable size 42; total size 128 ([1, 128])
layer /17 start_node /18 using full alpha [2, 9, 1, 42] with unstable size None total_size 9 output_shape 9
Optimizable variables initialized.
initial CROWN bounds (first 10 items): [11.269942283630371, 7.734955310821533, 7.522548675537109, 9.19461727142334, 5.83806037902832, 15.281634330749512, 4.250266075134277, 10.70174789428711, 6.668935775756836]
Verified with initial CROWN!
verified with init bound!
Result: safe-incomplete in 0.3140 seconds

 %%%%%%%%%%%%%%%%%%%%%%%%%%%%%%%%%%% idx: 88, vnnlib ID: 88 %%%%%%%%%%%%%%%%%%%%%%%%%%%%%%%%%%%
Finished vnnlib processing in 0.007820 seconds
Model: BoundedModule(
  (/0): BoundInput(name=/0, inputs=[], perturbed=True)
  (/7): BoundParams(name=/7, inputs=[], perturbed=False)
  (/8): BoundParams(name=/8, inputs=[], perturbed=False)
  (/9): BoundParams(name=/9, inputs=[], perturbed=False)
  (/10): BoundParams(name=/10, inputs=[], perturbed=False)
  (/11): BoundParams(name=/11, inputs=[], perturbed=False)
  (/12): BoundParams(name=/12, inputs=[], perturbed=False)
  (/13): BoundFlatten(name=/13, inputs=[/0], perturbed=True)
  (/input): BoundLinear(name=/input, inputs=[/13, /7, /8], perturbed=True)
  (/15): BoundRelu(name=/15, inputs=[/input], perturbed=True)
  (/input-3): BoundLinear(name=/input-3, inputs=[/15, /9, /10], perturbed=True)
  (/17): BoundRelu(name=/17, inputs=[/input-3], perturbed=True)
  (/18): BoundLinear(name=/18, inputs=[/17, /11, /12], perturbed=True)
)
Original output in the first batch: tensor([[ -0.51726097,  -4.02888823,  -2.49721718, -10.29336929,   1.75465465,
          -0.27187997,  11.24418354,  -7.74318409,  -2.48093033,  -7.41745520]],
       device='cuda:0')
Split layers:
Nonlinear functions:
   BoundRelu(name=/15, inputs=[/input], perturbed=True)
   BoundRelu(name=/17, inputs=[/input-3], perturbed=True)
build batch [1/1]
layer /15 using sparse-features alpha with shape [63]; unstable size 63; total size 256 ([1, 256])
layer /15 start_node /input-3 using sparse-spec alpha [2, 26, 1, 63] with unstable size 25 total_size 128 output_shape torch.Size([128])
layer /15 start_node /18 using full alpha [2, 9, 1, 63] with unstable size None total_size 9 output_shape 9
layer /17 using sparse-features alpha with shape [25]; unstable size 25; total size 128 ([1, 128])
layer /17 start_node /18 using full alpha [2, 9, 1, 25] with unstable size None total_size 9 output_shape 9
Optimizable variables initialized.
initial CROWN bounds (first 10 items): [8.527700424194336, 12.339022636413574, 9.877821922302246, 17.257400512695312, 5.182158470153809, 7.473049640655518, 14.801441192626953, 10.079529762268066, 13.776389122009277]
Verified with initial CROWN!
verified with init bound!
Result: safe-incomplete in 0.3258 seconds

 %%%%%%%%%%%%%%%%%%%%%%%%%%%%%%%%%%% idx: 89, vnnlib ID: 89 %%%%%%%%%%%%%%%%%%%%%%%%%%%%%%%%%%%
Finished vnnlib processing in 0.007119 seconds
Model: BoundedModule(
  (/0): BoundInput(name=/0, inputs=[], perturbed=True)
  (/7): BoundParams(name=/7, inputs=[], perturbed=False)
  (/8): BoundParams(name=/8, inputs=[], perturbed=False)
  (/9): BoundParams(name=/9, inputs=[], perturbed=False)
  (/10): BoundParams(name=/10, inputs=[], perturbed=False)
  (/11): BoundParams(name=/11, inputs=[], perturbed=False)
  (/12): BoundParams(name=/12, inputs=[], perturbed=False)
  (/13): BoundFlatten(name=/13, inputs=[/0], perturbed=True)
  (/input): BoundLinear(name=/input, inputs=[/13, /7, /8], perturbed=True)
  (/15): BoundRelu(name=/15, inputs=[/input], perturbed=True)
  (/input-3): BoundLinear(name=/input-3, inputs=[/15, /9, /10], perturbed=True)
  (/17): BoundRelu(name=/17, inputs=[/input-3], perturbed=True)
  (/18): BoundLinear(name=/18, inputs=[/17, /11, /12], perturbed=True)
)
Original output in the first batch: tensor([[-7.66539860,  8.75103951, -1.07795942, -2.84878182, -1.75865102,
         -3.48646903, -5.26888466,  0.05186577, -1.29577744, -8.91123486]],
       device='cuda:0')
Split layers:
Nonlinear functions:
   BoundRelu(name=/15, inputs=[/input], perturbed=True)
   BoundRelu(name=/17, inputs=[/input-3], perturbed=True)
build batch [1/1]
layer /15 using sparse-features alpha with shape [88]; unstable size 88; total size 256 ([1, 256])
layer /15 start_node /input-3 using sparse-spec alpha [2, 44, 1, 88] with unstable size 43 total_size 128 output_shape torch.Size([128])
layer /15 start_node /18 using full alpha [2, 9, 1, 88] with unstable size None total_size 9 output_shape 9
layer /17 using sparse-features alpha with shape [43]; unstable size 43; total size 128 ([1, 128])
layer /17 start_node /18 using full alpha [2, 9, 1, 43] with unstable size None total_size 9 output_shape 9
Optimizable variables initialized.
initial CROWN bounds (first 10 items): [11.163252830505371, 4.185103416442871, 5.926348686218262, 5.059236526489258, 6.175367832183838, 8.21200180053711, 3.9619784355163574, 4.519248962402344, 11.422351837158203]
Verified with initial CROWN!
verified with init bound!
Result: safe-incomplete in 0.3340 seconds

 %%%%%%%%%%%%%%%%%%%%%%%%%%%%%%%%%%% idx: 90, vnnlib ID: 90 %%%%%%%%%%%%%%%%%%%%%%%%%%%%%%%%%%%
Finished vnnlib processing in 0.009285 seconds
Model: BoundedModule(
  (/0): BoundInput(name=/0, inputs=[], perturbed=True)
  (/7): BoundParams(name=/7, inputs=[], perturbed=False)
  (/8): BoundParams(name=/8, inputs=[], perturbed=False)
  (/9): BoundParams(name=/9, inputs=[], perturbed=False)
  (/10): BoundParams(name=/10, inputs=[], perturbed=False)
  (/11): BoundParams(name=/11, inputs=[], perturbed=False)
  (/12): BoundParams(name=/12, inputs=[], perturbed=False)
  (/13): BoundFlatten(name=/13, inputs=[/0], perturbed=True)
  (/input): BoundLinear(name=/input, inputs=[/13, /7, /8], perturbed=True)
  (/15): BoundRelu(name=/15, inputs=[/input], perturbed=True)
  (/input-3): BoundLinear(name=/input-3, inputs=[/15, /9, /10], perturbed=True)
  (/17): BoundRelu(name=/17, inputs=[/input-3], perturbed=True)
  (/18): BoundLinear(name=/18, inputs=[/17, /11, /12], perturbed=True)
)
Original output in the first batch: tensor([[ -2.58037591,  -6.53528786,  -3.40209079,  10.33000374, -10.34586430,
           0.52429467, -13.35416412,  -7.91340351,   2.71459436,   1.26867032]],
       device='cuda:0')
Split layers:
Nonlinear functions:
   BoundRelu(name=/15, inputs=[/input], perturbed=True)
   BoundRelu(name=/17, inputs=[/input-3], perturbed=True)
build batch [1/1]
layer /15 using sparse-features alpha with shape [61]; unstable size 61; total size 256 ([1, 256])
layer /15 start_node /input-3 using sparse-spec alpha [2, 33, 1, 61] with unstable size 32 total_size 128 output_shape torch.Size([128])
layer /15 start_node /18 using full alpha [2, 9, 1, 61] with unstable size None total_size 9 output_shape 9
layer /17 using sparse-features alpha with shape [32]; unstable size 32; total size 128 ([1, 128])
layer /17 start_node /18 using full alpha [2, 9, 1, 32] with unstable size None total_size 9 output_shape 9
Optimizable variables initialized.
initial CROWN bounds (first 10 items): [7.57579231262207, 12.757342338562012, 9.532854080200195, 15.352458953857422, 5.680813789367676, 17.941335678100586, 13.440146446228027, 3.823606014251709, 4.168377876281738]
Verified with initial CROWN!
verified with init bound!
Result: safe-incomplete in 0.3387 seconds

 %%%%%%%%%%%%%%%%%%%%%%%%%%%%%%%%%%% idx: 91, vnnlib ID: 91 %%%%%%%%%%%%%%%%%%%%%%%%%%%%%%%%%%%
Finished vnnlib processing in 0.008770 seconds
Model: BoundedModule(
  (/0): BoundInput(name=/0, inputs=[], perturbed=True)
  (/7): BoundParams(name=/7, inputs=[], perturbed=False)
  (/8): BoundParams(name=/8, inputs=[], perturbed=False)
  (/9): BoundParams(name=/9, inputs=[], perturbed=False)
  (/10): BoundParams(name=/10, inputs=[], perturbed=False)
  (/11): BoundParams(name=/11, inputs=[], perturbed=False)
  (/12): BoundParams(name=/12, inputs=[], perturbed=False)
  (/13): BoundFlatten(name=/13, inputs=[/0], perturbed=True)
  (/input): BoundLinear(name=/input, inputs=[/13, /7, /8], perturbed=True)
  (/15): BoundRelu(name=/15, inputs=[/input], perturbed=True)
  (/input-3): BoundLinear(name=/input-3, inputs=[/15, /9, /10], perturbed=True)
  (/17): BoundRelu(name=/17, inputs=[/input-3], perturbed=True)
  (/18): BoundLinear(name=/18, inputs=[/17, /11, /12], perturbed=True)
)
Original output in the first batch: tensor([[-4.65438843, -1.46351266, -3.54640818, -2.52237296, -3.32734203,
          2.65505481,  8.64562035, -8.75736141, -0.79096800, -6.87836456]],
       device='cuda:0')
Split layers:
Nonlinear functions:
   BoundRelu(name=/15, inputs=[/input], perturbed=True)
   BoundRelu(name=/17, inputs=[/input-3], perturbed=True)
build batch [1/1]
layer /15 using sparse-features alpha with shape [75]; unstable size 75; total size 256 ([1, 256])
layer /15 start_node /input-3 using sparse-spec alpha [2, 39, 1, 75] with unstable size 38 total_size 128 output_shape torch.Size([128])
layer /15 start_node /18 using full alpha [2, 9, 1, 75] with unstable size None total_size 9 output_shape 9
layer /17 using sparse-features alpha with shape [38]; unstable size 38; total size 128 ([1, 128])
layer /17 start_node /18 using full alpha [2, 9, 1, 38] with unstable size None total_size 9 output_shape 9
Optimizable variables initialized.
initial CROWN bounds (first 10 items): [9.466476440429688, 6.079524993896484, 6.699634552001953, 5.458005905151367, 7.063656806945801, 1.342775821685791, 11.884244918823242, 4.821725845336914, 9.535238265991211]
Verified with initial CROWN!
verified with init bound!
Result: safe-incomplete in 0.3213 seconds

 %%%%%%%%%%%%%%%%%%%%%%%%%%%%%%%%%%% idx: 92, vnnlib ID: 92 %%%%%%%%%%%%%%%%%%%%%%%%%%%%%%%%%%%
Finished vnnlib processing in 0.008359 seconds
Model: BoundedModule(
  (/0): BoundInput(name=/0, inputs=[], perturbed=True)
  (/7): BoundParams(name=/7, inputs=[], perturbed=False)
  (/8): BoundParams(name=/8, inputs=[], perturbed=False)
  (/9): BoundParams(name=/9, inputs=[], perturbed=False)
  (/10): BoundParams(name=/10, inputs=[], perturbed=False)
  (/11): BoundParams(name=/11, inputs=[], perturbed=False)
  (/12): BoundParams(name=/12, inputs=[], perturbed=False)
  (/13): BoundFlatten(name=/13, inputs=[/0], perturbed=True)
  (/input): BoundLinear(name=/input, inputs=[/13, /7, /8], perturbed=True)
  (/15): BoundRelu(name=/15, inputs=[/input], perturbed=True)
  (/input-3): BoundLinear(name=/input-3, inputs=[/15, /9, /10], perturbed=True)
  (/17): BoundRelu(name=/17, inputs=[/input-3], perturbed=True)
  (/18): BoundLinear(name=/18, inputs=[/17, /11, /12], perturbed=True)
)
Original output in the first batch: tensor([[-5.68225145, -2.77254486, -3.19437551, -2.91485953,  2.27502441,
         -3.12778306, -7.76349974, -2.45193720, -0.57496959,  6.02535725]],
       device='cuda:0')
Split layers:
Nonlinear functions:
   BoundRelu(name=/15, inputs=[/input], perturbed=True)
   BoundRelu(name=/17, inputs=[/input-3], perturbed=True)
build batch [1/1]
layer /15 using sparse-features alpha with shape [105]; unstable size 105; total size 256 ([1, 256])
layer /15 start_node /input-3 using sparse-spec alpha [2, 61, 1, 105] with unstable size 60 total_size 128 output_shape torch.Size([128])
layer /15 start_node /18 using full alpha [2, 9, 1, 105] with unstable size None total_size 9 output_shape 9
layer /17 using sparse-features alpha with shape [60]; unstable size 60; total size 128 ([1, 128])
layer /17 start_node /18 using full alpha [2, 9, 1, 60] with unstable size None total_size 9 output_shape 9
Optimizable variables initialized.
initial CROWN bounds (first 10 items): [4.016437530517578, 0.3512697219848633, -0.6648411750793457, 0.17299890518188477, -3.3978798389434814, 0.40383195877075195, 3.8277268409729004, -0.37091064453125, -1.2701466083526611]
prune_after_crown optimization in use
  original spec size = torch.Size([1, 9])
  pruned spec size = torch.Size([1, 4])
Using alpha-CROWN to initialize bounds.
Early stop at 65th iter due to 10 iterations no improvement!
best_l after optimization: -4.911340236663818
alpha/beta optimization time: 1.953472375869751
initial alpha-crown bounds (first 10 items): [-0.4905533790588379, -3.081691265106201, -0.1900930404663086, -1.1490025520324707]
Global lower bound: -3.081691265106201
torch.Size([1, 4])
5 / 9 OR specs are verified.
Verified OR indices (first 10 items): [0, 1, 3, 5, 6]
Verified OR lbs (first 10 items): [[inf], [inf], [inf], [inf], [inf]]
Unverified OR indices (first 10 items): [2, 4, 7, 8]
Unverified OR lbs (first 10 items): [[-0.4905533790588379], [-3.081691265106201], [-0.1900930404663086], [-1.1490025520324707]]
###### Verifying property Instance 92 ######
Batch size: 4
First 10 spec matrices
C: tensor([[[ 0.,  0., -1.,  0.,  0.,  0.,  0.,  0.,  0.,  1.]],

        [[ 0.,  0.,  0.,  0., -1.,  0.,  0.,  0.,  0.,  1.]],

        [[ 0.,  0.,  0.,  0.,  0.,  0.,  0., -1.,  0.,  1.]],

        [[ 0.,  0.,  0.,  0.,  0.,  0.,  0.,  0., -1.,  1.]]], device='cuda:0')
RHS: tensor([[0.],
        [0.],
        [0.],
        [0.]], device='cuda:0')
OR spec sizes: tensor([1, 1, 1, 1], device='cuda:0', dtype=torch.int32)
Remaining timeout: 27.62026333808899
Model prediction is: tensor([-5.68225145, -2.77254486, -3.19437551, -2.91485953,  2.27502441,
        -3.12778306, -7.76349974, -2.45193720, -0.57496959,  6.02535725],
       device='cuda:0')
Activation BaB batch 1/1 
build_with_refined_bounds batch [1/1]
Optimizable variables initialized.
all alpha initialized
directly get lb and ub from refined bounds
c shape: torch.Size([4, 1, 10])
lA shapes: [torch.Size([4, 1, 256]), torch.Size([4, 1, 128])]
torch.Size([4, 1])
(alpha-)CROWN with fixed intermediate bounds: tensor([[-0.49055338],
        [-3.08169127],
        [-0.19009304],
        [-1.14900255]], device='cuda:0') tensor([[inf],
        [inf],
        [inf],
        [inf]], device='cuda:0')
Intermediate layers: /input,/input-3
Keeping alphas for these layers: ['/18']
Node /15 input 0: size torch.Size([256]) unstable 105
Node /17 input 0: size torch.Size([128]) unstable 58
-----------------
# of unstable neurons: 163
-----------------

BaB round 1
batch: 4
splitting decisions: 
split level 0: [/input, 120] [/input, 222] [/input, 222] [/input, 58] 
split level 1: [/input, 222] [/input-3, 34] [/input, 58] [/input, 7] 
split level 2: [/input-3, 34] [/input-3, 118] [/input, 231] [/input-3, 110] 
split level 3: [/input, 252] [/input-3, 110] [/input, 120] [/input-3, 104] 
best_l after optimization: -17.762901306152344
beta sum per layer: [6.37797737121582, 26.149391174316406]
alpha/beta optimization time: 0.8907451629638672
pruning_in_iteration open status: True
ratio of positive domain = 46 / 64 = 0.71875
pruning-in-iteration extra time: 0.04915761947631836
torch.Size([64, 1])
Time: prepare 0.0030    bound 0.8923    transfer 0.0016    finalize 0.0065    func 0.9035    
Accumulated time: func 0.9035    prepare 0.0141    bound 0.8923    transfer 0.0016    finalize 0.0065    
max lb tensor(9.99999975e-05) min lb tensor(-2.67220259)
Number of Verified Splits: 46 of 64
Current worst splitting domains lb-rhs (depth):
-2.67220 (4), -2.60423 (4), -1.61569 (4), -1.56907 (4), -1.53846 (4), -1.43171 (4), -1.14609 (4), -1.07191 (4), -0.76094 (4), -0.71706 (4), -0.62436 (4), -0.57885 (4), -0.35743 (4), -0.26562 (4), -0.24928 (4), -0.23381 (4), -0.19543 (4), -0.13536 (4), 
Length of domains: 18
Current (lb-rhs): -2.6722025871276855
64 domains visited
Time: pickout 0.0019    decision 0.0888    set_bounds 0.0040    solve 0.9042    add 0.0060    
Accumulated time: pickout 0.0019    decision 0.0888    set_bounds 0.0040    solve 0.9042    add 0.0060    
Cumulative time: 1.052053451538086

BaB round 2
batch: 18
splitting decisions: 
split level 0: [/input, 76] [/input, 76] [/input, 7] [/input, 7] [/input, 76] [/input, 76] [/input, 7] [/input, 7] [/input, 76] [/input, 76] 
split level 1: [/input-3, 117] [/input-3, 117] [/input, 231] [/input, 231] [/input, 7] [/input, 7] [/input-3, 117] [/input-3, 117] [/input-3, 117] [/input-3, 117] 
best_l after optimization: -34.3662223815918
beta sum per layer: [56.02996063232422, 136.18862915039062]
alpha/beta optimization time: 0.9197545051574707
pruning_in_iteration open status: True
ratio of positive domain = 33 / 72 = 0.45833333333333337
pruning-in-iteration extra time: 0.052782535552978516
torch.Size([72, 1])
Time: prepare 0.0030    bound 0.9209    transfer 0.0020    finalize 0.0060    func 0.9319    
Accumulated time: func 1.8354    prepare 0.0216    bound 1.8131    transfer 0.0036    finalize 0.0125    
max lb tensor(9.99999975e-05) min lb tensor(-2.36258936)
Number of Verified Splits: 33 of 72
Current worst splitting domains lb-rhs (depth):
-2.36259 (6), -2.29455 (6), -2.29056 (6), -2.24491 (6), -2.07208 (6), -2.01731 (6), -1.99255 (6), -1.95736 (6), -1.20319 (6), -1.18391 (6), -1.17675 (6), -1.14185 (6), -1.13202 (6), -1.01584 (6), -0.90786 (6), -0.76608 (6), -0.64777 (6), -0.62078 (6), -0.59731 (6), -0.59154 (6), 
Length of domains: 39
Current (lb-rhs): -2.3625893592834473
136 domains visited
Time: pickout 0.0107    decision 0.0599    set_bounds 0.0041    solve 0.9327    add 0.0040    
Accumulated time: pickout 0.0126    decision 0.1487    set_bounds 0.0081    solve 1.8369    add 0.0100    
Cumulative time: 2.0639073848724365

BaB round 3
batch: 39
splitting decisions: 
split level 0: [/input, 44] [/input, 44] [/input-3, 63] [/input-3, 63] [/input, 252] [/input, 252] [/input, 252] [/input, 44] [/input, 44] [/input-3, 63] 
best_l after optimization: -51.69149398803711
beta sum per layer: [108.98606872558594, 137.7403564453125]
alpha/beta optimization time: 1.0267024040222168
pruning_in_iteration open status: True
ratio of positive domain = 18 / 78 = 0.23076923076923073
pruning-in-iteration extra time: 0.045110464096069336
torch.Size([78, 1])
Time: prepare 0.0035    bound 1.0282    transfer 0.0015    finalize 0.0078    func 1.0412    
Accumulated time: func 2.8766    prepare 0.0297    bound 2.8414    transfer 0.0051    finalize 0.0203    
max lb tensor(9.99999975e-05) min lb tensor(-2.27234697)
Number of Verified Splits: 18 of 78
Current worst splitting domains lb-rhs (depth):
-2.27235 (7), -2.20210 (7), -2.19889 (7), -2.15313 (7), -1.98467 (7), -1.96028 (7), -1.94125 (7), -1.89535 (7), -1.89318 (7), -1.88049 (7), -1.87514 (7), -1.83743 (7), -1.78352 (7), -1.75464 (7), -1.69126 (7), -1.69048 (7), -1.09474 (7), -1.08584 (7), -1.07148 (7), -1.06902 (7), 
Length of domains: 60
Current (lb-rhs): -2.2723469734191895
214 domains visited
Time: pickout 0.0153    decision 0.0657    set_bounds 0.0037    solve 1.0420    add 0.0027    
Accumulated time: pickout 0.0279    decision 0.2144    set_bounds 0.0117    solve 2.8789    add 0.0127    
Cumulative time: 3.193636417388916

BaB round 4
batch: 60
splitting decisions: 
split level 0: [/input-3, 117] [/input-3, 117] [/input-3, 60] [/input-3, 60] [/input, 235] [/input, 235] [/input-3, 117] [/input-3, 117] [/input-3, 60] [/input-3, 60] 
best_l after optimization: -72.73426818847656
beta sum per layer: [217.99014282226562, 190.99990844726562]
alpha/beta optimization time: 0.8565502166748047
pruning_in_iteration open status: True
ratio of positive domain = 39 / 120 = 0.32499999999999996
pruning-in-iteration extra time: 0.04098057746887207
torch.Size([120, 1])
Time: prepare 0.0057    bound 0.8582    transfer 0.0010    finalize 0.0022    func 0.8672    
Accumulated time: func 3.7438    prepare 0.0409    bound 3.6995    transfer 0.0061    finalize 0.0225    
max lb tensor(9.99999975e-05) min lb tensor(-2.19388962)
Number of Verified Splits: 39 of 120
Current worst splitting domains lb-rhs (depth):
-2.19389 (8), -2.12986 (8), -2.12524 (8), -2.08121 (8), -1.87547 (8), -1.87191 (8), -1.83766 (8), -1.81740 (8), -1.80001 (8), -1.77692 (8), -1.76709 (8), -1.74066 (8), -1.68076 (8), -1.65714 (8), -1.60696 (8), -1.59793 (8), -1.58371 (8), -1.49453 (8), -1.48242 (8), -1.41861 (8), 
Length of domains: 81
Current (lb-rhs): -2.193889617919922
334 domains visited
Time: pickout 0.0173    decision 0.1143    set_bounds 0.0048    solve 0.8680    add 0.0016    
Accumulated time: pickout 0.0452    decision 0.3287    set_bounds 0.0165    solve 3.7469    add 0.0143    
Cumulative time: 4.200136184692383

BaB round 5
batch: 81
splitting decisions: 
split level 0: [/input-3, 63] [/input-3, 4] [/input-3, 4] [/input, 58] [/input, 58] [/input-3, 4] [/input-3, 4] [/input, 58] [/input, 58] [/input-3, 63] 
best_l after optimization: -107.64079284667969
beta sum per layer: [389.86578369140625, 260.18695068359375]
alpha/beta optimization time: 0.5113036632537842
pruning_in_iteration open status: False
ratio of positive domain = 28 / 162 = 0.1728395061728395
pruning-in-iteration extra time: 0.00024962425231933594
torch.Size([162, 1])
Time: prepare 0.0053    bound 0.5126    transfer 0.0006    finalize 0.0029    func 0.5215    
Accumulated time: func 4.2652    prepare 0.0478    bound 4.2121    transfer 0.0067    finalize 0.0255    
max lb tensor(0.22633219) min lb tensor(-2.08665586)
Number of Verified Splits: 28 of 162
Current worst splitting domains lb-rhs (depth):
-2.08666 (9), -2.02034 (9), -2.00850 (9), -1.99346 (9), -1.96460 (9), -1.94724 (9), -1.91280 (9), -1.88969 (9), -1.76294 (9), -1.76051 (9), -1.72674 (9), -1.70402 (9), -1.68019 (9), -1.67413 (9), -1.66054 (9), -1.65461 (9), -1.64971 (9), -1.62020 (9), -1.61751 (9), -1.60640 (9), 
Length of domains: 134
Current (lb-rhs): -2.086655855178833
496 domains visited
Time: pickout 0.0144    decision 0.0335    set_bounds 0.0052    solve 0.5222    add 0.0029    
Accumulated time: pickout 0.0597    decision 0.3622    set_bounds 0.0217    solve 4.2691    add 0.0172    
Cumulative time: 4.779145002365112

BaB round 6
batch: 134
splitting decisions: 
split level 0: [/input, 235] [/input, 235] [/input, 207] [/input, 207] [/input-3, 5] [/input, 235] [/input, 207] [/input-3, 117] [/input, 120] [/input, 120] 
best_l after optimization: -133.10394287109375
beta sum per layer: [803.6244506835938, 425.5701904296875]
alpha/beta optimization time: 0.6379671096801758
pruning_in_iteration open status: True
ratio of positive domain = 70 / 268 = 0.26119402985074625
pruning-in-iteration extra time: 0.019475936889648438
torch.Size([268, 1])
Time: prepare 0.0080    bound 0.6393    transfer 0.0006    finalize 0.0050    func 0.6530    
Accumulated time: func 4.9183    prepare 0.0595    bound 4.8514    transfer 0.0073    finalize 0.0304    
max lb tensor(9.99999975e-05) min lb tensor(-2.02543354)
Number of Verified Splits: 70 of 268
Current worst splitting domains lb-rhs (depth):
-2.02543 (10), -1.95452 (10), -1.94266 (10), -1.92735 (10), -1.89719 (10), -1.88155 (10), -1.84738 (10), -1.82187 (10), -1.69919 (10), -1.66945 (10), -1.66059 (10), -1.61125 (10), -1.59370 (10), -1.59168 (10), -1.58593 (10), -1.58447 (10), -1.58146 (10), -1.54526 (10), -1.54493 (10), -1.52738 (10), 
Length of domains: 198
Current (lb-rhs): -2.0254335403442383
764 domains visited
Time: pickout 0.0236    decision 0.0470    set_bounds 0.0085    solve 0.6539    add 0.0015    
Accumulated time: pickout 0.0833    decision 0.4091    set_bounds 0.0303    solve 4.9230    add 0.0187    
Cumulative time: 5.514342784881592

BaB round 7
batch: 198
splitting decisions: 
split level 0: [/input-3, 5] [/input-3, 5] [/input, 44] [/input, 28] [/input, 235] [/input-3, 5] [/input, 28] [/input, 44] [/input, 28] [/input, 28] 
best_l after optimization: -172.42257690429688
beta sum per layer: [1349.278076171875, 571.254638671875]
alpha/beta optimization time: 1.033149003982544
pruning_in_iteration open status: True
ratio of positive domain = 130 / 396 = 0.3282828282828283
pruning-in-iteration extra time: 0.04830670356750488
torch.Size([396, 1])
Time: prepare 0.0109    bound 1.0349    transfer 0.0036    finalize 0.0081    func 1.0577    
Accumulated time: func 5.9759    prepare 0.0721    bound 5.8863    transfer 0.0109    finalize 0.0386    
max lb tensor(9.99999975e-05) min lb tensor(-1.94951153)
Number of Verified Splits: 130 of 396
Current worst splitting domains lb-rhs (depth):
-1.94951 (11), -1.88113 (11), -1.86417 (11), -1.84621 (11), -1.81882 (11), -1.79801 (11), -1.76984 (11), -1.76358 (11), -1.71794 (11), -1.70153 (11), -1.68516 (11), -1.68254 (11), -1.68079 (11), -1.64562 (11), -1.63160 (11), -1.61145 (11), -1.60575 (11), -1.60145 (11), -1.57037 (11), -1.54905 (11), 
Length of domains: 266
Current (lb-rhs): -1.9495115280151367
1160 domains visited
Time: pickout 0.0291    decision 0.0565    set_bounds 0.0118    solve 1.0586    add 0.0025    
Accumulated time: pickout 0.1124    decision 0.4657    set_bounds 0.0421    solve 5.9816    add 0.0213    
Cumulative time: 6.673771381378174

BaB round 8
batch: 266
splitting decisions: 
split level 0: [/input, 28] [/input, 28] [/input-3, 117] [/input, 44] [/input, 44] [/input, 164] [/input-3, 5] [/input-3, 5] [/input-3, 60] [/input, 164] 
best_l after optimization: -233.2170867919922
beta sum per layer: [1993.218505859375, 853.0567626953125]
alpha/beta optimization time: -1.4953198432922363
pruning_in_iteration open status: True
ratio of positive domain = 147 / 532 = 0.2763157894736842
pruning-in-iteration extra time: 0.023311614990234375
torch.Size([532, 1])
Time: prepare 0.0170    bound -1.4940    transfer 0.0006    finalize 0.0057    func -1.4705    
Accumulated time: func 4.5055    prepare 0.0970    bound 4.3923    transfer 0.0115    finalize 0.0442    
max lb tensor(9.99999975e-05) min lb tensor(-1.88584995)
Number of Verified Splits: 147 of 532
Current worst splitting domains lb-rhs (depth):
-1.88585 (12), -1.81619 (12), -1.79799 (12), -1.78392 (12), -1.75209 (12), -1.73304 (12), -1.69978 (12), -1.69137 (12), -1.63688 (12), -1.62786 (12), -1.62078 (12), -1.60364 (12), -1.60006 (12), -1.57095 (12), -1.56786 (12), -1.56264 (12), -1.54936 (12), -1.53877 (12), -1.52078 (12), -1.50763 (12), 
Length of domains: 385
Current (lb-rhs): -1.885849952697754
1692 domains visited
Time: pickout 0.0413    decision 0.3227    set_bounds 0.0160    solve -1.4689    add 0.0019    
Accumulated time: pickout 0.1537    decision 0.7884    set_bounds 0.0581    solve 4.5126    add 0.0232    
Cumulative time: 5.587745666503906

BaB round 9
batch: 385
splitting decisions: 
split level 0: [/input, 28] [/input-3, 117] [/input, 164] [/input, 235] [/input-3, 54] [/input-3, 54] [/input, 164] [/input-3, 60] [/input, 28] [/input, 28] 
best_l after optimization: -315.5809326171875
beta sum per layer: [3475.7353515625, 1108.186767578125]
alpha/beta optimization time: 0.8601763248443604
pruning_in_iteration open status: True
ratio of positive domain = 236 / 770 = 0.3064935064935065
pruning-in-iteration extra time: 0.031037092208862305
torch.Size([770, 1])
Time: prepare 0.0206    bound 0.8613    transfer 0.0011    finalize 0.0062    func 0.8894    
Accumulated time: func 5.3949    prepare 0.1199    bound 5.2536    transfer 0.0126    finalize 0.0505    
max lb tensor(9.99999975e-05) min lb tensor(-1.80044937)
Number of Verified Splits: 236 of 770
Current worst splitting domains lb-rhs (depth):
-1.80045 (13), -1.72784 (13), -1.70682 (13), -1.68182 (13), -1.66926 (13), -1.65777 (13), -1.63090 (13), -1.62828 (13), -1.60537 (13), -1.60357 (13), -1.60230 (13), -1.59846 (13), -1.58501 (13), -1.57051 (13), -1.55234 (13), -1.54888 (13), -1.53442 (13), -1.52189 (13), -1.50991 (13), -1.50945 (13), 
Length of domains: 534
Current (lb-rhs): -1.8004493713378906
2462 domains visited
Time: pickout 0.0532    decision 0.0885    set_bounds 0.0229    solve 0.8904    add 0.0019    
Accumulated time: pickout 0.2069    decision 0.8769    set_bounds 0.0810    solve 5.4030    add 0.0251    
Cumulative time: 6.646170377731323

BaB round 10
batch: 534
splitting decisions: 
split level 0: [/input-3, 63] [/input, 164] [/input-3, 117] [/input, 28] [/input-3, 4] [/input-3, 4] [/input, 50] [/input, 164] [/input, 164] [/input-3, 4] 
best_l after optimization: -394.2986755371094
beta sum per layer: [5600.60546875, 1258.530517578125]
alpha/beta optimization time: 0.8138027191162109
pruning_in_iteration open status: True
ratio of positive domain = 347 / 1068 = 0.32490636704119846
pruning-in-iteration extra time: 0.03113102912902832
torch.Size([1068, 1])
Time: prepare 0.0264    bound 0.8154    transfer 0.0021    finalize 0.0104    func 0.8545    
Accumulated time: func 6.2494    prepare 0.1481    bound 6.0690    transfer 0.0147    finalize 0.0609    
max lb tensor(9.99999975e-05) min lb tensor(-1.69766545)
Number of Verified Splits: 347 of 1068
Current worst splitting domains lb-rhs (depth):
-1.69767 (14), -1.69281 (14), -1.62570 (14), -1.62497 (14), -1.61937 (14), -1.60087 (14), -1.57362 (14), -1.56490 (14), -1.55188 (14), -1.54263 (14), -1.53834 (14), -1.52903 (14), -1.51467 (14), -1.51249 (14), -1.49826 (14), -1.49376 (14), -1.49212 (14), -1.47524 (14), -1.47453 (14), -1.46157 (14), 
Length of domains: 721
Current (lb-rhs): -1.6976654529571533
3530 domains visited
Time: pickout 0.0715    decision 0.1104    set_bounds 0.0293    solve 0.8557    add 0.0021    
Accumulated time: pickout 0.2785    decision 0.9873    set_bounds 0.1103    solve 6.2587    add 0.0272    
Cumulative time: 7.717103958129883

BaB round 11
batch: 721
splitting decisions: 
split level 0: [/input, 164] [/input-3, 63] [/input-3, 63] [/input-3, 63] [/input, 235] [/input, 235] [/input, 231] [/input-3, 63] [/input-3, 63] [/input, 235] 
best_l after optimization: -605.0086669921875
beta sum per layer: [8257.560546875, 1273.63037109375]
alpha/beta optimization time: 0.7432289123535156
pruning_in_iteration open status: True
ratio of positive domain = 420 / 1442 = 0.2912621359223301
pruning-in-iteration extra time: 0.035190582275390625
torch.Size([1442, 1])
Time: prepare 0.0366    bound 0.7444    transfer 0.0010    finalize 0.0116    func 0.7939    
Accumulated time: func 7.0432    prepare 0.1874    bound 6.8134    transfer 0.0157    finalize 0.0724    
max lb tensor(9.99999975e-05) min lb tensor(-1.61950207)
Number of Verified Splits: 420 of 1442
Current worst splitting domains lb-rhs (depth):
-1.61950 (15), -1.60957 (15), -1.54177 (15), -1.53840 (15), -1.53353 (15), -1.52106 (15), -1.51922 (15), -1.49610 (15), -1.49460 (15), -1.48062 (15), -1.47497 (15), -1.46813 (15), -1.46808 (15), -1.45118 (15), -1.44035 (15), -1.43760 (15), -1.43400 (15), -1.43341 (15), -1.42556 (15), -1.41158 (15), 
Length of domains: 1022
Current (lb-rhs): -1.619502067565918
4972 domains visited
Time: pickout 0.1004    decision 0.1648    set_bounds 0.0396    solve 0.7950    add 0.0023    
Accumulated time: pickout 0.3789    decision 1.1521    set_bounds 0.1499    solve 7.0538    add 0.0295    
Cumulative time: 8.821889400482178

BaB round 12
batch: 1022
splitting decisions: 
split level 0: [/input-3, 60] [/input-3, 60] [/input-3, 60] [/input-3, 60] [/input, 207] [/input, 207] [/input-3, 60] [/input-3, 60] [/input, 207] [/input, 207] 
best_l after optimization: -882.771484375
beta sum per layer: [12069.962890625, 1801.2646484375]
alpha/beta optimization time: 0.748471736907959
pruning_in_iteration open status: True
ratio of positive domain = 457 / 2044 = 0.22358121330724068
pruning-in-iteration extra time: 0.020581483840942383
torch.Size([2044, 1])
Time: prepare 0.0505    bound 0.7499    transfer 0.0050    finalize 0.0177    func 0.8234    
Accumulated time: func 7.8666    prepare 0.2407    bound 7.5633    transfer 0.0207    finalize 0.0901    
max lb tensor(9.99999975e-05) min lb tensor(-1.53831124)
Number of Verified Splits: 457 of 2044
Current worst splitting domains lb-rhs (depth):
-1.53831 (16), -1.53195 (16), -1.46831 (16), -1.46338 (16), -1.45542 (16), -1.43894 (16), -1.43586 (16), -1.40988 (16), -1.40875 (16), -1.39508 (16), -1.39003 (16), -1.38701 (16), -1.38572 (16), -1.38539 (16), -1.38061 (16), -1.37699 (16), -1.37013 (16), -1.35906 (16), -1.35482 (16), -1.34114 (16), 
Length of domains: 1587
Current (lb-rhs): -1.538311243057251
7016 domains visited
Time: pickout 0.1328    decision 0.2015    set_bounds 0.0557    solve 0.8248    add 0.0080    
Accumulated time: pickout 0.5117    decision 1.3536    set_bounds 0.2056    solve 7.8786    add 0.0375    
Cumulative time: 10.04743242263794

BaB round 13
batch: 1024
splitting decisions: 
split level 0: [/input-3, 60] [/input-3, 60] [/input, 207] [/input-3, 60] [/input-3, 60] [/input-3, 60] [/input, 164] [/input, 164] [/input, 164] [/input, 164] 
best_l after optimization: -701.1168212890625
beta sum per layer: [13067.1669921875, 2703.186279296875]
alpha/beta optimization time: 0.7446057796478271
pruning_in_iteration open status: True
ratio of positive domain = 528 / 2048 = 0.2578125
pruning-in-iteration extra time: 0.025226593017578125
torch.Size([2048, 1])
Time: prepare 0.0508    bound 0.7457    transfer 0.0017    finalize 0.0173    func 0.8159    
Accumulated time: func 8.6825    prepare 0.2942    bound 8.3090    transfer 0.0225    finalize 0.1074    
max lb tensor(0.00055885) min lb tensor(-1.47327042)
Number of Verified Splits: 528 of 2048
Current worst splitting domains lb-rhs (depth):
-1.47327 (17), -1.46564 (17), -1.43894 (16), -1.41316 (17), -1.40988 (16), -1.39708 (17), -1.39508 (16), -1.39003 (16), -1.38701 (16), -1.38607 (17), -1.37846 (17), -1.35906 (16), -1.35482 (16), -1.35122 (17), -1.33839 (16), -1.33335 (17), -1.33018 (16), -1.32195 (16), -1.32172 (17), -1.32136 (16), 
Length of domains: 2083
Current (lb-rhs): -1.4732704162597656
9064 domains visited
Time: pickout 0.1232    decision 0.1884    set_bounds 0.0559    solve 0.8184    add 0.0061    
Accumulated time: pickout 0.6350    decision 1.5420    set_bounds 0.2615    solve 8.6970    add 0.0436    
current_vram/total_varm: 0.3GB/8.6GB, batch_size increase to 2048
Cumulative time: 11.242724418640137

BaB round 14
batch: 2048
splitting decisions: 
split level 0: [/input, 50] [/input, 28] [/input-3, 117] [/input, 50] [/input, 28] [/input, 28] [/input-3, 117] [/input, 50] [/input-3, 60] [/input-3, 60] 
best_l after optimization: -1007.765625
beta sum per layer: [25642.095703125, 5388.2744140625]
alpha/beta optimization time: 1.0992159843444824
pruning_in_iteration open status: True
ratio of positive domain = 1792 / 4096 = 0.4375
pruning-in-iteration extra time: 0.03634142875671387
torch.Size([4096, 1])
Time: prepare 0.0981    bound 1.1009    transfer 0.0048    finalize 0.0746    func 1.2811    
Accumulated time: func 9.9636    prepare 0.4003    bound 9.4099    transfer 0.0273    finalize 0.1820    
max lb tensor(0.00548720) min lb tensor(-1.42350316)
Number of Verified Splits: 1792 of 4096
Current worst splitting domains lb-rhs (depth):
-1.42350 (18), -1.41642 (18), -1.38067 (17), -1.36359 (18), -1.35170 (17), -1.35016 (18), -1.33154 (18), -1.32794 (18), -1.32323 (17), -1.31867 (17), -1.30998 (17), -1.30437 (17), -1.29995 (18), -1.29665 (17), -1.28404 (18), -1.27429 (18), -1.27128 (17), -1.26209 (17), -1.25482 (17), -1.24949 (17), 
Length of domains: 2339
Current (lb-rhs): -1.4235031604766846
13160 domains visited
Time: pickout 0.2373    decision 0.3868    set_bounds 0.2126    solve 1.2851    add 0.0054    
Accumulated time: pickout 0.8723    decision 1.9288    set_bounds 0.4741    solve 9.9821    add 0.0490    
current_vram/total_varm: 0.4GB/8.6GB, batch_size increase to 4096
Cumulative time: 13.381953477859497

BaB round 15
batch: 2339
splitting decisions: 
split level 0: [/input, 50] [/input, 50] [/input, 50] [/input, 50] [/input, 164] [/input, 164] [/input, 50] [/input, 50] [/input, 164] [/input-3, 101] 
best_l after optimization: -942.1251220703125
beta sum per layer: [28908.470703125, 5937.66455078125]
alpha/beta optimization time: 1.0290265083312988
pruning_in_iteration open status: True
ratio of positive domain = 2371 / 4678 = 0.5068405301410859
pruning-in-iteration extra time: 0.03570747375488281
torch.Size([4678, 1])
Time: prepare 0.1156    bound 1.0306    transfer 0.0024    finalize 0.0549    func 1.2058    
Accumulated time: func 11.1695    prepare 0.5249    bound 10.4405    transfer 0.0297    finalize 0.2370    
max lb tensor(0.00620818) min lb tensor(-1.36054039)
Number of Verified Splits: 2371 of 4678
Current worst splitting domains lb-rhs (depth):
-1.36054 (19), -1.35767 (19), -1.33293 (18), -1.31610 (19), -1.30284 (19), -1.30087 (18), -1.28420 (19), -1.28054 (19), -1.27677 (18), -1.26822 (18), -1.25926 (18), -1.25437 (18), -1.24569 (18), -1.23722 (19), -1.23503 (19), -1.22842 (19), -1.22160 (18), -1.21200 (18), -1.20478 (18), -1.20020 (18), 
Length of domains: 2307
Current (lb-rhs): -1.3605403900146484
17838 domains visited
Time: pickout 0.3401    decision 0.4693    set_bounds 0.1231    solve 1.2102    add 0.0051    
Accumulated time: pickout 1.2124    decision 2.3981    set_bounds 0.5972    solve 11.1923    add 0.0541    
Cumulative time: 15.53986644744873

BaB round 16
batch: 2307
splitting decisions: 
split level 0: [/input-3, 5] [/input-3, 5] [/input-3, 5] [/input-3, 5] [/input-3, 101] [/input-3, 101] [/input-3, 5] [/input-3, 5] [/input-3, 101] [/input, 198] 
best_l after optimization: -878.9849853515625
beta sum per layer: [29020.126953125, 5348.1875]
alpha/beta optimization time: 0.9854710102081299
pruning_in_iteration open status: True
ratio of positive domain = 2348 / 4614 = 0.5088859991330732
pruning-in-iteration extra time: 0.03572201728820801
torch.Size([4614, 1])
Time: prepare 0.1188    bound 0.9866    transfer 0.0022    finalize 0.0298    func 1.1378    
Accumulated time: func 12.3073    prepare 0.6485    bound 11.4271    transfer 0.0319    finalize 0.2667    
max lb tensor(0.00324130) min lb tensor(-1.31288528)
Number of Verified Splits: 2348 of 4614
Current worst splitting domains lb-rhs (depth):
-1.31289 (20), -1.29792 (20), -1.27946 (19), -1.25886 (20), -1.24738 (19), -1.23789 (20), -1.22260 (20), -1.22259 (19), -1.21824 (20), -1.21671 (19), -1.21400 (19), -1.20282 (19), -1.19462 (19), -1.19166 (20), -1.17430 (20), -1.16919 (19), -1.16193 (20), -1.16039 (19), -1.15481 (19), -1.14765 (19), 
Length of domains: 2266
Current (lb-rhs): -1.3128852844238281
22452 domains visited
Time: pickout 0.2819    decision 0.5245    set_bounds 0.1233    solve 1.1400    add 0.0036    
Accumulated time: pickout 1.4943    decision 2.9225    set_bounds 0.7205    solve 12.3323    add 0.0577    
Cumulative time: 17.624533653259277

BaB round 17
batch: 2266
splitting decisions: 
split level 0: [/input, 231] [/input, 231] [/input, 231] [/input, 231] [/input, 198] [/input, 198] [/input, 231] [/input, 231] [/input, 198] [/input, 164] 
best_l after optimization: -871.7156372070312
beta sum per layer: [29273.623046875, 4816.462890625]
alpha/beta optimization time: 0.9968881607055664
pruning_in_iteration open status: True
ratio of positive domain = 2059 / 4532 = 0.45432480141218
pruning-in-iteration extra time: 0.03547811508178711
torch.Size([4532, 1])
Time: prepare 0.1253    bound 0.9991    transfer 0.0018    finalize 0.0294    func 1.1559    
Accumulated time: func 13.4631    prepare 0.7787    bound 12.4262    transfer 0.0338    finalize 0.2961    
max lb tensor(0.00188851) min lb tensor(-1.25941682)
Number of Verified Splits: 2059 of 4532
Current worst splitting domains lb-rhs (depth):
-1.25942 (21), -1.23397 (21), -1.22416 (20), -1.19577 (21), -1.19280 (20), -1.18523 (21), -1.17017 (20), -1.16720 (21), -1.16270 (20), -1.15709 (21), -1.15199 (20), -1.14146 (21), -1.14142 (20), -1.13757 (20), -1.11146 (21), -1.11123 (21), -1.10802 (20), -1.10592 (20), -1.09113 (20), -1.08876 (20), 
Length of domains: 2473
Current (lb-rhs): -1.2594168186187744
26984 domains visited
Time: pickout 0.2880    decision 0.4280    set_bounds 0.1297    solve 1.1580    add 0.0046    
Accumulated time: pickout 1.7823    decision 3.3505    set_bounds 0.8502    solve 13.4904    add 0.0623    
Cumulative time: 19.642317056655884

BaB round 18
batch: 2473
splitting decisions: 
split level 0: [/input, 3] [/input, 3] [/input, 3] [/input, 3] [/input, 65] [/input, 65] [/input, 3] [/input, 3] [/input, 65] [/input-3, 76] 
best_l after optimization: -811.9822998046875
beta sum per layer: [31766.9609375, 5430.2626953125]
alpha/beta optimization time: 0.986839771270752
pruning_in_iteration open status: True
ratio of positive domain = 2425 / 4946 = 0.4902951880307319
pruning-in-iteration extra time: 0.032254934310913086
torch.Size([4946, 1])
Time: prepare 0.1341    bound 0.9881    transfer 0.0020    finalize 0.0335    func 1.1598    
Accumulated time: func 14.6229    prepare 0.9226    bound 13.4143    transfer 0.0358    finalize 0.3296    
max lb tensor(0.00395727) min lb tensor(-1.20766926)
Number of Verified Splits: 2425 of 4946
Current worst splitting domains lb-rhs (depth):
-1.20767 (22), -1.18706 (22), -1.15827 (21), -1.14479 (22), -1.13590 (22), -1.12957 (21), -1.11545 (22), -1.11155 (22), -1.10389 (21), -1.10363 (21), -1.10067 (21), -1.09149 (21), -1.09081 (22), -1.07893 (21), -1.06410 (22), -1.06079 (22), -1.05963 (21), -1.04217 (21), -1.04203 (21), -1.04077 (21), 
Length of domains: 2521
Current (lb-rhs): -1.2076692581176758
31930 domains visited
Time: pickout 0.3060    decision 0.6340    set_bounds 0.1751    solve 1.1625    add 0.0049    
Accumulated time: pickout 2.0883    decision 3.9845    set_bounds 1.0254    solve 14.6529    add 0.0672    
Cumulative time: 21.93697214126587

BaB round 19
batch: 2521
splitting decisions: 
split level 0: [/input-3, 48] [/input-3, 48] [/input, 139] [/input, 231] [/input, 139] [/input, 231] [/input, 231] [/input, 231] [/input, 231] [/input-3, 23] 
best_l after optimization: -750.2027587890625
beta sum per layer: [32288.66015625, 5811.05029296875]
alpha/beta optimization time: 1.0055773258209229
pruning_in_iteration open status: True
ratio of positive domain = 2519 / 5042 = 0.49960333201110674
pruning-in-iteration extra time: 0.03813767433166504
torch.Size([5042, 1])
Time: prepare 0.1320    bound 1.0074    transfer 0.0022    finalize 0.0528    func 1.1948    
Accumulated time: func 15.8177    prepare 1.0643    bound 14.4217    transfer 0.0380    finalize 0.3825    
max lb tensor(0.00417089) min lb tensor(-1.16099381)
Number of Verified Splits: 2519 of 5042
Current worst splitting domains lb-rhs (depth):
-1.16099 (23), -1.11822 (23), -1.11021 (22), -1.08838 (23), -1.08322 (22), -1.08260 (23), -1.07275 (23), -1.06752 (23), -1.05679 (22), -1.05488 (22), -1.05324 (22), -1.04457 (23), -1.03920 (22), -1.03739 (23), -1.03316 (22), -1.01717 (23), -1.00621 (22), -0.99686 (23), -0.99581 (22), -0.99447 (22), 
Length of domains: 2523
Current (lb-rhs): -1.1609938144683838
36972 domains visited
Time: pickout 0.3218    decision 0.4647    set_bounds 0.1519    solve 1.1981    add 0.0090    
Accumulated time: pickout 2.4101    decision 4.4491    set_bounds 1.1773    solve 15.8509    add 0.0761    
Cumulative time: 24.098243474960327

BaB round 20
batch: 2523
splitting decisions: 
split level 0: [/input-3, 107] [/input, 138] [/input, 231] [/input, 231] [/input-3, 101] [/input, 146] [/input-3, 101] [/input-3, 101] [/input-3, 101] [/input-3, 83] 
best_l after optimization: -704.0036010742188
beta sum per layer: [31916.4140625, 6416.78515625]
alpha/beta optimization time: 1.3220157623291016
pruning_in_iteration open status: True
ratio of positive domain = 2493 / 5046 = 0.4940546967895363
pruning-in-iteration extra time: 0.04908323287963867
torch.Size([5046, 1])
Time: prepare 0.1616    bound 1.3243    transfer 0.0271    finalize 0.0805    func 1.5953    
Accumulated time: func 17.4130    prepare 1.2373    bound 15.7460    transfer 0.0651    finalize 0.4630    
max lb tensor(0.00305760) min lb tensor(-1.12145257)
Number of Verified Splits: 2493 of 5046
Current worst splitting domains lb-rhs (depth):
-1.12145 (24), -1.07240 (24), -1.06320 (23), -1.04022 (24), -1.03793 (23), -1.02699 (24), -1.02603 (24), -1.02552 (24), -1.01189 (23), -1.01171 (23), -1.00948 (23), -1.00036 (24), -0.99412 (23), -0.99063 (24), -0.98975 (23), -0.96472 (24), -0.96208 (23), -0.95339 (24), -0.95169 (23), -0.94988 (23), 
Length of domains: 2553
Current (lb-rhs): -1.1214525699615479
42018 domains visited
Time: pickout 0.4472    decision 0.6873    set_bounds 0.2731    solve 1.6024    add 0.0195    
Accumulated time: pickout 2.8572    decision 5.1364    set_bounds 1.4504    solve 17.4533    add 0.0956    
Cumulative time: 27.14335584640503

BaB round 21
batch: 2553
splitting decisions: 
split level 0: [/input-3, 101] [/input-3, 48] [/input-3, 76] [/input, 139] [/input-3, 76] [/input, 198] [/input-3, 76] [/input, 198] [/input-3, 48] [/input, 198] 
best_l after optimization: -752.1098022460938
beta sum per layer: [31952.4296875, 7756.34765625]
alpha/beta optimization time: 1.2276365756988525
pruning_in_iteration open status: True
ratio of positive domain = 2252 / 5106 = 0.44104974539757147
pruning-in-iteration extra time: 0.04636859893798828
torch.Size([5106, 1])
Time: prepare 0.1476    bound 1.2294    transfer 0.0047    finalize 0.8049    func 2.1885    
Accumulated time: func 19.6015    prepare 1.3910    bound 16.9754    transfer 0.0698    finalize 1.2679    
max lb tensor(0.00215042) min lb tensor(-1.06007576)
Number of Verified Splits: 2252 of 5106
Current worst splitting domains lb-rhs (depth):
-1.06008 (25), -1.01079 (25), -1.00731 (24), -0.98739 (25), -0.98419 (25), -0.97445 (24), -0.96911 (24), -0.96747 (24), -0.96440 (25), -0.96433 (25), -0.95592 (24), -0.94953 (24), -0.94548 (24), -0.93898 (25), -0.93204 (24), -0.92690 (25), -0.91913 (25), -0.91866 (24), -0.91785 (25), -0.91292 (25), 
Length of domains: 2854
Current (lb-rhs): -1.0600757598876953
47124 domains visited
Time: pickout 0.3744    decision 0.5252    set_bounds 0.1585    solve 2.1909    add 0.0102    
Accumulated time: pickout 3.2316    decision 5.6616    set_bounds 1.6089    solve 19.6442    add 0.1058    
Time out!!!!!!!!
Result: unknown in 32.8141 seconds

 %%%%%%%%%%%%%%%%%%%%%%%%%%%%%%%%%%% idx: 93, vnnlib ID: 93 %%%%%%%%%%%%%%%%%%%%%%%%%%%%%%%%%%%
Finished vnnlib processing in 0.005111 seconds
Model: BoundedModule(
  (/0): BoundInput(name=/0, inputs=[], perturbed=True)
  (/7): BoundParams(name=/7, inputs=[], perturbed=False)
  (/8): BoundParams(name=/8, inputs=[], perturbed=False)
  (/9): BoundParams(name=/9, inputs=[], perturbed=False)
  (/10): BoundParams(name=/10, inputs=[], perturbed=False)
  (/11): BoundParams(name=/11, inputs=[], perturbed=False)
  (/12): BoundParams(name=/12, inputs=[], perturbed=False)
  (/13): BoundFlatten(name=/13, inputs=[/0], perturbed=True)
  (/input): BoundLinear(name=/input, inputs=[/13, /7, /8], perturbed=True)
  (/15): BoundRelu(name=/15, inputs=[/input], perturbed=True)
  (/input-3): BoundLinear(name=/input-3, inputs=[/15, /9, /10], perturbed=True)
  (/17): BoundRelu(name=/17, inputs=[/input-3], perturbed=True)
  (/18): BoundLinear(name=/18, inputs=[/17, /11, /12], perturbed=True)
)
Original output in the first batch: tensor([[ -2.19685745,  -6.99660015,  -2.99369311,  11.28717995, -10.80333996,
           1.20316875, -17.06593513,  -6.91495514,  -0.65623027,   2.28233886]],
       device='cuda:0')
Split layers:
Nonlinear functions:
   BoundRelu(name=/15, inputs=[/input], perturbed=True)
   BoundRelu(name=/17, inputs=[/input-3], perturbed=True)
build batch [1/1]
layer /15 using sparse-features alpha with shape [59]; unstable size 59; total size 256 ([1, 256])
layer /15 start_node /input-3 using sparse-spec alpha [2, 29, 1, 59] with unstable size 28 total_size 128 output_shape torch.Size([128])
layer /15 start_node /18 using full alpha [2, 9, 1, 59] with unstable size None total_size 9 output_shape 9
layer /17 using sparse-features alpha with shape [28]; unstable size 28; total size 128 ([1, 128])
layer /17 start_node /18 using full alpha [2, 9, 1, 28] with unstable size None total_size 9 output_shape 9
Optimizable variables initialized.
initial CROWN bounds (first 10 items): [8.656333923339844, 14.519989013671875, 10.168184280395508, 17.284198760986328, 6.109708786010742, 23.064382553100586, 13.381522178649902, 8.495586395263672, 4.96180534362793]
Verified with initial CROWN!
verified with init bound!
Result: safe-incomplete in 0.1726 seconds

 %%%%%%%%%%%%%%%%%%%%%%%%%%%%%%%%%%% idx: 94, vnnlib ID: 94 %%%%%%%%%%%%%%%%%%%%%%%%%%%%%%%%%%%
Finished vnnlib processing in 0.003831 seconds
Model: BoundedModule(
  (/0): BoundInput(name=/0, inputs=[], perturbed=True)
  (/7): BoundParams(name=/7, inputs=[], perturbed=False)
  (/8): BoundParams(name=/8, inputs=[], perturbed=False)
  (/9): BoundParams(name=/9, inputs=[], perturbed=False)
  (/10): BoundParams(name=/10, inputs=[], perturbed=False)
  (/11): BoundParams(name=/11, inputs=[], perturbed=False)
  (/12): BoundParams(name=/12, inputs=[], perturbed=False)
  (/13): BoundFlatten(name=/13, inputs=[/0], perturbed=True)
  (/input): BoundLinear(name=/input, inputs=[/13, /7, /8], perturbed=True)
  (/15): BoundRelu(name=/15, inputs=[/input], perturbed=True)
  (/input-3): BoundLinear(name=/input-3, inputs=[/15, /9, /10], perturbed=True)
  (/17): BoundRelu(name=/17, inputs=[/input-3], perturbed=True)
  (/18): BoundLinear(name=/18, inputs=[/17, /11, /12], perturbed=True)
)
Original output in the first batch: tensor([[-10.74927044,   8.42138767,  -3.07140517,  -3.63725448,   1.07303691,
          -7.08616018,  -5.80023050,  -2.16326690,   1.12491667,  -5.97465229]],
       device='cuda:0')
Split layers:
Nonlinear functions:
   BoundRelu(name=/15, inputs=[/input], perturbed=True)
   BoundRelu(name=/17, inputs=[/input-3], perturbed=True)
build batch [1/1]
layer /15 using sparse-features alpha with shape [80]; unstable size 80; total size 256 ([1, 256])
layer /15 start_node /input-3 using sparse-spec alpha [2, 29, 1, 80] with unstable size 28 total_size 128 output_shape torch.Size([128])
layer /15 start_node /18 using full alpha [2, 9, 1, 80] with unstable size None total_size 9 output_shape 9
layer /17 using sparse-features alpha with shape [28]; unstable size 28; total size 128 ([1, 128])
layer /17 start_node /18 using full alpha [2, 9, 1, 28] with unstable size None total_size 9 output_shape 9
Optimizable variables initialized.
initial CROWN bounds (first 10 items): [15.053360939025879, 7.241800785064697, 7.408417224884033, 3.671952724456787, 10.979035377502441, 10.070229530334473, 7.024736404418945, 3.0199549198150635, 10.08315658569336]
Verified with initial CROWN!
verified with init bound!
Result: safe-incomplete in 0.1282 seconds

 %%%%%%%%%%%%%%%%%%%%%%%%%%%%%%%%%%% idx: 95, vnnlib ID: 95 %%%%%%%%%%%%%%%%%%%%%%%%%%%%%%%%%%%
Finished vnnlib processing in 0.004208 seconds
Model: BoundedModule(
  (/0): BoundInput(name=/0, inputs=[], perturbed=True)
  (/7): BoundParams(name=/7, inputs=[], perturbed=False)
  (/8): BoundParams(name=/8, inputs=[], perturbed=False)
  (/9): BoundParams(name=/9, inputs=[], perturbed=False)
  (/10): BoundParams(name=/10, inputs=[], perturbed=False)
  (/11): BoundParams(name=/11, inputs=[], perturbed=False)
  (/12): BoundParams(name=/12, inputs=[], perturbed=False)
  (/13): BoundFlatten(name=/13, inputs=[/0], perturbed=True)
  (/input): BoundLinear(name=/input, inputs=[/13, /7, /8], perturbed=True)
  (/15): BoundRelu(name=/15, inputs=[/input], perturbed=True)
  (/input-3): BoundLinear(name=/input-3, inputs=[/15, /9, /10], perturbed=True)
  (/17): BoundRelu(name=/17, inputs=[/input-3], perturbed=True)
  (/18): BoundLinear(name=/18, inputs=[/17, /11, /12], perturbed=True)
)
Original output in the first batch: tensor([[-5.65735435, -5.40533781, -4.75201797, -7.21073580, 10.19650745,
         -2.65251851, -5.55615854, -4.95683575, -2.76090360,  2.29872298]],
       device='cuda:0')
Split layers:
Nonlinear functions:
   BoundRelu(name=/15, inputs=[/input], perturbed=True)
   BoundRelu(name=/17, inputs=[/input-3], perturbed=True)
build batch [1/1]
layer /15 using sparse-features alpha with shape [45]; unstable size 45; total size 256 ([1, 256])
layer /15 start_node /input-3 using sparse-spec alpha [2, 32, 1, 45] with unstable size 31 total_size 128 output_shape torch.Size([128])
layer /15 start_node /18 using full alpha [2, 9, 1, 45] with unstable size None total_size 9 output_shape 9
layer /17 using sparse-features alpha with shape [31]; unstable size 31; total size 128 ([1, 128])
layer /17 start_node /18 using full alpha [2, 9, 1, 31] with unstable size None total_size 9 output_shape 9
Optimizable variables initialized.
initial CROWN bounds (first 10 items): [11.319571495056152, 11.91049575805664, 10.29606819152832, 12.105969429016113, 7.46162748336792, 11.031274795532227, 11.228218078613281, 8.070000648498535, 2.5563154220581055]
Verified with initial CROWN!
verified with init bound!
Result: safe-incomplete in 0.1235 seconds

 %%%%%%%%%%%%%%%%%%%%%%%%%%%%%%%%%%% idx: 96, vnnlib ID: 96 %%%%%%%%%%%%%%%%%%%%%%%%%%%%%%%%%%%
Finished vnnlib processing in 0.004467 seconds
Model: BoundedModule(
  (/0): BoundInput(name=/0, inputs=[], perturbed=True)
  (/7): BoundParams(name=/7, inputs=[], perturbed=False)
  (/8): BoundParams(name=/8, inputs=[], perturbed=False)
  (/9): BoundParams(name=/9, inputs=[], perturbed=False)
  (/10): BoundParams(name=/10, inputs=[], perturbed=False)
  (/11): BoundParams(name=/11, inputs=[], perturbed=False)
  (/12): BoundParams(name=/12, inputs=[], perturbed=False)
  (/13): BoundFlatten(name=/13, inputs=[/0], perturbed=True)
  (/input): BoundLinear(name=/input, inputs=[/13, /7, /8], perturbed=True)
  (/15): BoundRelu(name=/15, inputs=[/input], perturbed=True)
  (/input-3): BoundLinear(name=/input-3, inputs=[/15, /9, /10], perturbed=True)
  (/17): BoundRelu(name=/17, inputs=[/input-3], perturbed=True)
  (/18): BoundLinear(name=/18, inputs=[/17, /11, /12], perturbed=True)
)
Original output in the first batch: tensor([[-8.06805134e+00,  3.06377554e+00, -3.97758937e+00,  2.17742592e-01,
          3.51130843e-01, -2.49573731e+00, -6.87813425e+00, -7.79261053e-01,
          5.50520606e-03,  1.87327906e-01]], device='cuda:0')
Split layers:
Nonlinear functions:
   BoundRelu(name=/15, inputs=[/input], perturbed=True)
   BoundRelu(name=/17, inputs=[/input-3], perturbed=True)
build batch [1/1]
layer /15 using sparse-features alpha with shape [109]; unstable size 109; total size 256 ([1, 256])
layer /15 start_node /input-3 using sparse-spec alpha [2, 66, 1, 109] with unstable size 65 total_size 128 output_shape torch.Size([128])
layer /15 start_node /18 using full alpha [2, 9, 1, 109] with unstable size None total_size 9 output_shape 9
layer /17 using sparse-features alpha with shape [65]; unstable size 65; total size 128 ([1, 128])
layer /17 start_node /18 using full alpha [2, 9, 1, 65] with unstable size None total_size 9 output_shape 9
Optimizable variables initialized.
initial CROWN bounds (first 10 items): [5.570945739746094, 2.2215628623962402, -3.188483238220215, -2.1587018966674805, -1.1312732696533203, 5.0899553298950195, -1.4825067520141602, -1.8500308990478516, -3.525498151779175]
prune_after_crown optimization in use
  original spec size = torch.Size([1, 9])
  pruned spec size = torch.Size([1, 6])
Using alpha-CROWN to initialize bounds.
best_l after optimization: -11.265764236450195
alpha/beta optimization time: 2.3653194904327393
initial alpha-crown bounds (first 10 items): [-2.8811771869659424, -1.7274677753448486, -0.8603029251098633, -1.2674400806427002, -1.4430127143859863, -3.0863635540008545]
Global lower bound: -3.0863635540008545
torch.Size([1, 6])
3 / 9 OR specs are verified.
Verified OR indices (first 10 items): [0, 1, 5]
Verified OR lbs (first 10 items): [[inf], [inf], [inf]]
Unverified OR indices (first 10 items): [2, 3, 4, 6, 7, 8]
Unverified OR lbs (first 10 items): [[-2.8811771869659424], [-1.7274677753448486], [-0.8603029251098633], [-1.2674400806427002], [-1.4430127143859863], [-3.0863635540008545]]
###### Verifying property Instance 96 ######
Batch size: 6
First 10 spec matrices
C: tensor([[[ 0.,  1.,  0., -1.,  0.,  0.,  0.,  0.,  0.,  0.]],

        [[ 0.,  1.,  0.,  0., -1.,  0.,  0.,  0.,  0.,  0.]],

        [[ 0.,  1.,  0.,  0.,  0., -1.,  0.,  0.,  0.,  0.]],

        [[ 0.,  1.,  0.,  0.,  0.,  0.,  0., -1.,  0.,  0.]],

        [[ 0.,  1.,  0.,  0.,  0.,  0.,  0.,  0., -1.,  0.]],

        [[ 0.,  1.,  0.,  0.,  0.,  0.,  0.,  0.,  0., -1.]]], device='cuda:0')
RHS: tensor([[0.],
        [0.],
        [0.],
        [0.],
        [0.],
        [0.]], device='cuda:0')
OR spec sizes: tensor([1, 1, 1, 1, 1, 1], device='cuda:0', dtype=torch.int32)
Remaining timeout: 27.37264370918274
Model prediction is: tensor([-8.06805134e+00,  3.06377554e+00, -3.97758937e+00,  2.17742592e-01,
         3.51130843e-01, -2.49573731e+00, -6.87813425e+00, -7.79261053e-01,
         5.50520606e-03,  1.87327906e-01], device='cuda:0')
Activation BaB batch 1/1 
build_with_refined_bounds batch [1/1]
Optimizable variables initialized.
all alpha initialized
directly get lb and ub from refined bounds
c shape: torch.Size([6, 1, 10])
lA shapes: [torch.Size([6, 1, 256]), torch.Size([6, 1, 128])]
torch.Size([6, 1])
(alpha-)CROWN with fixed intermediate bounds: tensor([[-2.88117719],
        [-1.72746778],
        [-0.86030293],
        [-1.26744008],
        [-1.44301271],
        [-3.08636355]], device='cuda:0') tensor([[inf],
        [inf],
        [inf],
        [inf],
        [inf],
        [inf]], device='cuda:0')
Intermediate layers: /input,/input-3
Keeping alphas for these layers: ['/18']
Node /15 input 0: size torch.Size([256]) unstable 109
Node /17 input 0: size torch.Size([128]) unstable 63
-----------------
# of unstable neurons: 172
-----------------

BaB round 1
batch: 6
splitting decisions: 
split level 0: [/input, 172] [/input-3, 43] [/input, 135] [/input, 222] [/input-3, 80] [/input, 172] 
split level 1: [/input, 160] [/input-3, 80] [/input, 172] [/input-3, 74] [/input-3, 74] [/input-3, 27] 
split level 2: [/input-3, 0] [/input-3, 73] [/input, 190] [/input-3, 60] [/input-3, 31] [/input-3, 74] 
split level 3: [/input-3, 74] [/input-3, 36] [/input, 173] [/input-3, 65] [/input-3, 16] [/input-3, 36] 
best_l after optimization: -33.034706115722656
beta sum per layer: [23.868356704711914, 52.466304779052734]
alpha/beta optimization time: 1.055537462234497
pruning_in_iteration open status: True
ratio of positive domain = 65 / 96 = 0.6770833333333333
pruning-in-iteration extra time: 0.05135083198547363
torch.Size([96, 1])
Time: prepare 0.0044    bound 1.0572    transfer 0.0030    finalize 0.0062    func 1.0710    
Accumulated time: func 1.0710    prepare 0.0140    bound 1.0572    transfer 0.0030    finalize 0.0062    
max lb tensor(9.99999975e-05) min lb tensor(-2.83849478)
Number of Verified Splits: 65 of 96
Current worst splitting domains lb-rhs (depth):
-2.83849 (4), -2.64744 (4), -2.53723 (4), -2.23825 (4), -1.51796 (4), -1.46458 (4), -1.39922 (4), -1.34222 (4), -1.33175 (4), -1.32848 (4), -1.27124 (4), -1.26458 (4), -1.14600 (4), -1.09025 (4), -1.03243 (4), -0.98336 (4), -0.93679 (4), -0.90623 (4), -0.78943 (4), -0.77792 (4), 
Length of domains: 31
Current (lb-rhs): -2.8384947776794434
96 domains visited
Time: pickout 0.0021    decision 0.0690    set_bounds 0.0061    solve 1.0721    add 0.0116    
Accumulated time: pickout 0.0021    decision 0.0690    set_bounds 0.0061    solve 1.0721    add 0.0116    
Cumulative time: 1.2181997299194336

BaB round 2
batch: 31
splitting decisions: 
split level 0: [/input-3, 40] [/input-3, 73] [/input-3, 40] [/input-3, 73] [/input-3, 40] [/input-3, 36] [/input-3, 118] [/input-3, 73] [/input-3, 40] [/input-3, 36] 
best_l after optimization: -39.92809295654297
beta sum per layer: [42.61510467529297, 97.23211669921875]
alpha/beta optimization time: 0.8354401588439941
pruning_in_iteration open status: True
ratio of positive domain = 18 / 62 = 0.29032258064516125
pruning-in-iteration extra time: 0.0404813289642334
torch.Size([62, 1])
Time: prepare 0.0042    bound 0.8369    transfer 0.0019    finalize 0.0055    func 0.8487    
Accumulated time: func 1.9197    prepare 0.0236    bound 1.8941    transfer 0.0049    finalize 0.0117    
max lb tensor(9.99999975e-05) min lb tensor(-2.76112890)
Number of Verified Splits: 18 of 62
Current worst splitting domains lb-rhs (depth):
-2.76113 (5), -2.59541 (5), -2.48121 (5), -2.43918 (5), -2.18969 (5), -2.14682 (5), -1.62609 (5), -1.48537 (5), -1.45189 (5), -1.40240 (5), -1.29649 (5), -1.19972 (5), -1.12759 (5), -0.96631 (5), -0.93511 (5), -0.92021 (5), -0.91431 (5), -0.91083 (5), -0.86257 (5), -0.82188 (5), 
Length of domains: 44
Current (lb-rhs): -2.7611289024353027
158 domains visited
Time: pickout 0.0209    decision 0.0688    set_bounds 0.0030    solve 0.8496    add 0.0023    
Accumulated time: pickout 0.0230    decision 0.1378    set_bounds 0.0092    solve 1.9217    add 0.0139    
Cumulative time: 2.1632587909698486

BaB round 3
batch: 44
splitting decisions: 
split level 0: [/input, 135] [/input-3, 36] [/input-3, 105] [/input, 23] [/input-3, 31] [/input-3, 27] [/input-3, 105] [/input-3, 66] [/input, 57] [/input-3, 66] 
best_l after optimization: -56.36152648925781
beta sum per layer: [69.03813171386719, 206.73605346679688]
alpha/beta optimization time: 0.8146436214447021
pruning_in_iteration open status: False
ratio of positive domain = 16 / 88 = 0.18181818181818177
pruning-in-iteration extra time: 0.0004227161407470703
torch.Size([88, 1])
Time: prepare 0.0052    bound 0.8161    transfer 0.0012    finalize 0.0077    func 0.8303    
Accumulated time: func 2.7500    prepare 0.0377    bound 2.7102    transfer 0.0061    finalize 0.0195    
max lb tensor(0.18651938) min lb tensor(-2.69595146)
Number of Verified Splits: 16 of 88
Current worst splitting domains lb-rhs (depth):
-2.69595 (6), -2.57872 (6), -2.50985 (6), -2.41870 (6), -2.36731 (6), -2.36572 (6), -2.35823 (6), -2.29037 (6), -2.07580 (6), -2.07361 (6), -2.04967 (6), -2.03129 (6), -1.41174 (6), -1.41006 (6), -1.35692 (6), -1.33461 (6), -1.23902 (6), -1.21002 (6), -1.14447 (6), -1.07403 (6), 
Length of domains: 72
Current (lb-rhs): -2.695951461791992
246 domains visited
Time: pickout 0.0156    decision 0.0853    set_bounds 0.0037    solve 0.8312    add 0.0044    
Accumulated time: pickout 0.0386    decision 0.2231    set_bounds 0.0128    solve 2.7529    add 0.0183    
Cumulative time: 3.1037821769714355

BaB round 4
batch: 72
splitting decisions: 
split level 0: [/input, 108] [/input-3, 31] [/input-3, 55] [/input-3, 43] [/input-3, 36] [/input-3, 105] [/input-3, 55] [/input-3, 43] [/input, 155] [/input-3, 55] 
best_l after optimization: -84.30608367919922
beta sum per layer: [148.15924072265625, 341.08526611328125]
alpha/beta optimization time: -1.5066144466400146
pruning_in_iteration open status: True
ratio of positive domain = 42 / 144 = 0.29166666666666663
pruning-in-iteration extra time: 0.04381155967712402
torch.Size([144, 1])
Time: prepare 0.0082    bound -1.5048    transfer 0.0026    finalize 0.0096    func -1.4845    
Accumulated time: func 1.2655    prepare 0.0507    bound 1.2053    transfer 0.0087    finalize 0.0290    
max lb tensor(9.99999975e-05) min lb tensor(-2.64528275)
Number of Verified Splits: 42 of 144
Current worst splitting domains lb-rhs (depth):
-2.64528 (7), -2.52672 (7), -2.43437 (7), -2.34257 (7), -2.32695 (7), -2.32513 (7), -2.30081 (7), -2.29528 (7), -2.23717 (7), -2.20652 (7), -2.01648 (7), -2.01404 (7), -1.98221 (7), -1.96572 (7), -1.96061 (7), -1.89495 (7), -1.74991 (7), -1.73200 (7), -1.68416 (7), -1.68014 (7), 
Length of domains: 102
Current (lb-rhs): -2.645282745361328
390 domains visited
Time: pickout 0.0186    decision 0.1084    set_bounds 0.0047    solve -1.4836    add 0.0031    
Accumulated time: pickout 0.0572    decision 0.3315    set_bounds 0.0176    solve 1.2693    add 0.0214    
Cumulative time: 1.7556753158569336

BaB round 5
batch: 102
splitting decisions: 
split level 0: [/input-3, 60] [/input-3, 122] [/input-3, 60] [/input, 108] [/input-3, 122] [/input, 23] [/input-3, 60] [/input, 23] [/input-3, 40] [/input-3, 55] 
best_l after optimization: -116.73737335205078
beta sum per layer: [276.1131896972656, 543.9137573242188]
alpha/beta optimization time: 0.7069659233093262
pruning_in_iteration open status: True
ratio of positive domain = 54 / 204 = 0.2647058823529411
pruning-in-iteration extra time: 0.0317380428314209
torch.Size([204, 1])
Time: prepare 0.0071    bound 0.7083    transfer 0.0011    finalize 0.0038    func 0.7204    
Accumulated time: func 1.9859    prepare 0.0637    bound 1.9137    transfer 0.0098    finalize 0.0329    
max lb tensor(9.99999975e-05) min lb tensor(-2.60182357)
Number of Verified Splits: 54 of 204
Current worst splitting domains lb-rhs (depth):
-2.60182 (8), -2.46864 (8), -2.38931 (8), -2.29700 (8), -2.28146 (8), -2.28045 (8), -2.19635 (8), -2.19460 (8), -2.19050 (8), -2.16001 (8), -1.95628 (8), -1.92502 (8), -1.90877 (8), -1.89450 (8), -1.88392 (8), -1.88068 (8), -1.86649 (8), -1.84233 (8), -1.75762 (8), -1.71650 (8), 
Length of domains: 150
Current (lb-rhs): -2.601823568344116
594 domains visited
Time: pickout 0.0192    decision 0.1315    set_bounds 0.0074    solve 0.7213    add 0.0019    
Accumulated time: pickout 0.0763    decision 0.4630    set_bounds 0.0250    solve 1.9905    add 0.0233    
Cumulative time: 2.6375463008880615

BaB round 6
batch: 150
splitting decisions: 
split level 0: [/input-3, 16] [/input-3, 63] [/input-3, 127] [/input-3, 80] [/input-3, 63] [/input, 108] [/input, 197] [/input-3, 16] [/input, 197] [/input, 207] 
best_l after optimization: -160.34176635742188
beta sum per layer: [446.712890625, 912.343994140625]
alpha/beta optimization time: 0.7196712493896484
pruning_in_iteration open status: True
ratio of positive domain = 80 / 300 = 0.2666666666666667
pruning-in-iteration extra time: 0.0271298885345459
torch.Size([300, 1])
Time: prepare 0.0087    bound 0.7213    transfer 0.0014    finalize 0.0064    func 0.7379    
Accumulated time: func 2.7238    prepare 0.0750    bound 2.6349    transfer 0.0112    finalize 0.0392    
max lb tensor(0.00056374) min lb tensor(-2.55128479)
Number of Verified Splits: 80 of 300
Current worst splitting domains lb-rhs (depth):
-2.55128 (9), -2.42921 (9), -2.38563 (9), -2.34625 (9), -2.25136 (9), -2.23659 (9), -2.22650 (9), -2.15491 (9), -2.14289 (9), -2.13880 (9), -2.11066 (9), -2.05286 (9), -1.87551 (9), -1.85916 (9), -1.84835 (9), -1.83077 (9), -1.74372 (9), -1.72987 (9), -1.70478 (9), -1.67337 (9), 
Length of domains: 220
Current (lb-rhs): -2.5512847900390625
894 domains visited
Time: pickout 0.0231    decision 0.0663    set_bounds 0.0101    solve 0.7396    add 0.0028    
Accumulated time: pickout 0.0994    decision 0.5293    set_bounds 0.0352    solve 2.7301    add 0.0261    
Cumulative time: 3.480311632156372

BaB round 7
batch: 220
splitting decisions: 
split level 0: [/input, 97] [/input-3, 16] [/input-3, 80] [/input-3, 122] [/input-3, 60] [/input, 172] [/input-3, 122] [/input-3, 60] [/input, 235] [/input, 197] 
best_l after optimization: -205.3987579345703
beta sum per layer: [838.1796875, 1496.837890625]
alpha/beta optimization time: 0.7820830345153809
pruning_in_iteration open status: True
ratio of positive domain = 132 / 440 = 0.30000000000000004
pruning-in-iteration extra time: 0.028577327728271484
torch.Size([440, 1])
Time: prepare 0.0123    bound 0.7857    transfer 0.0052    finalize 0.0264    func 0.8316    
Accumulated time: func 3.5555    prepare 0.0895    bound 3.4206    transfer 0.0164    finalize 0.0657    
max lb tensor(0.00531816) min lb tensor(-2.51840138)
Number of Verified Splits: 132 of 440
Current worst splitting domains lb-rhs (depth):
-2.51840 (10), -2.39838 (10), -2.33255 (10), -2.29093 (10), -2.19734 (10), -2.19032 (10), -2.17608 (10), -2.12313 (10), -2.11853 (10), -2.11451 (10), -2.09666 (10), -2.05118 (10), -1.99510 (10), -1.98880 (10), -1.93997 (10), -1.91498 (10), -1.85122 (10), -1.82381 (10), -1.80864 (10), -1.80813 (10), 
Length of domains: 308
Current (lb-rhs): -2.5184013843536377
1334 domains visited
Time: pickout 0.0383    decision 0.0643    set_bounds 0.0122    solve 0.8329    add 0.0047    
Accumulated time: pickout 0.1377    decision 0.5936    set_bounds 0.0474    solve 3.5631    add 0.0308    
Cumulative time: 4.4336793422698975

BaB round 8
batch: 308
splitting decisions: 
split level 0: [/input, 57] [/input, 77] [/input, 173] [/input-3, 51] [/input-3, 36] [/input, 108] [/input-3, 127] [/input, 31] [/input-3, 55] [/input, 97] 
best_l after optimization: -286.3060302734375
beta sum per layer: [1472.317626953125, 2180.78857421875]
alpha/beta optimization time: 1.0391063690185547
pruning_in_iteration open status: True
ratio of positive domain = 173 / 616 = 0.2808441558441559
pruning-in-iteration extra time: 0.03556180000305176
torch.Size([616, 1])
Time: prepare 0.0171    bound 1.0409    transfer 0.0024    finalize 0.0102    func 1.0708    
Accumulated time: func 4.6262    prepare 0.1141    bound 4.4615    transfer 0.0188    finalize 0.0759    
max lb tensor(9.99999975e-05) min lb tensor(-2.48840618)
Number of Verified Splits: 173 of 616
Current worst splitting domains lb-rhs (depth):
-2.48841 (11), -2.34279 (11), -2.32640 (11), -2.30135 (11), -2.24812 (11), -2.15502 (11), -2.15471 (11), -2.13143 (11), -2.08476 (11), -2.07939 (11), -2.05998 (11), -2.03730 (11), -2.00842 (11), -1.95974 (11), -1.89882 (11), -1.87180 (11), -1.82795 (11), -1.82338 (11), -1.77683 (11), -1.76653 (11), 
Length of domains: 443
Current (lb-rhs): -2.488406181335449
1950 domains visited
Time: pickout 0.0551    decision 0.4286    set_bounds 0.0162    solve 1.0719    add 0.0024    
Accumulated time: pickout 0.1928    decision 1.0222    set_bounds 0.0636    solve 4.6350    add 0.0332    
Cumulative time: 6.009137868881226

BaB round 9
batch: 443
splitting decisions: 
split level 0: [/input-3, 127] [/input, 97] [/input, 121] [/input, 172] [/input-3, 122] [/input, 108] [/input, 207] [/input, 41] [/input-3, 111] [/input-3, 102] 
best_l after optimization: -381.53546142578125
beta sum per layer: [2684.7001953125, 3124.4794921875]
alpha/beta optimization time: 0.9118456840515137
pruning_in_iteration open status: True
ratio of positive domain = 259 / 886 = 0.29232505643340856
pruning-in-iteration extra time: 0.02712869644165039
torch.Size([886, 1])
Time: prepare 0.0326    bound 0.9137    transfer 0.0011    finalize 0.0148    func 0.9637    
Accumulated time: func 5.5900    prepare 0.1489    bound 5.3752    transfer 0.0199    finalize 0.0906    
max lb tensor(9.99999975e-05) min lb tensor(-2.45439887)
Number of Verified Splits: 259 of 886
Current worst splitting domains lb-rhs (depth):
-2.45440 (12), -2.29380 (12), -2.28110 (12), -2.26714 (12), -2.19893 (12), -2.11222 (12), -2.10817 (12), -2.07443 (12), -2.05592 (12), -2.03134 (12), -2.00906 (12), -2.00179 (12), -1.99375 (12), -1.98977 (12), -1.96579 (12), -1.91795 (12), -1.90126 (12), -1.86842 (12), -1.85405 (12), -1.85387 (12), 
Length of domains: 627
Current (lb-rhs): -2.4543988704681396
2836 domains visited
Time: pickout 0.0583    decision 0.1061    set_bounds 0.0249    solve 0.9650    add 0.0033    
Accumulated time: pickout 0.2511    decision 1.1283    set_bounds 0.0885    solve 5.6000    add 0.0365    
Cumulative time: 7.168832778930664

BaB round 10
batch: 627
splitting decisions: 
split level 0: [/input-3, 65] [/input-3, 0] [/input, 41] [/input-3, 60] [/input, 135] [/input, 23] [/input-3, 25] [/input-3, 51] [/input, 20] [/input, 108] 
best_l after optimization: -499.0088195800781
beta sum per layer: [4314.2958984375, 4375.611328125]
alpha/beta optimization time: 1.4856235980987549
pruning_in_iteration open status: True
ratio of positive domain = 386 / 1254 = 0.3078149920255183
pruning-in-iteration extra time: 0.05387568473815918
torch.Size([1254, 1])
Time: prepare 0.0385    bound 1.4870    transfer 0.0013    finalize 0.0110    func 1.5380    
Accumulated time: func 7.1280    prepare 0.1894    bound 6.8622    transfer 0.0212    finalize 0.1016    
max lb tensor(0.00113964) min lb tensor(-2.40711427)
Number of Verified Splits: 386 of 1254
Current worst splitting domains lb-rhs (depth):
-2.40711 (13), -2.35670 (13), -2.24627 (13), -2.23667 (13), -2.21407 (13), -2.18001 (13), -2.15502 (13), -2.06719 (13), -2.06551 (13), -2.02778 (13), -2.02683 (13), -2.01253 (13), -2.00979 (13), -1.97597 (13), -1.95699 (13), -1.94855 (13), -1.94345 (13), -1.94088 (13), -1.92163 (13), -1.92059 (13), 
Length of domains: 868
Current (lb-rhs): -2.407114267349243
4090 domains visited
Time: pickout 0.0861    decision 0.1372    set_bounds 0.0417    solve 1.5405    add 0.0065    
Accumulated time: pickout 0.3372    decision 1.2655    set_bounds 0.1303    solve 7.1405    add 0.0430    
Cumulative time: 8.983131170272827

BaB round 11
batch: 868
splitting decisions: 
split level 0: [/input-3, 102] [/input, 97] [/input, 97] [/input, 78] [/input-3, 105] [/input-3, 66] [/input-3, 46] [/input, 151] [/input, 135] [/input, 235] 
best_l after optimization: -610.0097045898438
beta sum per layer: [6770.66650390625, 5952.548828125]
alpha/beta optimization time: 0.9905376434326172
pruning_in_iteration open status: True
ratio of positive domain = 683 / 1736 = 0.39343317972350234
pruning-in-iteration extra time: 0.03257322311401367
torch.Size([1736, 1])
Time: prepare 0.0447    bound 0.9921    transfer 0.0030    finalize 0.0125    func 1.0524    
Accumulated time: func 8.1804    prepare 0.2380    bound 7.8542    transfer 0.0241    finalize 0.1141    
max lb tensor(9.99999975e-05) min lb tensor(-2.35615969)
Number of Verified Splits: 683 of 1736
Current worst splitting domains lb-rhs (depth):
-2.35616 (14), -2.31061 (14), -2.21199 (14), -2.19391 (14), -2.16081 (14), -2.15982 (14), -2.13409 (14), -2.12572 (14), -2.08890 (14), -2.03519 (14), -2.01241 (14), -2.00426 (14), -1.99901 (14), -1.98300 (14), -1.98160 (14), -1.96231 (14), -1.96087 (14), -1.95083 (14), -1.94464 (14), -1.93941 (14), 
Length of domains: 1053
Current (lb-rhs): -2.3561596870422363
5826 domains visited
Time: pickout 0.1293    decision 0.1820    set_bounds 0.0557    solve 1.0541    add 0.0100    
Accumulated time: pickout 0.4665    decision 1.4475    set_bounds 0.1859    solve 8.1946    add 0.0529    
Cumulative time: 10.417378425598145

BaB round 12
batch: 1024
splitting decisions: 
split level 0: [/input-3, 27] [/input-3, 27] [/input, 77] [/input-3, 80] [/input-3, 0] [/input, 151] [/input-3, 16] [/input, 197] [/input, 85] [/input, 30] 
best_l after optimization: -706.0855102539062
beta sum per layer: [9161.16015625, 7408.3017578125]
alpha/beta optimization time: 0.9522304534912109
pruning_in_iteration open status: True
ratio of positive domain = 800 / 2048 = 0.390625
pruning-in-iteration extra time: 0.03032207489013672
torch.Size([2048, 1])
Time: prepare 0.0588    bound 0.9541    transfer 0.0015    finalize 0.0184    func 1.0332    
Accumulated time: func 9.2136    prepare 0.2999    bound 8.8084    transfer 0.0257    finalize 0.1324    
max lb tensor(0.00096679) min lb tensor(-2.30386949)
Number of Verified Splits: 800 of 2048
Current worst splitting domains lb-rhs (depth):
-2.30387 (15), -2.28511 (15), -2.16835 (15), -2.16597 (15), -2.13375 (15), -2.13195 (15), -2.11015 (15), -2.08631 (15), -2.07530 (15), -2.03701 (15), -2.03198 (15), -1.99901 (14), -1.99692 (15), -1.98549 (15), -1.98300 (14), -1.95748 (15), -1.93888 (15), -1.92290 (15), -1.91311 (15), -1.91157 (15), 
Length of domains: 1277
Current (lb-rhs): -2.3038694858551025
7874 domains visited
Time: pickout 0.1363    decision 0.2196    set_bounds 0.0642    solve 1.0356    add 0.0052    
Accumulated time: pickout 0.6028    decision 1.6671    set_bounds 0.2502    solve 9.2302    add 0.0582    
current_vram/total_varm: 0.3GB/8.6GB, batch_size increase to 2048
Cumulative time: 11.884057760238647

BaB round 13
batch: 1277
splitting decisions: 
split level 0: [/input-3, 105] [/input-3, 27] [/input, 197] [/input, 77] [/input-3, 122] [/input, 123] [/input, 93] [/input, 243] [/input-3, 122] [/input, 93] 
best_l after optimization: -940.0496826171875
beta sum per layer: [12624.841796875, 9193.0390625]
alpha/beta optimization time: 1.106285810470581
pruning_in_iteration open status: True
ratio of positive domain = 966 / 2554 = 0.3782302270947533
pruning-in-iteration extra time: 0.038805246353149414
torch.Size([2554, 1])
Time: prepare 0.0681    bound 1.1075    transfer 0.0018    finalize 0.0267    func 1.2044    
Accumulated time: func 10.4180    prepare 0.3716    bound 9.9159    transfer 0.0274    finalize 0.1591    
max lb tensor(0.00684929) min lb tensor(-2.25245404)
Number of Verified Splits: 966 of 2554
Current worst splitting domains lb-rhs (depth):
-2.25245 (16), -2.23598 (16), -2.17345 (16), -2.15528 (16), -2.12661 (16), -2.12634 (16), -2.08819 (16), -2.06065 (16), -2.03696 (16), -2.03085 (16), -2.03034 (16), -1.99103 (16), -1.98396 (16), -1.97973 (16), -1.97170 (16), -1.96523 (16), -1.96375 (16), -1.95015 (16), -1.94957 (15), -1.94108 (16), 
Length of domains: 1588
Current (lb-rhs): -2.2524540424346924
10428 domains visited
Time: pickout 0.1699    decision 0.2524    set_bounds 0.0698    solve 1.2070    add 0.0069    
Accumulated time: pickout 0.7728    decision 1.9195    set_bounds 0.3200    solve 10.4371    add 0.0651    
Cumulative time: 13.59654712677002

BaB round 14
batch: 1588
splitting decisions: 
split level 0: [/input-3, 102] [/input, 145] [/input-3, 27] [/input, 197] [/input-3, 122] [/input, 78] [/input, 145] [/input-3, 122] [/input, 151] [/input-3, 102] 
best_l after optimization: -1241.393798828125
beta sum per layer: [18087.67578125, 11093.544921875]
alpha/beta optimization time: 1.1064631938934326
pruning_in_iteration open status: True
ratio of positive domain = 1124 / 3176 = 0.353904282115869
pruning-in-iteration extra time: 0.03665447235107422
torch.Size([3176, 1])
Time: prepare 0.0915    bound 1.1082    transfer 0.0015    finalize 0.0226    func 1.2251    
Accumulated time: func 11.6432    prepare 0.4675    bound 11.0241    transfer 0.0289    finalize 0.1817    
max lb tensor(0.00172162) min lb tensor(-2.20033383)
Number of Verified Splits: 1124 of 3176
Current worst splitting domains lb-rhs (depth):
-2.20033 (17), -2.18789 (17), -2.12348 (17), -2.11896 (17), -2.11684 (17), -2.10493 (17), -2.08875 (17), -2.07950 (17), -2.04325 (17), -2.00554 (17), -1.99951 (17), -1.99078 (17), -1.98965 (17), -1.98801 (17), -1.98361 (17), -1.95540 (17), -1.94863 (17), -1.93954 (17), -1.93839 (17), -1.93547 (17), 
Length of domains: 2052
Current (lb-rhs): -2.200333833694458
13604 domains visited
Time: pickout 0.2302    decision 0.4454    set_bounds 0.0992    solve 1.2267    add 0.0197    
Accumulated time: pickout 1.0029    decision 2.3649    set_bounds 0.4191    solve 11.6639    add 0.0848    
Cumulative time: 15.623030424118042

BaB round 15
batch: 2048
splitting decisions: 
split level 0: [/input, 77] [/input, 197] [/input, 209] [/input, 243] [/input, 77] [/input, 145] [/input, 41] [/input, 85] [/input-3, 46] [/input, 123] 
best_l after optimization: -1545.092529296875
beta sum per layer: [26635.6796875, 14089.2060546875]
alpha/beta optimization time: 1.0349955558776855
pruning_in_iteration open status: True
ratio of positive domain = 1471 / 4096 = 0.359130859375
pruning-in-iteration extra time: 0.03461909294128418
torch.Size([4096, 1])
Time: prepare 0.1249    bound 1.0367    transfer 0.0051    finalize 0.0362    func 1.2033    
Accumulated time: func 12.8464    prepare 0.6005    bound 12.0608    transfer 0.0341    finalize 0.2179    
max lb tensor(0.01145363) min lb tensor(-2.17120552)
Number of Verified Splits: 1471 of 4096
Current worst splitting domains lb-rhs (depth):
-2.17121 (18), -2.14199 (18), -2.09314 (18), -2.08549 (18), -2.07218 (18), -2.05798 (18), -2.04841 (18), -2.04727 (18), -2.01195 (18), -2.00792 (18), -1.97589 (18), -1.95694 (18), -1.95511 (18), -1.95184 (18), -1.94910 (18), -1.93492 (18), -1.92435 (18), -1.91610 (18), -1.91088 (18), -1.90629 (18), 
Length of domains: 2629
Current (lb-rhs): -2.171205520629883
17700 domains visited
Time: pickout 0.2421    decision 0.5135    set_bounds 0.1392    solve 1.2052    add 0.0061    
Accumulated time: pickout 1.2451    decision 2.8784    set_bounds 0.5583    solve 12.8691    add 0.0909    
current_vram/total_varm: 0.5GB/8.6GB, batch_size increase to 4096
Cumulative time: 17.737282514572144

BaB round 16
batch: 2629
splitting decisions: 
split level 0: [/input, 194] [/input, 85] [/input, 145] [/input, 209] [/input, 173] [/input, 41] [/input, 77] [/input, 71] [/input, 194] [/input-3, 46] 
best_l after optimization: -1995.310546875
beta sum per layer: [37017.59375, 18641.12109375]
alpha/beta optimization time: 1.1162693500518799
pruning_in_iteration open status: True
ratio of positive domain = 1791 / 5258 = 0.34062381133510844
pruning-in-iteration extra time: 0.03261590003967285
torch.Size([5258, 1])
Time: prepare 0.1312    bound 1.1179    transfer 0.0018    finalize 0.0446    func 1.2968    
Accumulated time: func 14.1433    prepare 0.7423    bound 13.1787    transfer 0.0359    finalize 0.2625    
max lb tensor(0.00337791) min lb tensor(-2.12895727)
Number of Verified Splits: 1791 of 5258
Current worst splitting domains lb-rhs (depth):
-2.12896 (19), -2.11256 (19), -2.05411 (19), -2.04471 (19), -2.04169 (19), -2.02868 (19), -2.02113 (19), -2.01111 (19), -1.98124 (19), -1.98030 (19), -1.97372 (19), -1.93525 (19), -1.92323 (19), -1.92273 (19), -1.92234 (19), -1.90952 (19), -1.90320 (19), -1.88352 (19), -1.88223 (19), -1.87544 (19), 
Length of domains: 3467
Current (lb-rhs): -2.1289572715759277
22958 domains visited
Time: pickout 0.3305    decision 0.6226    set_bounds 0.1438    solve 1.3004    add 0.0087    
Accumulated time: pickout 1.5756    decision 3.5010    set_bounds 0.7021    solve 14.1694    add 0.0996    
Cumulative time: 20.155880451202393

BaB round 17
batch: 3467
splitting decisions: 
split level 0: [/input-3, 102] [/input, 41] [/input-3, 51] [/input, 135] [/input-3, 105] [/input, 173] [/input, 77] [/input, 20] [/input, 243] [/input, 20] 
best_l after optimization: -2440.86865234375
beta sum per layer: [52539.15625, 24320.951171875]
alpha/beta optimization time: 1.1943581104278564
pruning_in_iteration open status: True
ratio of positive domain = 2507 / 6934 = 0.3615517738678973
pruning-in-iteration extra time: 0.03474545478820801
torch.Size([6934, 1])
Time: prepare 0.2049    bound 1.1957    transfer 0.0037    finalize 0.0698    func 1.4766    
Accumulated time: func 15.6198    prepare 0.9585    bound 14.3744    transfer 0.0396    finalize 0.3323    
max lb tensor(0.00747716) min lb tensor(-2.10005283)
Number of Verified Splits: 2507 of 6934
Current worst splitting domains lb-rhs (depth):
-2.10005 (20), -2.08759 (20), -2.02313 (20), -2.01550 (20), -2.01377 (20), -2.00164 (20), -1.98711 (20), -1.97589 (20), -1.94659 (20), -1.93827 (20), -1.92699 (20), -1.90313 (20), -1.89567 (20), -1.88810 (20), -1.88140 (20), -1.87764 (20), -1.87273 (20), -1.85255 (20), -1.84688 (20), -1.83308 (20), 
Length of domains: 4427
Current (lb-rhs): -2.100052833557129
29892 domains visited
Time: pickout 0.4732    decision 0.6798    set_bounds 0.3293    solve 1.4826    add 0.0165    
Accumulated time: pickout 2.0488    decision 4.1808    set_bounds 1.0314    solve 15.6521    add 0.1161    
Cumulative time: 23.154712915420532

BaB round 18
batch: 4096
splitting decisions: 
split level 0: [/input-3, 122] [/input, 151] [/input, 31] [/input, 197] [/input, 130] [/input, 154] [/input-3, 80] [/input, 130] [/input, 71] [/input-3, 122] 
best_l after optimization: -2784.99072265625
beta sum per layer: [68869.9375, 28027.6953125]
alpha/beta optimization time: 1.3352022171020508
pruning_in_iteration open status: True
ratio of positive domain = 3043 / 8192 = 0.3714599609375
pruning-in-iteration extra time: 0.036743879318237305
torch.Size([8192, 1])
Time: prepare 0.2325    bound 1.3366    transfer 0.0043    finalize 0.0740    func 1.6505    
Accumulated time: func 17.2703    prepare 1.2026    bound 15.7110    transfer 0.0439    finalize 0.4062    
max lb tensor(0.00439638) min lb tensor(-2.07411480)
Number of Verified Splits: 3043 of 8192
Current worst splitting domains lb-rhs (depth):
-2.07411 (21), -2.04882 (21), -2.01550 (20), -1.99497 (21), -1.97776 (21), -1.96441 (21), -1.95689 (21), -1.93693 (21), -1.91719 (21), -1.90236 (21), -1.90051 (21), -1.89520 (21), -1.87527 (21), -1.85929 (21), -1.85852 (21), -1.85255 (20), -1.84674 (21), -1.84618 (21), -1.83668 (21), -1.83511 (21), 
Length of domains: 5480
Current (lb-rhs): -2.0741147994995117
38084 domains visited
Time: pickout 0.5801    decision 0.8234    set_bounds 0.3863    solve 1.6581    add 0.0100    
Accumulated time: pickout 2.6289    decision 5.0042    set_bounds 1.4177    solve 17.3102    add 0.1261    
current_vram/total_varm: 1.3GB/8.6GB, batch_size increase to 8192
Cumulative time: 26.634762048721313

BaB round 19
batch: 5480
splitting decisions: 
split level 0: [/input, 20] [/input-3, 105] [/input, 77] [/input, 154] [/input-3, 51] [/input, 102] [/input, 173] [/input, 128] [/input-3, 10] [/input-3, 10] 
best_l after optimization: -3626.5146484375
beta sum per layer: [97973.921875, 36958.02734375]
alpha/beta optimization time: 1.5061516761779785
pruning_in_iteration open status: True
ratio of positive domain = 4058 / 10960 = 0.3702554744525547
pruning-in-iteration extra time: 0.040884971618652344
torch.Size([10960, 1])
Time: prepare 0.2723    bound 1.5083    transfer 0.0039    finalize 0.1163    func 1.9051    
Accumulated time: func 19.1754    prepare 1.4907    bound 17.2193    transfer 0.0478    finalize 0.5225    
max lb tensor(0.00423956) min lb tensor(-2.04213524)
Number of Verified Splits: 4058 of 10960
Current worst splitting domains lb-rhs (depth):
-2.04214 (22), -2.01835 (22), -1.98776 (21), -1.96151 (22), -1.94632 (22), -1.93349 (22), -1.91905 (22), -1.91510 (22), -1.87976 (22), -1.87749 (22), -1.86265 (22), -1.84656 (22), -1.84362 (22), -1.83143 (22), -1.82901 (22), -1.82479 (22), -1.82371 (21), -1.82314 (22), -1.81290 (22), -1.80451 (22), 
Length of domains: 6902
Current (lb-rhs): -2.042135238647461
49044 domains visited
Time: pickout 0.7229    decision 1.0462    set_bounds 0.4120    solve 1.9133    add 0.0134    
Accumulated time: pickout 3.3518    decision 6.0505    set_bounds 1.8297    solve 19.2235    add 0.1395    
Time out!!!!!!!!
Result: unknown in 33.4413 seconds

 %%%%%%%%%%%%%%%%%%%%%%%%%%%%%%%%%%% idx: 97, vnnlib ID: 97 %%%%%%%%%%%%%%%%%%%%%%%%%%%%%%%%%%%
Finished vnnlib processing in 0.003631 seconds
Model: BoundedModule(
  (/0): BoundInput(name=/0, inputs=[], perturbed=True)
  (/7): BoundParams(name=/7, inputs=[], perturbed=False)
  (/8): BoundParams(name=/8, inputs=[], perturbed=False)
  (/9): BoundParams(name=/9, inputs=[], perturbed=False)
  (/10): BoundParams(name=/10, inputs=[], perturbed=False)
  (/11): BoundParams(name=/11, inputs=[], perturbed=False)
  (/12): BoundParams(name=/12, inputs=[], perturbed=False)
  (/13): BoundFlatten(name=/13, inputs=[/0], perturbed=True)
  (/input): BoundLinear(name=/input, inputs=[/13, /7, /8], perturbed=True)
  (/15): BoundRelu(name=/15, inputs=[/input], perturbed=True)
  (/input-3): BoundLinear(name=/input-3, inputs=[/15, /9, /10], perturbed=True)
  (/17): BoundRelu(name=/17, inputs=[/input-3], perturbed=True)
  (/18): BoundLinear(name=/18, inputs=[/17, /11, /12], perturbed=True)
)
Original output in the first batch: tensor([[ -6.41585493,  -0.73915619,   4.11203527,   3.21174574,  -2.64169717,
         -12.17170429, -14.18944931,  12.24637699,  -4.24213219,  -8.09498978]],
       device='cuda:0')
Split layers:
Nonlinear functions:
   BoundRelu(name=/15, inputs=[/input], perturbed=True)
   BoundRelu(name=/17, inputs=[/input-3], perturbed=True)
build batch [1/1]
layer /15 using sparse-features alpha with shape [60]; unstable size 60; total size 256 ([1, 256])
layer /15 start_node /input-3 using sparse-spec alpha [2, 35, 1, 60] with unstable size 34 total_size 128 output_shape torch.Size([128])
layer /15 start_node /18 using full alpha [2, 9, 1, 60] with unstable size None total_size 9 output_shape 9
layer /17 using sparse-features alpha with shape [34]; unstable size 34; total size 128 ([1, 128])
layer /17 start_node /18 using full alpha [2, 9, 1, 34] with unstable size None total_size 9 output_shape 9
Optimizable variables initialized.
initial CROWN bounds (first 10 items): [13.95879077911377, 9.61350154876709, 3.796762466430664, 5.4503631591796875, 10.483607292175293, 19.078598022460938, 19.5705509185791, 11.366547584533691, 15.937826156616211]
Verified with initial CROWN!
verified with init bound!
Result: safe-incomplete in 0.1449 seconds

 %%%%%%%%%%%%%%%%%%%%%%%%%%%%%%%%%%% idx: 98, vnnlib ID: 98 %%%%%%%%%%%%%%%%%%%%%%%%%%%%%%%%%%%
Finished vnnlib processing in 0.003901 seconds
Model: BoundedModule(
  (/0): BoundInput(name=/0, inputs=[], perturbed=True)
  (/7): BoundParams(name=/7, inputs=[], perturbed=False)
  (/8): BoundParams(name=/8, inputs=[], perturbed=False)
  (/9): BoundParams(name=/9, inputs=[], perturbed=False)
  (/10): BoundParams(name=/10, inputs=[], perturbed=False)
  (/11): BoundParams(name=/11, inputs=[], perturbed=False)
  (/12): BoundParams(name=/12, inputs=[], perturbed=False)
  (/13): BoundFlatten(name=/13, inputs=[/0], perturbed=True)
  (/input): BoundLinear(name=/input, inputs=[/13, /7, /8], perturbed=True)
  (/15): BoundRelu(name=/15, inputs=[/input], perturbed=True)
  (/input-3): BoundLinear(name=/input-3, inputs=[/15, /9, /10], perturbed=True)
  (/17): BoundRelu(name=/17, inputs=[/input-3], perturbed=True)
  (/18): BoundLinear(name=/18, inputs=[/17, /11, /12], perturbed=True)
)
Original output in the first batch: tensor([[ 2.56647706, -2.20413756, -3.37282729, -6.59184980, -2.38611269,
          1.26520753,  7.10178280, -4.70492697, -2.42691135, -4.51577950]],
       device='cuda:0')
Split layers:
Nonlinear functions:
   BoundRelu(name=/15, inputs=[/input], perturbed=True)
   BoundRelu(name=/17, inputs=[/input-3], perturbed=True)
build batch [1/1]
layer /15 using sparse-features alpha with shape [69]; unstable size 69; total size 256 ([1, 256])
layer /15 start_node /input-3 using sparse-spec alpha [2, 38, 1, 69] with unstable size 37 total_size 128 output_shape torch.Size([128])
layer /15 start_node /18 using full alpha [2, 9, 1, 69] with unstable size None total_size 9 output_shape 9
layer /17 using sparse-features alpha with shape [37]; unstable size 37; total size 128 ([1, 128])
layer /17 start_node /18 using full alpha [2, 9, 1, 37] with unstable size None total_size 9 output_shape 9
Optimizable variables initialized.
initial CROWN bounds (first 10 items): [0.9379996061325073, 5.142427444458008, 5.631043434143066, 9.301488876342773, 5.200470447540283, 2.2772135734558105, 6.782925605773926, 6.464056491851807, 7.793980598449707]
Verified with initial CROWN!
verified with init bound!
Result: safe-incomplete in 0.1472 seconds

 %%%%%%%%%%%%%%%%%%%%%%%%%%%%%%%%%%% idx: 99, vnnlib ID: 99 %%%%%%%%%%%%%%%%%%%%%%%%%%%%%%%%%%%
Finished vnnlib processing in 0.004429 seconds
Model: BoundedModule(
  (/0): BoundInput(name=/0, inputs=[], perturbed=True)
  (/7): BoundParams(name=/7, inputs=[], perturbed=False)
  (/8): BoundParams(name=/8, inputs=[], perturbed=False)
  (/9): BoundParams(name=/9, inputs=[], perturbed=False)
  (/10): BoundParams(name=/10, inputs=[], perturbed=False)
  (/11): BoundParams(name=/11, inputs=[], perturbed=False)
  (/12): BoundParams(name=/12, inputs=[], perturbed=False)
  (/13): BoundFlatten(name=/13, inputs=[/0], perturbed=True)
  (/input): BoundLinear(name=/input, inputs=[/13, /7, /8], perturbed=True)
  (/15): BoundRelu(name=/15, inputs=[/input], perturbed=True)
  (/input-3): BoundLinear(name=/input-3, inputs=[/15, /9, /10], perturbed=True)
  (/17): BoundRelu(name=/17, inputs=[/input-3], perturbed=True)
  (/18): BoundLinear(name=/18, inputs=[/17, /11, /12], perturbed=True)
)
Original output in the first batch: tensor([[ -4.41915989,  -8.83041573,  -5.91285038,  -1.80059266,   0.11756902,
          -6.66388416, -15.47683811,   0.34475839,  -3.83964276,  12.14115906]],
       device='cuda:0')
Split layers:
Nonlinear functions:
   BoundRelu(name=/15, inputs=[/input], perturbed=True)
   BoundRelu(name=/17, inputs=[/input-3], perturbed=True)
build batch [1/1]
layer /15 using sparse-features alpha with shape [52]; unstable size 52; total size 256 ([1, 256])
layer /15 start_node /input-3 using sparse-spec alpha [2, 30, 1, 52] with unstable size 29 total_size 128 output_shape torch.Size([128])
layer /15 start_node /18 using full alpha [2, 9, 1, 52] with unstable size None total_size 9 output_shape 9
layer /17 using sparse-features alpha with shape [29]; unstable size 29; total size 128 ([1, 128])
layer /17 start_node /18 using full alpha [2, 9, 1, 29] with unstable size None total_size 9 output_shape 9
Optimizable variables initialized.
initial CROWN bounds (first 10 items): [12.88044548034668, 16.91593360900879, 13.811923027038574, 9.644179344177246, 6.959383964538574, 14.274871826171875, 22.464176177978516, 6.793876647949219, 11.634552001953125]
Verified with initial CROWN!
verified with init bound!
Result: safe-incomplete in 0.1353 seconds
############# Summary #############
Final verified acc: 92.0% (total 100 examples)
Problem instances count: 100 , total verified (safe/unsat): 92 , total falsified (unsafe/sat): 0 , timeout: 8
mean time for ALL instances (total 100):3.2679648516931996, max time: 42.402673959732056
mean time for verified SAFE instances(total 92): 0.6857592204342717, max time: 16.61721658706665
mean time for verified SAFE + TIMEOUT instances (total 100): 3.267965178489685, max time: 42.402673959732056 
safe-incomplete (total 83), index: [0, 1, 2, 3, 4, 5, 6, 7, 8, 9, 10, 11, 12, 13, 14, 15, 16, 17, 18, 19, 20, 22, 23, 24, 25, 26, 27, 28, 30, 32, 34, 35, 36, 37, 39, 41, 42, 44, 45, 46, 47, 48, 49, 51, 52, 53, 54, 55, 56, 57, 58, 59, 60, 63, 64, 67, 68, 69, 70, 71, 72, 74, 75, 76, 77, 79, 80, 82, 83, 84, 85, 86, 87, 88, 89, 90, 91, 93, 94, 95, 97, 98, 99]
safe (total 9), index: [21, 29, 31, 33, 40, 43, 50, 66, 81]
unknown (total 8), index: [38, 61, 62, 65, 73, 78, 92, 96]
